run_id,mixture,operating_point,experiment,prefix_fraction,prefix_rows,duration_minutes,final_v002_purity,sensor__LS701__last,sensor__LS701__mean,sensor__LS701__std,sensor__LS701__min,sensor__LS701__max,sensor__LS701__delta,sensor__LS701__slope,sensor__LS702__last,sensor__LS702__mean,sensor__LS702__std,sensor__LS702__min,sensor__LS702__max,sensor__LS702__delta,sensor__LS702__slope,sensor__T701__last,sensor__T701__mean,sensor__T701__std,sensor__T701__min,sensor__T701__max,sensor__T701__delta,sensor__T701__slope,sensor__T702__last,sensor__T702__mean,sensor__T702__std,sensor__T702__min,sensor__T702__max,sensor__T702__delta,sensor__T702__slope,sensor__T703__last,sensor__T703__mean,sensor__T703__std,sensor__T703__min,sensor__T703__max,sensor__T703__delta,sensor__T703__slope,sensor__T704__last,sensor__T704__mean,sensor__T704__std,sensor__T704__min,sensor__T704__max,sensor__T704__delta,sensor__T704__slope,sensor__T706__last,sensor__T706__mean,sensor__T706__std,sensor__T706__min,sensor__T706__max,sensor__T706__delta,sensor__T706__slope,sensor__T708__last,sensor__T708__mean,sensor__T708__std,sensor__T708__min,sensor__T708__max,sensor__T708__delta,sensor__T708__slope,sensor__T709__last,sensor__T709__mean,sensor__T709__std,sensor__T709__min,sensor__T709__max,sensor__T709__delta,sensor__T709__slope,sensor__T711__last,sensor__T711__mean,sensor__T711__std,sensor__T711__min,sensor__T711__max,sensor__T711__delta,sensor__T711__slope,sensor__T712__last,sensor__T712__mean,sensor__T712__std,sensor__T712__min,sensor__T712__max,sensor__T712__delta,sensor__T712__slope,sensor__T705__last,sensor__T705__mean,sensor__T705__std,sensor__T705__min,sensor__T705__max,sensor__T705__delta,sensor__T705__slope,sensor__FT703__last,sensor__FT703__mean,sensor__FT703__std,sensor__FT703__min,sensor__FT703__max,sensor__FT703__delta,sensor__FT703__slope,sensor__FT704__last,sensor__FT704__mean,sensor__FT704__std,sensor__FT704__min,sensor__FT704__max,sensor__FT704__delta,sensor__FT704__slope,sensor__PDI701__last,sensor__PDI701__mean,sensor__PDI701__std,sensor__PDI701__min,sensor__PDI701__max,sensor__PDI701__delta,sensor__PDI701__slope,sensor__PDI702__last,sensor__PDI702__mean,sensor__PDI702__std,sensor__PDI702__min,sensor__PDI702__max,sensor__PDI702__delta,sensor__PDI702__slope,sensor__PY23__last,sensor__PY23__mean,sensor__PY23__std,sensor__PY23__min,sensor__PY23__max,sensor__PY23__delta,sensor__PY23__slope,sensor__FYI702__last,sensor__FYI702__mean,sensor__FYI702__std,sensor__FYI702__min,sensor__FYI702__max,sensor__FYI702__delta,sensor__FYI702__slope,actuator__H701__last,actuator__H701__mean,actuator__H701__std,actuator__H701__min,actuator__H701__max,actuator__H701__delta,actuator__H701__slope,actuator__H702__last,actuator__H702__mean,actuator__H702__std,actuator__H702__min,actuator__H702__max,actuator__H702__delta,actuator__H702__slope,actuator__H706__last,actuator__H706__mean,actuator__H706__std,actuator__H706__min,actuator__H706__max,actuator__H706__delta,actuator__H706__slope,actuator__H704__last,actuator__H704__mean,actuator__H704__std,actuator__H704__min,actuator__H704__max,actuator__H704__delta,actuator__H704__slope,actuator__H708__last,actuator__H708__mean,actuator__H708__std,actuator__H708__min,actuator__H708__max,actuator__H708__delta,actuator__H708__slope,actuator__H002__last,actuator__H002__mean,actuator__H002__std,actuator__H002__min,actuator__H002__max,actuator__H002__delta,actuator__H002__slope,actuator__AV8__last,actuator__AV8__mean,actuator__AV8__std,actuator__AV8__min,actuator__AV8__max,actuator__AV8__delta,actuator__AV8__slope,actuator__AV709__last,actuator__AV709__mean,actuator__AV709__std,actuator__AV709__min,actuator__AV709__max,actuator__AV709__delta,actuator__AV709__slope,actuator__P301__last,actuator__P301__mean,actuator__P301__std,actuator__P301__min,actuator__P301__max,actuator__P301__delta,actuator__P301__slope,actuator__AV716__last,actuator__AV716__mean,actuator__AV716__std,actuator__AV716__min,actuator__AV716__max,actuator__AV716__delta,actuator__AV716__slope,actuator__TV1__last,actuator__TV1__mean,actuator__TV1__std,actuator__TV1__min,actuator__TV1__max,actuator__TV1__delta,actuator__TV1__slope,actuator__P701__last,actuator__P701__mean,actuator__P701__std,actuator__P701__min,actuator__P701__max,actuator__P701__delta,actuator__P701__slope,actuator__P702__last,actuator__P702__mean,actuator__P702__std,actuator__P702__min,actuator__P702__max,actuator__P702__delta,actuator__P702__slope,prediction,fold,good_threshold_train,poor_prediction_threshold_train
batch_dist_ternary_butan-1-ol+propan-2-ol+water__operating_point_001__test_anormal_experiment_001,batch_dist_ternary_butan-1-ol+propan-2-ol+water,operating_point_001,test_anormal_experiment_001,0.1,259,43.05,0.6738020637083357,1.0,1.0,0.0,1.0,1.0,0.0,-3.4585943548438055e-18,1.0,1.0,0.0,1.0,1.0,0.0,-3.4585943548438055e-18,446.6,446.51119691119686,0.1100636698417463,446.3,446.7,0.2000000000000454,0.0012773775564455,72.4,70.54208494208494,1.0692458897314614,69.4,72.4,2.1000000000000085,0.0116565709588962,72.6,72.56949806949807,0.0515787342457013,72.4,72.6,0.1999999999999886,0.00052430912896,67.4,66.64054054054054,0.2886817617262572,66.3,67.4,0.3000000000000113,0.001140619280154,47.1,47.44903474903475,0.2230644650079013,47.1,47.8,-0.6999999999999957,-0.0029499036475781,67.3,68.83474903474904,0.9837821169439704,67.3,70.7,-3.4000000000000057,-0.0131303831303835,66.5,67.15096525096524,0.6065512951894338,66.4,68.1,-1.2000000000000028,-0.0073821150565339,63.5,63.75135135135135,0.1967597267373108,63.5,64.0,-0.3999999999999986,-0.0025533046463281,63.5,63.5023166023166,0.0150430577133424,63.5,63.6,0.0,-3.370608021782483e-05,63.4,63.42432432432432,0.0429040753145615,63.4,63.5,0.0,-0.0001670108646855,0.9,0.8316602316602318,0.104722212067605,0.4,1.0,0.4,0.0011981544539684,0.5,0.615057915057915,0.2705012802036101,0.0,1.4,0.3,6.637611288773834e-05,0.8,0.6918918918918918,0.0553323748841522,0.6,0.8,0.2,6.022889743819916e-05,3.0,3.008880308880309,0.0778468769648883,2.8,3.2,-0.1,-6.167936400496016e-05,500.1,499.9942084942085,0.3213227532287749,499.2,500.8,0.5,7.549333130640395e-05,6.8,6.513127413127413,0.3705123594110182,5.8,7.3,0.0,2.5693979182328407e-05,210.0,210.0,0.0,210.0,210.0,0.0,-9.225720965353905e-16,0.0,9.584942084942083,10.925181014930647,0.0,28.5,0.0,0.0101263287309798,0.0,0.0,0.0,0.0,0.0,0.0,0.0,16.5,9.972972972972974,3.886821020823854,3.0,16.5,13.5,0.0516438621089784,4.5,0.8397683397683398,1.2146156042240923,0.0,4.5,4.5,0.0136229892043845,0.0,0.0,0.0,0.0,0.0,0.0,0.0,1.0,0.4826254826254826,0.4996980349631191,0.0,1.0,1.0,0.0002949282019049,1.0,1.0,0.0,1.0,1.0,0.0,-3.4585943548438055e-18,1.0,1.0,0.0,1.0,1.0,0.0,-3.4585943548438055e-18,1.0,1.0,0.0,1.0,1.0,0.0,-3.4585943548438055e-18,22.5,21.95250965250965,2.8416686249862337,12.8,28.9,2.0,0.0076761453505638,9.3,10.355984555984556,4.627798422483819,0.0,23.5,-6.699999999999999,0.0012016770156304,0.0,0.0038610038610038,0.0370817210920246,0.0,0.4,0.0,-8.758055269683197e-05,0.67369145,0,0.6968109681875969,0.675491988658905
batch_dist_ternary_butan-1-ol+propan-2-ol+water__operating_point_001__test_anormal_experiment_002,batch_dist_ternary_butan-1-ol+propan-2-ol+water,operating_point_001,test_anormal_experiment_002,0.1,483,80.38333333333334,0.667959927704737,1.0,0.9937888198757764,0.0785659046004566,0.0,1.0,0.0,-4.419669681342656e-05,1.0,1.0,0.0,1.0,1.0,0.0,1.1215024755117893e-18,441.8,439.8813664596274,1.1567000772049314,437.7,441.9,4.0,0.0082697131645032,70.2,71.52091097308488,1.6744201426226266,69.0,74.2,-0.3999999999999915,0.0054507945927099,70.0,69.83209109730849,0.1432583557932774,69.6,70.1,0.4000000000000057,0.0010025408308256,66.7,67.76749482401657,1.6458113398349514,66.1,71.4,-4.599999999999994,-0.0109833370998148,58.1,60.89875776397516,1.7051008935730865,58.1,64.1,-5.899999999999999,-0.0122097262126454,70.3,74.2111801242236,2.3744759157312085,70.3,78.5,-8.200000000000003,-0.0170153448801374,67.0,68.21987577639752,0.5715642561026807,67.0,68.8,-1.5,-0.0031178266897356,64.6,65.21821946169773,0.4131374395634811,64.5,65.9,0.0,-0.0001704821018287,63.8,64.0455486542443,0.1706031779309381,63.8,64.4,-0.2000000000000028,-0.0009765020540281,63.4,63.53457556935817,0.1978800062595103,63.4,64.0,-0.3000000000000042,-0.0011010728402032,0.2,0.2935817805383023,0.4656972410596579,0.0,2.1,-0.2,0.0001490866406484,0.5,0.3679089026915114,0.345370410544604,0.0,1.4,0.3,-2.6858811894810533e-05,0.6,0.6859213250517597,0.06009421537241,0.6,0.9,0.0,0.0001135162870685,2.9,3.010351966873706,0.1144637344869307,2.7,3.3,-0.2000000000000001,-0.0001605138829812,499.3,499.9971014492753,0.3094640462464506,499.2,501.0,-0.8999999999999773,-1.0298362847313748e-05,6.4,6.503105590062112,0.3672553385245137,5.8,7.3,-0.3999999999999994,-3.456927177262468e-05,210.0,210.0,0.0,210.0,210.0,0.0,2.5801586868046832e-16,0.0,8.9472049689441,16.052282831836326,0.0,49.5,0.0,-0.0463510994114703,0.0,0.0,0.0,0.0,0.0,0.0,0.0,16.5,4.919254658385094,5.215510974388701,0.0,16.5,16.5,0.035436538761781,0.0,0.0,0.0,0.0,0.0,0.0,0.0,0.0,0.0,0.0,0.0,0.0,0.0,0.0,0.0,0.4782608695652174,0.4995271866554808,0.0,1.0,-1.0,8.242950200866155e-05,1.0,1.0,0.0,1.0,1.0,0.0,1.1215024755117893e-18,1.0,1.0,0.0,1.0,1.0,0.0,1.1215024755117893e-18,1.0,1.0,0.0,1.0,1.0,0.0,1.1215024755117893e-18,18.7,23.667080745341615,2.47667653815342,16.6,30.0,-7.800000000000001,-0.002587157483587,2.1,6.515734989648034,5.655298622851003,0.0,21.7,-3.3000000000000003,0.0007370518055575,0.0,15.482608695652171,32.73788726781135,0.0,100.0,0.0,0.0165089465829137,0.6455514,0,0.6968109681875969,0.675491988658905
batch_dist_ternary_butan-1-ol+propan-2-ol+water__operating_point_001__test_anormal_experiment_003,batch_dist_ternary_butan-1-ol+propan-2-ol+water,operating_point_001,test_anormal_experiment_003,0.1,339,56.48333333333333,0.6674175757881148,1.0,0.9970501474926252,0.0542323784980832,0.0,1.0,0.0,2.618212284652238e-05,1.0,1.0,0.0,1.0,1.0,0.0,3.69566692616689e-18,438.1,436.659587020649,0.9678860311374802,434.7,438.1,3.400000000000034,0.0097982128390984,69.2,72.34483775811209,2.068044882115601,69.2,75.7,-6.399999999999992,-0.0210775021638754,70.2,69.96017699115045,0.1106749123593723,69.8,70.2,0.4000000000000057,0.001087975013014,89.9,95.18702064896756,3.2788870021739003,89.9,101.3,-11.399999999999991,-0.0334603833678833,81.0,86.61858407079646,3.543082054302733,81.0,93.4,-12.400000000000006,-0.0360988328933709,95.8,100.90176991150442,3.1215867202552667,95.8,106.7,-10.900000000000006,-0.0318519077526804,68.9,68.76843657817108,0.0874460876715379,68.6,68.9,0.3000000000000113,0.0007955977070621,65.9,65.40825958702065,0.6935796444353386,64.4,66.5,1.5,0.0068049493452927,64.2,64.34985250737462,0.1160751031589419,64.1,64.6,0.0,0.0003411992644364,63.5,63.743952802359885,0.2579422956028686,63.3,64.1,-0.2999999999999971,-0.0019889480639088,0.1,0.3020648967551622,0.5121202228306054,0.0,2.3,0.1,0.000180595042646,0.0,0.3699115044247787,0.5192833084265477,0.0,3.4,-0.1,0.0003183746138136,0.7,0.6964601769911505,0.0578817891177622,0.6,0.8,0.0,-5.9880055074864505e-05,2.7,2.9964601769911505,0.1711987253935317,2.4,3.7,-0.5,-0.0001706766384618,499.5,499.9719764011799,0.5678292147663865,498.2,501.7,0.3999999999999772,0.0001388268560821,6.4,6.5047197640117975,0.3695347005615551,5.8,7.3,-0.3999999999999994,-0.0001096876934781,210.0,210.0,0.0,210.0,210.0,0.0,2.472966106846676e-17,18.0,1.0044247787610618,3.2495715001530976,0.0,18.0,18.0,0.0163884687770484,0.0,0.0,0.0,0.0,0.0,0.0,0.0,0.0,0.0,0.0,0.0,0.0,0.0,0.0,0.0,0.0,0.0,0.0,0.0,0.0,0.0,0.0,0.0,0.0,0.0,0.0,0.0,0.0,0.0,0.4808259587020649,0.4996322208788231,0.0,1.0,0.0,3.1726572390491044e-05,1.0,1.0,0.0,1.0,1.0,0.0,3.69566692616689e-18,1.0,1.0,0.0,1.0,1.0,0.0,3.69566692616689e-18,1.0,1.0,0.0,1.0,1.0,0.0,3.69566692616689e-18,16.3,18.26755162241888,6.927637580158577,0.0,31.9,-4.599999999999998,0.0051329589803141,0.0,6.188495575221239,7.763283436350064,0.0,50.9,-13.9,0.0057148489599536,0.0,16.48495575221239,34.90176915981148,0.0,100.0,-12.3,0.0076205070707132,0.65235555,0,0.6968109681875969,0.675491988658905
batch_dist_ternary_butan-1-ol+propan-2-ol+water__operating_point_001__test_anormal_experiment_004,batch_dist_ternary_butan-1-ol+propan-2-ol+water,operating_point_001,test_anormal_experiment_004,0.1,842,140.21666666666667,0.6662193696072443,1.0,0.998812351543943,0.0344418052256532,0.0,1.0,0.0,5.819613627710121e-06,1.0,1.0,0.0,1.0,1.0,0.0,-5.546758531052637e-19,445.7,443.7023752969121,1.3910962411939265,441.1,445.8,4.599999999999966,0.0056696163530775,63.5,63.34839667458432,0.0955067464175668,63.2,63.6,-0.1000000000000014,9.830071202019048e-05,70.7,70.3852731591449,0.2356508830574254,69.9,70.8,0.7999999999999972,0.0009552086652619,66.0,73.8686460807601,4.759440207473763,66.0,81.0,-8.700000000000003,-0.0184870449922773,64.1,73.64127078384797,6.688021370913261,64.1,84.4,-16.900000000000006,-0.0270802859723963,67.5,73.0437054631829,3.2806008007620573,67.5,78.1,-2.799999999999997,-0.0111616731785195,68.8,68.67553444180523,0.0974497221068526,68.4,68.9,0.3999999999999915,0.0002686108504876,64.0,64.52672209026129,0.4082125351273046,63.9,65.3,-0.2999999999999971,-0.001131685684457,63.6,63.76650831353919,0.1465175094390252,63.5,64.1,-0.1999999999999957,-0.0005440202962392,63.4,63.47980997624703,0.0649937836987276,63.4,63.7,-0.1000000000000014,-0.0001607278782741,0.2,0.3058194774346793,0.4955640330769949,0.0,3.2,-0.7,-5.360276248113962e-06,0.0,0.3806413301662708,0.4610151631124602,0.0,1.7,-0.8,3.4976983528612975e-05,0.7,0.657482185273159,0.0566048753678921,0.5,0.8,0.0,2.729288228788151e-05,2.9,2.931413301662708,0.1748824449788575,2.5,3.3,-0.3000000000000002,-0.0001282531275824,499.8,499.9924584323041,0.4252491389995638,498.8,501.3,0.1999999999999886,-2.0691792046778752e-05,6.8,6.504038004750593,0.3682246532080968,5.8,7.3,0.0,-7.321254864295546e-06,210.0,210.0,0.0,210.0,210.0,0.0,-2.0258606647980174e-16,60.0,0.4667458432304038,4.387694529271345,0.0,60.0,60.0,0.0032928459429367,0.0,1.5017814726840857,5.228194999674468,0.0,28.5,-28.5,-0.0099758882049608,0.0,3.942399049881235,9.906088506265522,0.0,42.00000000000001,-42.00000000000001,-0.0246760211544865,0.0,3.985154394299288,9.368895601197542,0.0,37.5,-37.5,-0.0245249222742354,0.0,0.0,0.0,0.0,0.0,0.0,0.0,0.0,0.5,0.5,0.0,1.0,0.0,-2.2645232302643177e-05,1.0,1.0,0.0,1.0,1.0,0.0,-5.546758531052637e-19,1.0,1.0,0.0,1.0,1.0,0.0,-5.546758531052637e-19,1.0,1.0,0.0,1.0,1.0,0.0,-5.546758531052637e-19,14.7,20.75866983372922,4.465449536253205,6.7,32.8,-3.0,-0.0023772789981371,4.9,6.374465558194774,7.259795660203608,0.0,26.6,-8.1,0.0008625943891828,0.0,14.128384798099765,31.488173921586235,0.0,100.0,0.0,0.0061399426507732,0.6367559,0,0.6968109681875969,0.675491988658905
batch_dist_ternary_butan-1-ol+propan-2-ol+water__operating_point_001__test_anormal_experiment_005,batch_dist_ternary_butan-1-ol+propan-2-ol+water,operating_point_001,test_anormal_experiment_005,0.1,685,114.08333333333331,0.7145540591367534,1.0,0.9985401459854014,0.0381801367317431,0.0,1.0,0.0,-7.4295675133020835e-06,1.0,1.0,0.0,1.0,1.0,0.0,2.219012162806015e-19,444.3,441.487299270073,1.8437978512507376,438.4,444.3,5.900000000000034,0.0093006462230358,74.3,85.98350364963503,7.188255180637195,74.3,97.3,-7.799999999999997,-0.0302191834419954,70.4,70.01605839416058,0.2395962469522968,69.6,70.4,0.8000000000000114,0.0011989343237432,105.4,122.7470072992701,11.01654140256366,105.3,139.0,-29.90000000000001,-0.055213768071303,99.1,119.65722627737226,14.64664565020992,99.1,145.8,-46.5,-0.0731950724420166,114.2,129.5094890510949,9.521826507078462,114.2,143.4,-23.8,-0.0474158097463233,69.1,69.37781021897811,0.3215444375153031,68.9,69.9,0.1999999999999886,-0.0003232309882408,65.5,66.58116788321169,0.6308690167861905,65.5,67.6,-0.2000000000000028,-0.0016192201044844,64.3,65.01299270072992,0.351377612013192,64.3,65.6,-0.6000000000000085,-0.0013781026377951,63.7,64.29080291970803,0.6553898470912616,63.7,65.8,-0.7000000000000028,-0.0025900779059222,0.0,0.3362043795620438,0.5588336803706322,0.0,2.2,0.0,3.516537507928935e-05,0.0,0.4216058394160584,0.5796049920654713,0.0,2.6,0.0,5.4534518928036064e-05,0.6,0.6715328467153284,0.0636469563489107,0.5,0.8,0.0,4.603345097437358e-06,2.9,2.955182481751825,0.1733908381628176,2.6,3.5,-0.2000000000000001,-0.000128830194061,499.1,499.9756204379562,0.5893245686152319,498.6,501.5,-1.2999999999999543,-0.0001465528860133,6.4,6.505109489051095,0.3677751550261156,5.8,7.3,-0.3999999999999994,3.09129743770343e-06,210.0,210.0,0.0,210.0,210.0,0.0,-2.8313031881861736e-16,0.0,13.806569343065693,40.774108366071125,0.0,150.0,-141.0,-0.1093781115980775,0.0,0.4905109489051095,2.7250362138269724,0.0,22.5,-22.5,-0.0041764436415035,0.0,4.567883211678832,13.5005592439265,0.0,66.0,-66.0,-0.0363568499679109,0.0,4.11021897810219,12.758562515828212,0.0,64.5,-64.5,-0.0329924319214541,0.0,0.0,0.0,0.0,0.0,0.0,0.0,0.0,0.4905109489051095,0.49990994980028,0.0,1.0,-1.0,-0.0002306152689932,1.0,1.0,0.0,1.0,1.0,0.0,2.219012162806015e-19,1.0,1.0,0.0,1.0,1.0,0.0,2.219012162806015e-19,1.0,1.0,0.0,1.0,1.0,0.0,2.219012162806015e-19,0.0,17.49211678832117,7.539956575090051,0.0,35.9,-23.3,-0.0076858651918041,2.3,6.8255474452554745,8.680919837543206,0.0,41.0,-6.4,0.0011562087103652,0.0,18.11065693430657,35.71544294184157,0.0,100.0,0.0,0.0011494884985441,0.6526298,0,0.6968109681875969,0.675491988658905
batch_dist_ternary_butan-1-ol+propan-2-ol+water__operating_point_001__test_anormal_experiment_006,batch_dist_ternary_butan-1-ol+propan-2-ol+water,operating_point_001,test_anormal_experiment_006,0.1,278,46.21666666666667,0.6672744411612288,1.0,0.9964028776978416,0.0598680466801915,0.0,1.0,0.0,-3.8259831170816046e-05,1.0,1.0,0.0,1.0,1.0,0.0,-1.5396849320733454e-18,443.0,442.6582733812949,0.1698070341881896,442.3,443.1,0.6999999999999886,0.0018838358915741,72.9,71.2863309352518,1.7321007098027312,69.2,73.6,2.9000000000000057,0.0197114091654355,71.9,71.67194244604318,0.1003796942537557,71.5,71.9,0.4000000000000057,0.0011834296391931,67.9,70.43345323741006,1.532335975815124,67.9,73.2,-5.299999999999997,-0.01908123902648,70.2,67.36366906474821,1.2753375312204276,66.0,70.2,4.1000000000000085,0.015240789783452,73.5,73.81043165467626,0.4014351421917003,72.7,74.3,0.7000000000000028,0.0027223405856658,70.2,69.92877697841728,0.1513700522144863,69.7,70.2,0.5,0.0018003345082171,64.1,63.91762589928057,0.0399474967262645,63.9,64.1,0.1999999999999957,0.0003168863535001,63.5,63.5,0.0,63.5,63.5,0.0,-1.1788495581442528e-17,63.4,63.39964028776976,0.0059868046680192,63.3,63.4,0.0,5.222327320203966e-06,0.2,0.3636690647482014,0.5660765434742788,0.0,2.1,-1.3,0.0001429577195353,0.0,0.3169064748201439,0.3922382716623122,0.0,1.6,-0.8,-0.0002267942255023,0.6,0.6586330935251798,0.0579717301341494,0.5,0.8,-0.2,-0.0001546870108431,2.9,2.8967625899280574,0.1494243911562933,2.5,3.2,0.1,9.38622573467904e-05,499.6,499.989928057554,0.3653706040139541,498.9,501.1,-0.7999999999999545,0.0001291897656901,6.8,6.507194244604315,0.3739042095944986,5.8,7.3,-0.5,-0.0002330219206491,210.0,210.0,0.0,210.0,210.0,0.0,1.861899278804839e-16,0.0,13.154676258992806,15.74377219806893,0.0,42.00000000000001,0.0,-0.0700113020099816,18.0,14.336330935251798,3.38840758504999,7.5,18.0,10.5,0.0408795125306532,1.5,0.0701438848920863,0.31669490483804,0.0,1.5,1.5,0.0014431217341254,0.0,6.642086330935252,4.596150089718919,0.0,13.5,-13.5,-0.0569092647158621,0.0,0.0,0.0,0.0,0.0,0.0,0.0,0.0,0.5251798561151079,0.4993655723475762,0.0,1.0,-1.0,-0.0006350573436673,1.0,1.0,0.0,1.0,1.0,0.0,-1.5396849320733454e-18,1.0,1.0,0.0,1.0,1.0,0.0,-1.5396849320733454e-18,1.0,1.0,0.0,1.0,1.0,0.0,-1.5396849320733454e-18,21.4,22.737410071942445,3.141169497218873,12.6,30.4,-5.5,0.001905953983756,1.3,5.51546762589928,6.357260475436651,0.0,22.7,1.3,-0.0005745956396638,0.0,21.511510791366906,37.13402050697545,0.0,100.0,0.0,-0.0242706964043299,0.6707781,0,0.6968109681875969,0.675491988658905
batch_dist_ternary_butan-1-ol+propan-2-ol+water__operating_point_001__test_anormal_experiment_007,batch_dist_ternary_butan-1-ol+propan-2-ol+water,operating_point_001,test_anormal_experiment_007,0.1,516,85.96666666666667,0.6711836773475024,1.0,1.0,0.0,1.0,1.0,0.0,-8.165256978427658e-20,1.0,1.0,0.0,1.0,1.0,0.0,-8.165256978427658e-20,438.8,438.0331395348837,0.8767930840927988,436.1,438.9,2.6999999999999886,0.0052553877140858,70.5,71.66317829457364,1.920604509364002,69.0,74.8,1.2999999999999972,-0.0081875261213568,70.4,70.10077519379846,0.1853118570029794,69.8,70.4,0.6000000000000085,0.0012260758941965,72.0,69.13953488372093,1.427045986919527,67.6,72.0,4.099999999999994,0.0091804892407305,72.0,67.05736434108529,1.9180709460489933,64.9,72.0,3.299999999999997,0.0069158303829211,75.0,71.75620155038759,2.80594266761655,66.9,75.1,8.099999999999994,0.0185479386127915,68.8,68.8624031007752,0.1267560386084971,68.6,69.1,0.2000000000000028,0.0002345714219582,64.4,64.68662790697674,0.3473535957227311,64.1,65.3,0.3000000000000113,0.0008626587643512,63.6,63.75135658914728,0.1242734730342467,63.6,64.0,0.0,-0.0004937957273867,63.3,63.34748062015503,0.0812537990310603,63.3,63.6,0.0,-0.0003120849788605,0.0,0.3246124031007752,0.5065413626686621,0.0,2.2,-0.4,-0.0002590758203907,0.0,0.3618217054263566,0.3812918870035998,0.0,1.3,-0.2,-4.7021717683651314e-05,0.6,0.6218992248062015,0.0574412196974377,0.5,0.8,-0.0999999999999999,7.231658058173907e-05,2.7,2.9401162790697675,0.2581973624033487,1.3,3.3,1.4,0.0001769635945257,500.2,499.99476744186046,0.3996022055255673,499.0,501.3,0.5,4.548446082211986e-05,6.4,6.503488372093024,0.3652378457571432,5.8,7.3,-0.3999999999999994,-2.4639781849273064e-05,210.0,210.0,0.0,210.0,210.0,0.0,2.231354975961286e-16,54.0,12.80813953488372,20.45175386301999,0.0,55.5,4.5,0.0071517818422887,22.5,13.101744186046512,8.179302252020527,0.0,22.5,22.5,0.0538659389735229,15.0,14.331395348837209,2.614372690461237,7.5,16.5,7.5,0.0146511496890766,1.5,14.718023255813954,5.198151576609964,1.5,19.5,-13.5,-0.0286576341180185,0.0,0.0,0.0,0.0,0.0,0.0,0.0,1.0,0.4786821705426357,0.4995453434346343,0.0,1.0,1.0,-0.0002080974131722,1.0,1.0,0.0,1.0,1.0,0.0,-8.165256978427658e-20,1.0,1.0,0.0,1.0,1.0,0.0,-8.165256978427658e-20,1.0,1.0,0.0,1.0,1.0,0.0,-8.165256978427658e-20,22.2,21.722868217054263,4.406744776506681,4.8,31.9,-2.900000000000002,-0.0030672903620545,0.0,5.885077519379845,6.197616930251965,0.0,22.3,0.0,0.0023665152264855,0.0,14.630038759689922,32.31310616810237,0.0,100.0,0.0,0.0295402728543584,0.64371294,0,0.6968109681875969,0.675491988658905
batch_dist_ternary_butan-1-ol+propan-2-ol+water__operating_point_001__test_anormal_experiment_008,batch_dist_ternary_butan-1-ol+propan-2-ol+water,operating_point_001,test_anormal_experiment_008,0.1,514,85.65,0.6612130623870466,1.0,0.9980544747081712,0.0440651815288176,0.0,1.0,0.0,-2.076640861090187e-06,1.0,1.0,0.0,1.0,1.0,0.0,-1.161650212858513e-18,441.4,439.025486381323,1.2512376195406825,436.9,441.4,4.5,0.008294700081144,69.7,71.62879377431906,1.8869374092069784,69.0,74.6,0.6000000000000085,-0.0068745384168617,70.4,70.15836575875487,0.1690499157131837,69.9,70.4,0.5,0.0011168439654031,73.2,70.881906614786,1.8990688541177168,67.7,73.3,5.5,0.012665127743237,75.8,68.72334630350196,3.6543241920097,64.9,75.8,10.099999999999994,0.0235430276672629,71.1,72.7453307392996,0.9260747187862,70.7,73.9,0.3999999999999915,0.000871601516478,68.7,68.91712062256808,0.1384273715750187,68.7,69.1,0.0,-0.0002968359283611,64.0,64.7852140077821,0.4254263744939501,64.0,65.5,-0.4000000000000057,-0.0011532779665532,63.5,63.75447470817121,0.1842785288864989,63.4,64.1,-0.2999999999999971,-0.0011279606215871,63.3,63.35408560311284,0.1045317540929148,63.2,63.7,-0.2000000000000028,-0.0004852623670039,0.1,0.2743190661478599,0.4380293055445713,0.0,2.2,-0.3,6.252898184286863e-05,0.0,0.3972762645914396,0.3866854732148406,0.0,1.6,-0.6,6.99960521731713e-05,0.6,0.6227626459143968,0.0642780475624968,0.5,0.8,0.0,0.0001264409181315,2.9,2.9828793774319067,0.150545948887576,2.5,3.3,-0.2000000000000001,-0.0002135758849859,501.6,499.9970817120623,0.4687628028199068,498.5,501.6,1.2000000000000457,-6.19766837415909e-05,6.4,6.503112840466927,0.3656852728570548,5.8,7.3,-0.3999999999999994,-2.9311564835047035e-05,210.0,210.0,0.0,210.0,210.0,0.0,-1.3706202197661062e-16,54.0,11.784046692607005,19.092725262343905,0.0,54.0,13.5,-0.0143672618893764,15.0,17.55350194552529,5.301012805456605,4.5,24.0,10.5,0.025253786500553,7.5,15.058365758754864,2.997972410545457,7.5,18.0,-6.0,-0.0146904225544405,0.0,7.155642023346304,6.171518716235804,0.0,16.5,-16.5,-0.0407447541069439,0.0,0.0,0.0,0.0,0.0,0.0,0.0,1.0,0.5155642023346303,0.4997576968948919,0.0,1.0,0.0,-0.0001398418792627,1.0,1.0,0.0,1.0,1.0,0.0,-1.161650212858513e-18,1.0,1.0,0.0,1.0,1.0,0.0,-1.161650212858513e-18,1.0,1.0,0.0,1.0,1.0,0.0,-1.161650212858513e-18,27.4,21.150583657587543,5.778415631293924,0.0,33.9,3.6999999999999993,-0.0125973364650845,2.3,6.693385214007781,6.177906774959676,0.0,24.7,-5.0,0.0012123164243955,0.0,12.969649805447473,30.73778162040181,0.0,100.0,0.0,0.0158257265315833,0.6315631,0,0.6968109681875969,0.675491988658905
batch_dist_ternary_butan-1-ol+propan-2-ol+water__operating_point_001__test_anormal_experiment_009,batch_dist_ternary_butan-1-ol+propan-2-ol+water,operating_point_001,test_anormal_experiment_009,0.1,439,73.11666666666666,0.6668634244298469,1.0,1.0,0.0,1.0,1.0,0.0,-1.2128888841349968e-19,1.0,1.0,0.0,1.0,1.0,0.0,-1.2128888841349968e-19,440.3,438.464464692483,1.0212833603150215,437.1,440.4,3.1999999999999886,0.0078499618458117,70.4,72.06173120728928,1.992661413440849,68.9,74.9,0.8000000000000114,0.0059972852373077,70.4,70.12642369020502,0.151781262657481,69.9,70.4,0.5,0.0011702981700173,72.2,68.71025056947609,1.7103622765862725,66.8,72.2,5.200000000000003,0.0130331303171193,73.5,67.39772209567198,2.687903266177425,64.8,73.5,7.599999999999994,0.0192911689365334,71.4,71.23029612756264,0.5339223099266374,70.0,71.8,1.4000000000000057,0.0036289030032594,68.8,68.90501138952163,0.1332011251213898,68.7,69.1,0.0999999999999943,0.0002580726603255,64.3,64.72209567198178,0.3231947302656299,64.2,65.3,0.0,0.0001660203621385,63.5,63.72323462414579,0.1412844336541282,63.5,64.0,-0.2000000000000028,-0.0009260404462764,63.3,63.32824601366743,0.081413333190817,63.2,63.5,-0.1000000000000014,-0.0003907471129052,2.0,0.276993166287016,0.399366328883374,0.0,2.1,1.4,-0.000112335007957,0.7,0.3979498861047836,0.3607387854011511,0.0,1.4,0.0,-0.0001372557919192,0.7,0.636902050113895,0.0577124043261854,0.5,0.8,0.0999999999999999,6.727335135610327e-05,3.0,3.003189066059225,0.1334280394174044,2.6,3.3,-0.1,-0.0002745115838385,500.0,500.0127562642368,0.3741918091954448,498.8,501.1,0.0,2.87929376447373e-05,6.8,6.499316628701594,0.36538678912738,5.8,7.3,0.0,-0.0001016830393995,210.0,210.0,0.0,210.0,210.0,0.0,-1.599147024747212e-16,0.0,11.38496583143508,19.177354762974552,0.0,57.0,-1.5,-0.0938595159949733,21.000000000000004,17.340546697038725,6.282970125373726,4.5,24.0,16.500000000000004,0.0461171376132215,18.0,16.517084282460136,3.208801203879292,9.0,19.5,9.0,0.0222191412045376,4.5,8.747152619589977,2.626062618537393,4.5,12.0,-7.5,-0.0202860429426098,0.0,0.0,0.0,0.0,0.0,0.0,0.0,0.0,0.510250569476082,0.4998949147825131,0.0,1.0,0.0,0.0001546024730722,1.0,1.0,0.0,1.0,1.0,0.0,-1.2128888841349968e-19,1.0,1.0,0.0,1.0,1.0,0.0,-1.2128888841349968e-19,1.0,1.0,0.0,1.0,1.0,0.0,-1.2128888841349968e-19,27.6,22.707744874715264,3.191915209532163,11.3,29.9,5.800000000000001,-0.0020332210928834,5.8,6.708200455580865,5.763697259663074,0.0,23.6,-1.1000000000000003,-0.000560072280202,0.0,11.336902050113894,28.55075575504137,0.0,100.0,0.0,0.0315553434302459,0.7017925,0,0.6968109681875969,0.675491988658905
batch_dist_ternary_butan-1-ol+propan-2-ol+water__operating_point_001__test_anormal_experiment_010,batch_dist_ternary_butan-1-ol+propan-2-ol+water,operating_point_001,test_anormal_experiment_010,0.1,462,76.83333333333333,0.6634705933239367,1.0,0.997835497835498,0.0464738323670646,0.0,1.0,0.0,-2.768463200522341e-05,1.0,1.0,0.0,1.0,1.0,0.0,-2.3476648977574232e-18,438.6,436.70411255411256,0.6523719395442558,436.0,438.6,2.6000000000000227,0.0039607581597703,69.0,71.6852813852814,1.7278467403250095,69.0,74.3,-0.2000000000000028,-0.0069738622392024,70.5,70.22878787878787,0.1738731264327558,70.0,70.5,0.5,0.0012429182863441,71.9,70.47002164502165,1.0706961563729245,68.7,71.9,3.200000000000003,0.0079721061816983,74.4,68.35508658008656,2.9670906160927446,65.2,74.4,8.600000000000009,0.0212984719117503,74.4,72.50930735930737,2.0595467359062543,68.4,74.7,6.0,0.0148736587987347,68.8,68.94686147186145,0.1271392624855341,68.7,69.1,0.0999999999999943,0.0001120254070688,64.7,65.45660173160172,0.4527164768214753,64.7,66.2,-0.2000000000000028,-0.0004246893535838,63.7,64.0085497835498,0.1966950081046205,63.7,64.3,-0.2999999999999971,-0.0011092846690641,63.4,63.46190476190475,0.2462907680869436,63.0,63.9,-0.3000000000000042,-0.0011223167278884,0.0,0.3215367965367965,0.4922081372525414,0.0,3.5,-0.2,1.839050554632697e-05,0.4,0.3508658008658009,0.3731139465413046,0.0,1.6,0.4,8.325062929805109e-05,0.6,0.65508658008658,0.0659684191922804,0.5,0.9,0.0,5.104620224347619e-05,3.0,2.9777056277056277,0.1474721353648535,2.5,3.3,0.0,-2.412112296250288e-05,499.9,499.8588744588744,0.763709481616283,496.5,502.4,-0.4000000000000341,0.0005757145986617,6.4,6.501948051948051,0.3687120638736798,5.8,7.3,-0.3999999999999994,-5.492509299147606e-05,210.0,210.0,0.0,210.0,210.0,0.0,5.3903061955452246e-17,37.5,8.665584415584416,16.090859629600196,0.0,51.00000000000001,-6.0,-0.0433370666008888,16.5,16.816558441558442,4.698891328187646,6.0,21.000000000000004,10.5,0.0291202018653844,9.0,13.39935064935065,1.539923119739219,9.0,15.0,-4.5,-0.0079133934659766,0.0,12.57792207792208,5.747707016017787,0.0,18.0,-16.5,-0.0407539078987662,0.0,0.0,0.0,0.0,0.0,0.0,0.0,0.0,0.448051948051948,0.4972940778843063,0.0,1.0,-1.0,5.84723766088339e-05,1.0,1.0,0.0,1.0,1.0,0.0,-2.3476648977574232e-18,1.0,1.0,0.0,1.0,1.0,0.0,-2.3476648977574232e-18,1.0,1.0,0.0,1.0,1.0,0.0,-2.3476648977574232e-18,19.4,21.531060606060606,7.011273664529456,0.0,38.8,-5.800000000000001,0.0058929112191575,8.0,6.059632034632035,6.005946162482721,0.0,25.1,6.8,0.0026132051476054,69.0,10.48917748917749,28.230993993878403,0.0,100.0,69.0,0.0257995783133641,0.65675175,0,0.6968109681875969,0.675491988658905
batch_dist_ternary_butan-1-ol+propan-2-ol+water__operating_point_001__test_anormal_experiment_011,batch_dist_ternary_butan-1-ol+propan-2-ol+water,operating_point_001,test_anormal_experiment_011,0.1,405,67.4,0.6606866212413348,1.0,0.9950617283950616,0.0700991089707574,0.0,1.0,0.0,-3.504455535865781e-05,1.0,1.0,0.0,1.0,1.0,0.0,3.387468052220724e-19,443.1,442.6281481481482,0.2506244601539042,442.1,443.2,0.2000000000000454,0.0004330350933283,71.2,71.65876543209878,1.6915340270686212,69.1,74.0,1.1000000000000083,0.0095849929820567,71.4,71.22172839506172,0.1164154981352,71.0,71.4,0.4000000000000057,0.0009569511959406,66.4,67.26716049382715,1.3497262955900218,65.9,70.3,-3.899999999999992,-0.010641261170452,71.7,67.52592592592593,1.7597683473935817,65.9,71.7,5.0,0.013456729909444,67.4,67.58666666666666,0.8714228467155185,66.7,69.7,-2.299999999999997,-0.0063997319272157,69.7,69.49925925925928,0.1372550817856822,69.2,69.8,0.4000000000000057,0.0010627713017606,64.1,64.00246913580247,0.0242176786868914,63.9,64.1,0.0,4.344441012248925e-05,63.5,63.50123456790124,0.0110423109999991,63.5,63.6,0.0,-1.6095205579711892e-05,63.4,63.399999999999984,1.4210854715202004e-14,63.4,63.4,0.0,-1.0153452747268619e-16,0.2,0.3338271604938272,0.5307962058095496,0.0,2.2,0.2,-0.0001317783666708,0.0,0.328641975308642,0.393677668132473,0.0,1.6,0.0,-0.000218287838636,0.7,0.6718518518518519,0.0553130509706502,0.5,0.8,0.0999999999999999,4.095154999900575e-05,2.9,2.909135802469135,0.1477084008482461,2.5,3.2,-0.2000000000000001,-3.9705119937277605e-05,499.7,500.00543209876537,0.4662115489264349,498.8,501.2,-0.6999999999999886,8.62565731120801e-05,6.8,6.509876543209876,0.3727789992599972,5.8,7.3,0.3999999999999994,-5.0977183104187794e-05,210.0,210.0,0.0,210.0,210.0,0.0,1.129031334646944e-16,0.0,9.955555555555556,15.92824961514821,0.0,46.5,0.0,-0.0654966481869862,18.0,13.744444444444444,5.129026572386511,3.0,19.5,15.0,0.0422379922721336,15.0,5.414814814814815,5.113359677152457,0.0,15.0,15.0,0.0423750995789234,13.5,5.277777777777778,4.509934165022756,0.0,13.5,13.5,0.0378478488242912,0.0,0.0,0.0,0.0,0.0,0.0,0.0,0.0,0.4987654320987654,0.4999984758397742,0.0,1.0,-1.0,-0.0001540876583553,1.0,1.0,0.0,1.0,1.0,0.0,3.387468052220724e-19,1.0,1.0,0.0,1.0,1.0,0.0,3.387468052220724e-19,1.0,1.0,0.0,1.0,1.0,0.0,3.387468052220724e-19,24.4,21.5283950617284,4.770817528821339,9.0,33.1,0.5,-0.0082240539324868,1.0,5.843456790123456,6.298934881644247,0.0,24.6,-12.7,-0.0019458218399836,0.0,14.201234567901237,31.989243924652296,0.0,100.0,0.0,-0.0123957288996551,0.66680366,0,0.6968109681875969,0.675491988658905
batch_dist_ternary_butan-1-ol+propan-2-ol+water__operating_point_001__test_anormal_experiment_012,batch_dist_ternary_butan-1-ol+propan-2-ol+water,operating_point_001,test_anormal_experiment_012,0.1,445,74.06666666666666,0.6734308158533022,1.0,1.0,0.0,1.0,1.0,0.0,5.801235217815465e-19,1.0,1.0,0.0,1.0,1.0,0.0,5.801235217815465e-19,440.2,439.17707865168535,1.6739015866841755,435.6,441.1,4.599999999999966,0.0121646405815292,70.1,71.75101123595506,1.7812204154492166,69.1,74.3,0.3999999999999915,0.004668620351091,70.5,70.26426966292135,0.1750883413648933,70.0,70.5,0.5,0.0013084828669049,73.1,71.4752808988764,1.5607028738429571,68.4,73.2,4.699999999999989,0.0118358687200325,71.8,67.07775280898876,1.929935524805904,65.2,71.8,4.700000000000003,0.0120083912198589,73.4,73.88022471910114,1.3087655883433298,70.5,75.3,2.9000000000000057,0.0072872746783161,68.9,68.91662921348313,0.1158936341110716,68.7,69.2,0.1000000000000085,6.849697482921288e-06,64.1,64.73370786516855,0.3940409549879334,64.1,65.4,-0.4000000000000057,-0.0018125688544392,63.5,63.7047191011236,0.1831073233989779,63.5,64.0,-0.3999999999999986,-0.0013319461447642,63.3,63.32404494382022,0.1316508755619684,63.1,63.7,-0.2000000000000028,-0.0003643412647292,0.3,0.2741573033707865,0.4093645637352681,0.0,2.5,-0.1,0.000126535564637,0.0,0.4262921348314606,0.3723668060565359,0.0,1.9,-0.5,-0.0004176136634442,0.7,0.6519101123595504,0.0634384848370005,0.5,0.9,0.0999999999999999,0.0001362858298415,2.8,3.0058426966292138,0.128996202267624,2.6,3.3,-0.4000000000000003,-0.0003944363570503,499.7,499.7557303370786,0.9866045365553378,496.2,502.2,-0.1999999999999886,0.0019996350459385,6.8,6.50067415730337,0.3638427792108019,5.8,7.3,0.0,-7.948644971872567e-05,210.0,210.0,0.0,210.0,210.0,0.0,-1.7150645831776383e-16,0.0,9.758426966292134,16.594758946482383,0.0,49.5,-1.5,-0.0778841243621815,21.000000000000004,14.147191011235956,6.5976858368459,1.5,21.000000000000004,19.500000000000004,0.0496871335990598,7.5,14.63258426966292,3.4399103490048635,7.5,18.0,-9.0,-0.0242399627420034,0.0,9.0438202247191,7.187988655493347,0.0,19.5,-19.5,-0.0551017990328717,0.0,0.0,0.0,0.0,0.0,0.0,0.0,0.0,0.4314606741573034,0.4952800831984148,0.0,1.0,0.0,0.0004841088380162,1.0,1.0,0.0,1.0,1.0,0.0,5.801235217815465e-19,1.0,1.0,0.0,1.0,1.0,0.0,5.801235217815465e-19,1.0,1.0,0.0,1.0,1.0,0.0,5.801235217815465e-19,21.6,20.164044943820222,8.599190544490334,0.0,39.1,-5.299999999999997,0.0141495685235292,0.0,7.246966292134832,5.892289458799484,0.0,25.9,-15.9,-0.0057873543417958,0.0,11.988314606741572,29.40187715615309,0.0,100.0,0.0,0.0556063616395152,0.6751498,0,0.6968109681875969,0.675491988658905
batch_dist_ternary_butan-1-ol+propan-2-ol+water__operating_point_001__test_anormal_experiment_013,batch_dist_ternary_butan-1-ol+propan-2-ol+water,operating_point_001,test_anormal_experiment_013,0.1,1039,173.01666666666668,0.5704059976630891,1.0,0.9951876804619828,0.0692037652059578,0.0,1.0,0.0,1.190776266299138e-05,1.0,1.0,0.0,1.0,1.0,0.0,-4.686674024481057e-19,445.6,441.1771896053898,1.939783928127731,439.0,445.6,6.100000000000023,0.0053264438777411,71.7,71.57045235803658,1.8667711021511155,69.0,74.6,2.700000000000003,-0.0013254302735768,71.1,70.54485081809433,0.3074154920799298,70.0,71.1,1.0,0.0010010726615315,66.2,70.47815206929741,3.023761218677415,65.8,74.6,-2.0,-0.0064770782522956,66.2,70.48806544754572,3.386292928760592,65.7,75.5,0.1000000000000085,0.0030496743071779,67.0,71.0247353224254,2.952491044991373,66.6,75.1,-3.200000000000003,-0.0081439981238587,69.3,68.98296438883543,0.2416825638662929,68.4,69.3,0.5,0.0004900445540762,63.8,64.17228103946103,0.5658569811659501,63.6,65.5,-0.7999999999999972,-0.0013710157139672,63.4,63.49999999999999,0.2333172917167777,63.0,64.1,-0.5,-0.0004878331124388,63.3,63.272473532242536,0.1782514337944991,62.3,63.7,-0.2000000000000028,-2.6819747927697903e-05,0.1,0.3027911453320501,0.4736989229093551,0.0,3.0,-0.1,1.529500224888723e-05,1.1,0.394995187680462,0.5307792725469642,0.0,6.3,0.3,-0.0001712075220256,0.6,0.6407122232916264,0.0668835552739745,0.5,1.0,-0.0999999999999999,3.26741304337602e-06,3.0,2.884504331087584,0.4926998548788132,-0.4,5.5,-0.2000000000000001,-1.9050280501098395e-05,500.0,499.9213666987488,0.7350601576134165,495.8,503.2,0.5,0.0002116425608472,0.0,0.0,0.0,0.0,0.0,0.0,0.0,210.0,210.0,0.0,210.0,210.0,0.0,-4.362089935864345e-18,27.0,12.18334937439846,18.489580915982888,0.0,54.0,4.5,-0.0023940059339815,4.5,9.207892204042349,7.959600548347026,0.0,21.000000000000004,-3.0,-0.0202491664566135,15.0,9.099615014436958,7.896005974075927,0.0,21.000000000000004,-6.000000000000004,-0.0169435266064138,12.0,5.898941289701636,6.525797539598757,0.0,19.5,-7.5,-0.010320547769921,0.0,0.0,0.0,0.0,0.0,0.0,0.0,0.0,0.4773820981713186,0.4994881685454301,0.0,1.0,0.0,8.21346756188507e-05,1.0,1.0,0.0,1.0,1.0,0.0,-4.686674024481057e-19,1.0,1.0,0.0,1.0,1.0,0.0,-4.686674024481057e-19,1.0,1.0,0.0,1.0,1.0,0.0,-4.686674024481057e-19,24.7,21.048219441770936,6.168051920243951,0.0,40.1,2.099999999999998,0.0009617963025808,5.9,6.808662175168431,9.494371061230874,0.0,100.0,-7.1,-0.0025994314230557,55.1,14.8279114533205,32.12622288550548,0.0,100.0,55.1,0.0173168226622804,0.7306316,0,0.6968109681875969,0.675491988658905
batch_dist_ternary_butan-1-ol+propan-2-ol+water__operating_point_001__train_normal_experiment_001,batch_dist_ternary_butan-1-ol+propan-2-ol+water,operating_point_001,train_normal_experiment_001,0.1,411,68.48333333333333,0.6293049651149618,1.0,1.0,0.0,1.0,1.0,0.0,4.33841489977375e-19,1.0,1.0,0.0,1.0,1.0,0.0,4.33841489977375e-19,431.1,425.264111922141,4.328555709196709,415.9,431.1,15.200000000000044,0.0358812360535199,73.7,71.1456204379562,1.4539627173440763,69.1,73.8,0.5,0.0002664242218922,70.2,69.91654501216544,0.1491459377510065,69.7,70.2,0.5,0.0012284396708327,76.1,80.89148418491483,2.387984518368756,76.1,83.6,-5.300000000000011,-0.018066644081507,73.0,79.00790754257908,3.5707982983923903,73.0,83.7,-10.200000000000005,-0.0298104142936403,75.2,78.09221411192215,1.338186197677613,75.2,79.7,-1.7999999999999972,-0.0075059242832522,69.0,68.72895377128954,0.1148939013546986,68.6,69.0,0.4000000000000057,0.0009075950089104,66.3,66.80450121654502,0.2717169556967666,66.2,67.2,-0.2000000000000028,-0.0009446185383829,65.3,65.77506082725061,0.2144526982896111,65.3,66.1,-0.5,-0.0013334693052124,64.2,64.89805352798054,0.4392496444803541,64.2,65.6,-0.7999999999999972,-0.0030860027897281,0.0,0.2845498783454988,0.4812781839378709,0.0,2.1,-0.1,0.0001899054707363,0.0,0.3554744525547445,0.4061425638787978,0.0,2.3,-0.8,-8.249056695088128e-05,0.7,0.6265206812652067,0.0565841228109122,0.5,0.8,0.0999999999999999,0.0001520349977789,3.0,2.984549878345499,0.1389865274457231,2.6,3.3,-0.1,-0.000168455330645,500.0,499.99209245742094,0.3557036154036606,499.1,500.8,0.0,-9.943807892482572e-05,0.0,0.0,0.0,0.0,0.0,0.0,0.0,210.0,210.0,0.0,210.0,210.0,0.0,2.878423381687189e-16,0.0,9.675182481751824,15.524009100208062,0.0,45.0,0.0,0.0575638102777456,0.0,1.0474452554744529,2.8431523650853867,0.0,13.5,-13.5,-0.0136613712533553,0.0,4.62043795620438,7.89380371142276,0.0,27.0,-27.0,-0.0521383594531856,0.0,4.5036496350364965,6.801807496563697,0.0,21.000000000000004,-21.000000000000004,-0.0479068396735983,0.0,0.0,0.0,0.0,0.0,0.0,0.0,1.0,0.5304136253041363,0.4990741542054242,0.0,1.0,0.0,-1.987724504840513e-05,1.0,1.0,0.0,1.0,1.0,0.0,4.33841489977375e-19,1.0,1.0,0.0,1.0,1.0,0.0,4.33841489977375e-19,1.0,1.0,0.0,1.0,1.0,0.0,4.33841489977375e-19,16.9,22.270924574209246,3.0805606848424656,13.7,29.1,-5.700000000000003,0.0001380949994036,10.5,6.123236009732359,6.157544498291154,0.0,25.4,-1.0,0.0009539349167143,0.0,15.878223844282235,33.04612173995738,0.0,100.0,-5.1,0.0137315033592544,0.65165746,0,0.6968109681875969,0.675491988658905
batch_dist_ternary_butan-1-ol+propan-2-ol+water__operating_point_034__train_normal_experiment_001,batch_dist_ternary_butan-1-ol+propan-2-ol+water,operating_point_034,train_normal_experiment_001,0.1,572,95.31666666666666,0.5498700767491976,1.0,1.0,0.0,1.0,1.0,0.0,5.003297853966313e-19,1.0,1.0,0.0,1.0,1.0,0.0,5.003297853966313e-19,423.517,422.7405734265735,0.4937882903911557,421.871,423.635,1.5760000000000218,0.0029711730902124,80.743,80.67150874125875,0.0463290046498116,80.572,80.828,0.0,0.0001416296634662,70.245,70.00643968531469,0.1177033367009204,69.796,70.245,0.4270000000000067,0.0007005817396219,75.432,75.3328417832168,0.0484350627089233,75.221,75.475,0.0,-4.985196902883666e-06,75.509,75.43392045454546,0.0489016894234199,75.338,75.551,0.0,-7.436862657750714e-06,70.441,70.28018881118882,0.0553633517226991,70.186,70.462,0.2340000000000088,0.0002182686240324,67.793,67.57651660839161,0.1825309634247766,67.073,67.836,0.6990000000000123,0.0010465061959616,65.556,64.4973173076923,0.5931544122282983,63.667,65.556,1.867999999999995,0.0035695625492964,63.605,63.37392569930071,0.0900172729366912,63.266,63.626,0.2959999999999994,0.0004890874087723,63.293,63.379677447552446,0.0561262117173157,63.293,63.505,-0.169000000000004,-0.0003120761217674,0.373,0.373625,0.0065434016970709,0.359,0.396,-0.002,1.1721017999614838e-05,0.211,0.2114965034965035,0.0053326401258219,0.158,0.225,-0.006,-5.866832848980022e-06,0.623,0.6260393356643358,0.0562493646420613,0.478,0.766,-0.0839999999999999,-9.117082933570324e-07,1.966,2.003457167832168,0.0891187939866175,1.762,2.272,0.084,6.28327234332165e-05,498.708,498.7701363636364,0.7652946897595652,496.869,500.719,0.9330000000000496,-0.0005902604515355,5.842,5.32718006993007,0.4130256355443065,4.545,6.228,0.0,-5.707350021540583e-05,210.0,210.0,0.0,210.0,210.0,0.0,2.816541424819258e-16,16.5,16.5,0.0,16.5,16.5,0.0,2.4605009986823332e-17,10.500000000000002,10.970716783216783,0.6953542213971423,10.500000000000002,12.0,0.0,0.0001712729188637,12.0,11.543706293706292,0.690098987854142,10.500000000000002,12.0,1.4999999999999982,0.0020180532829417,7.5,8.339160839160838,0.7446813712992524,7.5,9.0,-1.5,0.0006091093051601,0.0,0.0,0.0,0.0,0.0,0.0,0.0,1.0,1.0,0.0,1.0,1.0,0.0,5.003297853966313e-19,1.0,1.0,0.0,1.0,1.0,0.0,5.003297853966313e-19,1.0,1.0,0.0,1.0,1.0,0.0,5.003297853966313e-19,1.0,1.0,0.0,1.0,1.0,0.0,5.003297853966313e-19,0.0,2.237762237762238,9.192546419667122,0.0,40.0,0.0,0.0001333698989139,3.9,3.933975524475525,0.0681116378098816,3.76,4.157,0.0699999999999998,6.760196369222878e-05,4.5,4.570115384615384,0.1341998782255824,4.267,5.013,0.1399999999999996,0.0001261040286494,0.6814887,0,0.6968109681875969,0.675491988658905
batch_dist_ternary_butan-1-ol+propan-2-ol+water__operating_point_003__test_anormal_experiment_001,batch_dist_ternary_butan-1-ol+propan-2-ol+water,operating_point_003,test_anormal_experiment_001,0.1,250,41.55,0.6798616082775178,1.0,1.0,0.0,1.0,1.0,0.0,1.807480407044761e-18,1.0,1.0,0.0,1.0,1.0,0.0,1.807480407044761e-18,434.7,433.8984,0.5280884774353634,432.8,434.7,1.8999999999999773,0.0072733067729088,70.0,70.166,0.3431675975379959,69.7,70.8,-0.2999999999999971,-0.0004027840445447,69.5,69.4696,0.0459982608366855,69.4,69.5,0.0999999999999943,0.0004419910718571,70.0,69.88959999999999,0.0478731657612088,69.8,70.0,0.0999999999999943,0.0001933086929389,70.1,70.1336,0.0794420543541025,70.0,70.3,-0.2000000000000028,-0.0007883646138338,70.0,69.95559999999999,0.0496854103334139,69.9,70.0,0.0,2.200355205688015e-05,68.2,68.2016,0.0505711380136937,68.1,68.3,0.0,-0.000315115441847,64.5,64.9104,0.3209545762253589,64.4,65.3,-0.7000000000000028,-0.0041779100465607,63.6,63.8252,0.2038748635805792,63.5,64.4,-0.8000000000000043,-0.0025085201363222,60.9,62.1032,1.0339776399903424,60.9,63.3,-2.3999999999999986,-0.0132857677722843,0.2,0.16,0.0521536192416211,0.0,0.3,0.1,0.0001416214659434,0.4,0.4064,0.1306868011698197,0.1,0.8,0.3,0.0002764076225219,0.6,0.5883999999999998,0.0571440285594216,0.4,0.7,0.0,0.0001325973215571,3.1,3.0332,0.0624320430548288,2.9,3.2,0.0,-9.650074401190504e-05,500.0,499.6536,1.576910599875591,493.4,504.2,0.3999999999999772,0.0016754188067005,6.8,6.932799999999999,0.3777355688838422,6.2,7.8,-0.5,3.6557384918152144e-05,210.0,210.0,0.0,210.0,210.0,0.0,-3.4737069501811287e-16,21.000000000000004,13.23,12.62173126001342,0.0,36.0,19.500000000000004,0.0373697499159986,9.0,9.456,0.6899739125503233,9.0,10.500000000000002,0.0,0.0012764364229827,10.500000000000002,10.926,0.6764052040012694,10.500000000000002,12.0,0.0,0.0028299332789324,7.5,8.01,0.7105631569396206,7.5,9.0,0.0,0.0015915134642154,0.0,0.0,0.0,0.0,0.0,0.0,0.0,1.0,1.0,0.0,1.0,1.0,0.0,1.807480407044761e-18,1.0,1.0,0.0,1.0,1.0,0.0,1.807480407044761e-18,1.0,1.0,0.0,1.0,1.0,0.0,1.807480407044761e-18,1.0,1.0,0.0,1.0,1.0,0.0,1.807480407044761e-18,28.6,24.2016,9.593764508262645,0.0,53.3,16.200000000000003,0.0644350789612634,9.7,7.0724,2.5807902355673926,0.8,12.9,0.8999999999999986,0.0027974463591417,3.4,2.5116000000000005,0.9095853121065666,0.3,4.7,0.1999999999999997,0.0008111361781788,0.6182438,1,0.692888307468758,0.6680213212966919
batch_dist_ternary_butan-1-ol+propan-2-ol+water__operating_point_003__test_anormal_experiment_002,batch_dist_ternary_butan-1-ol+propan-2-ol+water,operating_point_003,test_anormal_experiment_002,0.1,505,84.13333333333334,0.6791228505010427,1.0,1.0,0.0,1.0,1.0,0.0,1.1600158751619142e-18,1.0,1.0,0.0,1.0,1.0,0.0,1.1600158751619142e-18,438.8,437.91900990099,0.514767091331419,437.1,438.8,1.6999999999999886,0.0035133979236432,70.4,70.28277227722774,0.343540444855114,69.7,70.8,-0.3999999999999915,-0.0005619692404022,70.1,69.95089108910891,0.0503866045749833,69.9,70.1,0.1999999999999886,0.0002951754802809,70.0,69.99762376237625,0.0164797214032174,69.9,70.1,0.0,-1.99864706966963e-05,70.0,70.01861386138613,0.039427328888822,69.9,70.1,0.0999999999999943,-8.039313248092478e-05,70.0,70.00316831683168,0.0365581238840188,69.9,70.1,0.0,1.0417190787413773e-05,68.5,68.47346534653465,0.045910710663118,68.4,68.6,0.0999999999999943,0.0002091358204143,63.4,63.439009900990094,0.0503749299288525,63.4,63.6,-0.1000000000000014,-0.000250124391321,63.4,63.34594059405939,0.0498349397853508,63.3,63.4,0.0,-2.74779030696756e-05,63.3,63.29940594059405,0.007684597192844,63.2,63.3,0.0,2.804628288906732e-06,0.2,0.1827722772277228,0.088777381071215,0.0,1.4,0.1,1.7209795513713243e-05,0.6,0.4261386138613861,0.1709320419477145,0.0,1.0,0.5,2.2110906742848276e-05,0.7,0.654059405940594,0.0653123222771266,0.5,0.8,0.0999999999999999,-6.112412483483479e-06,2.9,3.00019801980198,0.0718907338941619,2.8,3.2,-0.1,-1.4311990205228914e-05,498.9,499.880594059406,0.9936529483410632,497.8,502.0,-1.6000000000000227,0.0003494045056687,6.8,6.875049504950495,0.3526578679211418,5.8,7.8,0.0,-3.8006906280681e-05,210.0,210.0,0.0,210.0,210.0,0.0,3.545192938937449e-16,0.0,9.288118811881189,10.948559172159584,0.0,31.5,0.0,0.0129979146983021,9.0,9.062376237623765,0.2994554414525602,9.0,10.500000000000002,-1.5000000000000018,-0.0007023217849735,9.0,9.911881188118812,0.7323212962445125,9.0,10.500000000000002,0.0,0.0001905004165012,9.0,7.797029702970297,0.5977607464603397,7.5,9.0,1.5,-0.0007982009381062,0.0,0.0,0.0,0.0,0.0,0.0,0.0,1.0,1.0,0.0,1.0,1.0,0.0,1.1600158751619142e-18,1.0,1.0,0.0,1.0,1.0,0.0,1.1600158751619142e-18,1.0,1.0,0.0,1.0,1.0,0.0,1.1600158751619142e-18,1.0,1.0,0.0,1.0,1.0,0.0,1.1600158751619142e-18,19.0,13.007920792079208,11.44589409860577,0.0,38.1,13.2,0.0137910933950538,4.0,7.35960396039604,3.129829628992442,0.0,17.0,-2.3,0.0001279786363729,1.3,2.414455445544555,1.020021816159166,0.0,5.8,-0.8,0.0001159215300412,0.64400697,1,0.692888307468758,0.6680213212966919
batch_dist_ternary_butan-1-ol+propan-2-ol+water__operating_point_003__test_anormal_experiment_003,batch_dist_ternary_butan-1-ol+propan-2-ol+water,operating_point_003,test_anormal_experiment_003,0.1,1516,252.51666666666668,0.4978361788418457,1.0,1.0,0.0,1.0,1.0,0.0,-6.3409494973453625e-19,1.0,1.0,0.0,1.0,1.0,0.0,-6.3409494973453625e-19,435.7,435.5856860158311,0.2652715372692301,434.9,436.0,0.8000000000000114,0.0003963097986311,70.6,70.26437994722956,0.3299041568967082,69.7,70.9,0.3999999999999915,-2.769796740768408e-05,70.5,70.1947889182058,0.1864273760107954,69.9,70.5,0.5999999999999943,0.0004189527664412,70.0,69.99967018469657,0.0200565673047576,69.9,70.1,0.0,-3.5354344123613226e-07,70.0,69.99696569920845,0.0206433819718091,69.9,70.1,0.0,8.596633505242185e-06,70.0,70.00197889182058,0.0263683983289491,69.9,70.1,0.0,-2.181533518561313e-06,68.9,68.65646437994722,0.1500366030022236,68.4,68.9,0.5,0.0003284599387665,63.4,63.41042216358838,0.045039778777918,63.3,63.6,-0.2000000000000028,-6.607353224839067e-05,63.3,63.32216358839049,0.0415347347253671,63.3,63.4,-0.1000000000000014,-1.6448638739805638e-05,63.3,63.29551451187335,0.0206985315645953,63.2,63.3,0.0,7.942242333118846e-07,0.1,0.179089709762533,0.1393708625744429,0.0,3.1,0.0,8.780379658126406e-06,0.1,0.42467018469657,0.1531062177481976,0.0,1.1,-0.1999999999999999,1.5600341130673696e-05,0.6,0.6413588390501319,0.06475446211516,0.5,0.9,-0.0999999999999999,1.1785757220909503e-05,2.9,2.999142480211081,0.0674100848618225,2.8,3.2,-0.1,3.0072718530182348e-06,500.2,499.8110817941952,0.8862083956307841,497.5,501.9,0.3999999999999772,-5.13697070280012e-06,7.3,6.983377308707124,0.3834136252585682,6.2,7.8,0.5,2.6792496675046357e-05,210.0,210.0,0.0,210.0,210.0,0.0,7.984112198592156e-17,0.0,9.306728232189974,10.910960435876683,0.0,33.0,-4.5,-0.001040900429854,9.0,9.213720316622693,0.5243129801909677,9.0,10.500000000000002,0.0,-0.0002044128593169,10.500000000000002,9.933047493403691,0.7273194725556479,9.0,10.500000000000002,1.5000000000000018,-0.0001038079659485,7.5,8.052110817941953,0.7234223328211515,7.5,9.0,-1.5,-9.583386509793171e-06,0.0,0.0,0.0,0.0,0.0,0.0,0.0,1.0,1.0,0.0,1.0,1.0,0.0,-6.3409494973453625e-19,1.0,1.0,0.0,1.0,1.0,0.0,-6.3409494973453625e-19,1.0,1.0,0.0,1.0,1.0,0.0,-6.3409494973453625e-19,1.0,1.0,0.0,1.0,1.0,0.0,-6.3409494973453625e-19,3.7,11.67130606860158,11.025687858509675,0.0,38.0,-26.2,-0.0009493891628654,3.8,7.255408970976252,2.882780929614963,0.0,17.2,-2.3,0.0002492872173312,1.3,2.596635883905013,1.0380532962153657,0.0,6.6,-0.9000000000000001,-3.466671676777499e-05,0.5946302,1,0.692888307468758,0.6680213212966919
batch_dist_ternary_butan-1-ol+propan-2-ol+water__operating_point_003__test_anormal_experiment_004,batch_dist_ternary_butan-1-ol+propan-2-ol+water,operating_point_003,test_anormal_experiment_004,0.1,589,98.0,0.6483102124519635,1.0,0.99830220713073,0.0411692891442517,0.0,1.0,0.0,-1.3389718927485454e-05,1.0,1.0,0.0,1.0,1.0,0.0,2.0565810716623285e-19,438.2,437.7220713073005,0.3791534512136504,436.7,438.3,1.5,0.0021013989319926,70.7,70.38896434634974,0.4093936637317318,69.7,71.0,0.2999999999999971,-0.0001087327394484,68.9,68.64380305602715,0.1431508231099085,68.4,68.9,0.5,0.0008185581504335,70.0,69.99711375212225,0.0298579938023488,69.9,70.1,0.0,-2.3666915473265046e-06,70.0,70.11188455008491,0.0725102668148338,70.0,70.3,0.0,0.0003127908813664,70.0,69.99456706281835,0.0335407564715456,69.9,70.1,0.0,5.5802240898682416e-05,67.6,67.44821731748726,0.0963742368070341,67.3,67.6,0.2999999999999971,0.0005199732910342,65.2,65.41731748726656,0.2695760415096177,65.1,66.1,-0.8999999999999915,-0.0014659862966798,64.7,65.05704584040748,0.2496967932529296,64.6,65.5,-0.7999999999999972,-0.0014532895544336,64.1,64.60339558573854,0.3117212437972491,64.1,65.1,-1.0,-0.0018165385344953,0.1,0.164006791171477,0.0497351896347608,0.1,0.3,0.0,2.944563627298336e-05,0.3,0.397113752122241,0.1827217975823575,0.0,1.0,0.1999999999999999,4.863169405196995e-05,0.5,0.5758913412563667,0.06052482752357,0.5,0.7,0.0,7.024317021562653e-05,3.0,3.005942275042445,0.0742729563827419,2.8,3.2,0.0,-4.060960806296167e-05,501.8,499.8247877758914,1.0193693733418103,497.3,501.9,2.6000000000000227,0.0001135131040128,6.8,6.713242784380305,0.3911949094566246,5.8,7.8,0.0,-6.327816729984187e-05,210.0,210.0,0.0,210.0,210.0,0.0,-2.775337756801752e-16,0.0,9.305602716468591,12.5333843844109,0.0,37.5,0.0,0.003425389608521,9.0,8.831918505942275,0.4731499259662949,7.5,9.0,0.0,-0.0012320303218406,10.500000000000002,9.85823429541596,0.7421491341339772,9.0,10.500000000000002,0.0,-0.0004317303451552,7.5,7.797962648556876,0.598466567905247,7.5,9.0,0.0,7.047220488130819e-06,0.0,0.0,0.0,0.0,0.0,0.0,0.0,1.0,1.0,0.0,1.0,1.0,0.0,2.0565810716623285e-19,1.0,1.0,0.0,1.0,1.0,0.0,2.0565810716623285e-19,1.0,1.0,0.0,1.0,1.0,0.0,2.0565810716623285e-19,1.0,1.0,0.0,1.0,1.0,0.0,2.0565810716623285e-19,34.3,11.55025466893039,11.38672509653711,0.0,38.8,29.8,0.0014228925433947,7.6,6.760780984719864,3.1970285548014217,0.0,16.5,1.3999999999999997,0.0003800918370283,2.3,2.089134125636672,0.9782094956216716,0.0,4.9,0.0999999999999996,-0.0002780833204623,0.616515,1,0.692888307468758,0.6680213212966919
batch_dist_ternary_butan-1-ol+propan-2-ol+water__operating_point_003__test_anormal_experiment_009,batch_dist_ternary_butan-1-ol+propan-2-ol+water,operating_point_003,test_anormal_experiment_009,0.1,619,103.13333333333334,0.6782545548418413,1.0,1.0,0.0,1.0,1.0,0.0,3.061856186759188e-19,1.0,1.0,0.0,1.0,1.0,0.0,3.061856186759188e-19,425.047,423.6769983844912,0.9560599624789362,421.73,425.094,3.3170000000000077,0.0053020302388058,82.109,81.8342972536349,0.1286156080929643,81.533,82.131,0.2129999999999938,-0.0002723173723617,71.978,71.2909676898223,0.3400476621391867,70.78,71.978,1.1979999999999933,0.0018097725891704,76.954,76.65925363489498,0.0696330699122069,76.552,76.954,0.2539999999999907,0.0001662155502723,77.063,76.90757512116316,0.056301730933284,76.808,77.063,0.1060000000000087,0.0001523633078619,71.931,71.65807108239095,0.1453389102219893,71.441,71.973,0.2980000000000018,0.000761339754218,69.828,69.45611954765751,0.1835266667398566,69.129,69.828,0.5930000000000035,0.0009926820432622,64.549,64.65920759289176,0.0708115838747123,64.486,64.78,-0.1889999999999929,-0.0002830048262885,63.71,63.97332390953149,0.1673094523243032,63.71,64.239,-0.5080000000000027,-0.0009088143389188,63.631,63.80984410339257,0.1265156238538285,63.589,64.075,-0.4440000000000026,-0.0006843928585702,0.266,0.2594369951534734,0.0125652123052588,0.23,0.287,0.036,6.463882270738667e-06,0.364,0.358078352180937,0.0159637336318563,0.328,0.387,0.0319999999999999,1.0787910954243137e-05,0.715,0.7156074313408723,0.0644728982875428,0.474,0.883,-0.092,5.680362991136616e-06,2.192,2.002901453957997,0.1399306745543887,1.656,2.388,0.4860000000000002,-6.0522589043984285e-05,499.704,498.9791437802908,0.8645979242419456,495.936,501.894,1.5880000000000225,0.0004089523882772,4.878,4.3777269789983855,0.4171287643802883,3.556,4.972,1.2320000000000002,-3.336989689172458e-06,210.0,210.0,0.0,210.0,210.0,0.0,2.8806761315863846e-16,19.5,18.833602584814216,1.079894886762298,18.0,21.000000000000004,1.5,0.0041320700016747,12.0,11.80129240710824,0.5880596582583623,10.500000000000002,13.5,1.4999999999999982,0.0007821532056948,13.5,12.322294022617124,0.6160905752492559,12.0,13.5,1.5,0.0023856204024656,9.0,9.024232633279484,0.3064637813418187,7.5,10.500000000000002,1.5,0.0005411170538137,0.0,0.0,0.0,0.0,0.0,0.0,0.0,1.0,1.0,0.0,1.0,1.0,0.0,3.061856186759188e-19,1.0,1.0,0.0,1.0,1.0,0.0,3.061856186759188e-19,1.0,1.0,0.0,1.0,1.0,0.0,3.061856186759188e-19,1.0,1.0,0.0,1.0,1.0,0.0,3.061856186759188e-19,0.0,3.308562197092084,9.743069664891037,0.0,32.0,0.0,0.0003302863139126,6.673,6.413762520193861,0.2591764205082034,5.847,6.96,0.6200000000000001,0.0001883878911208,3.337,3.2068966074313408,0.1295884275462843,2.923,3.48,0.31,9.41817141394225e-05,0.6396547,1,0.692888307468758,0.6680213212966919
batch_dist_ternary_butan-1-ol+propan-2-ol+water__operating_point_003__train_normal_experiment_001,batch_dist_ternary_butan-1-ol+propan-2-ol+water,operating_point_003,train_normal_experiment_001,0.1,1011,168.48333333333332,0.6700350017604239,1.0,1.0,0.0,1.0,1.0,0.0,-2.228653949630944e-19,1.0,1.0,0.0,1.0,1.0,0.0,-2.228653949630944e-19,417.712,414.9063273986152,1.7151508567918927,411.403,417.712,6.308999999999969,0.0058331287876562,81.148,81.34607220573689,0.185384356868358,81.084,81.81,-0.597999999999999,-0.0005845388841554,70.481,69.94178239366964,0.2887415361614151,69.411,70.481,1.027000000000001,0.0009872010010961,75.982,76.39632146389714,0.394930096888703,75.918,77.271,-1.268000000000001,-0.0012831064799163,76.211,76.26611869436202,0.1637076377553076,76.02,76.552,-0.2980000000000018,-0.0004834815135494,70.867,71.07632542037588,0.2882737992259682,70.739,71.739,-0.8719999999999999,-0.0008874862928171,67.497,67.49578090999012,0.4657011255089033,66.861,68.302,-0.3599999999999994,-0.001063321349552,65.22,64.86969831849655,0.1756755745816443,64.528,65.283,0.6919999999999931,0.0002745240038131,65.001,64.66217606330366,0.5529690365218121,63.584,65.297,1.4170000000000016,0.0016617166612803,64.413,65.11438229475768,1.1688290225137723,63.167,67.056,1.2459999999999951,-9.783511572680548e-06,0.329,0.3411874381800198,0.1964407356975873,0.004,1.517,-1.186,-9.331563268570412e-05,0.212,0.2617809099901088,0.1942657718954406,0.004,2.016,0.206,-8.089097646701836e-05,0.674,0.6376458951533135,0.0557344561722096,0.455,0.804,0.053,1.33581381619002e-05,1.82,2.38776706231454,0.7889293728116856,0.891,5.75,-3.93,-0.0014255358473532,498.744,499.2931003956479,0.6869794751431049,496.995,501.041,-0.7629999999999768,-3.78858754146091e-05,3.643,3.954024233432246,0.3563937535549384,2.927,4.888,-1.2300000000000004,-1.0563777316962293e-05,210.0,210.0,0.0,210.0,210.0,0.0,2.1701025010780315e-16,16.5,17.753709198813056,0.9479133158190538,16.5,19.5,-3.0,-0.00263256295956,12.0,12.468842729970326,0.7682938990552279,12.0,15.0,-3.0,-0.0020336854998878,12.0,12.146884272997031,0.4458154549156883,12.0,13.5,-1.5,-0.0004721030740669,9.0,9.22181008902077,0.5319389420956101,9.0,10.500000000000002,-1.5000000000000018,0.0002675883637905,0.0,0.0,0.0,0.0,0.0,0.0,0.0,1.0,1.0,0.0,1.0,1.0,0.0,-2.228653949630944e-19,1.0,1.0,0.0,1.0,1.0,0.0,-2.228653949630944e-19,1.0,1.0,0.0,1.0,1.0,0.0,-2.228653949630944e-19,1.0,1.0,0.0,1.0,1.0,0.0,-2.228653949630944e-19,0.0,5.206726013847676,11.779031910260434,0.0,32.0,0.0,-0.0011304136477381,3.94,4.00550840751731,2.5001518918602605,0.0,17.607,3.94,0.000676369792185,4.043,4.065376360039565,3.00251363479775,0.0,20.0,-15.957,-0.000193662250369,0.65746653,1,0.692888307468758,0.6680213212966919
batch_dist_ternary_butan-1-ol+propan-2-ol+water__operating_point_010__test_anormal_experiment_001,batch_dist_ternary_butan-1-ol+propan-2-ol+water,operating_point_010,test_anormal_experiment_001,0.1,577,96.01666666666668,0.6667464410693288,1.0,0.9965337954939342,0.0587723568728359,0.0,1.0,0.0,1.8115616110838352e-06,1.0,1.0,0.0,1.0,1.0,0.0,-1.3378099902568757e-18,421.542,420.93926689774696,0.4127315744028957,420.038,421.612,1.3629999999999995,0.0024406276923556,84.352,84.21736568457538,0.063446020132329,84.096,84.395,0.0640000000000071,0.0001061140641646,73.948,73.80835701906413,0.0876562724744333,73.648,73.969,0.2789999999999963,0.0005191312774982,79.153,79.25076516464472,0.0822659268509143,79.068,79.47,-0.2959999999999922,-0.00046381137071,79.258,79.27339168110917,0.0374744391237786,79.194,79.407,-0.1060000000000087,-0.0001596963085621,74.145,74.14452079722703,0.0467892737273503,74.039,74.294,-0.0640000000000071,-0.0002111030548676,71.716,71.40641594454073,0.209713141426201,70.825,71.716,0.8699999999999903,0.0011245503891483,68.098,68.00049740034663,0.0556978532781365,67.909,68.14,0.0630000000000023,0.0002633361543719,67.35,67.41160225303292,0.0282864760317212,67.308,67.498,-0.0850000000000079,-0.000126590988368,67.416,67.47628596187174,0.0465172731431894,67.395,67.585,-0.1270000000000095,-0.000262564554061,0.28,0.2656473136915078,0.0094594801591208,0.246,0.286,0.019,4.160329324409952e-05,0.311,0.30213431542461,0.0103332966678253,0.238,0.324,0.006,3.93800074061639e-05,0.653,0.6524124783362218,0.0352923008516556,0.542,0.767,0.002,-9.06417975488762e-06,2.003,1.9952227036395147,0.1000193753550606,1.615,2.209,0.294,0.0003698779657137,599.624,598.9201481802427,0.6910862673423378,597.416,600.485,2.118000000000052,-0.0001861611622686,7.279,7.194022530329289,0.408762709525494,6.364,8.204,-0.0140000000000002,-4.364008193755573e-05,210.0,210.0,0.0,210.0,210.0,0.0,-1.668113278789819e-16,18.0,18.054592720970536,0.2809069530517872,18.0,19.5,0.0,6.465400922310067e-06,12.0,12.0,0.0,12.0,12.0,0.0,-1.0198278059165237e-17,12.0,11.984402079722704,0.1521630221143349,10.500000000000002,12.0,0.0,9.726211822275036e-05,9.0,8.883015597920277,0.4022328340521617,7.5,9.0,0.0,0.0008666448279791,0.0,0.0,0.0,0.0,0.0,0.0,0.0,1.0,1.0,0.0,1.0,1.0,0.0,-1.3378099902568757e-18,1.0,1.0,0.0,1.0,1.0,0.0,-1.3378099902568757e-18,1.0,1.0,0.0,1.0,1.0,0.0,-1.3378099902568757e-18,1.0,1.0,0.0,1.0,1.0,0.0,-1.3378099902568757e-18,0.0,2.3960138648180243,8.808452773514727,0.0,35.0,0.0,-3.2795511924824485e-05,4.74,4.620901213171577,0.1301611710501054,4.335,4.955,0.2949999999999999,0.0005726760100767,3.44,3.320810225303293,0.130099964696334,3.035,3.655,0.2949999999999999,0.0005729955320643,0.6062539,1,0.692888307468758,0.6680213212966919
batch_dist_ternary_butan-1-ol+propan-2-ol+water__operating_point_010__train_normal_experiment_001,batch_dist_ternary_butan-1-ol+propan-2-ol+water,operating_point_010,train_normal_experiment_001,0.1,802,133.61666666666667,0.6271217656332728,1.0,1.0,0.0,1.0,1.0,0.0,8.953159126732286e-19,1.0,1.0,0.0,1.0,1.0,0.0,8.953159126732286e-19,421.683,418.6964507481297,1.7655597221700865,415.06,421.683,6.575999999999965,0.0075922804345889,84.074,83.98272256857857,0.06337380711552,83.861,84.267,-0.1929999999999978,-9.022853684756624e-05,72.963,72.6969289276808,0.1542119495132117,72.449,72.984,0.492999999999995,0.0006554051227173,79.068,79.80499314214464,0.4460864440905469,79.047,80.528,-1.4390000000000072,-0.0019146928470355,79.066,79.4160866583541,0.1705807859131539,79.066,79.684,-0.5109999999999957,-0.0006869050211584,73.805,74.67313466334164,0.6355284922089849,73.783,75.956,-2.150999999999996,-0.0027094042241517,71.864,71.6183559850374,0.1116402482653892,71.376,71.864,0.4660000000000082,0.0004746743583623,70.01,69.74560162094764,0.0944540089691277,69.611,70.031,0.1050000000000039,0.0001235348773881,71.036,70.30821321695761,0.4225843945280382,69.807,71.057,1.0600000000000025,0.0015867952634167,72.56,74.84840087281795,3.1994943226485164,67.331,77.288,5.228999999999999,0.0061302858089779,0.342,0.3035006234413965,0.0312452739506269,0.221,0.354,0.107,8.440470248951175e-05,0.286,0.2019077306733167,0.037827706468218,0.111,0.286,0.1659999999999999,0.0001008805126516,0.648,0.674313591022444,0.0427419456450978,0.472,0.8,-0.015,5.696473202653895e-05,2.392,2.1615872817955117,0.3705996470140326,1.499,3.358,-0.9570000000000004,-0.0005136507963536,599.005,598.9199613466334,0.7666806728468462,596.797,601.015,-0.58299999999997,-0.0010710587745353,2.927,3.229684538653367,0.4418685636492999,2.664,3.976,0.0,0.0001818677195891,210.0,210.0,0.0,210.0,210.0,0.0,1.8133364713533555e-16,21.000000000000004,21.91084788029925,1.001868966351089,19.5,24.0,-2.9999999999999964,-0.0038090928526836,10.500000000000002,12.298316708229429,1.3044572674253416,10.500000000000002,15.0,-4.499999999999998,-0.005158171287887,10.500000000000002,11.771820448877806,0.9525809160783169,10.500000000000002,13.5,-2.9999999999999982,-0.0030465380199018,9.0,7.587905236907731,0.3523216210875963,7.5,9.0,1.5,0.0004940110300458,0.0,0.0,0.0,0.0,0.0,0.0,0.0,1.0,1.0,0.0,1.0,1.0,0.0,8.953159126732286e-19,1.0,1.0,0.0,1.0,1.0,0.0,8.953159126732286e-19,1.0,1.0,0.0,1.0,1.0,0.0,8.953159126732286e-19,1.0,1.0,0.0,1.0,1.0,0.0,8.953159126732286e-19,0.0,2.6596009975062342,7.96067102275729,0.0,27.0,0.0,-0.0043655465977757,5.07,3.873310473815462,0.5553594556030407,2.5,5.08,2.205,0.0011950469068256,5.06,3.84839463840399,0.4864637965668728,2.52,5.065,2.1299999999999994,0.0011228218777732,0.6378356,1,0.692888307468758,0.6680213212966919
batch_dist_ternary_butan-1-ol+propan-2-ol+water__operating_point_014__test_anormal_experiment_001,batch_dist_ternary_butan-1-ol+propan-2-ol+water,operating_point_014,test_anormal_experiment_001,0.1,306,50.85,0.6956401649231208,1.0,1.0,0.0,1.0,1.0,0.0,2.775118854633269e-18,1.0,1.0,0.0,1.0,1.0,0.0,2.775118854633269e-18,385.427,384.5344248366013,0.5206878895628293,383.72,385.439,1.7069999999999936,0.0058547560039671,67.6095,67.5569591503268,0.0380218908127626,67.471,67.641,0.031499999999994,5.018328365158599e-05,57.012,56.91652287581699,0.0572316939899428,56.799,57.033,0.1920000000000001,0.0006250444728542,62.6225,62.64571568627451,0.0294794303331042,62.591,62.718,-0.0315000000000011,-0.0002084110495801,81.155,79.46278921568627,1.0126517237315642,77.659,81.176,3.495999999999995,0.0114588294975169,57.5835,57.620470588235285,0.0829408351868007,57.51,57.827,-0.2014999999999958,-0.0007867068309674,53.268,53.46731372549019,0.4246277527125405,53.057,54.618,-0.2950000000000017,-0.0030623294247478,49.2945,49.83012745098039,0.4661899509401231,49.284,50.768,-1.326500000000003,-0.0049427773886291,48.835,48.87386601307189,0.0543571614578191,48.814,49.067,-0.2319999999999993,-0.0004450669422464,49.022,49.03956862745098,0.0162767184893883,49.001,49.085,-0.0420000000000015,-0.000118725087087,0.0045,0.1392957516339869,0.1303814600035999,0.004,0.465,-0.4605,-0.0009753409410968,0.5395000000000001,0.4384526143790849,0.0759663251613798,0.359,0.658,-0.1164999999999999,-0.0002587461534515,-0.069,-0.0952859477124183,0.0976289951033306,-0.348,0.13,-0.056,0.0001861913751456,2.8040000000000003,2.0149607843137254,0.5287437356646542,0.977,3.584,-0.7799999999999998,0.0028912207078591,249.6415,249.74788888888887,0.2875975493626796,249.013,250.655,0.1075000000000159,-0.0004059077959147,3.1875,3.110251633986928,0.4186009167811387,2.5,3.906,0.2604999999999999,0.0001786356492722,175.0,175.0,0.0,175.0,175.0,0.0,4.279867294338728e-16,15.0,15.0,0.0,15.0,15.0,0.0,2.8945375545875946e-17,19.5,19.5,0.0,19.5,19.5,0.0,9.3754434464925e-17,9.0,9.0,0.0,9.0,9.0,0.0,2.033749981018585e-17,5.25,5.607843137254902,0.6563320946985102,4.5,6.0,0.75,0.0047895614699129,0.0,0.0,0.0,0.0,0.0,0.0,0.0,1.0,1.0,0.0,1.0,1.0,0.0,2.775118854633269e-18,1.0,1.0,0.0,1.0,1.0,0.0,2.775118854633269e-18,1.0,1.0,0.0,1.0,1.0,0.0,2.775118854633269e-18,1.0,1.0,0.0,1.0,1.0,0.0,2.775118854633269e-18,0.0,7.972222222222222,16.013680210534297,0.0,41.0,0.0,-0.0023138448522998,9.5925,7.75701633986928,1.019654881891114,6.36,10.95,-1.3055000000000003,0.00025800034971,0.0,0.9907892156862746,1.2502677787092131,0.0,4.655,0.0,0.0001386869330954,0.6538904,1,0.692888307468758,0.6680213212966919
batch_dist_ternary_butan-1-ol+propan-2-ol+water__operating_point_014__train_normal_experiment_002,batch_dist_ternary_butan-1-ol+propan-2-ol+water,operating_point_014,train_normal_experiment_002,0.1,641,106.78333333333332,0.679784282051461,1.0,1.0,0.0,1.0,1.0,0.0,-7.967724342693771e-20,1.0,1.0,0.0,1.0,1.0,0.0,-7.967724342693771e-20,379.011,378.1468135725429,0.573582821122024,377.042,379.081,1.877000000000009,0.0030886127974325,69.853,69.79727301092043,0.0470841882679319,69.683,69.938,-0.0850000000000079,2.288573727520848e-05,59.654,59.44335257410296,0.1223710714329137,59.249,59.676,0.3830000000000026,0.0006489408752751,64.802,64.6749329173167,0.0500577142015491,64.57,64.802,0.0840000000000031,0.0001560930825083,64.797,64.77211700468018,0.0514711000603057,64.67,64.903,-0.0430000000000063,5.234959339956403e-05,59.778,59.65260998439938,0.0637314103219297,59.566,59.82,0.1909999999999954,0.0002584728383294,53.268,52.96696099843994,0.2933571391927998,52.087,53.289,1.139000000000003,0.0012665418783806,48.908,49.02755694227768,0.0748033581425473,48.887,49.18,-0.2719999999999984,-0.0003831769549987,48.498,48.561126365054605,0.0521540419744779,48.477,48.709,-0.169000000000004,-0.0002350104611661,48.706,48.73288143525741,0.029729985836632,48.643,48.833,-0.0849999999999937,-0.0001030935618266,0.141,0.1598798751950078,0.0243423082826449,0.044,0.295,-0.154,-5.365457375304352e-05,0.374,0.4070639625585023,0.1073638881986598,0.358,2.283,-0.006,6.12513349833058e-05,-0.132,-0.0619079563182527,0.085077862561347,-0.396,0.154,-0.024,-9.395913219706352e-06,1.795,1.9940358814352577,0.1095629039126412,1.638,2.235,0.0879999999999998,-5.933549725166641e-05,248.932,249.1032488299532,0.6381478392055543,247.093,250.575,-0.4310000000000116,-6.481877032138677e-05,6.829,6.659702808112326,0.3872534324694271,5.842,7.319,-0.4640000000000004,0.0002126290104174,175.0,175.0,0.0,175.0,175.0,0.0,-5.452733979524657e-17,18.0,16.923556942277692,0.673928675649064,16.5,18.0,1.5,0.0003940023255135,10.500000000000002,9.758190327613104,0.7499552776890043,9.0,10.500000000000002,1.5000000000000018,-4.052790616298311e-05,10.500000000000002,9.745319812792513,0.7482282342597693,9.0,10.500000000000002,1.5000000000000018,0.0016278139443334,7.5,7.234399375975039,0.5718213964636062,6.0,7.5,0.0,0.0005951382915129,0.0,0.0,0.0,0.0,0.0,0.0,0.0,1.0,1.0,0.0,1.0,1.0,0.0,-7.967724342693771e-20,1.0,1.0,0.0,1.0,1.0,0.0,-7.967724342693771e-20,1.0,1.0,0.0,1.0,1.0,0.0,-7.967724342693771e-20,1.0,1.0,0.0,1.0,1.0,0.0,-7.967724342693771e-20,0.0,4.972698907956318,15.09521378779907,0.0,51.0,0.0,0.0003183456777523,5.773,6.077721528861154,0.2206611097133799,5.367,6.53,0.0909999999999993,0.0003312005873926,1.957,2.059610764430577,0.0737972000336122,1.832,2.21,0.0290000000000001,0.0001120976369428,0.67823166,1,0.692888307468758,0.6680213212966919
batch_dist_ternary_butan-1-ol+propan-2-ol+water__operating_point_015__test_anormal_experiment_001,batch_dist_ternary_butan-1-ol+propan-2-ol+water,operating_point_015,test_anormal_experiment_001,0.1,625,104.01666666666668,0.721089595799512,1.0,0.9984,0.0399679871897497,0.0,1.0,0.0,4.07962644384372e-06,1.0,1.0,0.0,1.0,1.0,0.0,1.4610314339226334e-19,381.794,381.1264952,0.3480510376036254,380.426,381.864,1.3220000000000027,0.0019035052101252,85.592,85.3807432,0.1396897850730688,85.079,85.677,0.448999999999998,0.0007401490783976,75.511,75.2610216,0.16482083343267,74.954,75.532,0.5360000000000014,0.0009038515360039,80.592,80.3849936,0.121800052377001,80.168,80.676,0.4239999999999924,0.0006382840501351,80.6,80.42374480000001,0.1313143376519108,80.217,80.686,0.3619999999999947,0.0006509650528385,75.615,75.3287072,0.1338827183327254,75.061,75.615,0.5109999999999957,0.0006804545834357,69.531,69.2707168,0.1629208832463173,68.853,69.659,0.6780000000000115,-0.0003061248709756,63.562,63.7351408,0.0924249889118741,63.562,63.877,-0.2520000000000024,-0.0004818893585647,63.14,63.27946880000001,0.0873426506728521,63.14,63.478,-0.2740000000000009,-0.0004585623003194,63.315,63.39559679999999,0.0518101131996457,63.315,63.547,-0.2110000000000056,-0.0002414310641435,0.154,0.1495799999999999,0.0098814169024487,0.05,0.171,0.1,1.485025804866056e-05,0.377,0.379872,0.1176913540409829,0.293,2.383,0.084,4.014716146473362e-05,0.618,0.6257336,0.0591724989419916,0.417,0.792,-0.021,-5.51971000245768e-06,1.986,2.0607128,0.1026488515092107,1.754,2.384,-0.0319999999999998,-0.0003036061194396,495.801,498.211756,1.205355999223465,495.182,500.853,-2.5570000000000164,0.0007112250430078,6.829,6.909748000000001,0.371795398702028,6.217,7.812,0.4539999999999997,-0.0001417472351929,175.0,175.0,0.0,175.0,175.0,0.0,7.686896799562682e-17,18.0,19.0332,0.6938283361178037,18.0,19.5,-1.5,-0.0005460678299336,12.0,12.3648,0.6435223073056598,12.0,13.5,0.0,-9.171786679774484e-05,12.0,13.1052,0.6598734424114976,12.0,13.5,-1.5,0.0005429712460063,10.500000000000002,10.2012,0.5983465216745233,9.0,10.500000000000002,0.0,0.0001546448758908,0.0,0.0,0.0,0.0,0.0,0.0,0.0,1.0,1.0,0.0,1.0,1.0,0.0,1.4610314339226334e-19,1.0,1.0,0.0,1.0,1.0,0.0,1.4610314339226334e-19,1.0,1.0,0.0,1.0,1.0,0.0,1.4610314339226334e-19,1.0,1.0,0.0,1.0,1.0,0.0,1.4610314339226334e-19,0.0,3.2592,11.205285152998115,0.0,42.0,0.0,0.0006884738264929,5.555,5.6041288,0.2254395542280901,4.512,6.073,0.915,0.0007011307692307,1.885,1.9011376,0.0756052502557858,1.538,2.057,0.347,0.0002335840747112,0.67436427,1,0.692888307468758,0.6680213212966919
batch_dist_ternary_butan-1-ol+propan-2-ol+water__operating_point_015__train_normal_experiment_001,batch_dist_ternary_butan-1-ol+propan-2-ol+water,operating_point_015,train_normal_experiment_001,0.1,715,119.13333333333334,0.6844901545813868,1.0,1.0,0.0,1.0,1.0,0.0,-2.9399998481489874e-19,1.0,1.0,0.0,1.0,1.0,0.0,-2.9399998481489874e-19,389.576,389.0457776223776,0.3281358944606733,388.576,389.646,0.7210000000000036,0.0014317203663898,82.985,83.08609300699301,0.1003107762865476,82.857,83.305,-0.2560000000000002,-0.0003649360662341,72.706,72.55928041958042,0.0804449386106769,72.428,72.706,0.257000000000005,0.000372118564971,77.948,77.91334825174825,0.0410825756424666,77.8,78.032,-0.0840000000000031,-8.3774080011418e-05,77.915,77.96465174825175,0.0800008154269156,77.809,78.192,-0.2769999999999868,-0.0002881681578362,72.804,72.77576293706292,0.0524716982367566,72.633,72.889,-0.0849999999999937,-1.5154464332979428e-05,68.09,68.25893986013986,0.8011243680144513,66.776,69.934,0.7210000000000036,0.0007294274079518,63.332,63.364704195804194,0.0325297322291273,63.29,63.437,-0.0630000000000023,-0.0001057989332389,63.288,63.29101118881118,0.0208408357378264,63.203,63.351,-0.0420000000000015,-4.940045166794605e-05,63.42,63.44144195804197,0.0201465727449828,63.378,63.505,-0.0420000000000015,-5.2203826406891786e-05,0.006,0.1437188811188811,0.0904107448833184,0.004,0.618,-0.612,-0.0001057764942911,0.319,0.3812615384615384,0.1498579214876483,0.068,0.833,0.251,-7.637580953387805e-06,0.521,0.6166958041958042,0.0578131314167759,0.461,0.8,-0.1049999999999999,3.4464565995949376e-05,2.643,2.20478041958042,0.6946764850758276,1.3,4.22,-0.8640000000000003,-0.0017491937080336,499.624,499.17402797202806,0.6061160663856817,497.075,500.647,1.3010000000000446,0.0001929828633412,2.93,3.0704517482517484,0.3961209765858773,2.627,3.906,-0.7129999999999996,-5.567117732744338e-05,175.0,175.0,0.0,175.0,175.0,0.0,-5.75571215809579e-17,16.5,17.15874125874126,0.7444271906263702,16.5,18.0,-1.5,-0.0014030662075354,12.0,11.425174825174825,0.7292556346199652,10.500000000000002,12.0,0.0,-0.000238046541037,12.0,12.0,0.0,12.0,12.0,0.0,3.5144752648482375e-18,7.5,8.75034965034965,0.5587040606573238,7.5,9.0,-1.5,-3.2008740520125696e-06,0.0,0.0,0.0,0.0,0.0,0.0,0.0,1.0,1.0,0.0,1.0,1.0,0.0,-2.9399998481489874e-19,1.0,1.0,0.0,1.0,1.0,0.0,-2.9399998481489874e-19,1.0,1.0,0.0,1.0,1.0,0.0,-2.9399998481489874e-19,1.0,1.0,0.0,1.0,1.0,0.0,-2.9399998481489874e-19,31.0,2.7314685314685314,8.74886142107038,0.0,31.0,31.0,0.0002396716001711,5.887,5.625674125874125,1.0600029136860132,3.03,12.038,2.857,-0.0007803041191473,4.012,2.287367832167832,0.8945505518830792,0.0,4.068,3.002,-0.0005444812171069,0.64936465,1,0.692888307468758,0.6680213212966919
batch_dist_ternary_butan-1-ol+propan-2-ol+water__operating_point_031__test_anormal_experiment_001,batch_dist_ternary_butan-1-ol+propan-2-ol+water,operating_point_031,test_anormal_experiment_001,0.1,1269,211.36666666666667,0.8945504819808328,1.0,1.0,0.0,1.0,1.0,0.0,-1.1217782370623053e-18,1.0,1.0,0.0,1.0,1.0,0.0,-1.1217782370623053e-18,359.489,357.8812214342002,1.402728858621397,355.301,359.581,4.187999999999988,0.0036956663582025,91.861,91.38328605200948,0.236508980304082,90.898,91.904,0.9210000000000064,0.0006334845703853,81.729,81.03908037825059,0.3996229204724345,80.334,81.729,1.394999999999996,0.0010900226089263,86.797,86.25235421591803,0.27418233125462,85.78,86.84,0.9320000000000022,0.0007416107623938,86.875,86.2880791962175,0.2605741376994454,85.828,86.875,0.983000000000004,0.0006955142579457,81.844,81.19061662726556,0.2980895939475751,80.67,81.844,1.0459999999999925,0.0007977997636696,75.919,75.64492434988179,0.1575515556921454,75.367,75.962,0.5099999999999909,0.0004172006969998,71.545,71.9755512214342,0.279706780599194,71.524,72.534,-0.9680000000000036,-0.0007590441430743,70.993,71.30143223010244,0.2666903575052529,70.93,71.926,-0.8700000000000045,-0.0006996390716447,71.204,71.38550197005516,0.1753921245559362,71.183,71.861,-0.6360000000000099,-0.0004501530603527,0.264,0.2650027580772262,0.0069803981061282,0.241,0.282,0.012,1.138222503380406e-05,0.579,0.5734200157604412,0.0142049512339345,0.537,0.603,0.0349999999999999,2.6062028507259144e-05,0.993,0.8759306540583137,0.0612757586276636,0.676,1.008,0.141,2.206994873677543e-05,1.798,2.014739558707644,0.1743728041918464,1.645,2.445,-0.5150000000000001,-4.115093246406885e-05,697.883,698.9579814814814,0.7473587040752135,697.282,700.477,-2.33299999999997,-0.0002524538659465,4.562,5.090003152088259,0.4219604434414532,4.44,5.958,-0.0129999999999999,3.086908837381482e-05,157.5,157.5,0.0,157.5,157.5,0.0,-4.514767888223696e-17,25.500000000000004,25.991725768321512,0.7034969057701603,25.500000000000004,27.0,-1.4999999999999964,-0.0008774171283492,13.5,13.66903073286052,0.4743149909494909,13.5,15.0,-1.5,-7.629675862972263e-05,15.0,14.748817966903074,0.5580898886720193,13.5,15.0,0.0,0.0001845629337274,12.0,11.49645390070922,0.7083505310403945,10.500000000000002,12.0,1.4999999999999982,0.0003062087874628,100.0,100.0,0.0,100.0,100.0,0.0,-7.795960217692422e-17,1.0,1.0,0.0,1.0,1.0,0.0,-1.1217782370623053e-18,1.0,1.0,0.0,1.0,1.0,0.0,-1.1217782370623053e-18,1.0,1.0,0.0,1.0,1.0,0.0,-1.1217782370623053e-18,1.0,1.0,0.0,1.0,1.0,0.0,-1.1217782370623053e-18,0.0,2.0027580772261624,6.444479518943216,0.0,23.0,0.0,-0.000270523772286,9.24,9.458506698187549,0.2934386324985256,8.767,10.14,-0.173,0.000309395461667,3.08,3.152668242710796,0.0979161053962335,2.922,3.38,-0.0579999999999998,0.0001031738318266,0.7162608,1,0.692888307468758,0.6680213212966919
batch_dist_ternary_butan-1-ol+propan-2-ol+water__operating_point_031__train_normal_experiment_001,batch_dist_ternary_butan-1-ol+propan-2-ol+water,operating_point_031,train_normal_experiment_001,0.1,1303,217.0,0.9094380882861072,1.0,1.0,0.0,1.0,1.0,0.0,-9.580322246388717e-19,1.0,1.0,0.0,1.0,1.0,0.0,-9.580322246388717e-19,362.346,358.6807160399079,2.4230171964265206,353.875,362.415,8.447999999999979,0.0064110471106914,92.204,91.58839063699156,0.3106967958895509,91.176,92.311,0.9209999999999924,0.0007872505313862,81.901,81.2329036838066,0.3691804624598934,80.613,81.922,1.2659999999999911,0.0009799711128044,87.031,86.85999232540293,0.1238765056798229,86.649,87.222,-0.1909999999999883,-1.4176922841782197e-05,87.131,86.82009669992325,0.1415710618494903,86.64,87.174,0.0430000000000063,0.0001584257305627,82.036,81.72919224865694,0.1242990124912584,81.481,82.036,0.1069999999999993,0.0001824871063579,75.792,75.18842977743668,0.3276764659346557,74.284,75.813,1.5079999999999956,0.0008513510407702,71.356,71.25772870299309,0.0595903246285697,71.083,71.377,0.2519999999999953,0.0001496750902445,70.909,70.9214984650806,0.0116672330103055,70.888,70.951,-0.0210000000000007,3.847417679587985e-06,71.204,71.18032041442824,0.0152650659566741,71.12,71.226,0.0209999999999865,-1.9025335066536036e-06,0.27,0.2636005372217958,0.0055235718714841,0.244,0.28,0.015,6.970181963088884e-06,0.626,0.6099443591711434,0.0131968599034878,0.558,0.63,0.052,2.0839033880380548e-05,0.971,0.8781937835763624,0.0721103700173712,0.655,1.069,0.0619999999999999,1.0766328621468896e-05,2.059,2.003745203376823,0.1398812658647472,1.404,2.343,0.6550000000000002,1.4294669356482356e-05,699.992,699.2464455103607,0.5828027200188955,697.291,700.548,1.1669999999999163,-7.199618698334635e-06,5.469,5.075055257099002,0.4255242115119622,4.44,5.994,-0.3849999999999998,2.5551080485187106e-06,157.5,157.5,0.0,157.5,157.5,0.0,-8.706256441255236e-19,22.5,24.08058326937836,0.3813965901166752,22.5,25.500000000000004,-3.000000000000004,-0.0003465757217546,13.5,13.572524942440522,0.3217569678884698,13.5,15.0,0.0,-0.0002260085414527,15.0,14.0508442056792,0.7227760880815693,13.5,15.0,1.5,0.0004599054538935,12.0,11.011128165771296,0.7103357337486991,10.500000000000002,12.0,1.4999999999999982,0.0003806922143316,100.0,100.0,0.0,100.0,100.0,0.0,-1.5863017568581853e-17,1.0,1.0,0.0,1.0,1.0,0.0,-9.580322246388717e-19,1.0,1.0,0.0,1.0,1.0,0.0,-9.580322246388717e-19,1.0,1.0,0.0,1.0,1.0,0.0,-9.580322246388717e-19,1.0,1.0,0.0,1.0,1.0,0.0,-9.580322246388717e-19,22.0,2.2455871066768998,6.660349457289629,0.0,22.0,22.0,2.458318536591787e-05,10.215,9.98595970836531,0.2410522789309657,8.97,10.53,1.1549999999999994,0.0002448989646269,3.405,3.3289040675364543,0.0802976523725819,2.99,3.51,0.3849999999999998,8.140787197424077e-05,0.7438498,1,0.692888307468758,0.6680213212966919
batch_dist_ternary_butan-1-ol+propan-2-ol+water__operating_point_035__train_normal_experiment_001,batch_dist_ternary_butan-1-ol+propan-2-ol+water,operating_point_035,train_normal_experiment_001,0.1,431,71.75,0.6734789655266796,1.0,1.0,0.0,1.0,1.0,0.0,9.10710415286025e-19,1.0,1.0,0.0,1.0,1.0,0.0,9.10710415286025e-19,442.3,442.3529002320186,0.1604364313833612,442.1,442.9,-0.5,-0.0009802334574358,80.8,86.24176334106728,3.2476185313190693,80.8,90.9,-0.1000000000000085,-0.0197283674166799,81.1,80.87633410672854,0.1151878108141866,80.7,81.1,0.3999999999999915,0.0008873810680049,122.3,74.80533642691415,29.696328400636737,30.8,122.3,91.5,0.2379285149013471,128.0,81.36589327146172,31.739322834510023,33.2,128.0,94.8,0.2539983333033568,120.4,74.53758700696056,27.273352500022025,35.8,120.4,84.60000000000001,0.2182407807094852,78.3,79.09837587006959,0.4244523238185989,78.3,79.6,-0.7999999999999972,-0.002573922192845,74.8,74.88677494199536,0.1070010643459604,74.7,75.1,0.0999999999999943,0.0002011576946829,74.3,74.3410672853828,0.059054991257295,74.3,74.5,0.0,-0.0001195165380673,74.1,74.10696055684458,0.0347051996166641,74.0,74.2,0.0,0.0001132364490969,0.1,0.2415313225058005,0.3951756322717867,0.0,2.0,0.0,0.0002812850351025,0.0,0.3612529002320185,0.380812793689099,0.0,1.4,-0.5,0.0001374575082285,1.1,1.0501160092807424,0.0748934928130922,0.8,1.3,0.0,8.558307403610359e-05,2.8,2.991879350348028,0.1415982497419103,2.7,3.3,-0.2000000000000001,-0.0002432597708591,800.0,799.9907192575405,0.448826459029772,798.2,801.4,0.2000000000000454,9.286737771186228e-05,6.8,6.4995359628770295,0.363407140638106,5.8,7.3,0.0,-0.000104393364389,210.0,210.0,0.0,210.0,210.0,0.0,-1.613155473686476e-16,0.0,2.0011600928074245,11.183011375911548,0.0,91.5,-91.5,-0.0270879422291767,25.500000000000004,103.15545243619488,30.091761623453124,25.500000000000004,136.5,-40.5,-0.0962402651126817,66.0,121.47563805104409,25.34144987307271,66.0,150.0,-3.0,-0.0062361733124695,63.0,111.8874709976798,23.485731085104145,61.49999999999999,139.5,1.500000000000007,0.0181421878091332,0.0,0.0,0.0,0.0,0.0,0.0,0.0,0.0,0.482598607888631,0.4996970998040577,0.0,1.0,0.0,-2.907726158144296e-05,1.0,1.0,0.0,1.0,1.0,0.0,9.10710415286025e-19,1.0,1.0,0.0,1.0,1.0,0.0,9.10710415286025e-19,1.0,1.0,0.0,1.0,1.0,0.0,9.10710415286025e-19,11.7,8.756148491879351,3.740094793423962,0.0,17.0,0.8999999999999986,-0.0001026697122849,0.0,6.21276102088167,6.179586147321657,0.0,23.7,-1.0,0.0023540141609261,0.0,12.909744779582368,29.27172241849692,0.0,100.0,-4.1,0.0214644448041631,0.70471567,1,0.692888307468758,0.6680213212966919
batch_dist_ternary_butan-1-ol+propan-2-ol+water__operating_point_002__test_anormal_experiment_001,batch_dist_ternary_butan-1-ol+propan-2-ol+water,operating_point_002,test_anormal_experiment_001,0.1,396,65.98333333333333,0.6553497732854644,1.0,0.9924242424242424,0.0867085086534817,0.0,1.0,0.0,1.3430224188122495e-05,1.0,1.0,0.0,1.0,1.0,0.0,-1.3977708013716069e-18,438.6,437.415404040404,0.7479197334343051,436.1,438.7,2.5,0.0065206250561606,70.6,70.31414141414142,0.3414201182908786,69.7,70.8,0.5,-0.0007960547991794,70.4,70.27525252525253,0.0992073986563958,70.1,70.4,0.3000000000000113,0.0008022191754616,70.0,69.92853535353535,0.0457140460105268,69.8,70.0,0.0999999999999943,0.0002979867224357,70.0,70.12727272727275,0.0921879742131897,70.0,70.3,-0.2999999999999971,-0.0005520884964816,70.0,69.99520202020202,0.0663036296823152,69.9,70.1,-0.0999999999999943,-0.0002921895033619,67.9,68.2530303030303,0.4151985153664859,67.8,69.0,-1.0,-0.0032868686224552,63.6,64.44444444444446,0.5795718067994787,63.6,65.3,-1.499999999999993,-0.0049718689944433,63.4,63.4989898989899,0.1581106564907933,63.3,63.9,-0.5,-0.0012586342331584,63.3,63.29646464646464,0.0184671770694759,63.2,63.3,0.0,7.285171969687202e-06,0.1,0.1108585858585858,0.0551240126416553,0.0,0.2,0.0,-2.1440048542048048e-05,0.4,0.4861111111111111,0.2257065847550659,0.0,1.1,-0.1999999999999999,5.815576934411137e-05,0.6,0.6022727272727272,0.0478833427062438,0.5,0.7,0.0,5.342137376700503e-05,3.0,3.030050505050505,0.0777265179372781,2.8,3.2,-0.2000000000000001,-0.000179588184881,500.9,499.9964646464647,0.4068077577682501,499.0,501.0,0.7999999999999545,6.956662888822931e-05,6.4,6.498737373737374,0.3649732544748882,5.8,7.3,-0.3999999999999994,-0.0001489208959795,210.0,210.0,0.0,210.0,210.0,0.0,2.599521078814393e-17,0.0,8.416666666666666,10.861240279270156,0.0,31.5,-15.0,0.0249051430029015,9.0,9.409090909090908,0.6680426571226856,9.0,10.500000000000002,0.0,-0.0007063911441681,10.500000000000002,10.636363636363637,0.4312196809320512,10.500000000000002,12.0,0.0,0.000229280014377,7.5,7.825757575757576,0.6184806912692675,7.5,9.0,0.0,0.0014551019875765,0.0,0.0,0.0,0.0,0.0,0.0,0.0,1.0,0.4747474747474747,0.4993619028003344,0.0,1.0,0.0,8.17407889435432e-05,1.0,1.0,0.0,1.0,1.0,0.0,-1.3977708013716069e-18,1.0,1.0,0.0,1.0,1.0,0.0,-1.3977708013716069e-18,1.0,1.0,0.0,1.0,1.0,0.0,-1.3977708013716069e-18,27.1,23.04419191919192,3.326681484684213,14.1,30.8,1.3000000000000007,-0.000541895052943,7.6,8.218434343434344,3.79743913886266,0.0,18.0,-6.9,0.0003428378740051,1.5,1.6424242424242423,0.7580665077151051,0.0,3.5,-1.4,-0.0001664768077419,0.6736459,2,0.694341163307552,0.6681840419769287
batch_dist_ternary_butan-1-ol+propan-2-ol+water__operating_point_002__test_anormal_experiment_002,batch_dist_ternary_butan-1-ol+propan-2-ol+water,operating_point_002,test_anormal_experiment_002,0.1,150,24.866666666666667,0.6700755060336872,1.0,0.9933333333333332,0.0813770374382246,0.0,1.0,0.0,0.0001511178274589,1.0,1.0,0.0,1.0,1.0,0.0,-6.1742197384311066e-18,436.7,436.39666666666665,0.1994715240050299,436.1,436.8,0.5999999999999659,0.0044092626338914,70.8,70.264,0.3861398710312105,69.7,70.9,0.2999999999999971,0.0053975732254766,69.2,69.18133333333334,0.0389643711898765,69.1,69.2,0.0,0.0003555713587268,70.0,69.99866666666668,0.016275407487644,69.9,70.1,0.0,9.102626783372223e-05,69.9,70.02199999999999,0.0445271452786549,69.9,70.1,-0.1999999999999886,-0.0006988755055783,70.0,69.98333333333335,0.0521749194749921,69.9,70.1,0.0,0.0007884794879767,67.8,67.79,0.0299999999999982,67.7,67.8,0.0,4.213520600902956e-05,63.4,63.46799999999998,0.0480555234425076,63.4,63.6,-0.2000000000000028,-0.0008967509667098,63.4,63.38666666666664,0.0339934634239523,63.3,63.4,0.0,-5.724698875514709e-05,63.3,63.30000000000001,1.4210854715202004e-14,63.3,63.3,0.0,-1.7342393155193015e-16,0.1,0.198,0.4356558274601638,0.0,2.7,-0.1,-0.0032060091559624,0.6,0.492,0.2664632557533339,0.0,1.2,-0.3,-9.102626783412794e-05,0.6,0.6253333333333333,0.0613043409737207,0.5,0.8,0.0,3.057913685052671e-05,3.0,3.002,0.0844353796304211,2.8,3.2,-0.1,6.453620160894968e-05,500.1,499.996,0.3429052347223663,499.0,500.8,0.3000000000000113,0.0006286501622268,5.9,6.655333333333332,0.4733619709646681,5.8,7.3,-0.5,-0.00031841415174,210.0,210.0,0.0,210.0,210.0,0.0,-7.49592536345742e-16,0.0,11.92,12.53409749443493,0.0,34.5,0.0,-0.093892172985466,10.500000000000002,9.03,0.2100000000000002,9.0,10.500000000000002,1.5000000000000018,0.0011653851282278,10.500000000000002,10.79,0.5923681287847947,10.500000000000002,12.0,0.0,-0.0058962620560914,7.5,8.3,0.7483314773547883,7.5,9.0,0.0,-0.013083248144362,0.0,0.0,0.0,0.0,0.0,0.0,0.0,1.0,0.48,0.4995998398718718,0.0,1.0,1.0,0.0002168985288235,1.0,1.0,0.0,1.0,1.0,0.0,-6.1742197384311066e-18,1.0,1.0,0.0,1.0,1.0,0.0,-6.1742197384311066e-18,1.0,1.0,0.0,1.0,1.0,0.0,-6.1742197384311066e-18,26.7,23.50266666666667,3.040218120829856,15.0,29.6,2.0,0.0016043379705763,6.6,8.101333333333335,4.433553678734726,0.0,19.1,-4.5,0.0023855282456997,1.4,1.7193333333333336,0.9435886580261312,0.0,4.3,-1.0,0.0015014000622249,0.7248082,2,0.694341163307552,0.6681840419769287
batch_dist_ternary_butan-1-ol+propan-2-ol+water__operating_point_002__test_anormal_experiment_003,batch_dist_ternary_butan-1-ol+propan-2-ol+water,operating_point_002,test_anormal_experiment_003,0.1,357,59.45,0.6751905551408042,1.0,0.9971988795518208,0.0528514349134823,0.0,1.0,0.0,1.7670742893856446e-05,1.0,1.0,0.0,1.0,1.0,0.0,-5.685615961836135e-19,437.0,436.115406162465,0.5958781531549909,434.8,437.0,2.1999999999999886,0.0056258502396613,70.8,70.32352941176471,0.3740643172453416,69.7,70.9,0.0,0.0003361485200445,69.5,69.49355742296918,0.0245509858108226,69.4,69.5,0.0,6.290256985347615e-05,70.0,69.99775910364146,0.0148009465698847,69.9,70.0,0.0,8.518880529348193e-06,69.9,70.01918767507003,0.0410323513059896,69.9,70.1,-0.0999999999999943,-5.9803596286355866e-05,70.0,70.00392156862746,0.0583265655278837,69.9,70.1,-0.0999999999999943,0.0002338604137906,68.1,68.02829131652662,0.0561175662437666,67.9,68.1,0.0999999999999943,0.0001402582249396,63.4,63.42633053221288,0.0440426644820086,63.4,63.5,-0.1000000000000014,-0.0002368407032639,63.4,63.39509803921568,0.0202616261549644,63.3,63.4,0.0,-4.520984842381967e-05,63.3,63.30224089635854,0.0148009465698858,63.3,63.4,0.0,-1.7960859568174448e-05,0.1,0.1056022408963585,0.0312572912819346,0.0,0.2,0.0,-9.13867524286723e-05,0.6,0.680532212885154,0.4823087243094023,0.0,2.5,0.0,-0.0003969587332767,0.8,0.657282913165266,0.0591978221306736,0.6,0.8,0.1,2.047959978668364e-05,3.0,3.0039215686274514,0.0634999239930194,2.8,3.2,-0.1,-0.0001240776267823,501.3,499.96638655462186,0.8206558561324788,498.3,501.7,1.5,-0.0001009649983907,7.0,6.744817927170868,0.3672248609532664,5.8,7.3,0.2000000000000001,4.76055088408988e-05,210.0,210.0,0.0,210.0,210.0,0.0,-1.618511987176411e-16,0.0,9.617647058823527,11.75711940266585,0.0,33.0,0.0,-0.0017505903874323,10.500000000000002,9.237394957983192,0.5460406950464842,9.0,10.500000000000002,1.5000000000000018,-0.0024197708711254,10.500000000000002,10.731092436974787,0.5415117182806267,10.500000000000002,12.0,0.0,-0.0010171226861217,7.5,8.016806722689076,0.7128259923831273,7.5,9.0,0.0,-0.0021869522399381,0.0,0.0,0.0,0.0,0.0,0.0,0.0,1.0,1.0,0.0,1.0,1.0,0.0,-5.685615961836135e-19,1.0,1.0,0.0,1.0,1.0,0.0,-5.685615961836135e-19,1.0,1.0,0.0,1.0,1.0,0.0,-5.685615961836135e-19,1.0,1.0,0.0,1.0,1.0,0.0,-5.685615961836135e-19,28.3,14.639635854341735,10.49529311636842,0.0,36.3,23.1,-0.0109123958415203,9.1,9.474789915966388,3.0730750433354443,0.0,18.7,-6.700000000000001,-0.0039078056682468,1.9,1.98921568627451,0.6446800593616212,0.0,4.0,-1.6,-0.0010873265256137,0.7032677,2,0.694341163307552,0.6681840419769287
batch_dist_ternary_butan-1-ol+propan-2-ol+water__operating_point_002__test_anormal_experiment_004,batch_dist_ternary_butan-1-ol+propan-2-ol+water,operating_point_002,test_anormal_experiment_004,0.1,491,81.75,0.6669373851913899,1.0,0.9979633401221996,0.0450833882305064,0.0,1.0,0.0,-1.8754707685069617e-05,1.0,1.0,0.0,1.0,1.0,0.0,-2.704513965325596e-19,437.6,437.13910386965375,0.4345309189888914,436.2,437.7,1.400000000000034,0.0029476926133823,70.7,70.26028513238289,0.3323543126964895,69.7,70.8,0.2000000000000028,0.0001039517689745,69.6,69.53828920570265,0.0486092305732649,69.5,69.6,0.0999999999999943,0.0002372926717753,70.0,70.00061099796335,0.0196619444173466,69.9,70.1,0.0,-1.9890127826037747e-05,70.1,70.10651731160897,0.0618641933367972,70.0,70.3,0.0,-0.0001013362475784,70.0,69.99959266802445,0.0299326648812591,69.9,70.1,0.0,6.117076009280632e-05,68.0,68.0633401221996,0.0490255804127977,68.0,68.2,0.0,-1.0776353659007685e-05,63.4,63.39898167006109,0.0466710731972389,63.3,63.5,-0.1000000000000014,-0.0001954544671178,63.3,63.30733197556007,0.0268360371133768,63.2,63.4,-0.1000000000000014,-3.58569735578876e-05,63.3,63.22138492871692,0.0410021669605785,63.2,63.3,0.0,-2.8588257119887516e-05,0.1,0.1144602851323829,0.1334741176124562,0.0,2.0,0.0,-1.0137679829768749e-06,0.5,0.4883910386965376,0.1894564468571706,0.0,1.4,-0.0999999999999999,4.5690522992766015e-05,0.6,0.5924643584521384,0.0560425741254698,0.5,0.8,0.0,9.151283582331624e-05,2.9,3.0020366598778003,0.067813740055914,2.8,3.3,-0.1,2.2302895625489312e-06,499.1,499.8835030549898,0.8107430083267746,498.3,501.8,-1.1999999999999886,-0.000234241230147,6.8,6.719551934826884,0.3714678908631065,5.8,7.8,-0.5,-7.785738109261735e-05,210.0,210.0,0.0,210.0,210.0,0.0,-3.960199634556586e-17,0.0,9.690427698574338,11.091082362137314,0.0,30.0,0.0,-0.0024359323978958,7.5,8.706720977596742,0.5948999484140816,7.5,9.0,-1.5,-0.0010731240983801,10.500000000000002,9.889002036659878,0.7370064001108859,9.0,10.500000000000002,0.0,-0.0001824782369358,7.5,7.793279022403259,0.5948999484140816,7.5,9.0,-1.5,-0.0005354215602092,0.0,0.0,0.0,0.0,0.0,0.0,0.0,1.0,1.0,0.0,1.0,1.0,0.0,-2.704513965325596e-19,1.0,1.0,0.0,1.0,1.0,0.0,-2.704513965325596e-19,1.0,1.0,0.0,1.0,1.0,0.0,-2.704513965325596e-19,1.0,1.0,0.0,1.0,1.0,0.0,-2.704513965325596e-19,15.4,14.532586558044809,10.81480830369944,0.0,34.9,-13.999999999999998,-0.0155352948392113,5.1,8.227698574338087,3.333861115531931,0.0,22.7,-2.4000000000000004,0.0010060227955868,1.1,1.779022403258656,0.7195466024822263,0.0,4.8,-0.5999999999999999,0.0002155980369396,0.66101277,2,0.694341163307552,0.6681840419769287
batch_dist_ternary_butan-1-ol+propan-2-ol+water__operating_point_002__test_anormal_experiment_005,batch_dist_ternary_butan-1-ol+propan-2-ol+water,operating_point_002,test_anormal_experiment_005,0.1,384,63.85,0.4339862097948845,1.0,1.0,0.0,1.0,1.0,0.0,-5.905678134825779e-19,1.0,1.0,0.0,1.0,1.0,0.0,-5.905678134825779e-19,438.8,437.56927083333335,0.7659372591685554,436.1,438.9,2.6999999999999886,0.0068841129497133,69.8,70.2890625,0.3720511225092817,69.7,70.9,-0.4000000000000057,0.0006966532162354,69.4,69.33046875,0.0766063331157274,69.2,69.5,0.2000000000000028,0.0006204541215964,69.9,69.92083333333333,0.0406116431033683,69.9,70.0,0.0,-2.6893798107902715e-05,70.1,70.06927083333335,0.0483422001565091,70.0,70.2,0.0,-0.0002035790580177,70.0,69.97838541666665,0.0453745683615042,69.9,70.1,0.0,0.0001191783086364,68.1,68.1265625,0.064328715156999,68.0,68.2,-0.1000000000000085,-0.0004646120850431,63.9,64.65338541666667,0.4828722629094846,63.9,65.3,-1.3000000000000045,-0.0042925278050932,63.4,63.61354166666666,0.2586502592251211,63.3,64.4,-1.000000000000007,-0.0021378344240617,63.3,63.22864583333334,0.0452106134217618,63.2,63.3,0.0999999999999943,0.000163121799871,0.0,0.0984375,0.0288251960458785,0.0,0.2,-0.1,8.413583805228819e-06,0.1,0.4776041666666666,0.202763433544214,0.0,1.1,-0.3,3.594316910243801e-05,0.6,0.6187499999999999,0.0613434661013977,0.5,0.8,0.0,3.742667254416495e-05,2.9,3.028385416666667,0.071454366234633,2.8,3.2,-0.1,-0.0001270196839713,499.3,499.79791666666665,0.9420698804877592,498.0,501.9,-0.0999999999999659,0.0001831702892405,7.1,6.873177083333332,0.3432144462890409,5.9,7.8,0.2999999999999998,1.081897867146053e-05,210.0,210.0,0.0,210.0,210.0,0.0,2.256220441022644e-16,30.0,10.2421875,11.750994701081426,0.0,36.0,21.0,-0.0214451018954935,9.0,9.46875,0.6952686081652192,9.0,10.500000000000002,-1.5000000000000018,-0.001687379200434,10.500000000000002,10.500000000000002,0.0,10.500000000000002,10.500000000000002,0.0,-3.0332583996727867e-17,7.5,7.7421875,0.5519297644118769,7.5,9.0,0.0,-0.0006987301210538,0.0,0.0,0.0,0.0,0.0,0.0,0.0,1.0,1.0,0.0,1.0,1.0,0.0,-5.905678134825779e-19,1.0,1.0,0.0,1.0,1.0,0.0,-5.905678134825779e-19,1.0,1.0,0.0,1.0,1.0,0.0,-5.905678134825779e-19,1.0,1.0,0.0,1.0,1.0,0.0,-5.905678134825779e-19,19.3,10.523958333333333,11.63286243786386,0.0,36.7,19.3,0.0079578939337424,2.8,7.928125,3.623008163259043,0.0,18.2,-3.7,0.000347733206741,0.7,1.7763020833333334,0.8183990166247308,0.0,4.3,-0.7,0.0004813650774812,0.66775596,2,0.694341163307552,0.6681840419769287
batch_dist_ternary_butan-1-ol+propan-2-ol+water__operating_point_002__test_anormal_experiment_006,batch_dist_ternary_butan-1-ol+propan-2-ol+water,operating_point_002,test_anormal_experiment_006,0.1,1120,186.56666666666663,0.6822258302481301,1.0,0.9991071428571427,0.0298673726494245,0.0,1.0,0.0,-4.996701322996737e-07,1.0,1.0,0.0,1.0,1.0,0.0,-3.9936676460993664e-19,441.6,440.8961160714285,0.7422489985261967,439.0,441.8,2.6000000000000227,0.0021324116882157,69.8,70.28374999999998,0.34471034683381,69.7,70.9,-0.5,2.807078472299077e-05,69.9,69.77549107142856,0.0786023554190559,69.6,69.9,0.3000000000000113,0.0002191290553143,70.0,70.00066964285715,0.0224005294870671,69.9,70.1,0.0,-7.5255873814350195e-06,70.0,70.06790178571427,0.0724172507838906,70.0,70.3,0.0,-5.718810077862929e-05,70.0,70.00258928571428,0.0357632476881495,69.9,70.1,0.0,-2.252401918593648e-05,68.2,68.22446428571428,0.0521816758634505,68.1,68.3,0.0,9.471610365941388e-05,63.3,63.330000000000005,0.0457770216843098,63.3,63.4,-0.1000000000000014,-9.248723321458336e-05,63.3,63.33272321428571,0.0468488660141447,63.3,63.4,-0.1000000000000014,-1.891635812390855e-05,63.3,63.299107142857146,0.0094068337079036,63.2,63.3,0.0,1.7424394356120394e-07,0.3,0.1077232142857143,0.1181543111647274,0.0,2.1,0.3,1.1387994797280828e-05,0.5,0.5048214285714286,0.1671957906107662,0.0,1.3,0.4,1.8833293302780545e-05,0.5,0.6125446428571428,0.0641652983084728,0.5,0.8,-0.0999999999999999,2.855614806088764e-05,3.0,2.9987946428571424,0.0642669708538499,2.8,3.2,0.1,-2.582269619612988e-06,500.3,499.88066964285713,0.914085705269722,497.7,502.0,1.8000000000000114,5.431478398363315e-05,6.4,6.983258928571427,0.3884936625134799,6.2,7.8,-0.3999999999999994,-0.0001277645851576,210.0,210.0,0.0,210.0,210.0,0.0,-6.04446849724344e-17,30.0,9.200223214285714,11.005357357904169,0.0,33.0,27.0,-0.0018575717620265,9.0,8.7234375,0.5803880057040967,7.5,9.0,0.0,-0.0005539003567217,10.500000000000002,9.715848214285714,0.7468721647862684,9.0,10.500000000000002,0.0,-8.694580603368232e-05,9.0,7.733035714285714,0.5396573636605556,7.5,9.0,1.5,0.0001209009539343,0.0,0.0,0.0,0.0,0.0,0.0,0.0,1.0,1.0,0.0,1.0,1.0,0.0,-3.9936676460993664e-19,1.0,1.0,0.0,1.0,1.0,0.0,-3.9936676460993664e-19,1.0,1.0,0.0,1.0,1.0,0.0,-3.9936676460993664e-19,1.0,1.0,0.0,1.0,1.0,0.0,-3.9936676460993664e-19,4.3,13.886785714285711,11.10940638396497,0.0,37.8,4.3,0.0038993514025441,11.3,8.335044642857143,3.1696935405278786,0.0,21.1,9.0,0.0002634587644874,2.5,1.863258928571429,0.7062480119508772,0.0,4.5,2.0,2.4585265248821997e-05,0.6560214,2,0.694341163307552,0.6681840419769287
batch_dist_ternary_butan-1-ol+propan-2-ol+water__operating_point_004__test_anormal_experiment_002,batch_dist_ternary_butan-1-ol+propan-2-ol+water,operating_point_004,test_anormal_experiment_002,0.1,704,117.25,0.9760909999802094,1.0,1.0,0.0,1.0,1.0,0.0,-1.8490258601279582e-19,1.0,1.0,0.0,1.0,1.0,0.0,-1.8490258601279582e-19,164.298,223.8105518465909,37.07649806385927,159.31,283.976,-77.57499999999999,-0.1695486859387509,69.917,74.50302485795454,2.5193101340988355,69.832,78.268,-7.007000000000005,-0.0120539015088462,77.054,78.51414204545455,0.7367320561953205,77.054,79.562,-2.3359999999999985,-0.0035730218160999,61.013,64.78345951704546,2.168377957151333,60.929,67.92,-6.464000000000006,-0.0105041407834206,62.612,66.55636576704546,2.2177088673581906,62.57,69.936,-6.219000000000001,-0.0105680358706079,60.69,63.57498650568182,1.614538126757784,60.669,65.849,-5.094999999999999,-0.0078629843184958,66.331,71.578703125,2.841547429768851,66.331,75.601,-9.015,-0.0138276067475395,62.933,63.55623579545454,0.1500604518048115,62.933,64.108,-1.1750000000000045,-0.0006205469352585,63.182,63.57287642045455,0.142372894102036,63.182,64.155,-0.972999999999999,-0.0005919487198183,63.336,63.49155397727273,0.1482073918423105,63.336,64.117,-0.7600000000000051,-0.0005097719041448,0.003,0.1707741477272727,0.1259006082658693,0.002,0.49,-0.072,-0.0005855471003427,0.003,0.3389637784090908,0.1524456235492669,0.002,0.807,-0.192,-0.0005927846675572,0.508,0.3523061079545455,0.0943450136715126,0.144,0.66,0.196,-0.0003710509377467,-1.988,-0.9000255681818181,2.169045168360951,-2.166,6.924,-8.849,-0.0067750836025122,500.889,507.6645930397727,5.609540942080886,498.008,516.081,-12.240000000000007,-0.0269901648164632,7.346,6.64112784090909,0.1899566001655232,5.894,7.346,0.4630000000000001,-0.000423529306564,210.0,124.83664772727272,68.87070237379287,0.0,210.0,0.0,-0.2635784294168952,39.0,14.244673295454543,9.038988280096936,0.0,39.0,16.5,-0.023751237271324,36.0,14.867897727272728,9.029181282523558,0.0,36.0,13.5,-0.0270662001205114,31.5,12.777698863636363,7.679558924296653,0.0,31.5,13.5,-0.0217768609110994,24.0,9.941761363636363,5.819995188029674,0.0,24.0,10.5,-0.0178069997743849,0.0,0.0,0.0,0.0,0.0,0.0,0.0,1.0,1.0,0.0,1.0,1.0,0.0,-1.8490258601279582e-19,1.0,1.0,0.0,1.0,1.0,0.0,-1.8490258601279582e-19,1.0,0.1988636363636363,0.3991451997655336,0.0,1.0,0.0,-0.00062071641019,1.0,1.0,0.0,1.0,1.0,0.0,-1.8490258601279582e-19,0.0,6.198863636363637,1.909217731177176,0.0,7.0,-1.0,0.0002083499563902,0.0,5.069686079545455,2.318147757736208,0.0,12.607,-8.12,-0.0076955052629744,0.0,1.6383139204545456,1.5361746752994183,0.0,6.303,-4.06,-0.0065854076844838,0.6986928,2,0.694341163307552,0.6681840419769287
batch_dist_ternary_butan-1-ol+propan-2-ol+water__operating_point_004__train_normal_experiment_001,batch_dist_ternary_butan-1-ol+propan-2-ol+water,operating_point_004,train_normal_experiment_001,0.1,384,63.98333333333333,0.6628950621746553,1.0,1.0,0.0,1.0,1.0,0.0,-5.905678134825779e-19,1.0,1.0,0.0,1.0,1.0,0.0,-5.905678134825779e-19,421.377,397.1646236979166,19.68773611461417,350.544,421.377,70.83300000000003,0.1718324904737887,82.814,81.67911848958333,0.4918393420967635,80.828,82.814,1.9639999999999984,0.0042293258430538,79.541,79.42036718749999,1.0062216044473868,77.697,80.785,1.8019999999999925,0.0079515571487911,72.455,70.90588932291666,0.6456233241471958,70.007,72.476,2.4269999999999925,0.0051384827680477,76.062,74.26030729166666,0.7598058247005711,73.402,76.105,2.2349999999999994,0.00409967309942,69.994,68.62981901041667,0.573855310259095,67.783,70.037,2.1899999999999977,0.0046048751631853,77.215,76.47604557291668,0.2855421741346934,75.898,77.215,0.9350000000000024,0.0008426237559763,64.633,65.52490494791667,0.4731494758656879,64.402,65.997,-0.5660000000000025,-0.0016202466960259,63.33,64.29536848958332,0.6247604261850179,63.309,65.276,-0.1060000000000016,0.0020796398159607,63.23,64.13713541666665,0.6038926482584962,63.23,65.09,-0.1060000000000016,0.0023754597801023,0.303,0.15420703125,0.0590416363285536,0.004,0.303,0.176,0.0003910655475399,0.441,0.3017825520833333,0.0945933538161915,0.11,0.595,0.1599999999999999,0.0002431171268353,0.442,0.6568919270833333,0.1639521832680787,0.326,0.99,0.016,0.0006212930957749,1.997,1.5578880208333334,0.5125112871848934,0.777,2.466,-0.1260000000000001,-0.0001143433589908,496.833,519.65864453125,15.70953487309476,495.029,544.302,-2.5749999999999886,0.0209838850729883,6.883,6.750669270833334,0.3813529471575096,5.894,7.353,-0.4630000000000001,5.487256705436222e-05,210.0,210.0,0.0,210.0,210.0,0.0,2.256220441022644e-16,16.5,15.59765625,3.768733723923188,6.0,21.000000000000004,4.5,0.0237518967651147,12.0,11.9609375,5.710413792676827,1.5,19.5,9.0,0.0261944321996541,9.0,13.060546875,4.518381089469738,4.5,21.000000000000004,3.0,0.0245341534281645,9.0,9.69921875,3.673086153311468,1.5,16.5,1.5,0.0207549549014953,0.0,0.0,0.0,0.0,0.0,0.0,0.0,1.0,1.0,0.0,1.0,1.0,0.0,-5.905678134825779e-19,1.0,1.0,0.0,1.0,1.0,0.0,-5.905678134825779e-19,1.0,1.0,0.0,1.0,1.0,0.0,-5.905678134825779e-19,1.0,1.0,0.0,1.0,1.0,0.0,-5.905678134825779e-19,0.0,11.951822916666666,11.2867869288374,0.0,31.0,0.0,0.0555156128140788,7.533,5.554261718749999,1.4691593883770475,2.06,7.533,2.3200000000000003,-0.0013943415469973,3.763,2.0511315104166665,0.6372554629210476,0.927,3.763,2.806,0.0043648930499983,0.65308183,2,0.694341163307552,0.6681840419769287
batch_dist_ternary_butan-1-ol+propan-2-ol+water__operating_point_009__test_anormal_experiment_001,batch_dist_ternary_butan-1-ol+propan-2-ol+water,operating_point_009,test_anormal_experiment_001,0.1,736,122.53333333333332,0.7527630574755655,1.0,1.0,0.0,1.0,1.0,0.0,-2.6865602010857607e-19,1.0,1.0,0.0,1.0,1.0,0.0,-2.6865602010857607e-19,417.008,413.8093756793478,2.468613224850298,408.522,417.031,8.438999999999965,0.0113806304170242,76.37,75.85899252717391,0.3193765872693051,75.24,76.434,1.0660000000000025,0.001495935696708,66.59,66.25970584239131,0.1937964813279788,65.928,66.612,0.6410000000000053,0.000906690796341,71.758,71.69138247282609,0.0514765285778701,71.568,71.822,0.0630000000000023,0.0001297454231825,71.785,71.53787567934782,0.1178779442821231,71.381,71.807,0.3819999999999908,0.0004912966500683,66.805,66.6020101902174,0.0726276721948475,66.465,66.805,0.2760000000000104,0.0002898831972468,65.717,65.63003600543479,0.0855210555679502,65.484,65.844,-0.0210000000000007,-9.789098740784494e-05,65.074,65.80505706521738,0.4658516279575886,65.074,66.564,-1.4690000000000083,-0.0021782917809918,64.493,65.39472690217391,0.569788127584329,64.451,66.567,-2.073999999999998,-0.0026660203359262,63.526,64.70568682065218,0.5603911508333111,63.526,65.597,-2.070999999999991,-0.0026189848455752,0.251,0.3331209239130435,0.1237714750677664,0.006,0.564,-0.3129999999999999,-6.99865398345048e-05,0.415,0.2370808423913043,0.1333775846285859,0.004,0.443,0.1029999999999999,0.0001016064385461,0.425,0.501179347826087,0.080071624917732,0.311,0.722,0.0829999999999999,-5.931132231076604e-05,2.253,2.194055706521739,0.8065116682018285,0.383,4.395,0.3460000000000001,-0.0001045258602526,448.448,448.8187248641304,0.7422494211331776,446.887,450.674,-1.0769999999999982,8.111849851802545e-05,2.927,3.291665081521739,0.4414774358318153,2.664,3.964,-0.629,6.87271700905034e-05,210.0,210.0,0.0,210.0,210.0,0.0,7.624755920059903e-17,19.5,19.86888586956522,0.6412003502402029,19.5,21.000000000000004,0.0,0.001020280243535,9.0,9.156929347826088,0.4574261349347174,9.0,10.500000000000002,0.0,8.327574437244592e-05,10.500000000000002,10.155570652173912,0.628454756428684,9.0,10.500000000000002,0.0,0.0008429383493117,7.5,7.004755434782608,0.7032372311185839,6.0,7.5,1.5,0.0004185006844458,0.0,0.0,0.0,0.0,0.0,0.0,0.0,1.0,1.0,0.0,1.0,1.0,0.0,-2.6865602010857607e-19,1.0,1.0,0.0,1.0,1.0,0.0,-2.6865602010857607e-19,1.0,1.0,0.0,1.0,1.0,0.0,-2.6865602010857607e-19,1.0,1.0,0.0,1.0,1.0,0.0,-2.6865602010857607e-19,0.0,2.494565217391304,9.045475257666178,0.0,36.0,0.0,0.000642548329579,7.4,4.766059782608696,2.1576767407611577,0.0,7.9,3.075,0.0020130503708769,3.09,4.327751358695652,2.187024514627048,0.0,7.945,-1.2350000000000003,-0.0008022201447389,0.6893565,2,0.694341163307552,0.6681840419769287
batch_dist_ternary_butan-1-ol+propan-2-ol+water__operating_point_009__test_anormal_experiment_002,batch_dist_ternary_butan-1-ol+propan-2-ol+water,operating_point_009,test_anormal_experiment_002,0.1,457,76.11666666666666,0.607867836942207,1.0,1.0,0.0,1.0,1.0,0.0,1.9374879401535866e-18,1.0,1.0,0.0,1.0,1.0,0.0,1.9374879401535866e-18,421.989,421.2607636761488,0.4234292197136045,420.508,421.989,1.4110000000000014,0.0031929782232713,82.43,82.25641575492341,0.0888601599318689,82.002,82.451,0.3850000000000051,0.0005974964506763,71.572,71.32168490153174,0.1320069218215371,71.101,71.572,0.4500000000000028,0.0009839629160427,76.996,77.06549562363239,0.0552367490817406,76.954,77.208,-0.1690000000000111,-0.000354271975003,77.17,77.1316794310722,0.0370360811315729,77.042,77.233,0.0640000000000071,0.0002289155338922,71.995,71.94655142231947,0.0737655378666187,71.803,72.165,-0.1059999999999945,-0.0001568602403833,65.103,64.92770131291029,0.1576443902707423,64.468,65.103,0.6349999999999909,0.0010945538312829,62.031,61.84570568927791,0.081239032792326,61.717,62.031,0.2729999999999961,0.0005731114781832,60.941,60.969619256017495,0.0209594403847227,60.899,61.026,-0.0210000000000007,-4.145410119757923e-05,61.055,61.11875054704596,0.0423614503743534,61.034,61.203,-0.1049999999999968,-0.0002786184493415,0.295,0.2938238512035011,0.0119186309500726,0.219,0.373,0.0149999999999999,7.946687976857361e-06,0.332,0.3279288840262582,0.0082756052791984,0.301,0.337,0.025,4.330979522803957e-05,0.571,0.513394967177243,0.0728703542633723,0.286,0.725,0.0099999999999998,4.8031036905422255e-05,2.141,2.0082844638949675,0.0804146328238597,1.594,2.188,0.5469999999999999,8.550770792900945e-05,449.525,448.46784354485777,1.055676556754109,446.25,450.377,1.1579999999999586,-0.000514263302232,6.823,6.689455142231948,0.3957293278768061,5.848,7.306,0.4540000000000006,4.6816371095055706e-05,210.0,210.0,0.0,210.0,210.0,0.0,-1.821839547387208e-16,18.0,18.173960612691467,0.5382932166301968,16.5,19.5,-1.5,-0.0024615181901894,12.0,11.908096280087529,0.3597350221134417,10.500000000000002,12.0,0.0,-0.0007187286103901,12.0,12.0,0.0,12.0,12.0,0.0,3.844050843063348e-19,9.0,8.757111597374179,0.5525738211394096,7.5,9.0,1.5,0.0020898010316801,0.0,0.0,0.0,0.0,0.0,0.0,0.0,1.0,1.0,0.0,1.0,1.0,0.0,1.9374879401535866e-18,1.0,1.0,0.0,1.0,1.0,0.0,1.9374879401535866e-18,1.0,1.0,0.0,1.0,1.0,0.0,1.9374879401535866e-18,1.0,1.0,0.0,1.0,1.0,0.0,1.9374879401535866e-18,0.0,3.4923413566739607,11.596632650419302,0.0,42.0,0.0,-2.11224362014374e-05,5.11,4.992434354485777,0.1118508309407335,4.56,5.185,0.5500000000000007,0.0005569923561926,3.81,3.691712253829322,0.1121789502264738,3.26,3.885,0.5500000000000003,0.0005583489698034,0.6782897,2,0.694341163307552,0.6681840419769287
batch_dist_ternary_butan-1-ol+propan-2-ol+water__operating_point_013__train_normal_experiment_001,batch_dist_ternary_butan-1-ol+propan-2-ol+water,operating_point_013,train_normal_experiment_001,0.1,403,67.05,0.6950454537431681,1.0,1.0,0.0,1.0,1.0,0.0,1.2626948463575712e-20,1.0,1.0,0.0,1.0,1.0,0.0,1.2626948463575712e-20,492.068,490.8480496277916,0.6970499215053256,489.732,492.188,2.312000000000012,0.0059695324815623,85.378,85.34823945409428,0.0783293318304984,85.186,85.506,0.0430000000000063,0.0004837491350704,74.119,73.97037344913151,0.0967010440756678,73.819,74.14,0.2789999999999963,0.0008105014262398,80.041,80.2813759305211,0.197405911228376,80.041,80.74,-0.6140000000000043,-0.0015734425494326,80.025,80.11590570719602,0.1518774803073174,79.897,80.409,-0.2979999999999876,-0.0011538934568248,74.784,74.89171091811414,0.1050389337241975,74.72,75.21,-0.3629999999999995,-0.0007813047628232,71.652,71.6028535980149,0.094617512140616,71.461,72.013,-0.3179999999999978,-7.478940090602796e-05,69.001,68.91369106699752,0.0466739465861702,68.833,69.001,0.1050000000000039,0.0003556526692631,67.858,67.96173076923077,0.0616168630535469,67.837,68.112,-0.211999999999989,-0.0004846899693117,67.691,67.80704962779156,0.0526928222553223,67.67,67.923,-0.1269999999999953,-0.0003883809217187,0.403,0.3802481389578164,0.0123985397067196,0.327,0.403,0.076,8.220735132288838e-05,0.397,0.3944764267990074,0.007904521125897,0.351,0.409,0.0,2.560209541194065e-05,0.724,0.7715942928039702,0.0505843500370283,0.584,1.003,-0.059,6.483588249939965e-05,2.035,2.018199751861042,0.1106095806427419,1.644,2.216,0.308,0.0005436840256374,599.202,598.5616736972705,0.9535083115013812,596.411,600.719,0.4930000000000518,-0.0008353331064753,4.873,4.993208436724566,0.3966162225857028,4.359,5.859,-0.5910000000000002,-1.0983824948170223e-05,280.0,280.0,0.0,280.0,280.0,0.0,-5.597543072327035e-16,19.5,20.192307692307693,0.7477777728932165,19.5,21.000000000000004,-1.5000000000000036,-0.005545174161133,12.0,12.25682382133995,0.5650462430653538,12.0,13.5,-1.5,0.0008863808124451,12.0,11.49379652605459,0.7092695213271977,10.500000000000002,12.0,1.4999999999999982,0.0032897571450415,10.500000000000002,9.472704714640198,0.6968553111781723,9.0,10.500000000000002,1.5000000000000018,2.8876818276995725e-05,0.0,0.0,0.0,0.0,0.0,0.0,0.0,1.0,1.0,0.0,1.0,1.0,0.0,1.2626948463575712e-20,1.0,1.0,0.0,1.0,1.0,0.0,1.2626948463575712e-20,1.0,1.0,0.0,1.0,1.0,0.0,1.2626948463575712e-20,1.0,1.0,0.0,1.0,1.0,0.0,1.2626948463575712e-20,0.0,2.126550868486353,8.496685371192708,0.0,37.0,0.0,-0.0019605067799102,6.155,5.902965260545906,0.1539512185770509,5.485,6.29,0.5200000000000005,0.0010671011084664,4.855,4.602220843672457,0.1549013120945663,4.185,4.99,0.5200000000000005,0.0010751453649864,0.63449806,2,0.694341163307552,0.6681840419769287
batch_dist_ternary_butan-1-ol+propan-2-ol+water__operating_point_018__test_anormal_experiment_001,batch_dist_ternary_butan-1-ol+propan-2-ol+water,operating_point_018,test_anormal_experiment_001,0.1,886,147.63333333333333,0.678697259715983,1.0,1.0,0.0,1.0,1.0,0.0,1.845438302304095e-19,1.0,1.0,0.0,1.0,1.0,0.0,1.845438302304095e-19,389.995,389.470559255079,0.3552105703017181,388.25,389.995,1.697999999999979,0.0011429364756918,76.668,76.09090575620768,0.3116140776453002,75.709,76.775,0.63900000000001,0.0010415866676667,66.227,66.10766252821671,0.0721909314410152,65.949,66.227,0.2560000000000002,0.0002720196532717,71.294,71.21936286681715,0.0420770025110387,71.125,71.336,0.0630000000000023,9.858751382818502e-05,71.296,71.26498532731377,0.0302081811615918,71.19,71.339,0.0,3.10056553536888e-05,66.252,66.18713600451467,0.0533088964815548,66.04,66.316,0.1059999999999945,0.0001644061326496,60.66,60.58594243792326,0.0387840080773519,60.449,60.681,0.1899999999999977,0.0001062880574773,58.133,58.14246896162529,0.0174905616742353,58.07,58.175,0.0420000000000015,1.4046034167598498e-05,58.027,58.02450451467269,0.0165325788889484,57.984,58.09,0.0429999999999992,1.2867796299581486e-05,58.332,58.2926427765237,0.0221783298941989,58.248,58.332,0.0840000000000031,2.2230080774176e-05,0.097,0.1026755079006772,0.0244561605869821,0.005,0.257,-0.001,-6.101286866760854e-06,0.514,0.5194322799097066,0.070503645558327,0.207,1.282,0.011,-1.209505770025694e-05,0.498,0.4070744920993228,0.0517107020670139,0.264,0.611,0.1559999999999999,-8.269383090634275e-06,2.016,2.010594243792325,0.1010340799209184,1.664,2.376,-0.2290000000000001,-1.7014047781099762e-05,398.197,399.33250282167046,0.6345754897511733,397.649,400.817,-2.197999999999979,6.09902664072874e-06,3.646,3.77121388261851,0.3035303464905635,2.732,4.878,0.0099999999999997,-6.530860565214368e-05,175.0,175.0,0.0,175.0,175.0,0.0,-2.0260356930788757e-17,18.0,19.376410835214447,0.8264920746739514,18.0,21.000000000000004,-1.5,-0.001895782085541,9.0,9.503668171557562,0.7079447396864428,9.0,10.500000000000002,0.0,-7.599148343270047e-05,9.0,9.996331828442438,0.7079447396864428,9.0,10.500000000000002,-1.5000000000000018,-0.000135607109516,7.5,7.302765237020316,0.5062763246443317,6.0,7.5,0.0,-0.0001266654126148,0.0,0.0,0.0,0.0,0.0,0.0,0.0,1.0,1.0,0.0,1.0,1.0,0.0,1.845438302304095e-19,1.0,1.0,0.0,1.0,1.0,0.0,1.845438302304095e-19,1.0,1.0,0.0,1.0,1.0,0.0,1.845438302304095e-19,1.0,1.0,0.0,1.0,1.0,0.0,1.845438302304095e-19,0.0,6.744356659142213,14.244156331541689,0.0,37.0,0.0,0.0003164791333015,9.24,8.740228555304741,0.1850793572323332,8.091,9.24,0.3689999999999998,0.0002032306959094,1.54,1.4568888261851016,0.0308507621503704,1.349,1.54,0.0609999999999999,3.3738989322543546e-05,0.65573335,2,0.694341163307552,0.6681840419769287
batch_dist_ternary_butan-1-ol+propan-2-ol+water__operating_point_018__train_normal_experiment_001,batch_dist_ternary_butan-1-ol+propan-2-ol+water,operating_point_018,train_normal_experiment_001,0.1,704,117.21666666666668,0.6821390035930127,1.0,1.0,0.0,1.0,1.0,0.0,-1.8490258601279582e-19,1.0,1.0,0.0,1.0,1.0,0.0,-1.8490258601279582e-19,375.236,368.7778487215909,4.803907660125807,358.384,375.236,16.851999999999975,0.0231866057339916,75.752,75.53092684659092,0.2518470390598989,75.027,75.88,0.6820000000000022,0.0011937097693362,65.629,65.5389012784091,0.0437919910312289,65.437,65.65,0.1490000000000009,0.0001947870809958,71.041,71.40890127840909,0.2233586960170442,71.02,71.737,-0.612000000000009,-0.0010590776249754,70.871,71.03915696022727,0.1031249029331151,70.85,71.233,-0.1920000000000072,-0.000444702475368,65.934,66.17574005681819,0.1466666846233515,65.891,66.401,-0.3610000000000042,-0.0006858974971867,60.343,60.691877840909086,0.3551365954282713,60.195,61.612,-1.247,-0.0014721787118483,58.363,58.45072798295455,0.1358033319539514,58.3,58.908,-0.5450000000000017,-0.0005479933247535,58.217,58.225012073863645,0.0151821163939384,58.174,58.301,-0.0210000000000007,1.235027211270839e-06,58.501,58.46759090909091,0.0257279440464112,58.417,58.543,0.0419999999999944,7.249154631577362e-05,0.076,0.0837997159090909,0.037129003073574,0.005,0.24,0.0089999999999999,2.971911963373324e-05,0.392,0.4509666193181818,0.0659327574291213,0.273,0.597,-0.0409999999999999,1.166796727756976e-05,0.17,0.162692471590909,0.0512954506070679,-0.01,0.32,0.095,3.3491094741794625e-05,2.407,1.9133764204545447,0.3453296015892321,1.237,2.778,0.1019999999999998,0.0001118186667528,399.938,398.937471590909,0.7727705969430657,397.138,400.503,-0.2420000000000186,0.0001854210918389,2.732,3.4239240056818185,0.4402385695632694,2.667,3.968,-0.0029999999999996,-0.0001107878795903,175.0,175.0,0.0,175.0,175.0,0.0,-1.688979086732127e-16,15.0,14.995738636363637,0.8974294223239428,13.5,16.5,-1.5,-0.0034334408214587,9.0,9.420809659090908,0.6733013543505905,9.0,10.500000000000002,-1.5000000000000018,-0.0013067829294732,10.500000000000002,9.469815340909092,0.6939737313217681,9.0,10.500000000000002,0.0,-0.0013040745176103,7.5,7.085582386363637,0.668945023837559,6.0,7.5,0.0,-0.0004837352559217,0.0,0.0,0.0,0.0,0.0,0.0,0.0,1.0,1.0,0.0,1.0,1.0,0.0,-1.8490258601279582e-19,1.0,1.0,0.0,1.0,1.0,0.0,-1.8490258601279582e-19,1.0,1.0,0.0,1.0,1.0,0.0,-1.8490258601279582e-19,1.0,1.0,0.0,1.0,1.0,0.0,-1.8490258601279582e-19,0.0,3.153409090909091,10.331125179234265,0.0,37.0,0.0,-0.0002188740710577,8.82,7.986583096590909,1.0595376597360444,4.809,10.723,0.9770000000000004,0.0007908871054832,1.464,1.3376086647727272,0.1813395093916353,0.774,1.763,0.1579999999999999,0.000241555799475,0.6769195,2,0.694341163307552,0.6681840419769287
batch_dist_ternary_butan-1-ol+propan-2-ol+water__operating_point_019__train_normal_experiment_001,batch_dist_ternary_butan-1-ol+propan-2-ol+water,operating_point_019,train_normal_experiment_001,0.1,522,86.9,0.6843396585895098,1.0,0.9961685823754788,0.0617797528605252,0.0,1.0,0.0,3.998984055569763e-05,1.0,1.0,0.0,1.0,1.0,0.0,2.171766089949202e-19,423.0,421.33371743295015,0.7222147477718514,420.202,423.047,2.798000000000002,0.0045705910958239,75.986,76.09235440613027,0.0932280752410623,75.922,76.285,-0.1490000000000009,-0.0005659477396058,65.522,65.44037068965517,0.0489562127748485,65.33,65.544,0.1710000000000064,0.0002985108508932,71.146,71.4730632183908,0.230361727934399,71.125,71.906,-0.6970000000000027,-0.001511211181328,71.318,71.31258908045976,0.0610242494316355,71.211,71.509,-0.1700000000000017,-0.0002537283460601,65.934,66.10148754789272,0.1590425174427368,65.891,66.465,-0.5100000000000051,-0.0010109146743773,60.364,60.74042241379311,0.1671581609768027,60.364,61.146,-0.3590000000000017,-0.0007174813310086,58.761,58.89784195402299,0.0980978254336077,58.74,59.096,-0.2929999999999992,-0.00062944825283,58.576,58.704001915708815,0.0848364665103975,58.533,58.871,-0.2740000000000009,-0.0005456531486239,58.818,58.90105555555554,0.0815976589619043,58.733,59.071,-0.2319999999999993,-0.0005194564705734,0.112,0.1575938697318007,0.2069116614232216,0.004,1.906,-0.0059999999999999,-0.0002375949131235,0.664,0.582610153256705,0.2163019650149419,0.046,1.072,0.139,0.0001298573261198,0.243,0.2320239463601532,0.0522521416208605,0.122,0.458,-0.016,5.016837283658884e-05,1.545,2.553896551724138,0.6442456739013462,1.163,3.796,-1.998,-0.001864269672249,398.493,399.1001609195402,0.6248292402479946,397.578,400.647,-0.108000000000004,0.0002811548593505,3.64,3.9856226053639854,0.3684247290084316,2.93,4.878,-0.262,0.0001197160839434,210.0,210.0,0.0,210.0,210.0,0.0,3.1236815859491993e-16,18.0,18.274425287356323,0.5790087274704815,18.0,19.5,-1.5,-0.0014965501802263,10.500000000000002,10.500000000000002,0.0,10.500000000000002,10.500000000000002,0.0,1.1372330995268604e-17,10.500000000000002,10.119252873563218,0.6486635370751344,9.0,10.500000000000002,0.0,0.000422202865677,7.5,7.617816091954023,0.4035387297493459,7.5,9.0,0.0,0.0006264864103512,0.0,0.0,0.0,0.0,0.0,0.0,0.0,1.0,1.0,0.0,1.0,1.0,0.0,2.171766089949202e-19,1.0,1.0,0.0,1.0,1.0,0.0,2.171766089949202e-19,1.0,1.0,0.0,1.0,1.0,0.0,2.171766089949202e-19,1.0,1.0,0.0,1.0,1.0,0.0,2.171766089949202e-19,0.0,3.0,9.855857701614951,0.0,36.0,0.0,0.0031609691056968,10.666,9.429585249042145,3.082036367471123,1.601,17.448,2.572000000000001,0.0013873759117989,1.523,1.3422107279693487,0.3869662986898113,0.248,2.52,0.367,0.0002214025289187,0.6930063,2,0.694341163307552,0.6681840419769287
batch_dist_ternary_butan-1-ol+propan-2-ol+water__operating_point_020__train_normal_experiment_001,batch_dist_ternary_butan-1-ol+propan-2-ol+water,operating_point_020,train_normal_experiment_001,0.1,2008,334.5833333333333,0.6924323198414503,1.0,1.0,0.0,1.0,1.0,0.0,-2.1597823034008424e-20,1.0,1.0,0.0,1.0,1.0,0.0,-2.1597823034008424e-20,304.896,303.113796065737,1.845455298519615,299.517,304.986,5.15300000000002,0.0028896786955705,96.148,96.21396787848605,0.063801555897496,96.062,96.405,-0.1500000000000056,-8.671741912549728e-05,86.174,86.07243227091631,0.0544013292661012,85.959,86.196,0.1720000000000112,8.679982518768371e-05,91.231,91.14945094621513,0.0413512575756608,91.04,91.274,-0.0220000000000055,-1.5290261661803286e-05,91.171,91.25055428286852,0.0855021655301327,91.086,91.449,-0.1709999999999922,-0.0001210081427743,86.116,86.11299003984065,0.0490946510462492,85.945,86.245,-0.0220000000000055,2.361422547730728e-05,82.405,82.1226797808765,0.4161044719457585,81.021,82.745,1.277000000000001,8.264775233500957e-05,78.22,78.18250224103586,0.0308374944782315,78.115,78.241,0.0840000000000031,4.179157652603285e-05,78.144,78.12403112549802,0.0245691844194338,78.038,78.165,0.0210000000000007,2.889574607968609e-05,78.349,78.33786752988047,0.0334820800241457,78.243,78.391,0.1060000000000087,4.277821457038544e-05,0.021,0.0365256474103585,0.0143039871499397,0.005,0.087,-0.0659999999999999,-1.436355964439008e-05,0.246,0.2476424302788844,0.0248313110093756,0.215,0.287,-0.0369999999999999,1.7345135303405037e-05,0.66,0.6497788844621515,0.0628708175828535,0.445,0.89,-0.0399999999999999,-2.0304271681678183e-05,3.468,1.9128378984063743,0.722271125808211,0.58,3.55,2.469,0.0002432584110282,949.84,949.686390687251,0.3492774216276963,948.458,950.665,-0.0889999999999417,-3.721614941616846e-05,3.643,3.940043824701196,0.3591603353458871,2.918,4.888,-0.9110000000000004,5.2929607486835305e-05,105.0,105.0,0.0,105.0,105.0,0.0,-1.430248799108127e-17,18.0,17.275024900398407,0.7482732441999699,16.5,18.0,0.0,-0.0004407685158448,12.0,12.81386952191235,0.7467129942116132,12.0,13.5,-1.5,-0.0004108962858852,13.5,13.95493027888446,0.6891107318251946,13.5,15.0,0.0,-0.000245613025202,12.0,11.467753984063744,0.7174977860190882,10.500000000000002,12.0,0.0,-0.0001055354659414,0.0,0.0,0.0,0.0,0.0,0.0,0.0,1.0,1.0,0.0,1.0,1.0,0.0,-2.1597823034008424e-20,1.0,1.0,0.0,1.0,1.0,0.0,-2.1597823034008424e-20,1.0,1.0,0.0,1.0,1.0,0.0,-2.1597823034008424e-20,1.0,1.0,0.0,1.0,1.0,0.0,-2.1597823034008424e-20,0.0,1.4135956175298805,2.8025368096677243,0.0,7.0,0.0,-0.0001955662296362,4.5,4.4982569721115535,0.3850699084111095,4.0,5.0,-0.5,0.0003334292813693,0.9,0.8886952191235061,0.1095385592074262,0.4,1.0,0.0999999999999999,9.466057212852272e-05,0.73409384,2,0.694341163307552,0.6681840419769287
batch_dist_ternary_butan-1-ol+propan-2-ol+water__operating_point_007__test_anormal_experiment_001,batch_dist_ternary_butan-1-ol+propan-2-ol+water,operating_point_007,test_anormal_experiment_001,0.1,538,89.51666666666667,0.7207174072292262,1.0,0.9925650557620818,0.085904981474285,0.0,1.0,0.0,-4.947330770559618e-05,1.0,1.0,0.0,1.0,1.0,0.0,-7.421760744255e-19,419.215,419.0509247211896,0.0851191620580034,418.886,419.262,0.2349999999999568,0.000391151132516,61.545,61.469031598513,0.0577451532079202,61.312,61.588,0.0630000000000023,0.0002121518311154,51.5,51.39296003717472,0.0445843753533589,51.308,51.5,0.1709999999999993,0.0001347724761494,56.368,56.46115334572491,0.0494324216518622,56.326,56.557,-0.083999999999996,-4.555757631502311e-05,56.321,56.46899907063197,0.0567010478574474,56.321,56.575,-0.1480000000000032,-0.0001128264405084,51.454,51.4528624535316,0.0277653076290338,51.369,51.518,0.0,8.263013358285627e-05,47.366,47.404592007434935,0.0475163970061512,47.282,47.493,0.0,-9.862343989073534e-05,44.337,44.3084842007435,0.0481614600834766,44.149,44.4,0.0,-0.0001554619899543,44.102,44.0665250929368,0.0477852501555263,43.891,44.144,0.0209999999999936,-0.000125291941642,44.293,44.2751812267658,0.0376292093790852,44.167,44.335,0.0210000000000007,-0.0001082378297493,0.125,0.1400343866171003,0.0172171574021491,0.011,0.255,-0.0169999999999999,-6.027632845945534e-06,0.546,0.5594005576208179,0.0132492848816429,0.535,0.595,-0.0229999999999999,2.752205116641955e-05,0.478,0.2771654275092937,0.1633381915751724,-0.025,1.33,0.1419999999999999,-2.9463628044877188e-05,1.851,2.0004098513011157,0.1204528079996331,1.63,2.295,-0.2229999999999998,-1.3741269011150555e-05,198.645,199.04984479553903,0.7368425363687161,196.752,201.158,0.700000000000017,-0.0005140704553074,4.794,5.321082713754646,0.4001232397724711,4.545,5.97,-0.6800000000000006,-2.7095131969086677e-05,210.0,210.0,0.0,210.0,210.0,0.0,-2.8778697723632195e-16,15.0,15.510223048327138,0.7106384548041781,15.0,16.5,-1.5,-0.0014881871496628,7.5,7.176579925650557,0.616870786333706,6.0,7.5,0.0,-0.0009480842752366,7.5,7.260223048327138,0.5497021383947523,6.0,7.5,0.0,-0.0008700597829439,4.5,4.421933085501859,0.3331755222220741,3.0,4.5,0.0,-0.0004654883414262,0.0,0.0,0.0,0.0,0.0,0.0,0.0,1.0,1.0,0.0,1.0,1.0,0.0,-7.421760744255e-19,1.0,1.0,0.0,1.0,1.0,0.0,-7.421760744255e-19,1.0,1.0,0.0,1.0,1.0,0.0,-7.421760744255e-19,1.0,1.0,0.0,1.0,1.0,0.0,-7.421760744255e-19,0.0,3.563197026022305,13.355195534756865,0.0,54.0,0.0,0.0030637617306934,8.417,8.609551115241636,0.2224974326084316,7.992,9.242,-0.1750000000000007,0.0002684103605891,1.983,2.022166356877323,0.0443175504826214,1.898,2.148,-0.0349999999999997,5.548614479596348e-05,0.67666334,3,0.689095923794722,0.6674773097038269
batch_dist_ternary_butan-1-ol+propan-2-ol+water__operating_point_008__test_anormal_experiment_001,batch_dist_ternary_butan-1-ol+propan-2-ol+water,operating_point_008,test_anormal_experiment_001,0.1,863,143.78333333333333,0.6431476053470059,1.0,1.0,0.0,1.0,1.0,0.0,1.354647071204773e-18,1.0,1.0,0.0,1.0,1.0,0.0,1.354647071204773e-18,411.122,408.66196118192346,1.8886560698632464,404.499,411.169,6.600000000000023,0.0073471327731969,60.4,59.55072305909617,0.3055697171525672,59.275,60.421,1.0189999999999984,0.0009938470702092,49.799,49.204971610660486,0.4964420029448604,48.715,49.99,0.9780000000000016,0.001733508417058,55.465,55.036239860950175,0.329472049234626,54.478,55.591,-0.1049999999999968,-0.0003256701227484,55.474,54.931387022016224,0.3148740661922238,54.459,55.538,0.3589999999999946,0.0003244997613199,50.418,49.92115295480881,0.3137252421941253,49.361,50.439,0.0429999999999992,-0.0001617462421327,46.756,45.72056083429895,0.8985639447859524,44.525,47.893,1.453000000000003,0.0025388118219536,43.649,43.343537079953656,0.497631205514239,42.481,44.379,0.5420000000000016,0.0015129960696199,43.471,43.13068018539977,0.5476351246040387,42.357,44.207,0.8189999999999955,0.0018026478741191,43.641,43.232439165701045,0.5735938068193832,42.571,44.314,0.8810000000000002,0.0019288757865017,0.202,0.2046268829663963,0.1028123725951807,0.064,0.413,0.137,0.0003070421625103,0.699,0.6297265353418308,0.1123149203075245,0.028,2.053,0.0599999999999999,-8.717265876184179e-06,-0.122,0.1652624565469293,0.3680691323855541,-0.388,2.769,-0.538,-1.3178477672059628e-05,2.012,2.0276106604866744,0.3986475894300982,0.669,3.133,0.012,0.0001935941652723,199.543,196.3695648899189,2.808016055175849,189.133,202.459,6.722000000000008,-0.001234958346365,3.906,3.9287178447276943,0.3313343577102963,2.924,4.883,0.004,-3.181009727334248e-05,210.0,210.0,0.0,210.0,210.0,0.0,-6.618424180676364e-17,18.0,19.716396292004635,0.8892303313732755,18.0,21.000000000000004,-1.5,0.0009677241927519,6.0,7.206257242178447,1.0672824300561905,6.0,9.0,-1.5,0.0003992579931694,6.0,6.992468134414832,1.189504138719061,6.0,9.0,-1.5,0.0027785628605406,4.5,4.611239860950174,1.3934526479145426,3.0,7.5,0.0,0.002785088102529,0.0,0.0,0.0,0.0,0.0,0.0,0.0,1.0,1.0,0.0,1.0,1.0,0.0,1.354647071204773e-18,1.0,1.0,0.0,1.0,1.0,0.0,1.354647071204773e-18,1.0,1.0,0.0,1.0,1.0,0.0,1.354647071204773e-18,1.0,1.0,0.0,1.0,1.0,0.0,1.354647071204773e-18,0.0,6.402665121668598,16.993091223440807,0.0,53.0,0.0,-0.0125931662662277,11.28,10.223574739281576,1.2083191004803056,6.08,13.04,0.8699999999999992,0.0001128584943677,0.0,0.0,0.0,0.0,0.0,0.0,0.0,0.6396951,3,0.689095923794722,0.6674773097038269
batch_dist_ternary_butan-1-ol+propan-2-ol+water__operating_point_008__test_anormal_experiment_002,batch_dist_ternary_butan-1-ol+propan-2-ol+water,operating_point_008,test_anormal_experiment_002,0.1,631,105.11666666666666,0.4951805548141248,1.0,0.9968304278922344,0.0562096603834174,0.0,1.0,0.0,-8.454102819085058e-06,1.0,1.0,0.0,1.0,1.0,0.0,1.173890898386608e-18,409.272,402.4090126782884,7.933326823168135,385.857,410.606,-0.1630000000000109,0.0013504648562466,59.36,59.37995324881141,0.8707240692137473,58.427,60.718,-1.294000000000004,-0.0040396827705384,53.246,50.47453407290016,0.8313683301308659,49.926,53.246,3.277000000000001,0.0032393412868768,54.353,54.54005863708399,0.9783511727206704,53.366,55.906,-1.5319999999999965,-0.0047332101279196,54.649,54.50812123613312,1.036740613558952,53.19,55.897,-1.1850000000000025,-0.0046584543893988,49.149,49.63430903328051,0.913958898879345,48.367,50.777,-1.5859999999999983,-0.0046995244208939,48.019,47.82323137876387,0.3945439768054251,47.114,48.504,0.7789999999999964,0.0014764340689835,44.984,44.82608320126783,0.1093987775200159,44.65,45.025,0.0840000000000031,0.0001216406643301,44.207,44.2520618066561,0.0387192562882146,44.165,44.333,-0.1049999999999968,-0.000139717446689,44.377,44.44311172741679,0.0302856546359952,44.377,44.545,-0.1679999999999992,-0.0001140479247326,0.318,0.2849294770206022,0.1003705425854737,0.018,2.014,-0.018,6.392486260888822e-05,0.344,0.3569405705229794,0.1508318168007696,0.183,2.343,0.0479999999999999,-0.0001093521721312,0.102,0.1466141045958795,0.110737999671596,-0.098,0.54,-0.146,9.531690467115275e-06,2.062,1.9084849445324883,0.4072236496121558,0.827,2.475,0.2649999999999999,0.000701694856562,198.663,199.1517171156894,0.5934028494768753,197.703,200.323,-0.421999999999997,3.034349449638235e-05,7.286,7.334209191759113,0.3853703878025241,6.369,8.204,0.4629999999999992,-4.850309840480917e-05,210.0,200.01584786053883,44.68767901047155,0.0,210.0,0.0,0.0476940359886859,22.5,12.66323296354992,4.582694486386112,0.0,22.5,7.5,0.0130570752243203,15.0,6.458795562599049,4.020830997328411,0.0,15.0,7.5,0.0128482302267132,16.5,6.0879556259904914,4.090665897449981,0.0,16.5,9.0,0.0135298601777367,13.5,3.632329635499208,3.7756414376036753,0.0,13.5,9.0,0.0107156469681294,0.0,0.0,0.0,0.0,0.0,0.0,0.0,1.0,1.0,0.0,1.0,1.0,0.0,1.173890898386608e-18,1.0,1.0,0.0,1.0,1.0,0.0,1.173890898386608e-18,1.0,1.0,0.0,1.0,1.0,0.0,1.173890898386608e-18,1.0,1.0,0.0,1.0,1.0,0.0,1.173890898386608e-18,0.0,2.781299524564184,11.8869356121687,0.0,54.0,0.0,-0.0006151434474971,5.445,5.428050713153724,1.792564394260582,3.875,13.32,0.4350000000000005,-0.0013198427107006,4.145,3.548601426307449,0.9192660520756536,0.0,4.38,0.4349999999999996,0.0014634381546556,0.6731264,3,0.689095923794722,0.6674773097038269
batch_dist_ternary_butan-1-ol+propan-2-ol+water__operating_point_011__test_anormal_experiment_001,batch_dist_ternary_butan-1-ol+propan-2-ol+water,operating_point_011,test_anormal_experiment_001,0.1,716,119.25,0.6808066894701099,1.0,1.0,0.0,1.0,1.0,0.0,-7.379043491778605e-19,1.0,1.0,0.0,1.0,1.0,0.0,-7.379043491778605e-19,417.924,417.152876396648,0.5630300684478601,416.468,418.464,-0.1170000000000186,-0.0001673534817023,83.647,83.73247416201117,0.1071833212135392,83.54,84.01,-0.3209999999999979,-0.000187537168892,73.327,73.0178184357542,0.1593318030369515,72.727,73.348,0.578000000000003,0.0007640695995525,78.73,78.93561731843576,0.187179801623534,78.645,79.428,-0.6769999999999925,-0.0008626118254247,78.853,78.83261662011174,0.0599114513286758,78.725,78.98,-0.0210000000000007,4.392711260126306e-05,73.762,73.93548533519554,0.177702844973735,73.677,74.422,-0.617999999999995,-0.0008116186552981,72.183,71.88787430167598,0.1453664060956337,71.631,72.183,0.5310000000000059,0.0006909371243982,70.767,70.28271927374301,0.3864209233357474,69.695,70.809,1.051000000000002,0.0018455176248916,70.336,70.99505726256983,0.4821728037154159,69.786,71.545,0.5079999999999956,0.0003206111039097,69.553,71.5869343575419,1.6435979523384938,69.511,74.298,-2.603999999999999,-0.0076643519450091,0.236,0.2475551675977653,0.0495463437883476,0.179,0.446,-0.205,-9.0858001305396e-05,0.307,0.3405377094972067,0.0792043577204211,0.236,0.7,-0.3859999999999999,-9.742683627118302e-05,0.669,0.6658219273743017,0.036518468308106,0.452,0.811,0.0,-1.2565108391525962e-05,1.918,1.963994413407821,0.534402697397337,0.81,5.452,-3.534,0.0001271781980203,598.906,598.6754294692738,0.824768937244762,596.205,600.44,2.009999999999991,0.0001888314334042,3.646,3.3688777932960896,0.4371325401081317,2.667,3.972,0.0030000000000001,9.102147005657153e-06,210.0,210.0,0.0,210.0,210.0,0.0,8.900044955870492e-17,21.000000000000004,20.480446927374302,0.7115137072208708,19.5,21.000000000000004,0.0,-0.0011682364058418,12.0,11.758030726256983,0.5510164849200628,10.500000000000002,12.0,0.0,-0.0010662737837184,13.5,12.477653631284916,0.6942928339300286,12.0,13.5,1.5,0.0009448430067396,9.0,8.328561452513966,0.7453472235500419,7.5,9.0,1.5,0.0007647870934142,0.0,0.0,0.0,0.0,0.0,0.0,0.0,1.0,1.0,0.0,1.0,1.0,0.0,-7.379043491778605e-19,1.0,1.0,0.0,1.0,1.0,0.0,-7.379043491778605e-19,1.0,1.0,0.0,1.0,1.0,0.0,-7.379043491778605e-19,1.0,1.0,0.0,1.0,1.0,0.0,-7.379043491778605e-19,0.0,1.4776536312849162,6.11072672329017,0.0,28.0,0.0,-0.0007831886679973,4.76,5.14616340782123,1.023083065021973,3.64,10.273,-5.513,-0.0010748023884205,2.81,2.764077513966481,0.5686016740690751,1.84,5.57,-2.76,-0.0008600769196442,0.6548344,3,0.689095923794722,0.6674773097038269
batch_dist_ternary_butan-1-ol+propan-2-ol+water__operating_point_011__test_anormal_experiment_002,batch_dist_ternary_butan-1-ol+propan-2-ol+water,operating_point_011,test_anormal_experiment_002,0.1,551,91.68333333333334,0.6827161962808894,1.0,0.998185117967332,0.0425627564412289,0.0,1.0,0.0,6.456102092493921e-06,1.0,1.0,0.0,1.0,1.0,0.0,8.117809584542799e-19,420.296,419.7650263157895,0.3589993108709876,419.168,420.343,1.127999999999986,0.0022141513095118,84.245,84.23361343012705,0.0507513986578665,84.139,84.395,-0.0859999999999985,-0.00022617917118,73.883,73.76345644283121,0.0664159670554113,73.626,73.905,0.2139999999999986,0.0004045749374115,79.068,79.0305780399274,0.0311135046420813,78.941,79.111,-0.0430000000000063,1.00912462423664e-06,79.194,79.23721869328494,0.0361022795269236,79.13,79.3,-0.0849999999999937,-9.771984820990584e-05,73.975,73.93149727767694,0.0387370198602368,73.847,74.018,0.0210000000000007,0.0001558299677911,71.355,71.31824773139746,0.0435386311694513,71.228,71.44,0.1270000000000095,0.0002248491424144,67.446,67.47109709618876,0.0347616085495843,67.383,67.53,-0.0630000000000023,-0.0001772526057545,67.223,67.18419328493648,0.0280886645553836,67.117,67.223,0.0,-8.890361039577379e-05,67.352,67.34886479128856,0.0212553260946138,67.289,67.395,0.0,-4.243466783362622e-05,0.204,0.2050689655172413,0.0077618101933724,0.187,0.226,0.0089999999999999,3.635187191093404e-05,0.381,0.3841243194192377,0.0095543373071561,0.365,0.401,0.004,4.781905697868738e-05,0.703,0.6638321234119783,0.0452138038727708,0.476,0.832,0.0779999999999999,4.363489307977509e-05,2.049,2.0105018148820326,0.0777668521916086,1.785,2.21,0.1869999999999998,-9.154035422502904e-07,599.839,598.7667114337568,0.8701996987132269,596.725,600.656,0.2330000000000609,0.000202830283423,4.558,5.250656987295826,0.4320177791146348,4.545,6.222,-0.9060000000000006,-0.0002049847564256,210.0,210.0,0.0,210.0,210.0,0.0,-5.89174116511609e-17,16.5,16.598003629764065,0.3706760488609508,16.5,18.0,0.0,-0.0005448950166065,12.0,11.884301270417422,0.398924839040473,10.500000000000002,12.0,0.0,-0.0004884579241479,12.0,12.378402903811253,0.651471870539389,12.0,13.5,0.0,-0.0005472622540404,9.0,9.190562613430128,0.4995295892215706,9.0,10.500000000000002,0.0,-0.000393607024239,0.0,0.0,0.0,0.0,0.0,0.0,0.0,1.0,1.0,0.0,1.0,1.0,0.0,8.117809584542799e-19,1.0,1.0,0.0,1.0,1.0,0.0,8.117809584542799e-19,1.0,1.0,0.0,1.0,1.0,0.0,8.117809584542799e-19,1.0,1.0,0.0,1.0,1.0,0.0,8.117809584542799e-19,0.0,2.2867513611615244,8.64910780675552,0.0,35.0,0.0,-0.0022721892642195,6.08,5.982265880217786,0.1658342452935023,5.533,6.36,0.4669999999999996,0.000729596924026,2.74,2.691697822141561,0.0826810276693193,2.467,2.88,0.2330000000000001,0.0003630376677689,0.6725096,3,0.689095923794722,0.6674773097038269
batch_dist_ternary_butan-1-ol+propan-2-ol+water__operating_point_021__test_anormal_experiment_001,batch_dist_ternary_butan-1-ol+propan-2-ol+water,operating_point_021,test_anormal_experiment_001,0.1,813,135.41666666666666,0.6810379391813758,1.0,1.0,0.0,1.0,1.0,0.0,-1.0627977612950585e-18,1.0,1.0,0.0,1.0,1.0,0.0,-1.0627977612950585e-18,295.229,295.23068265682656,0.0760433021058099,295.094,295.523,-0.18100000000004,-0.0001172140638995,85.357,85.31484317343174,0.0666892681978027,85.164,85.464,0.1929999999999978,0.0002364835052836,75.382,75.29984686346864,0.0672834706119672,75.147,75.447,0.2139999999999986,0.0002782406892344,80.401,80.3025061500615,0.061914112129221,80.147,80.443,0.2120000000000033,0.0002245679835066,80.43,80.30379212792128,0.080757559135133,80.11,80.473,0.213000000000008,0.0002907306675915,75.424,75.29990405904059,0.0873727682715312,75.104,75.487,0.1500000000000056,0.0002832940067638,72.437,72.31197601476013,0.0894111100237557,72.098,72.586,-0.1490000000000009,-3.5928686679477466e-05,67.383,67.39169188191882,0.0405643092056223,67.299,67.509,-0.0840000000000031,-0.0001523474393432,67.223,67.26144710947109,0.037199509078142,67.202,67.329,-0.0850000000000079,-0.0001263739046536,67.458,67.48310639606396,0.0253877929897648,67.416,67.564,-0.0630000000000023,-6.817312021534999e-05,0.093,0.0950528905289052,0.0023227379471309,0.086,0.105,-0.001,-1.7672838642428013e-06,0.231,0.2270239852398524,0.0072661392900097,0.206,0.239,-0.001,-1.0392138271003384e-05,0.617,0.6186230012300123,0.0677801207751685,0.417,0.764,-0.064,-1.2318006496655488e-05,2.041,1.998468634686347,0.0704761520488101,1.736,2.198,-0.0140000000000002,-1.9213618081157965e-05,600.099,598.9423671586716,0.7201630565272266,597.237,600.324,0.5470000000000255,-0.0003440927922737,3.643,3.9387257072570727,0.3522071486540261,2.921,4.883,-0.9110000000000004,2.91521110645697e-05,105.0,105.0,0.0,105.0,105.0,0.0,-5.121618652198197e-17,16.5,15.68819188191882,0.7465226002617901,15.0,16.5,1.5,0.0004258598068242,10.500000000000002,11.350553505535055,0.7432287619061915,10.500000000000002,12.0,0.0,-0.0001026672677009,12.0,12.166051660516604,0.4706424723870401,12.0,13.5,0.0,4.950806579512192e-05,10.500000000000002,9.809963099630997,0.7466730628896466,9.0,10.500000000000002,1.5000000000000018,0.0003492026968296,0.0,0.0,0.0,0.0,0.0,0.0,0.0,1.0,1.0,0.0,1.0,1.0,0.0,-1.0627977612950585e-18,1.0,1.0,0.0,1.0,1.0,0.0,-1.0627977612950585e-18,1.0,1.0,0.0,1.0,1.0,0.0,-1.0627977612950585e-18,1.0,1.0,0.0,1.0,1.0,0.0,-1.0627977612950585e-18,0.0,1.6937269372693726,6.512570681754351,0.0,27.0,0.0,-0.0001869113715404,4.688,4.585884378843788,0.1234845710049424,4.193,4.92,0.1509999999999998,-0.0001245457908519,1.562,1.5284710947109472,0.0411866953691525,1.398,1.64,0.0490000000000001,-4.199288879273663e-05,0.686783,3,0.689095923794722,0.6674773097038269
batch_dist_ternary_butan-1-ol+propan-2-ol+water__operating_point_021__train_normal_experiment_001,batch_dist_ternary_butan-1-ol+propan-2-ol+water,operating_point_021,train_normal_experiment_001,0.1,659,109.73333333333332,0.6865506494627645,1.0,1.0,0.0,1.0,1.0,0.0,-1.1072985507202493e-18,1.0,1.0,0.0,1.0,1.0,0.0,-1.1072985507202493e-18,295.027,294.992308801214,0.2041685623070477,294.666,295.365,-0.2700000000000386,-0.0009022234489108,85.186,85.25873975720789,0.11444448275616,85.057,85.506,-0.255999999999986,-0.0005579603056034,74.74,74.6300895295903,0.0765885110636119,74.461,74.761,0.2789999999999963,0.0003863168842909,80.168,80.29543323216996,0.1051036922941463,80.126,80.57,-0.3599999999999994,-0.0005192874313236,80.323,80.43011836115326,0.0354461113531605,80.323,80.515,-0.1070000000000135,1.7547331755527623e-06,74.997,75.10938922610016,0.0771055571283188,74.955,75.296,-0.2560000000000002,-0.0003829492046067,72.862,72.6949893778452,0.441662734510856,71.864,73.329,-0.1690000000000111,-0.001607662979193,67.299,67.39251213960547,0.0706106993969177,67.257,67.53,0.0,-0.0002423445053316,67.159,67.17569726858878,0.0279537705043024,67.096,67.223,0.0,6.429135388550926e-05,67.395,67.38505614567526,0.035332303321205,67.289,67.437,0.0849999999999937,0.0001511641895056,0.102,0.1313823975720789,0.0804987595057234,0.005,1.116,-0.012,-0.000140735730869,0.23,0.1958998482549317,0.074913383367488,0.004,0.346,0.224,3.091513303794972e-05,0.657,0.6390311077389984,0.0601281208250134,0.434,0.788,-0.021,4.847382785425588e-05,2.149,2.1719188163884677,0.5430203767819584,1.067,3.514,-1.2200000000000002,-1.849252029731876e-05,598.807,598.8179119878604,0.8324494469836924,596.734,600.458,0.2150000000000318,-0.0006642090660443,3.91,3.348455235204856,0.4708952398395513,2.664,3.984,0.008,-4.2993415714823656e-05,105.0,105.0,0.0,105.0,105.0,0.0,7.252886040247813e-17,15.0,15.334597875569044,0.6230842182241813,15.0,16.5,0.0,-0.0008093349842615,10.500000000000002,11.755311077389983,0.6230966906764301,10.500000000000002,13.5,-1.4999999999999982,-0.0022318663804796,12.0,12.05690440060698,0.2865632392719462,12.0,13.5,0.0,-0.0002029626977161,9.0,9.122913505311075,0.4114152746055501,9.0,10.500000000000002,0.0,-0.0001105697002122,0.0,0.0,0.0,0.0,0.0,0.0,0.0,1.0,1.0,0.0,1.0,1.0,0.0,-1.1072985507202493e-18,1.0,1.0,0.0,1.0,1.0,0.0,-1.1072985507202493e-18,1.0,1.0,0.0,1.0,1.0,0.0,-1.1072985507202493e-18,1.0,1.0,0.0,1.0,1.0,0.0,-1.1072985507202493e-18,0.0,2.0819423368740515,7.345740366934083,0.0,28.0,0.0,-0.0026415969333994,4.568,4.205273899848255,0.9752049497141648,1.59,7.935,1.6499999999999997,0.0001610387723534,1.508,1.6912647951441575,0.5504151454923141,0.512,2.688,0.535,-0.0013876657340012,0.685297,3,0.689095923794722,0.6674773097038269
batch_dist_ternary_butan-1-ol+propan-2-ol+water__operating_point_027__test_anormal_experiment_001,batch_dist_ternary_butan-1-ol+propan-2-ol+water,operating_point_027,test_anormal_experiment_001,0.1,433,72.03333333333333,0.6868156592785594,1.0,1.0,0.0,1.0,1.0,0.0,-1.5204138711191177e-18,1.0,1.0,0.0,1.0,1.0,0.0,-1.5204138711191177e-18,404.967,405.185070438799,0.210496118035758,404.85,405.575,-0.51400000000001,-0.0015751606162845,89.485,89.06871593533488,0.180464422421489,88.821,89.485,0.5570000000000022,0.001235214092963,78.897,78.69692956120092,0.1006954008139081,78.49,78.897,0.4070000000000107,0.0007940136806165,84.043,84.0083325635104,0.0323663930164088,83.937,84.127,-0.0419999999999873,1.5136303595986644e-06,84.248,84.14531293302541,0.0451393876022513,84.056,84.27,0.0640000000000071,0.0001632089673137,79.048,78.9683545034642,0.0418410837615648,78.899,79.091,0.0430000000000063,0.0002231847226212,72.098,71.97902078521939,0.0977939970025246,71.779,72.204,0.1059999999999945,0.000538257524694,67.551,67.51812009237875,0.0161539401092686,67.488,67.594,0.0420000000000015,4.204884355082213e-05,67.329,67.31367205542725,0.012057544078966,67.265,67.35,0.0209999999999865,3.550970911025084e-06,67.585,67.57774942263279,0.0180144323944265,67.543,67.627,0.0,1.4848580794015733e-05,0.149,0.1553683602771362,0.0088737613761172,0.076,0.207,-0.008,-9.580807167039972e-06,0.467,0.4671039260969977,0.0034244816622441,0.459,0.473,-0.0019999999999999,3.898632884324551e-07,0.82,0.7664191685912239,0.0547142307444784,0.515,0.877,0.0549999999999999,8.167964782078619e-05,1.981,2.0019653579676677,0.0494822729442207,1.844,2.129,-0.0529999999999997,-6.6864325506399e-07,598.951,599.1291016166282,0.6663905620047633,597.551,600.979,-0.2959999999999354,3.9616540077656616e-05,3.902,4.292863741339492,0.4350648420275424,3.556,4.965,0.0030000000000001,3.09164913575216e-05,192.50000000000003,192.50000000000003,0.0,192.50000000000003,192.50000000000003,0.0,-2.572463270539121e-16,19.5,21.15935334872979,0.5253495898369986,19.5,22.5,-1.5000000000000036,-0.0007897780284728,13.5,13.125866050808314,0.6490182677319352,12.0,13.5,0.0,-0.0005044202736596,13.5,13.47228637413395,0.2019960240708533,12.0,13.5,1.5,0.0003769294352621,10.500000000000002,10.427251732101617,0.3222267700942309,9.0,10.500000000000002,0.0,0.0004995423633209,0.0,0.0,0.0,0.0,0.0,0.0,0.0,1.0,1.0,0.0,1.0,1.0,0.0,-1.5204138711191177e-18,1.0,1.0,0.0,1.0,1.0,0.0,-1.5204138711191177e-18,1.0,1.0,0.0,1.0,1.0,0.0,-1.5204138711191177e-18,1.0,1.0,0.0,1.0,1.0,0.0,-1.5204138711191177e-18,0.0,2.8221709006928406,8.087755858413162,0.0,26.0,0.0,0.0006648739607094,8.0,7.997792147806004,0.0832998603130963,7.744,8.2,0.088,9.350806303795732e-06,2.0,1.9994618937644335,0.0209176114648128,1.936,2.05,0.022,2.993115346907788e-06,0.7134022,3,0.689095923794722,0.6674773097038269
batch_dist_ternary_butan-1-ol+propan-2-ol+water__operating_point_027__train_normal_experiment_001,batch_dist_ternary_butan-1-ol+propan-2-ol+water,operating_point_027,train_normal_experiment_001,0.1,356,59.3,0.6885324241890521,1.0,0.99438202247191,0.074742329750843,0.0,1.0,0.0,5.053453570067336e-06,1.0,1.0,0.0,1.0,1.0,0.0,2.797739758971247e-18,400.738037109375,400.2154791328345,0.4629931524655365,399.2675476074219,400.8313903808594,1.470489501953125,0.0043884794018535,89.33496856689453,89.11207086584541,0.2214671419828969,88.6073989868164,89.39917755126953,0.727569580078125,0.0020510639758337,78.5541000366211,78.39205992623661,0.0864279392256229,78.23250579833984,78.5541000366211,0.32159423828125,0.000816356282098,83.9577865600586,83.95127669345128,0.03854959985161,83.83069610595703,84.04252624511719,-0.0423660278320312,6.533699431503096e-05,84.2056655883789,84.17376505390982,0.0675248122643308,84.0562515258789,84.31238555908203,0.106719970703125,0.0005734172709345,78.98397064208984,78.99903937136189,0.0309739963197966,78.91997528076172,79.06929779052734,0.0,-9.32373347316813e-05,72.86163330078125,73.18736898229363,0.2510048983400914,72.56452178955078,73.60453033447266,0.2971115112304687,-6.05350260373358e-05,67.38343048095703,67.41461632760723,0.0457944603638162,67.29940032958984,67.50946807861328,-0.12603759765625,-0.000359088412153,67.1594009399414,67.17007836331142,0.0341398237194474,67.09589385986328,67.22291564941406,-0.0423431396484375,-0.0001303373292088,67.41570281982422,67.40777216064797,0.0207386742669731,67.35224151611328,67.4580078125,0.0,-9.76017583830837e-05,0.1426950097084045,0.1473828081585717,0.0157271589636305,0.023961991071701,0.2544278800487518,-0.0008077025413512,2.633227804123612e-05,0.4296566545963287,0.4144612498413981,0.0320861526183406,0.3415541052818298,0.4471515417098999,0.0809251368045806,0.0002669218416571,0.6998176574707031,0.6867168003253723,0.044269793949313,0.5499382019042969,0.8703346252441406,-0.0043449401855468,3.163207271842196e-05,1.944997787475586,2.0708722693196844,0.143589921085973,1.6393890380859375,2.337615966796875,0.2316532135009765,-9.16476235496759e-05,598.1970825195312,598.1832661146528,1.207620629382918,595.2627563476562,600.4852294921875,0.21539306640625,-0.0021025495877124,6.829268455505371,6.738492261157947,0.3519561016174032,5.847952842712402,7.804878234863281,-0.0066690444946289,0.00031621767733,192.50000000000003,192.50000000000003,0.0,192.50000000000003,192.50000000000003,0.0,7.729958935211328e-16,19.5,21.406601123595507,0.7566781100612907,19.5,22.5,-3.0,-0.0059798646472356,13.5,13.14185393258427,0.6370167840478712,12.0,13.5,0.0,-0.0042251526342456,13.5,13.714887640449438,0.5224888996875242,13.5,15.0,0.0,-0.0001352463758093,10.500000000000002,10.289325842696629,0.5211790818898735,9.0,10.500000000000002,0.0,-0.0005254261856665,0.0,0.0,0.0,0.0,0.0,0.0,0.0,1.0,1.0,0.0,1.0,1.0,0.0,2.797739758971247e-18,1.0,1.0,0.0,1.0,1.0,0.0,2.797739758971247e-18,1.0,1.0,0.0,1.0,1.0,0.0,2.797739758971247e-18,1.0,1.0,0.0,1.0,1.0,0.0,2.797739758971247e-18,0.0,2.0646067415730336,8.141138086270852,0.0,35.0,0.0,-4.65449670927053e-05,6.688000202178955,6.544314605466435,0.457100962432915,5.328000068664551,7.184000015258789,1.2160000801086426,0.003590539419632,1.871999979019165,1.8353764036398252,0.1155643418295062,1.531999945640564,1.996000051498413,0.3040000200271606,0.0009098163421346,0.68926245,3,0.689095923794722,0.6674773097038269
batch_dist_ternary_butan-1-ol+propan-2-ol+water__operating_point_028__test_anormal_experiment_002,batch_dist_ternary_butan-1-ol+propan-2-ol+water,operating_point_028,test_anormal_experiment_002,0.1,1603,267.0,0.7279524080613684,1.0,1.0,0.0,1.0,1.0,0.0,-3.2976611508622293e-19,1.0,1.0,0.0,1.0,1.0,0.0,-3.2976611508622293e-19,293.584,294.0271759201497,0.3619565277820868,293.426,294.756,0.1580000000000154,-0.0003132938804806,92.697,91.96709170305677,0.4181880433048047,91.283,92.74,1.3389999999999986,0.0008991822833563,82.695,81.99210043668124,0.4060100732209604,81.278,82.695,1.4059999999999917,0.0008765978845773,87.667,86.97705146600126,0.4017038329850039,86.267,87.73,1.3675000000000068,0.0008636424515776,87.687,86.9848003742982,0.408214348379858,86.298,87.751,1.346500000000006,0.0008766429834651,82.676,81.97710885839052,0.4000137866106734,81.289,82.719,1.3444999999999965,0.0008594632510734,77.619,77.36032657517156,0.2145807192711074,77.003,78.002,-0.095499999999987,0.0003699228456949,71.63,71.857096069869,0.1461253781577975,71.588,72.134,-0.4830000000000041,-0.0003132872396801,71.227,71.4872301933874,0.1679320594185674,71.163,71.778,-0.5510000000000019,-0.000360308707007,71.204,71.50398627573298,0.1864985130837483,71.204,71.861,-0.6255000000000024,-0.000399452578073,0.125,0.1346434809731753,0.0090389225372229,0.079,0.225,-0.0169999999999999,-3.506721477874867e-06,0.157,0.1669329382407984,0.0089828297035384,0.133,0.186,-0.003,2.9500770096901263e-06,0.612,0.6899048658764816,0.0826679569449742,0.443,0.925,-0.061,1.13775676905592e-05,2.133,2.004735495945103,0.1430293973820031,1.576,2.27,0.0365000000000002,-1.0492832127477416e-05,699.471,699.267555208983,0.5912511356478486,697.748,700.494,-0.4580000000000837,-4.661883437367591e-05,5.464,5.246472551466001,0.4216364750447061,4.44,5.952,0.2599999999999998,-3.967546723225828e-05,105.0,105.0,0.0,105.0,105.0,0.0,-8.895621141044312e-17,19.5,18.84263880224579,0.7435491501283432,18.0,19.5,1.5,6.765925646535999e-05,12.0,13.03446662507798,0.6937058704254876,12.0,13.5,0.0,0.0004362979819406,13.5,14.239238927011852,0.7499227955650792,13.5,15.0,0.0,0.0005164398752395,10.500000000000002,11.194323144104803,0.7474612221444679,10.500000000000002,12.0,0.0,0.0004390685024211,0.0,0.0,0.0,0.0,0.0,0.0,0.0,1.0,1.0,0.0,1.0,1.0,0.0,-3.2976611508622293e-19,1.0,1.0,0.0,1.0,1.0,0.0,-3.2976611508622293e-19,1.0,1.0,0.0,1.0,1.0,0.0,-3.2976611508622293e-19,1.0,1.0,0.0,1.0,1.0,0.0,-3.2976611508622293e-19,0.0,2.449781659388646,6.741215370278907,0.0,21.0,-21.0,-0.0001916116435764,4.027,3.845468184653774,0.2001140970202041,3.193,4.253,0.1670000000000002,6.759427887462568e-05,2.013,1.9228911416094825,0.1000638575094419,1.597,2.13,0.0829999999999999,3.342319491748905e-05,0.8341478,3,0.689095923794722,0.6674773097038269
batch_dist_ternary_butan-1-ol+propan-2-ol+water__operating_point_028__train_normal_experiment_001,batch_dist_ternary_butan-1-ol+propan-2-ol+water,operating_point_028,train_normal_experiment_001,0.1,2049,341.46666666666664,0.698567173084311,1.0,1.0,0.0,1.0,1.0,0.0,3.7902756544731323e-19,1.0,1.0,0.0,1.0,1.0,0.0,3.7902756544731323e-19,294.801,294.7973701805759,0.3316576686277687,293.99,295.252,0.7210000000000036,0.000232645164413,92.718,92.1585439238653,0.2947420719766613,91.647,92.804,0.9849999999999994,0.0004833536501669,82.759,81.98227623230845,0.4256827084273366,81.278,82.781,1.4590000000000032,0.000718263350132,87.73,87.16945558809175,0.2779366265956596,86.819,87.815,0.784000000000006,0.0004448587658297,87.751,87.19828208882383,0.2536837587715292,86.853,87.751,0.7270000000000039,0.0004115094420686,82.74,82.09388530990728,0.3299725594192002,81.609,82.74,1.024000000000001,0.0005441931186781,80.532,79.77559907271839,0.4181481443389099,78.767,80.553,1.3190000000000026,0.0006930984849837,71.062,70.96678184480234,0.0713212782854767,70.851,71.083,0.1689999999999969,0.0001164111232223,70.718,70.71853221083457,0.0202630863075722,70.633,70.782,0.0210000000000007,1.649033697279984e-05,70.993,70.96719594924353,0.0274583235051104,70.865,71.035,0.0849999999999937,3.0025138908099858e-05,0.146,0.1464502196193265,0.0133144740170607,0.01,0.261,-0.011,2.947145171945328e-07,0.187,0.1721742313323572,0.0143451969371499,0.126,0.197,0.011,1.4193214928980764e-05,0.729,0.6967513421181064,0.0833975483931856,0.439,0.916,0.0599999999999999,7.515697257883122e-06,1.609,1.9966346998535875,0.176355505127554,1.404,2.363,-0.244,1.4305515257293628e-05,697.488,699.0146037091264,0.744948959346304,696.654,700.467,-2.745999999999981,5.344412177900876e-05,4.509,4.464586383601757,0.3843726767939425,3.556,5.464,0.6030000000000002,-2.960505277894653e-05,105.0,105.0,0.0,105.0,105.0,0.0,-4.855500800269338e-17,21.000000000000004,21.220351390922403,0.5304934519727003,21.000000000000004,22.5,-1.4999999999999964,-0.0003080623476725,13.5,13.538799414348462,0.2381044455043002,13.5,15.0,0.0,-5.032663911010343e-05,15.0,14.494143484626647,0.7083755093746921,13.5,15.0,0.0,0.0001973519020283,12.0,11.288799414348462,0.7488124473378424,10.500000000000002,12.0,1.4999999999999982,0.0002442951145859,0.0,0.0,0.0,0.0,0.0,0.0,0.0,1.0,1.0,0.0,1.0,1.0,0.0,3.7902756544731323e-19,1.0,1.0,0.0,1.0,1.0,0.0,3.7902756544731323e-19,1.0,1.0,0.0,1.0,1.0,0.0,3.7902756544731323e-19,1.0,1.0,0.0,1.0,1.0,0.0,3.7902756544731323e-19,0.0,1.6505612493899464,5.795262443660722,0.0,23.0,0.0,-2.435425445488114e-05,3.347,3.780154465592972,0.2442574152420996,3.073,4.28,-0.5,7.665389994486924e-05,1.673,1.890333821376281,0.122086122515913,1.537,2.14,-0.25,3.848268070608435e-05,0.82698494,3,0.689095923794722,0.6674773097038269
batch_dist_ternary_butan-1-ol+propan-2-ol+water__operating_point_030__test_anormal_experiment_001,batch_dist_ternary_butan-1-ol+propan-2-ol+water,operating_point_030,test_anormal_experiment_001,0.1,544,90.5,0.4914092846637076,1.0,1.0,0.0,1.0,1.0,0.0,-1.5089702511901272e-18,1.0,1.0,0.0,1.0,1.0,0.0,-1.5089702511901272e-18,355.714,354.20832904411765,0.9853131981920464,352.404,355.76,3.240999999999985,0.0062523113929033,88.757,88.18846231617647,0.311598924363498,87.666,88.8,1.0480000000000018,0.0019671099463911,78.49,77.7277306985294,0.4353382385920109,76.989,78.511,1.4789999999999992,0.0027693484397408,83.746,83.29849816176471,0.259044591104397,82.856,83.831,0.867999999999995,0.0016356743059634,83.864,83.33335753676471,0.2756972184602642,82.904,83.886,0.9170000000000016,0.0017338022297723,78.728,78.15980330882353,0.3322209727450964,77.683,78.749,0.9809999999999944,0.0020919164606892,73.477,73.05410110294117,0.1882236766775596,72.756,73.477,0.7000000000000028,0.0011643789151829,68.686,68.90621783088235,0.1407540416894401,68.665,69.17,-0.4409999999999883,-0.0008855522662966,68.07,68.37255514705882,0.2037107362275984,68.049,68.748,-0.6560000000000059,-0.0012908370553352,67.923,68.14957720588235,0.1573856334149608,67.923,68.474,-0.5510000000000019,-0.0009818192389228,0.329,0.3286038602941176,0.0032674536692174,0.319,0.335,0.01,9.398284251609554e-06,0.512,0.5000137867647059,0.0091849007526964,0.473,0.513,0.039,5.454696058057198e-05,0.887,0.8717325367647059,0.0468639856490863,0.705,0.98,0.0889999999999999,1.6537819065991024e-05,1.97,2.037157169117647,0.0653855408783676,1.834,2.26,-0.2470000000000001,-0.0001378541181539,598.798,599.2051185661765,0.6329408660327367,597.775,600.539,-0.4220000000000254,8.764585501220063e-05,4.878,5.104320772058824,0.4320509213828692,4.444,5.952,-0.0819999999999998,1.4150321413983809e-05,157.5,157.5,0.0,157.5,157.5,0.0,-8.92385053228349e-17,22.5,21.660386029411764,0.743932341629578,21.000000000000004,22.5,1.4999999999999964,0.000594964340341,13.5,12.941636029411764,0.7243905195944741,12.0,13.5,1.5,0.0008568213260264,13.5,13.384191176470589,0.4003767621713968,12.0,13.5,0.0,0.0003065806382363,10.500000000000002,10.392463235294118,0.3869638113511593,9.0,10.500000000000002,1.5000000000000018,0.0003412973735289,100.0,100.0,0.0,100.0,100.0,0.0,-6.042842217613063e-17,1.0,1.0,0.0,1.0,1.0,0.0,-1.5089702511901272e-18,1.0,1.0,0.0,1.0,1.0,0.0,-1.5089702511901272e-18,1.0,1.0,0.0,1.0,1.0,0.0,-1.5089702511901272e-18,1.0,1.0,0.0,1.0,1.0,0.0,-1.5089702511901272e-18,0.0,3.704044117647059,9.070531542784131,0.0,26.0,0.0,-0.0009074801799679,8.633,8.53497518382353,0.1345593667839754,8.18,8.84,0.2659999999999982,0.0006620729077529,4.317,4.267818933823529,0.067314859317187,4.09,4.42,0.1340000000000003,0.000331836699782,0.8495041,3,0.689095923794722,0.6674773097038269
batch_dist_ternary_butan-1-ol+propan-2-ol+water__operating_point_030__test_anormal_experiment_002,batch_dist_ternary_butan-1-ol+propan-2-ol+water,operating_point_030,test_anormal_experiment_002,0.1,614,102.3,0.7482780850605174,1.0,1.0,0.0,1.0,1.0,0.0,-9.791922566516414e-20,1.0,1.0,0.0,1.0,1.0,0.0,-9.791922566516414e-20,357.256,356.2295008143322,0.6689173465610528,355.002,357.348,2.2539999999999623,0.0037601187869461,87.966,87.71782247557003,0.1080605011337259,87.538,87.987,0.2999999999999971,0.0004814136027604,77.461,77.08966368078177,0.2174643809992553,76.732,77.461,0.7289999999999992,0.0012228107769597,82.899,82.95071009771988,0.0892076996482808,82.814,83.216,-0.2330000000000041,-0.0004606451852044,83.117,82.8888338762215,0.0951384517887138,82.776,83.139,0.2560000000000002,0.000466118037059,77.875,77.73490716612379,0.0807841930355944,77.576,77.875,0.0639999999999929,-6.518540906344492e-05,72.522,72.1370513029316,0.2292420350669239,71.546,72.522,0.9759999999999992,0.001251853092687,68.119,68.19550977198698,0.0449281174224707,68.098,68.266,-0.1260000000000047,-0.0002343826607918,67.477,67.59039413680782,0.0752564575009342,67.456,67.752,-0.2539999999999907,-0.0004082653961703,67.648,67.72879723127036,0.0609597908446715,67.606,67.86,-0.2120000000000033,-0.0003293682689524,0.333,0.3263485342019544,0.0066342210342221,0.305,0.34,0.022,2.2688599581820777e-05,0.52,0.5090350162866449,0.0123496493475017,0.477,0.528,0.033,5.410241618822428e-05,0.761,0.7853550488599348,0.0629317154801236,0.503,0.968,-0.0659999999999999,5.415714781726135e-05,2.118,1.998403908794788,0.0922376844936351,1.595,2.205,0.4979999999999998,0.0001052504908414,600.126,599.1706530944625,0.5994373822670356,597.623,600.306,1.7759999999999536,-0.0001645239767432,4.883,5.148901465798046,0.4132488963170956,4.44,5.865,0.3330000000000002,5.25934406806002e-05,157.5,157.5,0.0,157.5,157.5,0.0,1.490284947577345e-16,25.500000000000004,25.634364820846905,0.4283612099491928,25.500000000000004,27.0,0.0,-0.0004593024393612,13.5,13.5,0.0,13.5,13.5,0.0,9.919608661227739e-18,13.5,13.5,0.0,13.5,13.5,0.0,9.919608661227739e-18,10.500000000000002,10.2385993485342,0.5690085031104142,9.0,10.500000000000002,0.0,0.0016422988009975,100.0,100.0,0.0,100.0,100.0,0.0,2.6007096920509106e-18,1.0,1.0,0.0,1.0,1.0,0.0,-9.791922566516414e-20,1.0,1.0,0.0,1.0,1.0,0.0,-9.791922566516414e-20,1.0,1.0,0.0,1.0,1.0,0.0,-9.791922566516414e-20,1.0,1.0,0.0,1.0,1.0,0.0,-9.791922566516414e-20,0.0,2.3745928338762217,7.646915416555991,0.0,27.0,0.0,-0.0001147770084648,8.873,8.719768729641695,0.160083643952943,8.207,9.06,0.5199999999999996,0.0005795049943421,4.437,4.359932410423453,0.0798348554517648,4.103,4.53,0.2600000000000007,0.0002889655955398,0.7309116,3,0.689095923794722,0.6674773097038269
batch_dist_ternary_butan-1-ol+propan-2-ol+water__operating_point_030__train_normal_experiment_001,batch_dist_ternary_butan-1-ol+propan-2-ol+water,operating_point_030,train_normal_experiment_001,0.1,559,93.15,0.8727910974666653,1.0,1.0,0.0,1.0,1.0,0.0,4.3239264463027924e-19,1.0,1.0,0.0,1.0,1.0,0.0,4.3239264463027924e-19,355.4385070800781,354.05860764396,0.8461189467552466,352.4501342773437,355.4844665527344,2.988372802734432,0.0052352704710651,89.72021484375,89.52121465747813,0.1302756731154817,89.16375732421875,89.76302337646484,0.5350570678710938,0.0007034936654915,79.02583312988281,78.50372906788944,0.3020089806925856,78.01811981201172,79.02583312988281,1.0077133178710938,0.0018684512009749,84.52976989746094,84.2511583372604,0.1076442575641748,84.0636978149414,84.52976989746094,0.3601531982421875,0.000624769502068,84.52584075927734,84.32670578248599,0.1088476642570677,84.16297149658203,84.56854248046875,0.2134552001953125,0.000576443655657,79.36795806884766,79.05435766175736,0.1312119761368841,78.83464813232422,79.3892822265625,0.3626632690429687,0.0007148995981559,75.17575073242188,74.74115840522889,0.2828536390734281,74.28388214111328,75.21822357177734,0.8918685913085938,0.0017305519192665,67.74057006835938,67.76678559605251,0.0295451251441016,67.69854736328125,67.8246078491211,0.042022705078125,9.325659270567357e-05,67.28643035888672,67.28658046278842,0.02762178926358,67.20174407958984,67.32877349853516,0.0,-8.842604409178708e-05,67.47915649414062,67.48216682939069,0.0176778375177346,67.43685913085938,67.5214614868164,0.0,-4.167948522106976e-05,0.322275310754776,0.3055984281363342,0.0072293530436081,0.2863771915435791,0.3227240443229675,0.0325775444507598,3.148900461581212e-05,0.5256543159484863,0.5052303803254965,0.0111232427047242,0.4782834351062774,0.5261028409004211,0.0450381934642792,6.164904769603098e-05,0.7791023254394531,0.7991177707324087,0.05680247914134,0.6313953399658203,0.928985595703125,-0.0314979553222656,2.9371080492142035e-05,1.970014572143555,2.0339780118256434,0.0717703306287471,1.7927379608154297,2.197317123413086,0.0108795166015629,5.383857114984838e-05,599.076416015625,598.9160100564974,0.7740381590558776,597.1112060546875,600.6109008789062,-0.44873046875,-0.0003602648510304,6.375227928161621,6.660318144318882,0.392892021567535,5.752636909484863,7.299270153045654,-0.45404052734375,6.74467031083769e-05,157.5,157.5,0.0,157.5,157.5,0.0,-3.1390214066934565e-17,22.5,21.92844364937388,0.7284626716573256,21.000000000000004,22.5,0.0,-0.0020598212739998,15.0,14.283542039355993,0.7492495789760852,13.5,15.0,1.5,-0.0005830441126765,13.5,14.844364937388193,0.4574170101816603,13.5,15.0,0.0,0.0004038440928913,10.500000000000002,11.254025044722718,0.7499891992655485,10.500000000000002,12.0,0.0,0.0020341623867505,100.0,100.0,0.0,100.0,100.0,0.0,1.080301167136201e-17,1.0,1.0,0.0,1.0,1.0,0.0,4.3239264463027924e-19,1.0,1.0,0.0,1.0,1.0,0.0,4.3239264463027924e-19,1.0,1.0,0.0,1.0,1.0,0.0,4.3239264463027924e-19,1.0,1.0,0.0,1.0,1.0,0.0,4.3239264463027924e-19,0.0,3.4364937388193204,10.223223721979227,0.0,34.0,0.0,-0.0020472837989717,8.226666450500488,7.972385291763197,0.1827993107616278,7.440000057220459,8.366666793823242,0.7866663932800293,0.0009236369386372,3.81333327293396,3.6861627948518727,0.0913658701911792,3.4200000762939453,3.883333444595337,0.3933331966400146,0.0004612394239832,0.7260212,3,0.689095923794722,0.6674773097038269
batch_dist_ternary_butan-1-ol+propan-2-ol+water__operating_point_032__test_anormal_experiment_001,batch_dist_ternary_butan-1-ol+propan-2-ol+water,operating_point_032,test_anormal_experiment_001,0.1,437,72.78333333333333,0.9870150890941936,1.0,1.0,0.0,1.0,1.0,0.0,-2.0492987429657814e-18,1.0,1.0,0.0,1.0,1.0,0.0,-2.0492987429657814e-18,426.247,425.8922894736842,0.2270827762240416,425.4,426.295,0.8000000000000114,0.0017478685491719,88.993,88.36568993135012,0.4123246336494866,87.837,89.635,-0.6420000000000101,-3.522516190432029e-05,81.579,81.6699233409611,0.0854323260744726,81.536,81.836,-0.0210000000000007,0.0002041779053257,84.276,83.74824256292906,0.4069928897785236,83.174,84.848,-0.5499999999999972,0.0004737559634752,84.718,83.86768649885585,0.564001501309213,83.032,84.782,0.1280000000000001,0.0029974509728923,80.008,79.35030549199084,0.4418740280607627,78.749,80.328,-0.2990000000000066,0.0009484821734902,80.66,80.74380663615563,0.095585380750248,80.596,80.979,0.0,7.100306596466035e-05,80.35,80.48736956521739,0.1177406690052223,80.307,80.771,0.0219999999999913,7.407262548772102e-05,80.205,80.33636842105264,0.1180012816923219,80.141,80.588,0.0,7.728583470242869e-05,74.955,75.62794164759725,2.4243359723392435,71.776,80.387,-5.2620000000000005,-0.0115043509751643,0.098,0.1769839816933638,0.5489063578378046,0.004,6.306,-0.068,-2.5537651029892406e-05,0.163,0.2083741418764301,0.1523561487405291,0.161,2.156,-0.147,-0.0004936096737354,0.383,0.445421052631579,0.0974583115277937,0.227,0.841,-0.0359999999999999,9.642115271184404e-05,-0.593,-0.0618672768878718,0.4848483492225618,-0.877,1.714,-2.294,-0.0030043882176768,490.255,493.0493512585813,3.257584264961111,488.165,500.368,0.7980000000000018,-0.0022113283958482,4.873,5.25150228832952,0.4286669868071107,4.444,6.222,-0.601,9.831958619685956e-05,210.0,210.0,0.0,210.0,210.0,0.0,-1.4164377160152675e-16,15.0,13.736842105263158,2.7225273635157707,6.0,16.5,9.0,0.0184056020216213,12.0,12.015446224256292,1.7984599552102618,6.0,13.5,6.0,0.0060205613179995,13.5,12.200800915331808,2.310032947588958,6.0,15.0,7.5,0.0142799871966281,10.500000000000002,9.679633867276888,1.960215710715844,4.5,12.0,6.000000000000002,0.0109171608609088,0.0,0.0,0.0,0.0,0.0,0.0,0.0,1.0,1.0,0.0,1.0,1.0,0.0,-2.0492987429657814e-18,1.0,1.0,0.0,1.0,1.0,0.0,-2.0492987429657814e-18,1.0,1.0,0.0,1.0,1.0,0.0,-2.0492987429657814e-18,1.0,1.0,0.0,1.0,1.0,0.0,-2.0492987429657814e-18,0.0,0.7848970251716247,6.151738851193729,0.0,49.0,0.0,0.0012330291334228,3.4,3.654919908466818,0.5390196249272768,3.4,5.0,-1.6,-0.0028743382983306,1.7,1.7295194508009146,0.1218582201701606,1.5,2.0,-0.3,-0.0003869914060385,0.6732179,3,0.689095923794722,0.6674773097038269
batch_dist_ternary_butan-1-ol+propan-2-ol+water__operating_point_012__test_anormal_experiment_001,batch_dist_ternary_butan-1-ol+propan-2-ol+water,operating_point_012,test_anormal_experiment_001,0.1,1389,231.36666666666667,0.6847629577536862,1.0,1.0,0.0,1.0,1.0,0.0,1.1245800576777441e-18,1.0,1.0,0.0,1.0,1.0,0.0,1.1245800576777441e-18,423.353,422.4587948164148,0.7577907086496117,420.766,423.4,2.51600000000002,0.0018312059970415,89.699,89.79574226061915,0.1452815239023948,89.442,90.17,-0.4710000000000036,-0.000330931651564,79.433,79.24576457883369,0.0988331509823608,79.069,79.455,0.3640000000000043,0.0002406557527021,84.509,84.7374856011519,0.2420266798507054,84.403,85.441,-0.8469999999999942,-0.0005497947911145,84.611,84.88089200863932,0.2562663670887397,84.526,85.38,-0.7259999999999991,-0.0006088305220532,79.603,79.67868646508279,0.2131744448109995,79.389,80.264,-0.5970000000000084,-0.0004723988541222,77.853,77.73518430525557,0.0669797166779576,77.577,77.917,0.2129999999999938,0.0001348590147743,72.555,72.61824946004319,0.0352090160431015,72.513,72.681,-0.1259999999999905,-5.68305000219235e-05,72.393,72.47542080633549,0.0349980487854411,72.371,72.541,-0.0630000000000023,-3.718551179680397e-05,72.475,72.56131965442765,0.0296578833646137,72.475,72.624,-0.0640000000000071,-2.075838983367308e-05,0.122,0.0978750899928005,0.0212834681704019,0.053,0.148,0.02,-1.0380617770676532e-05,0.675,0.5186821454283658,0.0580323134162057,0.388,0.685,0.152,3.887596963963506e-05,0.993,1.0584578833693303,0.0494035977314407,0.836,1.199,-0.1050000000000001,6.210538754934622e-06,1.943,2.039757379409647,0.3334815837391991,1.346,2.743,-0.0389999999999999,9.308159873157132e-05,748.215,748.6602966162707,0.8324464817152833,746.555,751.105,0.5380000000000109,-2.3906868740267814e-05,3.902,3.736041756659468,0.3142082632102923,2.89,4.562,0.0030000000000001,3.182058706302899e-06,210.0,210.0,0.0,210.0,210.0,0.0,-2.947796467857282e-18,22.5,22.22570194384449,0.5860862372289782,21.000000000000004,24.0,0.0,-0.0004211770536639,13.5,12.7122030237581,0.7466101259450231,12.0,13.5,0.0,-0.0008459308327794,15.0,14.089092872570196,0.7305984691498784,13.5,15.0,1.5,0.0005710603214355,10.500000000000002,9.751619870410368,0.7472935835359065,9.0,10.500000000000002,1.5000000000000018,0.000659944467727,0.0,0.0,0.0,0.0,0.0,0.0,0.0,1.0,1.0,0.0,1.0,1.0,0.0,1.1245800576777441e-18,1.0,1.0,0.0,1.0,1.0,0.0,1.1245800576777441e-18,1.0,1.0,0.0,1.0,1.0,0.0,1.1245800576777441e-18,1.0,1.0,0.0,1.0,1.0,0.0,1.1245800576777441e-18,0.0,1.2624190064794816,4.887252800576678,0.0,21.0,0.0,-2.3697065526817744e-05,10.458,8.57596076313895,1.0266291361001296,5.933,11.367,1.6829999999999998,0.000472885882106,2.095,1.6413048956083514,0.2416209228473446,1.145,2.202,0.3350000000000002,-0.000111878306344,0.7986505,4,0.6962255665553588,0.6657598614692688
batch_dist_ternary_butan-1-ol+propan-2-ol+water__operating_point_012__test_anormal_experiment_002,batch_dist_ternary_butan-1-ol+propan-2-ol+water,operating_point_012,test_anormal_experiment_002,0.1,651,108.4,0.6934751622305062,1.0,1.0,0.0,1.0,1.0,0.0,-5.961262315862666e-19,1.0,1.0,0.0,1.0,1.0,0.0,-5.961262315862666e-19,424.364,423.5288102918588,0.5487111589689295,422.482,424.458,1.8109999999999784,0.0029031564101835,89.506,89.76127419354839,0.1731462928265798,89.463,90.084,-0.3209999999999979,-0.0008533009658065,79.455,79.35570814132106,0.0497862488934476,79.219,79.476,0.1929999999999978,0.0002469574597182,84.593,84.71393394777266,0.0996316924062177,84.572,85.038,-0.36099999999999,-0.0004693796091104,84.697,84.8587396313364,0.1189588642936157,84.654,85.145,-0.4269999999999925,-0.0006015550113847,79.624,79.65925652841781,0.0733252508437365,79.517,79.859,-0.213000000000008,-0.0003336544278994,76.535,76.56763287250384,0.0309593350182944,76.493,76.663,-0.0220000000000055,-3.283415575135207e-05,72.66,72.7774777265745,0.0904546412884516,72.639,72.997,-0.3160000000000025,-0.0004577927593879,72.393,72.48021966205836,0.0496796200851594,72.393,72.626,-0.1269999999999953,-0.0002291937984832,72.602,72.60421044546851,0.0276458197596933,72.56,72.687,-0.0639999999999929,-0.0001014158926369,0.114,0.1169086021505376,0.0048767153944367,0.108,0.135,-0.019,-8.620055978062607e-07,0.477,0.4671513056835637,0.0174299716438563,0.374,0.502,0.0289999999999999,4.3013529118813525e-05,1.032,1.0885115207373273,0.0495029543966895,0.922,1.243,-0.062,1.9496458419868307e-05,2.094,2.019636712749616,0.10643433558753,1.661,2.266,0.0769999999999999,-3.627019527079054e-05,748.843,748.6641420890936,0.9178166393242824,746.026,750.665,1.2199999999999136,0.0004794649897908,5.854,6.686073732718894,0.3954512588126534,5.753,7.299,-0.5209999999999999,2.7951102924384707e-05,210.0,210.0,0.0,210.0,210.0,0.0,-5.127500654774386e-17,19.5,19.37903225806452,0.4073749661119554,18.0,19.5,0.0,0.0005615095373654,13.5,12.82258064516129,0.746479771961686,12.0,13.5,1.5,0.0003155779506462,13.5,13.175115207373272,0.6178811054401809,12.0,13.5,1.5,0.001563536404225,10.500000000000002,10.11520737327189,0.6550752433941065,9.0,10.500000000000002,0.0,0.0010147165322308,0.0,0.0,0.0,0.0,0.0,0.0,0.0,1.0,1.0,0.0,1.0,1.0,0.0,-5.961262315862666e-19,1.0,1.0,0.0,1.0,1.0,0.0,-5.961262315862666e-19,1.0,1.0,0.0,1.0,1.0,0.0,-5.961262315862666e-19,1.0,1.0,0.0,1.0,1.0,0.0,-5.961262315862666e-19,0.0,1.7419354838709675,6.74082925533655,0.0,28.0,0.0,-0.000270973831235,7.242,7.038622887864824,0.2631336450545794,6.475,7.692,0.5499999999999998,0.0006541542071623,1.748,1.7077995391705068,0.0528539649666026,1.595,1.838,0.09,0.0001307020092513,0.8174763,4,0.6962255665553588,0.6657598614692688
batch_dist_ternary_butan-1-ol+propan-2-ol+water__operating_point_016__test_anormal_experiment_001,batch_dist_ternary_butan-1-ol+propan-2-ol+water,operating_point_016,test_anormal_experiment_001,0.1,316,52.55,0.6868716597635698,1.0,1.0,0.0,1.0,1.0,0.0,3.4426082841039363e-18,1.0,1.0,0.0,1.0,1.0,0.0,3.4426082841039363e-18,385.485,385.2535901898734,0.1383421583737535,385.044,385.578,0.3020000000000209,0.0013353923632316,95.569,94.91228797468354,0.4007291467220815,94.261,95.59,1.308000000000007,0.0043727584744718,85.683,84.60084335443038,0.5055235739787427,82.343,86.92,1.2490000000000094,0.0010576420936944,89.979,89.91384651898734,0.0736200755626974,89.725,90.022,0.1910000000000025,0.0006696986896824,90.423,90.2777231012658,0.0831718714120307,90.081,90.423,0.2999999999999971,0.0008772246022558,85.112,85.02859651898734,0.0549100186314887,84.877,85.133,0.1499999999999914,0.0005323880069139,81.593,80.7546598101266,0.5942172976032003,78.017,83.104,1.0820000000000078,-0.0011366762501826,72.773,73.60684651898734,0.7629068250800389,70.118,75.988,-1.6550000000000011,-0.0060060850575103,72.525,72.40202531645569,0.4897730205930596,70.226,74.114,-0.2279999999999944,-0.0022150196899425,72.381,72.4664746835443,0.4916639334034073,70.029,74.827,-0.1370000000000004,-0.0010859561554123,0.166,0.1500822784810126,0.0290962153765554,0.126,0.387,-0.089,-0.0001138086301085,0.406,0.3550712025316455,0.0176364165774444,0.327,0.414,0.077,0.0001171819708197,1.325,1.0519193037974683,0.1137019364620124,0.513,1.537,0.2769999999999999,7.336590587998455e-05,2.462,2.063988924050633,0.1714434088573092,1.498,2.927,0.5270000000000001,0.0006721866009511,746.537,746.9982246835443,2.0580528123240147,742.472,751.706,-1.3819999999999482,-0.0098670924105751,6.375,6.182443037974684,0.3729998789946334,5.333,6.836,-0.4539999999999997,-0.0003452832556573,175.0,175.0,0.0,175.0,175.0,0.0,8.040989162604803e-16,21.000000000000004,22.89873417721519,1.261979926306887,19.5,24.0,-2.9999999999999964,-0.0117689003485432,15.0,14.912183544303796,0.5795174590112279,12.0,16.5,0.0,-0.0010874153598667,15.0,15.4248417721519,0.7888713538585563,13.5,18.0,-1.5,-0.0040834051146313,12.0,11.897943037974684,0.595396801457404,9.0,13.5,0.0,-0.0012987661222696,0.0,0.0,0.0,0.0,0.0,0.0,0.0,1.0,1.0,0.0,1.0,1.0,0.0,3.4426082841039363e-18,1.0,1.0,0.0,1.0,1.0,0.0,3.4426082841039363e-18,1.0,1.0,0.0,1.0,1.0,0.0,3.4426082841039363e-18,1.0,1.0,0.0,1.0,1.0,0.0,3.4426082841039363e-18,0.0,1.4224683544303798,6.209896775137194,0.0,29.0,0.0,-0.0006755047984133,6.485,5.55792088607595,0.3340402747175737,4.685,7.182,1.3200000000000005,0.0021257735742142,2.193,1.8855601265822783,0.1100736643101678,1.595,2.428,0.435,0.0007080176382336,0.7002156,4,0.6962255665553588,0.6657598614692688
batch_dist_ternary_butan-1-ol+propan-2-ol+water__operating_point_016__train_normal_experiment_001,batch_dist_ternary_butan-1-ol+propan-2-ol+water,operating_point_016,train_normal_experiment_001,0.1,627,104.33333333333331,0.6853377264416467,1.0,1.0,0.0,1.0,1.0,0.0,-9.645665747549236e-19,1.0,1.0,0.0,1.0,1.0,0.0,-9.645665747549236e-19,396.375,396.1769928229665,0.1204750777810602,395.956,396.445,0.3029999999999972,0.0006267360575251,93.404,93.21224880382776,0.0953107834044943,92.997,93.425,0.3429999999999893,0.0004975142809933,83.21,83.00812440191388,0.1138945012321741,82.824,83.232,0.3859999999999957,0.000622977441439,88.239,88.01182296650717,0.1221173733326611,87.709,88.282,0.4450000000000074,0.0006418735843513,88.264,88.01542663476874,0.1280345480514367,87.729,88.264,0.4919999999999902,0.0006839423301896,82.997,82.85822089314195,0.0700509515671997,82.719,83.018,0.2349999999999994,0.0003557904950591,79.341,79.24407894736842,0.4001257923059074,78.427,79.958,0.4459999999999979,0.0015424782208095,72.66,72.62262200956937,0.0210188612901111,72.555,72.66,0.0630000000000023,7.032020640915705e-05,72.584,72.55539074960127,0.0214076506449623,72.499,72.605,0.0430000000000063,5.797300980033543e-06,72.729,72.7237711323764,0.0213985461912858,72.687,72.772,0.0,3.2017525196391416e-06,0.153,0.1538038277511961,0.0071153484184167,0.132,0.178,-0.0239999999999999,-3.7417473340314695e-06,0.358,0.3528141945773524,0.013696010645618,0.315,0.389,-0.031,1.946683252731678e-05,1.018,1.0930606060606058,0.0606922544970322,0.937,1.229,-0.1060000000000001,-5.051076537984841e-05,1.995,1.958492822966507,0.1446489685796951,1.561,2.303,0.2490000000000001,0.000444682711179,750.476,749.0577671451356,0.6716407580098744,747.39,750.53,2.5389999999999877,8.414104555461191e-05,3.556,3.1708827751196176,0.439734643657388,2.664,3.972,0.8239999999999998,2.382181865307156e-05,175.0,175.0,0.0,175.0,175.0,0.0,-1.682822376410956e-16,16.5,17.72488038277512,0.5805072110278698,16.5,18.0,-1.5,-0.0013984268878081,12.0,13.210526315789474,0.590441575511217,12.0,13.5,-1.5,-0.0002533233876661,13.5,14.155502392344498,0.7428162247650363,13.5,15.0,-1.5,-0.0005178195854541,10.500000000000002,10.500000000000002,0.0,10.500000000000002,10.500000000000002,0.0,-2.3465783308629436e-17,0.0,0.0,0.0,0.0,0.0,0.0,0.0,1.0,1.0,0.0,1.0,1.0,0.0,-9.645665747549236e-19,1.0,1.0,0.0,1.0,1.0,0.0,-9.645665747549236e-19,1.0,1.0,0.0,1.0,1.0,0.0,-9.645665747549236e-19,1.0,1.0,0.0,1.0,1.0,0.0,-9.645665747549236e-19,20.0,1.496810207336523,5.198836457422774,0.0,20.0,20.0,-4.203800235412995e-05,6.435,6.30960446570973,0.2181096632690019,5.588,6.81,-0.165,0.0004230448969759,2.142,2.102280701754386,0.0723062951158689,1.862,2.27,-0.0580000000000002,0.000136509223678,0.71853095,4,0.6962255665553588,0.6657598614692688
batch_dist_ternary_butan-1-ol+propan-2-ol+water__operating_point_017__test_anormal_experiment_001,batch_dist_ternary_butan-1-ol+propan-2-ol+water,operating_point_017,test_anormal_experiment_001,0.1,1053,175.33333333333334,0.6789549894914293,1.0,1.0,0.0,1.0,1.0,0.0,9.166535256639817e-19,1.0,1.0,0.0,1.0,1.0,0.0,9.166535256639817e-19,385.81,383.9129240265907,1.1660119853880144,381.353,385.833,4.434000000000026,0.0037978302091244,69.662,69.58772886989553,0.1794546578087734,69.279,70.045,-0.1699999999999875,-0.0001347661072897,59.676,59.58788793922128,0.0612547362498378,59.441,59.697,0.1490000000000009,0.0001871529922607,64.844,65.00858214624881,0.1484186081089599,64.781,65.455,-0.5260000000000105,-0.0004307554750769,64.84,65.05637037037037,0.1181911008919955,64.818,65.264,-0.3389999999999986,-0.0003613624012159,59.82,59.890163342830014,0.1069996778448929,59.757,60.202,-0.3609999999999971,-0.0002822423601692,57.511,57.47649192782527,0.0403001285629512,57.363,57.596,-0.0629999999999952,4.685559407029989e-05,52.398,52.40245109211776,0.0238804443680105,52.315,52.461,-0.0209999999999936,-1.92873994343708e-05,52.268,52.28964909781577,0.0318818017027413,52.205,52.353,-0.0420000000000015,-1.6228037476078635e-05,52.515,52.56995726495727,0.0259893976652039,52.494,52.642,-0.0429999999999992,-2.3352713196054724e-06,0.006,0.1082744539411206,0.087515306938492,0.005,1.275,-0.057,-8.988420942519342e-06,0.529,0.5164145299145299,0.0125585545050277,0.489,0.541,0.011,2.9209005966028582e-05,-0.215,-0.1622350427350427,0.0719034026546537,-0.357,0.063,-0.092,4.839415756364313e-06,1.978,1.9916358024691356,0.0990708859205447,1.523,2.272,0.3859999999999999,7.164114391695814e-05,298.233,298.5462018043685,0.8182752344550581,296.734,300.413,-0.3940000000000054,-5.563519242175916e-05,3.643,3.4799415954415958,0.413848514818632,2.664,4.44,0.7159999999999997,0.0001769591033936,175.0,175.0,0.0,175.0,175.0,0.0,-3.86252263125533e-17,19.5,18.465099715099715,0.9591142808508862,16.5,19.5,1.5,0.0010766316420676,9.0,8.461538461538462,0.717318862908827,7.5,9.0,0.0,-0.0009985467106988,9.0,8.537749287749287,0.6914461535775679,7.5,9.0,0.0,-0.0001223150731451,6.0,5.923076923076923,0.3308586641170241,4.5,6.0,0.0,0.0003583119397579,0.0,0.0,0.0,0.0,0.0,0.0,0.0,1.0,1.0,0.0,1.0,1.0,0.0,9.166535256639817e-19,1.0,1.0,0.0,1.0,1.0,0.0,9.166535256639817e-19,1.0,1.0,0.0,1.0,1.0,0.0,9.166535256639817e-19,1.0,1.0,0.0,1.0,1.0,0.0,9.166535256639817e-19,0.0,1.898860398860399,8.809446207395013,0.0,43.0,0.0,-0.0002565471555594,8.977,8.806673314339982,0.2063060384491958,8.278,9.389,0.6650000000000009,0.0003818801355038,1.283,1.258037037037037,0.0295708953116141,1.183,1.341,0.0949999999999999,5.469125634384245e-05,0.71065205,4,0.6962255665553588,0.6657598614692688
batch_dist_ternary_butan-1-ol+propan-2-ol+water__operating_point_017__train_normal_experiment_001,batch_dist_ternary_butan-1-ol+propan-2-ol+water,operating_point_017,train_normal_experiment_001,0.1,245,40.71666666666667,0.6724500963647279,1.0,1.0,0.0,1.0,1.0,0.0,-2.9489015594649642e-18,1.0,1.0,0.0,1.0,1.0,0.0,-2.9489015594649642e-18,366.036,362.2738510204082,2.3987153141665902,357.647,366.036,8.38900000000001,0.033818708026992,68.407,68.30456734693877,0.0459137007152506,68.194,68.428,0.1910000000000025,0.0004583864413415,59.036,58.988975510204085,0.0237063543587913,58.93,59.036,0.1060000000000016,0.000160157161625,64.549,64.46879387755102,0.0720077756803666,64.338,64.612,0.1680000000000063,0.0009445483031276,64.161,64.20333877551022,0.0641470371413275,64.033,64.309,0.0850000000000079,0.0004268831243011,59.248,59.24012857142857,0.0211098390832913,59.184,59.29,0.0210000000000007,3.956499033021604e-05,54.175,54.33067959183674,0.053908902674684,54.175,54.534,-0.3590000000000017,-0.0002065569690492,52.398,52.42088571428571,0.0183723727817773,52.377,52.482,-0.0419999999999944,-0.0001481236076998,52.289,52.3046,0.0169333989500047,52.247,52.331,0.0210000000000007,2.899411663897703e-05,52.6,52.55873673469387,0.0218448863289684,52.515,52.6,0.0210000000000007,9.031856645077516e-05,0.1,0.0693408163265306,0.0414183628721256,0.004,0.206,0.041,4.7206831553092885e-05,0.423,0.471704081632653,0.1395124571413821,0.345,0.796,0.0259999999999999,0.000398856375817,-0.237,-0.1595061224489796,0.0681441671277595,-0.306,-0.02,-0.1159999999999999,-0.000109506401521,1.792,2.042755102040816,0.2234244638471753,1.571,2.481,0.0849999999999999,0.0009025402084064,299.597,299.45205714285714,0.4182801263287938,298.457,300.341,0.2249999999999659,0.0004565496250466,3.643,3.73484693877551,0.3782294709494629,2.924,4.558,-0.2590000000000003,0.000261550481848,175.0,175.0,0.0,175.0,175.0,0.0,-1.084621840568556e-15,15.0,15.0,0.0,15.0,15.0,0.0,-2.6654747218766004e-17,7.5,7.928571428571429,0.6776309271789385,7.5,9.0,-1.5,-0.0074566091930575,7.5,8.620408163265306,0.6521485970133053,7.5,9.0,-1.5,-0.0066242890598862,6.0,6.0,0.0,6.0,6.0,0.0,-1.7945873518787058e-17,0.0,0.0,0.0,0.0,0.0,0.0,0.0,1.0,1.0,0.0,1.0,1.0,0.0,-2.9489015594649642e-18,1.0,1.0,0.0,1.0,1.0,0.0,-2.9489015594649642e-18,1.0,1.0,0.0,1.0,1.0,0.0,-2.9489015594649642e-18,1.0,1.0,0.0,1.0,1.0,0.0,-2.9489015594649642e-18,40.0,4.244897959183674,12.319771088923089,0.0,40.0,40.0,0.0012403201984512,6.834,6.967524489795919,0.6400279246237691,5.854,11.524,0.4729999999999998,0.0043296987327517,0.978,1.0640163265306124,0.2078151104746901,0.846,1.745,-0.6859999999999999,-0.000586819149891,0.6859491,4,0.6962255665553588,0.6657598614692688
batch_dist_ternary_butan-1-ol+propan-2-ol+water__operating_point_022__test_anormal_experiment_001,batch_dist_ternary_butan-1-ol+propan-2-ol+water,operating_point_022,test_anormal_experiment_001,0.1,890,148.25,0.6832104934548542,1.0,1.0,0.0,1.0,1.0,0.0,-1.4556387673702892e-19,1.0,1.0,0.0,1.0,1.0,0.0,-1.4556387673702892e-19,341.487,341.0242348314607,0.32087376831281,340.343,341.51,1.0750000000000457,0.0012249903389249,75.816,75.61211404494384,0.2807428922418397,75.134,76.071,-0.2549999999999954,-0.0001970189757945,65.779,65.75987584269663,0.0220612154110631,65.715,65.843,0.0219999999999913,5.8298709426756906e-05,70.872,71.03728370786516,0.1126173052030434,70.83,71.315,-0.4009999999999962,-0.000398986298827,70.935,71.06821573033707,0.1159424890356969,70.914,71.403,-0.4249999999999971,-0.0003917862837795,65.828,65.97460280898876,0.0858924258147021,65.785,66.231,-0.36099999999999,-0.0002862263386637,63.325,63.34215674157304,0.0491261948083591,63.219,63.473,-0.1479999999999961,-5.4045997910409134e-05,58.384,58.37812471910112,0.0188005843854846,58.342,58.468,-0.0210000000000007,-4.322317218004578e-05,58.28,58.28005898876405,0.0258612688820741,58.217,58.343,-0.0420000000000015,-4.4392522946909495e-05,58.543,58.54510898876405,0.0197373890356275,58.48,58.607,-0.0429999999999992,-1.3721224921801964e-05,0.062,0.0639893258426966,0.0885265030371975,0.005,1.48,0.008,4.840395546402806e-05,0.448,0.4470685393258427,0.1177156869020023,0.152,1.93,0.013,3.391355957931232e-05,0.138,0.1623241573033708,0.0496698055659977,0.004,0.336,-0.0719999999999999,-9.938921918042407e-06,1.927,1.9877314606741567,0.1567190082585766,1.612,2.407,-0.0809999999999999,0.0001343529369009,399.094,399.23754775280895,0.5697823236247102,397.793,400.575,-0.4669999999999845,-4.943364459418004e-05,3.643,3.735016853932585,0.3213308626812099,2.924,4.558,-0.181,-0.0001039879037932,140.0,140.0,0.0,140.0,140.0,0.0,9.613593201780083e-17,19.5,19.11994382022472,0.8430205837991158,18.0,21.000000000000004,1.5,0.0018932579801375,9.0,9.315168539325844,0.6110823191747407,9.0,10.500000000000002,0.0,-0.0002636927789542,10.500000000000002,9.685955056179775,0.7472604935168629,9.0,10.500000000000002,0.0,0.0001599774491927,7.5,6.815730337078652,0.7462676985128772,6.0,7.5,1.5,0.0002829574801617,0.0,0.0,0.0,0.0,0.0,0.0,0.0,1.0,1.0,0.0,1.0,1.0,0.0,-1.4556387673702892e-19,1.0,1.0,0.0,1.0,1.0,0.0,-1.4556387673702892e-19,1.0,1.0,0.0,1.0,1.0,0.0,-1.4556387673702892e-19,1.0,1.0,0.0,1.0,1.0,0.0,-1.4556387673702892e-19,0.0,3.943820224719101,11.195163031127484,0.0,36.0,-36.0,-0.0002244356840481,7.516,7.447706179775282,0.2734234161742044,6.843,8.216,-0.4109999999999996,0.0002029270558068,1.074,1.0640876404494382,0.0391140964854197,0.978,1.174,-0.0589999999999999,2.9164536251150365e-05,0.68047017,4,0.6962255665553588,0.6657598614692688
batch_dist_ternary_butan-1-ol+propan-2-ol+water__operating_point_022__train_normal_experiment_001,batch_dist_ternary_butan-1-ol+propan-2-ol+water,operating_point_022,train_normal_experiment_001,0.1,553,92.11666666666666,0.6811837097008695,1.0,1.0,0.0,1.0,1.0,0.0,3.453897736948293e-19,1.0,1.0,0.0,1.0,1.0,0.0,3.453897736948293e-19,343.182,342.80429023508134,0.5064606437483056,341.648,343.388,1.5339999999999918,0.0030032571229317,75.773,75.73213110307415,0.0407715872114132,75.667,75.858,0.0210000000000007,-9.51057685949466e-05,65.672,65.65006057866185,0.0424764634457973,65.522,65.736,0.1499999999999914,0.0002211321900235,70.851,70.86037522603978,0.0487616799305618,70.767,71.02,-0.1479999999999961,-0.0002151492494102,70.893,70.87111844484629,0.0415733842528194,70.786,70.999,-0.1059999999999945,-0.0001896963041449,65.849,65.80059312839059,0.0459809488398946,65.7,65.912,-0.0420000000000015,4.258857736641389e-05,60.406,60.367026220614825,0.0571091934941909,60.237,60.47,0.083999999999996,0.0002378734321972,58.447,58.418253164556965,0.0293098757946797,58.279,58.489,0.1470000000000055,9.716595570513077e-05,58.343,58.32404701627488,0.0234896297990328,58.195,58.364,0.1480000000000032,6.306964083128295e-05,58.607,58.59389692585896,0.027691275441496,58.48,58.649,0.1060000000000016,7.4556478085167e-05,0.059,0.0813652802893309,0.1016848588160697,0.005,0.9,-0.202,-3.660013743332324e-05,0.41,0.4381121157323689,0.0452486809339795,0.011,0.758,-0.116,-3.40197146711641e-05,0.195,0.1327793851717902,0.0514152963953282,-0.051,0.309,0.146,8.522469723938386e-05,2.203,1.9898444846292949,0.1749941028491179,1.627,2.394,0.1339999999999999,-1.025328660638108e-05,399.642,399.1364412296564,0.5542131517863439,397.649,400.404,1.992999999999995,0.0003944231007759,3.902,4.136580470162749,0.4148653437807301,3.556,4.975,-0.6520000000000001,-1.927518681366828e-05,140.0,140.0,0.0,140.0,140.0,0.0,-9.156238256535764e-17,16.5,16.649186256781192,0.4489129603379769,16.5,18.0,0.0,0.0007327222725715,9.0,9.132911392405065,0.4262647655818419,9.0,10.500000000000002,0.0,8.940829589774724e-05,9.0,9.500452079566005,0.7051058773946963,9.0,10.500000000000002,0.0,0.0003584314719472,6.0,6.705244122965642,0.7486634166772711,6.0,7.5,0.0,-0.0005809410464403,0.0,0.0,0.0,0.0,0.0,0.0,0.0,1.0,1.0,0.0,1.0,1.0,0.0,3.453897736948293e-19,1.0,1.0,0.0,1.0,1.0,0.0,3.453897736948293e-19,1.0,1.0,0.0,1.0,1.0,0.0,3.453897736948293e-19,1.0,1.0,0.0,1.0,1.0,0.0,3.453897736948293e-19,36.0,2.603978300180832,9.262328302517457,0.0,36.0,36.0,-9.707186411755388e-05,7.761,7.591083182640144,0.3183771197309426,6.904,8.321,-0.1139999999999998,-4.754506107154219e-05,1.114,1.0844231464737792,0.0455769818281006,0.986,1.189,-0.01,-7.733249923434558e-06,0.6904608,4,0.6962255665553588,0.6657598614692688
batch_dist_ternary_butan-1-ol+propan-2-ol+water__operating_point_026__test_anormal_experiment_001,batch_dist_ternary_butan-1-ol+propan-2-ol+water,operating_point_026,test_anormal_experiment_001,0.1,769,128.03333333333333,0.676670446781282,1.0,1.0,0.0,1.0,1.0,0.0,-5.431791238442999e-19,1.0,1.0,0.0,1.0,1.0,0.0,-5.431791238442999e-19,337.598,337.2960767230169,0.2777161115004308,336.387,337.69,1.143000000000029,0.0011374913448059,71.428,71.74892587776334,0.1445787624898999,71.407,71.982,-0.1280000000000001,-0.0003487490737886,61.595,61.540037061118326,0.0813401141266437,61.36,61.702,0.1490000000000009,0.0002379804952037,66.698,66.89360923276983,0.1035290824022534,66.634,67.077,-0.2520000000000095,-0.0003056764614611,66.686,66.87203185955786,0.1040251605645587,66.622,67.132,-0.36099999999999,-0.0002954657866516,61.751,61.72509817945384,0.0670499671746081,61.602,61.857,0.064,0.000214859806968,56.096,56.41921521456437,0.2612941238476936,55.864,56.898,-0.7180000000000035,-0.0010085289284026,52.858,53.12616644993498,0.1764961151593167,52.837,53.465,-0.6070000000000064,-0.0007748698158554,52.542,52.71297919375813,0.1180963309770767,52.521,52.901,-0.3590000000000017,-0.000475125909323,52.831,52.96407087126138,0.0978113074717433,52.81,53.126,-0.2739999999999938,-0.0003678470363349,0.069,0.0868439531859557,0.0376830473862598,0.005,0.222,-0.0059999999999999,-1.880694484319331e-05,0.407,0.4227288686605981,0.0180438787215568,0.397,0.474,-0.007,1.887234697194901e-05,-0.493,-0.4081313394018205,0.0674762852405013,-0.579,-0.251,-0.069,-2.4464077250772404e-05,1.927,2.0036137841352404,0.1341244268976453,1.697,2.401,-0.379,-0.0001044183181902,297.165,297.84811703511053,0.9467339456288836,296.196,300.045,-0.4659999999999513,-0.0014974256471342,4.878,4.03679388816645,0.3993598821242462,3.333,4.883,1.2350000000000003,0.0001306137376927,140.0,140.0,0.0,140.0,140.0,0.0,-4.5899713153347347e-17,18.0,17.315344603381014,0.7471479658066251,16.5,18.0,0.0,0.0007539914165808,9.0,8.301690507152145,0.7482166073206032,7.5,9.0,1.5,7.528435478695233e-05,9.0,8.523081924577372,0.6979934047168967,7.5,9.0,0.0,-0.0002826131930488,6.0,6.12483745123537,0.4143329429602627,6.0,7.5,0.0,1.0607890159246558e-05,0.0,0.0,0.0,0.0,0.0,0.0,0.0,1.0,1.0,0.0,1.0,1.0,0.0,-5.431791238442999e-19,1.0,1.0,0.0,1.0,1.0,0.0,-5.431791238442999e-19,1.0,1.0,0.0,1.0,1.0,0.0,-5.431791238442999e-19,1.0,1.0,0.0,1.0,1.0,0.0,-5.431791238442999e-19,0.0,0.1040312093628088,2.037259404688285,0.0,40.0,0.0,0.0001783814365088,7.286,7.631565019505851,0.3134042677505292,7.054,8.614,-0.6770000000000005,0.0002013491151647,1.214,1.2718862158647597,0.0522181616200293,1.176,1.436,-0.1129999999999999,3.3323327964299055e-05,0.6945982,4,0.6962255665553588,0.6657598614692688
batch_dist_ternary_butan-1-ol+propan-2-ol+water__operating_point_026__test_anormal_experiment_002,batch_dist_ternary_butan-1-ol+propan-2-ol+water,operating_point_026,test_anormal_experiment_002,0.1,612,101.93333333333334,0.6789898851018339,1.0,1.0,0.0,1.0,1.0,0.0,-8.466965528541665e-19,1.0,1.0,0.0,1.0,1.0,0.0,-8.466965528541665e-19,339.29,339.279056372549,0.1262019487613193,339.016,339.542,0.0450000000000159,0.0004652384608007,71.918,71.93086437908497,0.0616647951950253,71.811,72.109,-0.1699999999999875,-0.0002944296089357,61.787,61.71083823529412,0.040295284380322,61.638,61.787,0.1280000000000001,0.0002040187746709,66.782,66.68248120915032,0.0438432951832397,66.592,66.803,0.1689999999999969,0.0001763485964308,66.814,66.72713071895424,0.0443936829855937,66.622,66.856,0.191999999999993,0.0001350165139812,61.73,61.695875,0.0459692936640022,61.581,61.793,0.1280000000000001,0.0001243693818134,56.772,56.894379901960775,0.1054694797007948,56.603,57.067,0.1689999999999969,0.0002270633681526,52.733,52.8381315359477,0.0814918513244206,52.712,53.046,-0.2930000000000063,-0.0004411530564332,52.437,52.50291584967321,0.0548423306918673,52.416,52.648,-0.2110000000000056,-0.0002777219406677,52.663,52.72998039215686,0.0433592449811634,52.642,52.831,-0.1470000000000055,-0.0002109422447528,0.083,0.1175563725490196,0.1098080306862001,0.005,1.182,-0.11,-2.6397804110871067e-05,0.413,0.4135040849673202,0.0069333003142574,0.399,0.429,-0.006,1.9011652527344243e-05,-0.246,-0.2657745098039216,0.069084127249547,-0.474,-0.111,0.005,-4.548219888153417e-05,1.984,1.976243464052288,0.1091329668374567,1.608,2.234,0.3520000000000001,0.0002165120651871,298.744,299.1802622549019,0.5546632732239825,297.389,300.323,-1.3009999999999875,0.000157424907311,3.899,3.726327614379085,0.3340153795804463,2.735,4.566,0.2560000000000002,-0.0001087820985291,140.0,140.0,0.0,140.0,140.0,0.0,-1.725241469516916e-16,16.5,16.5,0.0,16.5,16.5,0.0,1.4241751180878402e-17,7.5,8.561274509803921,0.6810065669670232,7.5,9.0,-1.5,0.0001358125690743,9.0,9.06127450980392,0.2969127803820032,9.0,10.500000000000002,0.0,0.0002978139162848,6.0,6.627450980392157,0.7386768593228292,6.0,7.5,-1.5,0.000819626302234,0.0,0.0,0.0,0.0,0.0,0.0,0.0,1.0,1.0,0.0,1.0,1.0,0.0,-8.466965528541665e-19,1.0,1.0,0.0,1.0,1.0,0.0,-8.466965528541665e-19,1.0,1.0,0.0,1.0,1.0,0.0,-8.466965528541665e-19,1.0,1.0,0.0,1.0,1.0,0.0,-8.466965528541665e-19,0.0,2.880718954248366,10.479071305741613,0.0,41.0,0.0,0.000825293339182,7.243,7.339174019607844,0.1623434525820522,6.9,7.783,-0.0339999999999998,0.000375183485045,1.207,1.2230702614379083,0.0269929178183824,1.15,1.297,-0.006,6.27909526134676e-05,0.6827858,4,0.6962255665553588,0.6657598614692688
batch_dist_ternary_butan-1-ol+propan-2-ol+water__operating_point_026__train_normal_experiment_001,batch_dist_ternary_butan-1-ol+propan-2-ol+water,operating_point_026,train_normal_experiment_001,0.1,544,90.56666666666666,0.681401563038853,1.0,0.9908088235294118,0.095429024650128,0.0,1.0,0.0,-5.035137883020839e-05,1.0,1.0,0.0,1.0,1.0,0.0,-1.5089702511901272e-18,333.0743408203125,333.02384053959565,0.150276352414343,332.686279296875,333.23419189453125,0.3424072265625,0.0008618517468481,70.661865234375,70.55736788581399,0.1475835118976505,70.30011749267578,70.81082916259766,-0.1064071655273437,0.0001860924526973,60.80588912963867,60.702180259368,0.0852453463948453,60.5073356628418,60.848541259765625,0.2132530212402343,0.0005187083554137,65.96014404296875,65.93543827533722,0.0290105233089096,65.8758773803711,66.0233383178711,0.0210647583007812,-7.495510037291608e-05,65.96435546875,65.90425583895515,0.0502110390656733,65.7945556640625,66.07049560546875,-0.10614013671875,7.159463523859692e-05,60.7747917175293,60.74384745429544,0.0759965828978349,60.5838737487793,60.90207290649414,-0.0636405944824218,0.0001519357868469,55.92710876464844,55.3677142087151,0.1976455837243273,55.04046249389648,55.94822311401367,0.5700187683105469,0.0008056950990765,52.52367782592773,52.64937378378475,0.0647051997792473,52.50275802612305,52.816436767578125,-0.2718505859375071,-0.0003928517082413,52.268253326416016,52.377829895300025,0.0591190239761916,52.226104736328125,52.52116012573242,-0.1896781921386718,-0.0003553781644093,52.4312629699707,52.5404397389468,0.0616187127187545,52.41020584106445,52.662899017333984,-0.2316360473632812,-0.000378232033778,0.0813989788293838,0.0876958261531612,0.008107064415405,0.0685653984546661,0.1146047189831733,0.0037693083286284,-3.9262743031711806e-05,0.3915267288684845,0.3826777784372954,0.153158616734709,0.324507862329483,2.086108922958374,-0.024492859840393,0.000126061990179,-0.2048988342285156,-0.254410792799557,0.0654070703238005,-0.4666481018066406,-0.0832557678222656,-0.003253936767578,2.4800208711953105e-05,2.082033157348633,1.9817817421520456,0.0969369484833498,1.621990203857422,2.186443328857422,0.2186012268066408,0.0002691573828655,299.1029968261719,299.08154639075786,0.5878226913027966,297.6492919921875,300.2875061035156,0.00897216796875,5.9567604530646175e-06,6.375227928161621,6.359612729619531,0.372532315630001,5.454545497894287,7.292616367340088,0.0115914344787597,-5.287723776015031e-05,140.0,140.0,0.0,140.0,140.0,0.0,-2.830794754850037e-16,16.5,15.894761029411764,0.7351940131765934,15.0,16.5,1.5,0.0015307508654026,9.0,8.936580882352942,0.3018388510239474,7.5,9.0,1.5,0.0006323365425038,9.0,9.0,0.0,9.0,9.0,0.0,-9.251561354751612e-18,6.0,6.388786764705882,0.657286085847218,6.0,7.5,0.0,0.0005771028316035,0.0,0.0,0.0,0.0,0.0,0.0,0.0,1.0,1.0,0.0,1.0,1.0,0.0,-1.5089702511901272e-18,1.0,1.0,0.0,1.0,1.0,0.0,-1.5089702511901272e-18,1.0,1.0,0.0,1.0,1.0,0.0,-1.5089702511901272e-18,1.0,1.0,0.0,1.0,1.0,0.0,-1.5089702511901272e-18,0.0,3.882352941176471,13.006253486603493,0.0,48.0,0.0,0.0021431574302385,5.77142858505249,5.788776260526741,0.1741032932975799,5.179999828338623,6.165714263916016,-0.2485713958740234,0.0004438059451803,1.3285714387893677,1.3313353455022854,0.028908882793083,1.2300000190734863,1.3942856788635254,-0.0414285659790039,7.46008277369267e-05,0.68025357,4,0.6962255665553588,0.6657598614692688
batch_dist_ternary_butan-1-ol+propan-2-ol+water__operating_point_029__test_anormal_experiment_001,batch_dist_ternary_butan-1-ol+propan-2-ol+water,operating_point_029,test_anormal_experiment_001,0.1,768,127.95,0.6924970709609258,1.0,0.9986979166666666,0.0360608917294953,0.0,1.0,0.0,-8.251945922759515e-06,1.0,1.0,0.0,1.0,1.0,0.0,-7.134052083502625e-19,424.106,422.4600279947917,1.1759659815556691,420.32,424.223,3.738999999999976,0.0052497024332407,90.555,90.124810546875,0.2535808554294377,89.57,90.598,0.9200000000000016,0.0011003671003313,80.291,79.38429101562501,0.4715869895176303,78.597,80.313,1.6730000000000018,0.0021208273830135,85.589,85.29363346354167,0.1322252879892383,85.081,85.632,0.2750000000000057,0.0005117151472242,85.721,85.27763671874999,0.2825291701028852,84.91,85.764,0.7259999999999991,0.0012457169221741,80.52,80.07780729166667,0.2134276961485784,79.752,80.542,0.5759999999999934,0.0009108782555317,75.07,74.39152213541668,0.2882416105848064,73.796,75.07,1.2739999999999867,0.0010494727735057,65.829,65.8035703125,0.0214508189651866,65.724,65.85,0.0419999999999873,4.7127883068351696e-05,65.318,65.31942708333332,0.0165951296768985,65.297,65.382,0.0,1.547279597020589e-05,65.597,65.59345898437499,0.020119013020174,65.534,65.639,0.0210000000000007,3.18303051826412e-05,0.217,0.2103092447916666,0.0091021978488527,0.143,0.275,0.0249999999999999,9.303287543466426e-06,0.445,0.4399368489583333,0.014892067728048,0.383,0.464,0.0539999999999999,3.7479404573490206e-05,1.021,1.07182421875,0.0559826141344538,0.909,1.262,-0.0570000000000001,3.780934333266132e-05,2.045,2.030880208333333,0.1735130258947867,1.613,2.511,0.0659999999999998,-0.000177435275074,549.085,549.2661354166667,0.5933465997134331,547.264,550.799,-0.0359999999999445,9.257038234327872e-05,3.899,4.018550130208333,0.3907725926503159,3.347,4.888,-0.0030000000000001,-1.850510794128087e-05,210.0,210.0,0.0,210.0,210.0,0.0,-1.2908872916164382e-17,24.0,23.5810546875,0.672436147161407,22.5,24.0,0.0,-0.000224024437204,15.0,14.888671875,0.393189821948616,13.5,15.0,0.0,-0.0006029020040757,15.0,14.826171875,0.4801312012970875,13.5,15.0,1.5,0.0004595327221047,12.0,11.6181640625,0.6528574126166411,10.500000000000002,12.0,1.4999999999999982,0.000564844373863,0.0,0.0,0.0,0.0,0.0,0.0,0.0,1.0,1.0,0.0,1.0,1.0,0.0,-7.134052083502625e-19,1.0,1.0,0.0,1.0,1.0,0.0,-7.134052083502625e-19,1.0,1.0,0.0,1.0,1.0,0.0,-7.134052083502625e-19,1.0,1.0,0.0,1.0,1.0,0.0,-7.134052083502625e-19,0.0,3.0625,8.739055655504202,0.0,28.0,-28.0,0.0002277166200707,8.137,7.690963541666666,0.3112225117111388,6.615,8.377,0.907,0.0004668563307339,2.713,2.563587239583333,0.1038237761971622,2.205,2.793,0.3029999999999999,0.0001581903331592,0.7331626,4,0.6962255665553588,0.6657598614692688
batch_dist_ternary_butan-1-ol+propan-2-ol+water__operating_point_029__train_normal_experiment_001,batch_dist_ternary_butan-1-ol+propan-2-ol+water,operating_point_029,train_normal_experiment_001,0.1,740,123.21666666666668,0.7360743665816829,1.0,1.0,0.0,1.0,1.0,0.0,-1.920452981200949e-18,1.0,1.0,0.0,1.0,1.0,0.0,-1.920452981200949e-18,423.847,422.4896783783784,0.8308024246816031,420.696,423.847,3.127999999999986,0.0038479340647916,88.993,88.99339594594596,0.0655136563836406,88.757,89.142,0.23599999999999,4.689546695811e-05,78.404,77.85104391891893,0.324922811670867,77.268,78.425,1.1359999999999957,0.0015163978568258,83.894,83.87248108108109,0.0648587887638402,83.725,84.043,-0.1059999999999945,-0.0001459780911887,83.992,83.85726216216217,0.0760843605457092,83.715,84.035,0.1710000000000064,0.0001163524374192,78.749,78.5859804054054,0.0936762608443651,78.451,78.792,0.0849999999999937,0.0002455824500301,74.539,74.06823445945946,0.2641540054775675,73.52,74.56,0.9980000000000048,0.0012144559939623,66.858,67.12017364864865,0.1900385876041467,66.795,67.467,-0.6089999999999947,-0.0008812318794336,65.805,66.15966824324325,0.2445678256769955,65.762,66.651,-0.8039999999999878,-0.0011374712621383,65.808,66.10042027027028,0.1991828502465995,65.808,66.485,-0.6559999999999917,-0.0009210849396947,0.218,0.2050310810810811,0.0097169943867609,0.169,0.225,0.035,2.5104960657983672e-05,0.46,0.4396256756756756,0.0220714384400684,0.371,0.475,0.077,7.371517123671514e-05,1.058,1.0004087837837838,0.0594228103998634,0.814,1.198,0.142,2.257587335929186e-05,2.206,2.0208155405405406,0.178663459759085,1.403,2.501,0.8,3.7118064249320666e-05,549.399,548.6095675675675,0.9674878448301454,545.182,550.835,2.062999999999988,-0.000334190144959,3.643,4.132286486486487,0.4254590855370627,3.552,4.888,-0.6150000000000002,-8.9795003376661e-05,210.0,210.0,0.0,210.0,210.0,0.0,-9.187749131644621e-17,22.5,22.83445945945946,0.6243605201862746,22.5,24.0,-1.5,-0.0020994426627928,13.5,13.954054054054057,0.6891414927851603,13.5,15.0,-1.5,-0.0010698990971051,15.0,14.049324324324324,0.722654324827653,13.5,15.0,1.5,6.274319001329888e-05,12.0,10.741216216216216,0.5510345373555593,10.500000000000002,12.0,1.4999999999999982,0.0005053436468577,0.0,0.0,0.0,0.0,0.0,0.0,0.0,1.0,1.0,0.0,1.0,1.0,0.0,-1.920452981200949e-18,1.0,1.0,0.0,1.0,1.0,0.0,-1.920452981200949e-18,1.0,1.0,0.0,1.0,1.0,0.0,-1.920452981200949e-18,1.0,1.0,0.0,1.0,1.0,0.0,-1.920452981200949e-18,0.0,2.279054054054054,7.852923826110869,0.0,30.0,0.0,-0.0009962730174965,8.19,7.768800000000001,0.374501343049589,6.57,8.573,1.5219999999999994,0.0009914027097062,2.73,2.5890047297297296,0.1240171562534685,2.19,2.858,0.5070000000000001,0.0003302194523581,0.688857,4,0.6962255665553588,0.6657598614692688
batch_dist_ternary_butan-1-ol+propan-2-ol+water__operating_point_033__train_normal_experiment_001,batch_dist_ternary_butan-1-ol+propan-2-ol+water,operating_point_033,train_normal_experiment_001,0.1,554,92.31666666666666,0.6032216753142463,1.0,0.9963898916967509,0.0599756235589752,0.0,1.0,0.0,9.3865286023592e-06,1.0,1.0,0.0,1.0,1.0,0.0,1.0257798865266705e-18,422.671,422.36334476534296,0.117826914066247,422.106,422.765,0.4710000000000036,0.0006110798442466,83.626,83.59721480144405,0.0920144141767819,83.412,83.775,0.0,-0.000290354159723,73.905,73.69795036101083,0.1218864202086416,73.519,73.948,0.3209999999999979,0.0007037475891882,78.878,78.86992509025272,0.0546192703666833,78.73,78.984,0.0630000000000023,0.0001975341483497,79.172,79.07455685920577,0.0452137214990766,78.959,79.172,0.2129999999999938,0.0001843714122332,73.932,73.86981768953069,0.0613752232291714,73.741,73.975,0.1490000000000009,0.0003441895006031,72.204,71.99053249097473,0.1280695596979696,71.758,72.267,0.3819999999999908,0.0007318736693229,71.882,71.62940252707581,0.1700738809328583,71.272,71.945,0.4840000000000088,0.0010133554775423,71.545,71.13694133574008,0.2656568653629363,70.57,71.566,0.9540000000000076,0.0016076802800149,65.512,66.01277166064982,0.495519278486837,65.47,66.866,-1.2690000000000057,-0.0029576545288147,0.103,0.1086994584837545,0.0443434599070693,0.004,0.654,-0.534,-6.875577505290062e-05,0.372,0.3683393501805054,0.0221802877881405,0.307,0.404,0.06,3.562589884392212e-05,0.454,0.5243240072202167,0.0916316012314037,0.291,0.821,-0.069,4.884747720282088e-05,2.17,2.002101083032491,0.1479066403470609,1.538,2.389,0.6319999999999999,-9.859073270854232e-05,495.2,496.7091768953068,1.826860568159227,491.889,501.589,-2.423000000000002,0.0024622603501916,5.464,5.148997292418772,0.4543959269031478,4.44,5.958,0.91,-0.0001854748233718,210.0,210.0,0.0,210.0,210.0,0.0,3.1622356525332043e-16,22.5,21.77166064981949,0.7496871455810048,21.000000000000004,22.5,1.4999999999999964,0.0040532336149938,12.0,11.71841155234657,0.5857393768804308,10.500000000000002,12.0,0.0,-0.0001654640323927,12.0,11.943140794223826,0.2864539044641607,10.500000000000002,12.0,0.0,-6.208871081145743e-05,9.0,9.0,0.0,9.0,9.0,0.0,-6.273984982461193e-18,0.0,0.0,0.0,0.0,0.0,0.0,0.0,1.0,1.0,0.0,1.0,1.0,0.0,1.0257798865266705e-18,1.0,1.0,0.0,1.0,1.0,0.0,1.0257798865266705e-18,1.0,1.0,0.0,1.0,1.0,0.0,1.0257798865266705e-18,1.0,1.0,0.0,1.0,1.0,0.0,1.0257798865266705e-18,0.0,1.6895306859205776,8.024567340809167,0.0,41.0,0.0,0.0004884523643377,5.386,5.214673285198556,0.2700704543209969,4.293,5.786,1.093,0.0004215224278926,1.654,1.585574007220217,0.1072884238619083,1.217,1.814,0.4369999999999998,0.0001651002161901,0.6693046,4,0.6962255665553588,0.6657598614692688
batch_dist_ternary_butan-1-ol+propan-2-ol+water__operating_point_001__test_anormal_experiment_001,batch_dist_ternary_butan-1-ol+propan-2-ol+water,operating_point_001,test_anormal_experiment_001,0.2,517,43.05,0.6738020637083357,1.0,1.0,0.0,1.0,1.0,0.0,-9.762265546804273e-19,1.0,1.0,0.0,1.0,1.0,0.0,-9.762265546804273e-19,446.7,446.58549323017405,0.1140192323719495,446.3,446.8,0.3000000000000113,0.0005714914423476,69.7,70.82147001934236,0.9977844729785196,69.4,72.4,-0.5999999999999943,0.0017062767928676,72.6,72.58452611218571,0.0397333690251869,72.4,72.6,0.1999999999999886,0.000153269574348,72.6,68.27756286266924,1.989469243493476,66.3,72.6,5.5,0.0122736017342647,46.4,47.10077369439071,0.4049492900465135,46.4,47.8,-1.3999999999999986,-0.0027007401574447,68.0,67.99458413926499,1.1139565080026048,66.8,70.7,-2.700000000000003,-0.0061928289290981,69.0,67.08762088974855,0.9005486976592032,66.1,69.4,1.2999999999999972,0.0002080124296847,63.4,63.57736943907155,0.2234130471278664,63.4,64.0,-0.5,-0.0013401578963183,63.5,63.50116054158607,0.0107101494776845,63.5,63.6,0.0,-1.0958991661641614e-05,63.4,63.42611218568665,0.0439246209696924,63.4,63.5,0.0,1.3399147491083804e-05,1.9,0.6475822050290136,0.4158593855405211,0.0,2.6,1.4,-0.0011716568866494,1.3,0.5247582205029013,0.3627828577687171,0.0,1.4,1.1,-0.0006612214430126,0.7,0.695164410058027,0.0589710453349903,0.6,0.9,0.0999999999999999,1.19923672620351e-05,3.0,2.971179883945841,0.1236187145915965,2.4,3.2,-0.1,-0.0002770836021701,500.3,499.9905222437137,0.3699640815703862,498.9,501.0,0.6999999999999886,-2.7362743839364865e-05,6.8,6.504061895551258,0.365116949599177,5.8,7.3,0.0,-1.7853951550148704e-05,210.0,210.0,0.0,210.0,210.0,0.0,-2.267705207039868e-16,1.5,4.82495164410058,9.08703969259724,0.0,28.5,1.5,-0.0262709694921471,0.0,0.0,0.0,0.0,0.0,0.0,0.0,16.5,14.094777562862667,5.016193486850726,3.0,19.5,13.5,0.0306537411930781,15.0,5.199226305609284,5.016602935322002,0.0,15.0,15.0,0.0324712230946768,0.0,0.0,0.0,0.0,0.0,0.0,0.0,1.0,0.4835589941972921,0.4997296202229714,0.0,1.0,1.0,-5.818165145231582e-06,1.0,1.0,0.0,1.0,1.0,0.0,-9.762265546804273e-19,1.0,1.0,0.0,1.0,1.0,0.0,-9.762265546804273e-19,1.0,1.0,0.0,1.0,1.0,0.0,-9.762265546804273e-19,17.0,21.471179883945844,3.8177485796157673,8.4,29.8,-3.5,-0.0028750680160873,9.7,9.018762088974857,5.9135401801098455,0.0,23.5,-6.300000000000001,-0.0096564521106827,0.0,5.519342359767893,19.67418885522424,0.0,100.0,0.0,0.0414449786542809,0.5832437,0,0.6968109681875969,0.6756429076194763
batch_dist_ternary_butan-1-ol+propan-2-ol+water__operating_point_001__test_anormal_experiment_002,batch_dist_ternary_butan-1-ol+propan-2-ol+water,operating_point_001,test_anormal_experiment_002,0.2,965,80.38333333333334,0.667959927704737,1.0,0.9958549222797928,0.0642487046632124,0.0,1.0,0.0,2.1232292902017184e-06,1.0,1.0,0.0,1.0,1.0,0.0,1.7074630868476553e-19,444.5,441.6098445595855,1.99623388328395,437.7,444.6,6.699999999999989,0.0071297892674902,70.2,71.51564766839378,1.6641398282867994,69.0,74.2,-0.3999999999999915,0.0012595997672728,70.4,70.0357512953368,0.2400271580292254,69.6,70.5,0.8000000000000114,0.0008510543970009,74.7,69.55046632124353,2.8305352558055112,66.1,74.7,3.4000000000000057,0.006507692433011,54.1,58.44808290155441,2.857878656975799,54.1,64.1,-9.9,-0.0102119169782627,67.7,70.98766839378239,3.720165361231646,66.6,78.5,-10.799999999999995,-0.0130080804231181,66.9,67.53917098445595,0.8028829767726168,66.6,68.8,-1.5999999999999943,-0.0024373323533539,64.05,64.7140414507772,0.5912069312749423,64.0,65.9,-0.5499999999999972,-0.0016988878952294,63.6,63.8279792746114,0.253850267125486,63.5,64.4,-0.3999999999999986,-0.0008456061105203,63.4,63.47647668393781,0.1540339129787754,63.4,64.0,-0.3000000000000042,-0.0003168232002994,0.15,0.3117616580310881,0.5028406407923728,0.0,2.1,-0.25,8.113406617237707e-05,0.0,0.3524352331606218,0.358388415225647,0.0,1.4,-0.2,-6.673216183600839e-05,0.7,0.6906735751295336,0.0615521361735669,0.6,0.9,0.0999999999999999,2.762601733062595e-05,2.9,2.9808290155440416,0.1209433421393635,2.7,3.3,-0.2000000000000001,-0.0001146116500122,500.4,500.0013471502591,0.3263366275988714,499.1,501.0,0.1999999999999886,1.479984290750064e-05,6.8,6.50279792746114,0.3679975861543028,5.8,7.3,0.0,-9.11519694019974e-06,210.0,210.0,0.0,210.0,210.0,0.0,1.3606257791883536e-16,0.0,8.836787564766839,15.84816375304951,0.0,49.5,0.0,-0.0126433897529215,0.0,0.0,0.0,0.0,0.0,0.0,0.0,6.0,10.692746113989635,7.408205031266536,0.0,21.000000000000004,6.0,0.0197072934795628,15.0,2.7,4.50243457458802,0.0,15.0,15.0,0.0128270691169889,0.0,0.0,0.0,0.0,0.0,0.0,0.0,1.0,0.4984455958549222,0.4999975838219157,0.0,1.0,0.0,8.82408751550523e-05,1.0,1.0,0.0,1.0,1.0,0.0,1.7074630868476553e-19,1.0,1.0,0.0,1.0,1.0,0.0,1.7074630868476553e-19,1.0,1.0,0.0,1.0,1.0,0.0,1.7074630868476553e-19,25.65,23.4820207253886,2.574816369444241,15.2,30.0,-0.8500000000000014,-0.0009178519916892,2.9000000000000004,6.314507772020725,5.8754478952797164,0.0,22.2,-2.5,-0.0006626024408056,0.0,17.822487046632126,34.78039978721694,0.0,100.0,0.0,0.009137243805345,0.5795913,0,0.6968109681875969,0.6756429076194763
batch_dist_ternary_butan-1-ol+propan-2-ol+water__operating_point_001__test_anormal_experiment_003,batch_dist_ternary_butan-1-ol+propan-2-ol+water,operating_point_001,test_anormal_experiment_003,0.2,678,56.48333333333333,0.6674175757881148,1.0,0.9985250737463128,0.0383764360804061,0.0,1.0,0.0,9.798980555644471e-06,1.0,1.0,0.0,1.0,1.0,0.0,-1.889271655943481e-18,441.6,438.2101769911504,1.8620570106355565,434.7,441.6,6.900000000000034,0.0094765170896232,70.5,72.09144542772862,1.863810914786668,69.1,75.7,-5.099999999999994,-0.0030104816942049,70.5,70.14896755162242,0.2164144570868329,69.8,70.5,0.7000000000000028,0.0010923302878652,81.1,90.26150442477876,5.729389799203696,81.1,101.3,-20.200000000000003,-0.029201803343547,73.3,81.7650442477876,5.686072301103932,73.3,93.4,-20.10000000000001,-0.0288398147557592,87.6,96.25073746312684,5.413832201146046,87.6,106.7,-19.10000000000001,-0.0275857589355681,68.7,68.78525073746312,0.0922714618744476,68.6,68.9,0.1000000000000085,6.562429256990058e-05,64.3,65.12197640117994,0.6635723376020931,64.2,66.5,-0.1000000000000085,-0.0010061666389991,63.8,64.14705014749262,0.241520198606218,63.8,64.6,-0.4000000000000057,-0.0010235814873501,63.5,63.64380530973451,0.2110130862474562,63.3,64.1,-0.2999999999999971,-0.0006769824969224,0.0,0.3467551622418879,0.5526656525742287,0.0,2.8,0.0,0.0001323170397976,0.0,0.3945427728613569,0.5604067847507479,0.0,3.4,-0.1,0.0001634273592041,0.8,0.7004424778761063,0.0606000873350078,0.6,0.9,0.1,8.749777333086961e-06,2.9,2.9672566371681413,0.1792029935531934,2.4,3.7,-0.3000000000000002,-0.0001820223205375,499.9,499.9821533923304,0.5341633328358557,498.2,501.7,0.7999999999999545,5.353631635955802e-05,7.3,6.505162241887906,0.3683494480251878,5.8,7.3,0.5,3.586542391962405e-06,210.0,210.0,0.0,210.0,210.0,0.0,-4.644501611793159e-16,0.0,6.292035398230088,13.987308669710403,0.0,49.5,0.0,0.0080410164919537,0.0,0.0,0.0,0.0,0.0,0.0,0.0,0.0,0.0,0.0,0.0,0.0,0.0,0.0,0.0,0.0,0.0,0.0,0.0,0.0,0.0,0.0,0.0,0.0,0.0,0.0,0.0,0.0,0.0,0.5014749262536873,0.4999978245878138,0.0,1.0,0.0,5.0939297741138095e-05,1.0,1.0,0.0,1.0,1.0,0.0,-1.889271655943481e-18,1.0,1.0,0.0,1.0,1.0,0.0,-1.889271655943481e-18,1.0,1.0,0.0,1.0,1.0,0.0,-1.889271655943481e-18,16.7,19.230973451327436,6.259787564312995,0.0,31.9,-4.199999999999999,0.0050754753482579,2.8,6.504867256637168,8.344859928379092,0.0,50.9,-11.1,0.0019986127800768,0.0,16.580825958702064,34.62298865306972,0.0,100.0,-12.3,0.0047339202338725,0.60646707,0,0.6968109681875969,0.6756429076194763
batch_dist_ternary_butan-1-ol+propan-2-ol+water__operating_point_001__test_anormal_experiment_004,batch_dist_ternary_butan-1-ol+propan-2-ol+water,operating_point_001,test_anormal_experiment_004,0.2,1683,140.21666666666667,0.6662193696072443,1.0,0.998217468805704,0.0421823870452735,0.0,1.0,0.0,1.165494000975118e-06,1.0,1.0,0.0,1.0,1.0,0.0,3.234695769885003e-19,446.5,444.92614379084966,1.5746251141998653,441.1,446.5,5.399999999999977,0.00293646716999,69.4,69.47825311942958,7.449726696034939,63.2,85.7,5.800000000000004,0.0096653119850476,71.6,70.75603089720737,0.4403627619219742,69.9,71.6,1.6999999999999886,0.000902525829902,75.2,72.08273915626857,5.039250637055055,64.5,81.0,0.5,-0.0032102668834757,73.8,72.51714200831849,6.441365085678611,63.0,84.4,-7.200000000000003,-0.0026356502734825,74.8,71.57198455139633,3.726308929254768,66.0,78.1,4.5,-0.0022935356199963,69.7,69.08615567439097,0.4411184854992412,68.4,69.8,1.2999999999999972,0.0008546685820641,64.1,64.25392156862745,0.3985744932218992,63.9,65.3,-0.2000000000000028,-0.0006235770495069,63.6,63.65727866904338,0.1547012076193007,63.5,64.1,-0.1999999999999957,-0.0002670119066313,63.4,63.46865715983363,0.0588014837122687,63.4,63.7,-0.1000000000000014,-4.175438896973559e-05,0.0,0.3203802733214498,0.5240139179735502,0.0,3.2,-0.9,2.259875247032508e-05,0.0,0.3724896019013666,0.4700389160814621,0.0,2.7,-0.8,-2.3524099327255104e-05,0.7,0.6722222222222222,0.0598765261944942,0.5,0.9,0.0,2.8034032485242933e-05,2.8,2.877243018419489,0.2745800094394328,0.7,3.5,-0.4000000000000003,-0.0001412939956805,500.4,499.99503862150914,0.4871772725445012,498.4,501.5,0.7999999999999545,1.0584976240787434e-05,6.4,6.503505644682114,0.3680086580076789,5.8,7.3,-0.3999999999999994,-1.5607047095140088e-08,210.0,210.0,0.0,210.0,210.0,0.0,6.114819168343077e-17,30.0,8.70855614973262,31.812051773223438,0.0,150.0,30.0,0.0035856460699006,0.0,7.061497326203209,9.754072995626164,0.0,28.5,-28.5,0.0065231818191635,0.0,9.018716577540108,10.529988876181491,0.0,42.00000000000001,-42.00000000000001,0.0057289668823041,0.0,7.340463458110517,8.717028173486847,0.0,37.5,-37.5,0.0033275822875139,0.0,0.0,0.0,0.0,0.0,0.0,0.0,1.0,0.5074272133095663,0.499944833459107,0.0,1.0,1.0,1.0577550306912095e-05,1.0,1.0,0.0,1.0,1.0,0.0,3.234695769885003e-19,1.0,1.0,0.0,1.0,1.0,0.0,3.234695769885003e-19,1.0,1.0,0.0,1.0,1.0,0.0,3.234695769885003e-19,28.7,19.61197266785502,6.202197646409169,0.0,34.3,11.0,-0.002203314049719,0.0,6.243464052287582,7.397052339029577,0.0,45.0,-13.0,-0.0003800215277566,0.0,15.73440285204991,32.93866027190453,0.0,100.0,0.0,0.0031889511813127,0.554164,0,0.6968109681875969,0.6756429076194763
batch_dist_ternary_butan-1-ol+propan-2-ol+water__operating_point_001__test_anormal_experiment_005,batch_dist_ternary_butan-1-ol+propan-2-ol+water,operating_point_001,test_anormal_experiment_005,0.2,1370,114.08333333333331,0.7145540591367534,1.0,0.9985401459854014,0.0381801367317431,0.0,1.0,0.0,1.7733863960037606e-07,1.0,1.0,0.0,1.0,1.0,0.0,-7.455377594832967e-19,446.7,443.5139416058394,2.461757682449894,438.4,446.8,8.300000000000011,0.0060475749868561,66.6,77.59744525547445,9.92693457063311,66.6,97.3,-15.5,-0.023474396693073,71.3,70.4236496350365,0.4744060841924823,69.6,71.3,1.7000000000000028,0.0011964384660996,82.7,107.96080291970804,17.336204155979523,82.7,139.0,-52.60000000000001,-0.043392925688658,79.0,103.84072992700727,19.33620006733093,79.0,145.8,-66.6,-0.0474003876319318,93.3,116.27927007299267,15.441538709448023,93.3,143.4,-44.7,-0.0386941020586903,69.5,69.29547445255474,0.2580555329894179,68.9,69.9,0.5999999999999943,-0.0001471033349102,64.6,65.75875912408759,0.9542069319524428,64.6,67.6,-1.1000000000000083,-0.0021670443415784,63.9,64.54970802919708,0.5349431262570756,63.9,65.6,-1.000000000000007,-0.0012711160005758,63.5,63.94379562043795,0.5822008725854101,63.5,65.8,-0.9000000000000057,-0.0011331990405372,1.7,0.3425547445255474,0.5783875512247787,0.0,2.2,1.7,1.645632573402659e-05,1.5,0.4004379562043795,0.5707977112537026,0.0,2.8,1.5,-4.943221242751596e-05,0.7,0.6495620437956204,0.0617549739494863,0.5,0.8,0.0999999999999999,-4.72679810034378e-05,2.9,2.917810218978102,0.1764728027616453,2.5,3.5,-0.2000000000000001,-0.0001066673249974,499.5,499.97905109489056,0.5918600929713754,498.1,501.8,-0.8999999999999773,-9.950331064197667e-06,6.4,6.502189781021897,0.3679231817007439,5.8,7.3,-0.3999999999999994,-7.787966362265791e-06,210.0,210.0,0.0,210.0,210.0,0.0,-4.991249974739619e-17,0.0,6.903284671532846,29.646573086619576,0.0,150.0,-141.0,-0.0287889319128243,0.0,0.2452554744525547,1.9424369825256036,0.0,22.5,-22.5,-0.001059110690357,0.0,2.283941605839416,9.815749548978363,0.0,66.0,-66.0,-0.0095459336302441,0.0,2.055109489051095,9.25277978486121,0.0,64.5,-64.5,-0.0086242895531172,0.0,0.0,0.0,0.0,0.0,0.0,0.0,0.0,0.483941605839416,0.499742061444685,0.0,1.0,-1.0,-2.4078387132140007e-05,1.0,1.0,0.0,1.0,1.0,0.0,-7.455377594832967e-19,1.0,1.0,0.0,1.0,1.0,0.0,-7.455377594832967e-19,1.0,1.0,0.0,1.0,1.0,0.0,-7.455377594832967e-19,22.3,17.42138686131387,8.094604103652252,0.0,35.9,-1.0,-0.0004142870961603,2.7,6.485328467153286,8.558734604530944,0.0,43.0,-5.999999999999999,-0.00075858586482,0.0,19.015839416058395,36.528136803154624,0.0,100.0,0.0,0.0017497884565869,0.6419595,0,0.6968109681875969,0.6756429076194763
batch_dist_ternary_butan-1-ol+propan-2-ol+water__operating_point_001__test_anormal_experiment_006,batch_dist_ternary_butan-1-ol+propan-2-ol+water,operating_point_001,test_anormal_experiment_006,0.2,555,46.21666666666667,0.6672744411612288,1.0,0.9981981981981982,0.0424093776430263,0.0,1.0,0.0,4.913622034365348e-06,1.0,1.0,0.0,1.0,1.0,0.0,-1.6463878813347721e-18,444.3,443.30891891891895,0.7387576024838269,442.3,444.5,2.0,0.0044484248682614,69.3,71.04747747747747,1.4844852102944062,69.2,73.6,-0.7000000000000028,-0.0005702925219587,72.3,71.86594594594595,0.2221977788683213,71.5,72.3,0.7999999999999972,0.0013688262971434,66.7,68.54225225225224,2.2085814144596814,66.1,73.2,-6.5,-0.0132125822417488,74.9,70.31585585585586,3.2655492118322376,66.0,75.0,8.800000000000011,0.0201490617438725,69.1,72.50432432432433,1.621638378291803,69.0,74.3,-3.700000000000003,-0.0087426041214057,70.4,70.10216216216216,0.2086309099494032,69.7,70.4,0.7000000000000028,0.0012434903282368,64.0,64.01252252252252,0.1090951189936169,63.9,64.2,0.1000000000000014,0.0005092232195315,63.5,63.5,0.0,63.5,63.5,0.0,2.717112529045315e-17,63.4,63.39891891891891,0.010341149443086,63.3,63.4,0.0,-4.41524037094175e-06,0.0,0.3518918918918919,0.5416533140644126,0.0,2.3,-1.5,-2.931677489504184e-05,0.0,0.3396396396396396,0.4044525338310945,0.0,1.8,-0.8,7.077019621496652e-05,0.6,0.6545945945945945,0.0580584325692936,0.5,0.8,-0.2,-4.20430559640485e-05,2.9,2.9036936936936937,0.1471037381579758,2.5,3.2,0.1,3.178060537227428e-05,500.1,499.99657657657656,0.3682891918326042,498.9,501.1,-0.2999999999999545,6.182740411285595e-05,6.2,6.505405405405405,0.3708373378476777,5.8,7.3,-1.0999999999999996,-1.855945236981111e-05,210.0,210.0,0.0,210.0,210.0,0.0,1.7904850099324932e-17,30.0,8.282432432432433,13.206224045605616,0.0,42.00000000000001,30.0,-0.0275035079751595,4.5,13.825675675675676,3.812898124921508,4.5,18.0,-3.0,-0.0038909042538629,15.0,3.818918918918919,4.771358118054351,0.0,15.0,15.0,0.0268968160431163,0.0,3.327027027027027,4.648722500984698,0.0,13.5,-13.5,-0.0251036949735752,0.0,0.0,0.0,0.0,0.0,0.0,0.0,1.0,0.5315315315315315,0.4990047720405848,0.0,1.0,0.0,1.698709331880855e-05,1.0,1.0,0.0,1.0,1.0,0.0,-1.6463878813347721e-18,1.0,1.0,0.0,1.0,1.0,0.0,-1.6463878813347721e-18,1.0,1.0,0.0,1.0,1.0,0.0,-1.6463878813347721e-18,23.2,22.745495495495497,3.0705660888239428,12.6,30.4,-3.6999999999999993,0.0006400694645766,0.6,5.882162162162162,6.485597127468647,0.0,25.1,0.6,0.0013057810167126,0.0,19.572792792792796,35.12697429086285,0.0,100.0,0.0,-0.0137253678372552,0.6528094,0,0.6968109681875969,0.6756429076194763
batch_dist_ternary_butan-1-ol+propan-2-ol+water__operating_point_001__test_anormal_experiment_007,batch_dist_ternary_butan-1-ol+propan-2-ol+water,operating_point_001,test_anormal_experiment_007,0.2,1032,85.96666666666667,0.6711836773475024,1.0,0.999031007751938,0.0311135549573688,0.0,1.0,0.0,-1.4138792810002228e-06,1.0,1.0,0.0,1.0,1.0,0.0,-1.1676530129577468e-18,439.7,438.4873062015504,0.7881042109555576,436.1,439.7,3.599999999999966,0.0021284282123479,73.3,71.71007751937984,1.854074497438752,69.0,74.8,4.099999999999994,-0.0019293272605162,70.9,70.36056201550389,0.3067472415280776,69.8,70.9,1.1000000000000083,0.001019931570863,68.6,70.31114341085272,1.7980453024509382,67.6,72.8,0.6999999999999886,0.0035883082468203,69.7,70.5763565891473,4.014043069564283,64.9,76.4,1.0,0.0102386029920654,67.2,71.36618217054264,2.643089160035878,66.9,75.1,0.2999999999999971,-0.000832526512311,69.2,68.93013565891472,0.1348728262886093,68.6,69.3,0.6000000000000085,0.000299030008938,63.9,64.36143410852713,0.4177564170098264,63.8,65.3,-0.1999999999999957,-0.0009390767824667,63.4,63.60823643410853,0.1740422025974128,63.4,64.0,-0.2000000000000028,-0.0005240289711835,63.3,63.323740310077504,0.0621666490255567,63.3,63.6,0.0,-0.0001080231065651,0.0,0.3207364341085271,0.5049524502808643,0.0,2.2,-0.4,-4.490895479951346e-05,0.0,0.3538759689922481,0.3962573161284235,0.0,1.4,-0.2,-2.7663994766005103e-05,0.6,0.6291666666666665,0.0602970949887528,0.5,0.8,-0.0999999999999999,2.4798569149799862e-05,3.1,2.9213178294573647,0.215690274081316,1.3,3.3,1.8,-3.3098968558143614e-05,499.9,499.99437984496126,0.4211779843219429,498.8,501.3,0.1999999999999886,2.121364820586324e-06,6.8,6.503197674418605,0.3667892426472228,5.8,7.3,0.0,-5.321972629531176e-06,210.0,210.0,0.0,210.0,210.0,0.0,-2.6179670391813824e-16,0.0,11.981104651162791,19.09695482697351,0.0,55.5,-49.5,0.0039461234257873,0.0,10.043604651162791,8.644689512870421,0.0,22.5,0.0,-0.0083877323841614,3.0,10.479651162790695,5.104249699475103,3.0,16.5,-4.5,-0.0124837297432314,4.5,7.579941860465116,8.056135102350101,0.0,19.5,-10.5,-0.023913150450796,0.0,0.0,0.0,0.0,0.0,0.0,0.0,0.0,0.4796511627906977,0.4995857532238378,0.0,1.0,0.0,-2.151389284332333e-05,1.0,1.0,0.0,1.0,1.0,0.0,-1.1676530129577468e-18,1.0,1.0,0.0,1.0,1.0,0.0,-1.1676530129577468e-18,1.0,1.0,0.0,1.0,1.0,0.0,-1.1676530129577468e-18,15.6,21.46656976744186,4.579650034124331,4.8,33.7,-9.500000000000002,-0.0007866403976994,18.4,5.893023255813953,6.377327038991325,0.0,22.8,18.4,0.0004062473680828,0.0,15.56327519379845,32.45555276319568,0.0,100.0,0.0,0.0056265336905378,0.6584101,0,0.6968109681875969,0.6756429076194763
batch_dist_ternary_butan-1-ol+propan-2-ol+water__operating_point_001__test_anormal_experiment_008,batch_dist_ternary_butan-1-ol+propan-2-ol+water,operating_point_001,test_anormal_experiment_008,0.2,1028,85.65,0.6612130623870466,1.0,0.9980544747081712,0.0440651815288176,0.0,1.0,0.0,-2.4080128860056662e-06,1.0,1.0,0.0,1.0,1.0,0.0,-7.898544472514715e-19,444.3,440.91089494163424,2.158509081724887,436.9,444.3,7.400000000000034,0.0072113999041453,72.1,71.65671206225682,1.85205314789213,69.0,74.6,3.0,-0.0018494538621251,70.8,70.38706225680934,0.2692364329441287,69.9,70.8,0.8999999999999915,0.0008942095099564,66.2,70.32966926070038,2.2290846055161877,66.2,73.3,-1.5,-0.0020331035054404,66.9,70.76498054474708,4.024032776408973,64.9,76.6,1.2000000000000028,0.0062177610015618,67.5,70.29377431906615,2.7186379621607544,66.4,73.9,-3.200000000000003,-0.0080627418140622,69.3,68.96634241245135,0.1276678245102943,68.7,69.3,0.5999999999999943,0.0001699604214362,63.6,64.26186770428016,0.6116772358553172,63.6,65.5,-0.8000000000000043,-0.0017827557712585,63.4,63.57957198443579,0.2186601659300215,63.3,64.1,-0.3999999999999986,-0.000657955278716,63.3,63.32704280155641,0.0787067781254623,63.2,63.7,-0.2000000000000028,-0.0001395763799429,0.1,0.28784046692607,0.464726610813525,0.0,3.3,-0.3,6.35952889414981e-05,0.8,0.3858949416342412,0.3812551927996125,0.0,1.6,0.2,-4.778193459468059e-05,0.7,0.6221789883268481,0.0594586396655955,0.5,0.8,0.0999999999999999,1.0158942436971225e-05,2.9,2.960992217898833,0.1444356653255633,2.5,3.3,-0.2000000000000001,-0.0001010907005999,499.9,500.0046692607005,0.4577240128445007,498.5,501.6,-0.5,1.4545281506167544e-05,6.4,6.503696498054475,0.3668749525979763,5.8,7.3,-0.3999999999999994,-2.4709746908264835e-06,210.0,210.0,0.0,210.0,210.0,0.0,-2.2562932975753938e-17,22.5,11.962062256809338,18.8217891683567,0.0,55.5,-18.0,0.0024714165280503,3.0,9.986381322957198,8.937706452597496,0.0,24.0,-1.5,-0.0213630232190875,9.0,9.08317120622568,6.607251857087343,0.0,18.0,-4.5,-0.018898275671679,16.5,6.262645914396887,5.866178334491314,0.0,16.5,0.0,-0.0033390633362287,0.0,0.0,0.0,0.0,0.0,0.0,0.0,0.0,0.5116731517509727,0.4998637189556757,0.0,1.0,-1.0,-2.123027874726392e-05,1.0,1.0,0.0,1.0,1.0,0.0,-7.898544472514715e-19,1.0,1.0,0.0,1.0,1.0,0.0,-7.898544472514715e-19,1.0,1.0,0.0,1.0,1.0,0.0,-7.898544472514715e-19,26.3,21.72412451361868,5.095185576828127,0.0,34.8,2.6000000000000014,5.360811072644432e-05,5.1,6.671984435797666,6.139170113353401,0.0,24.7,-2.2,-0.0002699238848114,24.1,14.911089494163424,31.73665309065624,0.0,100.0,24.1,0.0089854271809889,0.6184404,0,0.6968109681875969,0.6756429076194763
batch_dist_ternary_butan-1-ol+propan-2-ol+water__operating_point_001__test_anormal_experiment_009,batch_dist_ternary_butan-1-ol+propan-2-ol+water,operating_point_001,test_anormal_experiment_009,0.2,878,73.11666666666666,0.6668634244298469,1.0,0.9965831435079726,0.0583539337469225,0.0,1.0,0.0,-1.484851689334436e-05,1.0,1.0,0.0,1.0,1.0,0.0,1.631495917764455e-20,442.5,440.1128701594533,1.86917952083028,437.1,442.6,5.399999999999977,0.0072865395605843,71.1,71.97289293849659,1.98185816605532,68.9,74.9,1.5,0.0016011895975741,70.7,70.33006833712984,0.2413567287250953,69.9,70.7,0.7999999999999972,0.0009380663573393,70.5,70.82095671981777,2.520927080335384,66.8,73.9,3.5,0.0082945091895432,70.7,71.10694760820046,4.346641100963,64.8,76.8,4.799999999999997,0.0140001311456471,67.7,70.29339407744874,1.304068316845054,67.7,71.8,-2.299999999999997,-0.0038932456702899,69.1,68.925284738041,0.1343959692670395,68.7,69.1,0.3999999999999915,0.0002253712326464,63.6,64.29202733485194,0.5011878729487046,63.6,65.3,-0.6999999999999957,-0.0016043383696341,63.4,63.566742596810926,0.1876265975860844,63.3,64.0,-0.3000000000000042,-0.0006722131920093,63.3,63.3141230068337,0.0592749924727504,63.2,63.5,-0.1000000000000014,-9.709954921769364e-05,0.7,0.2788154897494305,0.419792182164624,0.0,2.4,0.0999999999999999,2.677165433904758e-07,0.2,0.3869020501138953,0.3653241042033363,0.0,2.1,-0.4999999999999999,-6.897601498233998e-05,0.7,0.6363325740318905,0.056783476457624,0.5,0.8,0.0999999999999999,6.731032165442201e-06,2.8,2.9758542141230064,0.1318698076606096,2.6,3.3,-0.3000000000000002,-0.0001339841516593,499.3,499.9928246013667,0.3967475901990001,498.7,501.1,-0.6999999999999886,-9.226735425753352e-05,6.4,6.501708428246014,0.3674814816551828,5.8,7.3,-0.3999999999999994,-2.177634731254181e-05,210.0,210.0,0.0,210.0,210.0,0.0,-2.746803603487155e-16,0.0,11.19874715261959,18.870227862146383,0.0,57.0,-1.5,-0.0204098272218596,0.0,11.830865603644646,8.800732104961744,0.0,24.0,-4.5,-0.0198009493813704,0.0,11.856492027334852,6.689068871213067,0.0,19.5,-9.0,-0.018962203202193,7.5,6.283599088838269,3.289536775082978,1.5,12.0,-4.5,-0.0097347054048486,0.0,0.0,0.0,0.0,0.0,0.0,0.0,0.0,0.5022779043280182,0.499994811124948,0.0,1.0,0.0,-3.41028325305638e-05,1.0,1.0,0.0,1.0,1.0,0.0,1.631495917764455e-20,1.0,1.0,0.0,1.0,1.0,0.0,1.631495917764455e-20,1.0,1.0,0.0,1.0,1.0,0.0,1.631495917764455e-20,3.5,22.488838268792712,3.5928634995588973,3.5,32.1,-18.3,-0.0012736499309579,0.0,6.541116173120729,5.807781452985142,0.0,24.5,-6.9,-0.0007814034231318,0.0,13.567539863325742,30.01459638998036,0.0,100.0,0.0,0.0094133648832256,0.64384305,0,0.6968109681875969,0.6756429076194763
batch_dist_ternary_butan-1-ol+propan-2-ol+water__operating_point_001__test_anormal_experiment_010,batch_dist_ternary_butan-1-ol+propan-2-ol+water,operating_point_001,test_anormal_experiment_010,0.2,923,76.83333333333333,0.6634705933239367,1.0,0.9989165763813652,0.0328975654402794,0.0,1.0,0.0,4.57823316898144e-08,1.0,1.0,0.0,1.0,1.0,0.0,7.689074532683986e-19,441.8,438.5492957746479,2.034109738758072,436.0,441.9,5.800000000000011,0.0074440652073477,69.1,71.71473456121343,1.7499356465392404,69.0,74.5,-0.1000000000000085,-0.0014605784670859,71.0,70.4940411700975,0.3127434721063101,70.0,71.0,1.0,0.0011614763898531,68.3,70.46787648970748,1.1320481816175518,68.3,72.0,-0.4000000000000057,-0.0001070795325476,69.0,71.03385698808233,3.755580819326109,65.2,76.1,3.200000000000003,0.0095201833087935,67.5,71.68418201516793,2.219254755925451,67.5,74.7,-0.9000000000000057,-0.0027462277317154,69.3,69.01305525460455,0.1412495857845482,68.7,69.3,0.5999999999999943,0.0003300104923948,64.1,64.86170097508126,0.6852842487989004,64.1,66.2,-0.8000000000000114,-0.0021286309445852,63.6,63.82128927410618,0.2358445815606902,63.6,64.3,-0.3999999999999986,-0.0007806434397433,63.4,63.43098591549295,0.1769759298839524,63.0,63.9,-0.3000000000000042,-0.0002413491918852,0.1,0.3261646803900325,0.5247819781201292,0.0,3.5,-0.1,2.16931948318123e-06,1.3,0.3297941495124594,0.3750231240405661,0.0,1.6,1.3,-5.765877722127119e-05,0.6,0.6568255687973997,0.0622092275466998,0.5,0.9,0.0,9.998098201942829e-06,3.2,2.9455037919826657,0.1515398140153233,2.5,3.3,0.2000000000000001,-0.0001078214606673,500.0,499.9295774647888,0.618797652968867,496.5,502.4,-0.3000000000000113,0.0002936565232252,6.8,6.5013001083423605,0.3664393988259256,5.8,7.3,0.0,-2.0936260281215276e-05,210.0,210.0,0.0,210.0,210.0,0.0,3.445150150073774e-16,27.0,8.780606717226435,16.412918136498597,0.0,52.5,-16.5,-0.0131516386213767,0.0,10.346424702058505,8.24820103840876,0.0,21.000000000000004,-6.0,-0.0218147202160828,6.0,9.570422535211268,4.1242120669985765,4.5,15.0,-7.5,-0.0144132852268869,3.0,6.419284940411701,7.400348204748772,0.0,18.0,-13.5,-0.024796099992397,0.0,0.0,0.0,0.0,0.0,0.0,0.0,1.0,0.4561213434452871,0.4980709422350931,0.0,1.0,0.0,3.473352897446321e-05,1.0,1.0,0.0,1.0,1.0,0.0,7.689074532683986e-19,1.0,1.0,0.0,1.0,1.0,0.0,7.689074532683986e-19,1.0,1.0,0.0,1.0,1.0,0.0,7.689074532683986e-19,21.2,22.01858071505959,5.770783611384354,0.0,38.8,-4.0,0.0024399869172409,24.8,5.768851570964248,6.145136914471708,0.0,26.0,23.6,-0.0003857362378336,100.0,13.399024918743228,31.34243834367093,0.0,100.0,100.0,0.0134558098201127,0.6233541,0,0.6968109681875969,0.6756429076194763
batch_dist_ternary_butan-1-ol+propan-2-ol+water__operating_point_001__test_anormal_experiment_011,batch_dist_ternary_butan-1-ol+propan-2-ol+water,operating_point_001,test_anormal_experiment_011,0.2,809,67.4,0.6606866212413348,1.0,0.9962917181705808,0.060782649459304,0.0,1.0,0.0,-6.320659030798347e-19,1.0,1.0,0.0,1.0,1.0,0.0,-3.896542736424538e-19,442.9,443.06526576019775,0.5166378516831579,442.1,444.0,0.0,0.0016678655916686,72.3,71.48380716934487,1.643768573209884,69.1,74.0,2.200000000000003,0.001809866812804,72.0,71.45723114956736,0.2745491816071866,71.0,72.0,1.0,0.0011620892208709,74.4,68.82447466007416,2.5438880439956173,65.9,74.4,4.1000000000000085,0.0071144708207944,71.9,70.74091470951791,3.5294375189807954,65.9,75.2,5.200000000000003,0.0136624983058668,74.0,69.18615574783685,2.254111733864655,66.7,74.0,4.299999999999997,0.0073403197344867,70.1,69.71199011124845,0.262331695225743,69.2,70.2,0.7999999999999972,0.0010903010366962,64.2,64.0573547589617,0.0640489922201949,63.9,64.2,0.1000000000000085,0.0002282762268809,63.5,63.50061804697157,0.0078372645162658,63.5,63.6,0.0,-4.308424249943613e-06,63.4,63.39999999999998,2.131628207280301e-14,63.4,63.4,0.0,-1.1067451020630061e-18,0.8,0.3295426452410383,0.5319738773231157,0.0,2.2,0.8,-4.669688229638765e-05,0.7,0.327070457354759,0.3910259665692738,0.0,1.6,0.7,-3.78035331345251e-05,0.7,0.6739184177997528,0.055363487224388,0.5,0.8,0.0999999999999999,1.745127129111673e-05,2.8,2.915080346106304,0.1413165177614295,2.5,3.2,-0.3000000000000002,1.1626626197851271e-05,499.4,500.00074165636585,0.5092950058406869,498.7,501.7,-1.0,1.2197758713026462e-05,5.9,6.507416563658838,0.3700724891708329,5.8,7.3,-0.5,1.29184735531054e-06,210.0,210.0,0.0,210.0,210.0,0.0,1.4155755723719271e-16,0.0,9.521013597033374,15.233053270818935,0.0,46.5,0.0,-0.0111008103282516,0.0,10.58529048207664,6.721744409524026,0.0,19.5,-3.0,-0.013355219947211,13.5,12.105686032138443,7.766343176428471,0.0,21.000000000000004,13.5,0.0294365437779871,9.0,10.045735475896167,5.934001227281579,0.0,16.5,9.0,0.0209906837408091,0.0,0.0,0.0,0.0,0.0,0.0,0.0,0.0,0.4919653893695921,0.4999354408641357,0.0,1.0,-1.0,-2.4839731603980472e-05,1.0,1.0,0.0,1.0,1.0,0.0,-3.896542736424538e-19,1.0,1.0,0.0,1.0,1.0,0.0,-3.896542736424538e-19,1.0,1.0,0.0,1.0,1.0,0.0,-3.896542736424538e-19,22.4,20.758343634116198,5.919023632910993,0.0,36.0,-1.5,-0.0017201627455699,0.0,5.858838071693449,6.276353025649547,0.0,24.6,-13.7,-0.0004383283404566,0.0,14.631273176761434,31.590383188532297,0.0,100.0,0.0,0.000628041790582,0.6343892,0,0.6968109681875969,0.6756429076194763
batch_dist_ternary_butan-1-ol+propan-2-ol+water__operating_point_001__test_anormal_experiment_012,batch_dist_ternary_butan-1-ol+propan-2-ol+water,operating_point_001,test_anormal_experiment_012,0.2,889,74.06666666666666,0.6734308158533022,1.0,0.998875140607424,0.0335200549510716,0.0,1.0,0.0,-2.647330790301273e-06,1.0,1.0,0.0,1.0,1.0,0.0,1.1293129038946681e-18,442.5,439.98042744656914,1.5847272469452556,435.6,442.5,6.899999999999977,0.0051268874187572,70.8,71.80236220472442,1.8216560777032424,69.0,74.5,1.0999999999999943,0.0017061005090731,70.6,70.47165354330708,0.2518897514725318,70.0,70.9,0.5999999999999943,0.0009404941524733,66.7,70.76670416197976,1.953663007967428,66.7,73.2,-1.7000000000000028,-0.0028934761912732,71.5,70.72935883014623,4.017938367217631,65.2,76.0,4.400000000000006,0.0136801535930085,66.9,71.85838020247469,2.6058772517899964,66.9,75.3,-3.5999999999999943,-0.0077746451978956,69.0,68.98312710911136,0.1373332167201443,68.7,69.2,0.2000000000000028,0.0003138436271233,63.4,64.27502812148481,0.5485491901892908,63.4,65.4,-1.1000000000000014,-0.0019182029440367,63.1,63.55286839145107,0.2091688668281408,63.1,64.0,-0.7999999999999972,-0.0007420775637178,63.1,63.30348706411698,0.1030425234730135,63.0,63.7,-0.3999999999999986,-0.0001417637098429,0.9,0.3074240719910011,0.4492350718129078,0.0,2.5,0.5,0.0002191323791783,0.8,0.4192350956130484,0.3809600681521006,0.0,1.9,0.3,-1.4698663729895008e-05,0.6,0.6555680539932508,0.0625205310056259,0.5,0.9,0.0,2.4500619475404803e-05,3.0,2.978065241844769,0.1339134595219595,2.5,3.3,-0.2000000000000001,-0.0001306824955413,493.8,499.4865016872891,1.6435639963056368,492.7,502.2,-6.099999999999966,-0.0018241014361513,6.4,6.501349831271091,0.3671836390005554,5.8,7.3,-0.3999999999999994,-2.333067006162245e-05,210.0,210.0,0.0,210.0,210.0,0.0,-3.2641514713348233e-16,0.0,9.976940382452192,16.97115190368506,0.0,52.5,-1.5,-0.0176182340629832,0.0,10.98931383577053,7.822492768771355,0.0,21.000000000000004,-1.5,-0.0116211331463919,6.0,8.767154105736783,6.480332875177155,0.0,18.0,-10.5,-0.0230118204173764,6.0,4.926884139482564,6.624871114824701,0.0,19.5,-13.5,-0.0197604199793883,0.0,0.0,0.0,0.0,0.0,0.0,0.0,0.0,0.4386951631046119,0.4962274851045938,0.0,1.0,0.0,-1.991475936446284e-05,1.0,1.0,0.0,1.0,1.0,0.0,1.1293129038946681e-18,1.0,1.0,0.0,1.0,1.0,0.0,1.1293129038946681e-18,1.0,1.0,0.0,1.0,1.0,0.0,1.1293129038946681e-18,0.0,20.01889763779528,8.59235164383414,0.0,39.1,-26.9,-0.0033124786292086,7.1,7.151181102362205,6.043317690328265,0.0,28.2,-8.8,-0.0002467124421472,0.0,12.107199100112483,28.612555432457132,0.0,100.0,0.0,0.0050662464641054,0.6371737,0,0.6968109681875969,0.6756429076194763
batch_dist_ternary_butan-1-ol+propan-2-ol+water__operating_point_001__test_anormal_experiment_013,batch_dist_ternary_butan-1-ol+propan-2-ol+water,operating_point_001,test_anormal_experiment_013,0.2,2077,173.01666666666668,0.5704059976630891,1.0,0.9971112181030332,0.0536697012859074,0.0,1.0,0.0,4.317843429848631e-06,1.0,1.0,0.0,1.0,1.0,0.0,2.5900440367077993e-20,444.1,443.029513721714,2.363005358223756,439.0,446.3,4.600000000000023,0.0030879733625701,73.2,71.59345209436687,1.7301416013588933,69.0,74.6,4.200000000000003,-0.000292695945429,72.3,71.0956186807896,0.6387465646138997,70.0,72.3,2.200000000000003,0.0010609296216726,66.5,70.71795859412613,2.9568229889498348,65.8,75.0,-1.7000000000000028,-0.0005363968232468,66.7,70.4831487722677,3.323909257567334,65.7,75.5,0.6000000000000085,0.0008459584740408,67.3,71.03591718825227,2.680403804199267,66.6,75.1,-2.9000000000000057,-0.0010380727746206,70.4,69.40962927298989,0.5011241164970085,68.4,70.4,1.6000000000000083,0.0007922144482975,63.7,63.91603273952817,0.4777253668487985,63.6,65.5,-0.8999999999999915,-0.0005514065523633,63.4,63.4500722195474,0.1724284744459099,63.0,64.1,-0.5,-0.0001332743088779,63.3,63.2862782859894,0.1268463659472329,62.3,63.7,-0.2000000000000028,1.6639768582451386e-05,0.0,0.3142031776600866,0.488466401359515,0.0,3.0,-0.2,2.079676430884768e-05,0.6,0.381559942224362,0.4694436548798779,0.0,6.3,-0.2,-4.224441940767864e-05,0.6,0.6452575830524795,0.0626250782832186,0.5,1.0,-0.0999999999999999,7.917564140378887e-06,2.9,2.907992296581608,0.3613536631185289,-0.4,5.5,-0.3000000000000002,3.193315751228493e-05,499.5,499.95994222436207,0.5996015339796568,495.8,503.2,0.0,8.189907025449615e-05,0.0,0.0,0.0,0.0,0.0,0.0,0.0,210.0,210.0,0.0,210.0,210.0,0.0,-4.269944069566372e-17,0.0,9.790081848820414,16.378511699529223,0.0,54.0,-22.5,-0.0026797897035607,4.5,8.785507944150217,7.7000895326197725,0.0,21.000000000000004,-3.0,-0.0054136153962232,6.0,9.105440539239288,8.236364653580102,0.0,21.000000000000004,-15.000000000000004,-0.0052362878343965,3.0,6.4557053442465095,6.849732638076455,0.0,19.5,-16.5,-0.0031085378954738,0.0,0.0,0.0,0.0,0.0,0.0,0.0,0.0,0.4910929224843524,0.4999206576749256,0.0,1.0,0.0,3.302400226216429e-05,1.0,1.0,0.0,1.0,1.0,0.0,2.5900440367077993e-20,1.0,1.0,0.0,1.0,1.0,0.0,2.5900440367077993e-20,1.0,1.0,0.0,1.0,1.0,0.0,2.5900440367077993e-20,18.0,21.48521906596052,5.197311266716815,0.0,40.1,-4.600000000000001,0.0009253213469928,1.8,6.62344727973038,8.054282858976404,0.0,100.0,-11.2,-0.000578444636136,100.0,16.445498314877227,32.862355081707804,0.0,100.0,100.0,0.0042573084435302,0.64674646,0,0.6968109681875969,0.6756429076194763
batch_dist_ternary_butan-1-ol+propan-2-ol+water__operating_point_001__train_normal_experiment_001,batch_dist_ternary_butan-1-ol+propan-2-ol+water,operating_point_001,train_normal_experiment_001,0.2,822,68.48333333333333,0.6293049651149618,1.0,1.0,0.0,1.0,1.0,0.0,8.389528921972349e-19,1.0,1.0,0.0,1.0,1.0,0.0,8.389528921972349e-19,436.9,429.70687347931874,5.526187233016764,415.9,436.9,21.0,0.0224816168978132,73.1,71.15091240875913,1.4501328975482275,69.1,73.8,-0.1000000000000085,-0.0009670080139835,70.7,70.18126520681265,0.3063530162104801,69.7,70.7,1.0,0.0012837607701647,67.8,76.28503649635036,5.185739963072266,67.8,83.6,-13.600000000000009,-0.0215693704507979,66.2,73.92171532846714,5.863734981525056,66.2,83.7,-17.0,-0.0244451180952118,68.8,74.96192214111922,3.513795918304757,68.8,79.7,-8.200000000000003,-0.0142757729294535,69.2,68.89209245742093,0.1889225467695765,68.6,69.2,0.6000000000000085,0.0007719585516773,65.5,66.24081508515815,0.6243177823035457,65.4,67.2,-1.0,-0.0024370760784456,64.5,65.36709245742092,0.4738507045843451,64.5,66.1,-1.2999999999999972,-0.0019078662238396,63.9,64.43613138686132,0.5610392878348038,63.8,65.6,-1.1000000000000014,-0.0021640595488937,0.2,0.2998175182481752,0.4945659364370591,0.0,2.1,0.1,5.411826007338933e-05,0.6,0.3530413625304137,0.3937272707589134,0.0,2.3,-0.2,-1.7153770257509647e-05,0.6,0.6322384428223842,0.0586826309415105,0.5,0.8,0.0,4.126778623383999e-05,2.9,2.9653892944038933,0.136442573794928,2.6,3.3,-0.2000000000000001,-9.454882910529012e-05,500.1,500.0017639902676,0.3655728135574383,498.8,500.9,0.1000000000000227,1.687883893140209e-05,0.0,0.0,0.0,0.0,0.0,0.0,0.0,210.0,210.0,0.0,210.0,210.0,0.0,2.7092181286986198e-17,0.0,9.804744525547443,15.72416242789486,0.0,46.5,0.0,0.0194334586843735,9.0,1.5018248175182485,2.836318864168503,0.0,13.5,-4.5,0.0024463972766739,1.5,2.343065693430657,6.032379729432154,0.0,27.0,-25.5,-0.0147142273590892,0.0,2.2518248175182483,5.310650395097209,0.0,21.000000000000004,-21.000000000000004,-0.014206679284268,0.0,0.0,0.0,0.0,0.0,0.0,0.0,1.0,0.5316301703163017,0.4989985293823637,0.0,1.0,0.0,-4.85045836993615e-06,1.0,1.0,0.0,1.0,1.0,0.0,8.389528921972349e-19,1.0,1.0,0.0,1.0,1.0,0.0,8.389528921972349e-19,1.0,1.0,0.0,1.0,1.0,0.0,8.389528921972349e-19,27.0,22.048479318734792,3.328933032186734,12.2,29.8,4.399999999999999,-0.0010786495775115,3.0,6.205048661800487,6.126584560717919,0.0,25.4,-8.5,0.0005477231575714,6.6,15.905413625304131,32.777267644217105,0.0,100.0,1.5,-0.0001024370355679,0.64371246,0,0.6968109681875969,0.6756429076194763
batch_dist_ternary_butan-1-ol+propan-2-ol+water__operating_point_034__train_normal_experiment_001,batch_dist_ternary_butan-1-ol+propan-2-ol+water,operating_point_034,train_normal_experiment_001,0.2,1144,95.31666666666666,0.5498700767491976,1.0,0.9991258741258742,0.0295526949377219,0.0,1.0,0.0,-1.1180924429222072e-06,1.0,1.0,0.0,1.0,1.0,0.0,1.0800363830369091e-18,424.647,423.4126503496504,0.791681905586294,421.871,424.717,2.7060000000000173,0.0023783718001214,80.828,80.74208610139861,0.081991355660111,80.572,80.892,0.0850000000000079,0.0002149759966791,70.737,70.23219842657343,0.2581415381555246,69.796,70.737,0.9189999999999968,0.0007785994741999,75.77,75.46241870629372,0.1521956981707533,75.221,75.77,0.3379999999999938,0.0004115126291947,75.764,75.52785576923077,0.1230643245368404,75.338,75.807,0.2549999999999954,0.0003172798341728,70.739,70.42220498251748,0.1623015670679959,70.186,70.739,0.5320000000000107,0.0004676804178411,68.09,67.75869536713286,0.2319469587709264,67.073,68.111,0.9960000000000092,0.0006731071055615,66.459,65.30631293706294,0.9287740184889134,63.667,66.48,2.771000000000001,0.0027557753682551,65.382,63.8914812062937,0.6451091510248155,63.266,65.382,2.0730000000000075,0.0018233872498348,63.293,63.34398645104896,0.0553710863428713,63.251,63.505,-0.169000000000004,-0.000141540951398,0.368,0.3757211538461538,0.0070356576869699,0.359,0.396,-0.007,5.796860476570382e-06,0.212,0.2123409090909091,0.0048717866812146,0.158,0.225,-0.005,1.7387219137383266e-06,0.644,0.6279444930069931,0.0544341660284374,0.478,0.766,-0.0629999999999999,-3.363921377021923e-06,2.005,1.9990292832167835,0.0862320685171413,1.724,2.272,0.123,-9.994369863537615e-06,497.407,498.7411394230769,0.8075537688652118,496.662,500.719,-0.367999999999995,-0.0002670904497517,5.333,5.330781468531469,0.4071819078620158,4.545,6.228,-0.5089999999999995,1.758493314728321e-05,210.0,210.0,0.0,210.0,210.0,0.0,-7.254741982863787e-18,16.5,16.45673076923077,0.2510609882528252,15.0,16.5,0.0,-3.871845927341834e-05,12.0,11.017263986013988,0.7126305157581345,10.500000000000002,12.0,1.4999999999999982,8.074611150291137e-05,12.0,11.556818181818182,0.6843702238597059,10.500000000000002,12.0,1.4999999999999982,0.0003081727267677,9.0,8.322115384615385,0.7465248631504345,7.5,9.0,0.0,9.437060893237934e-05,0.0,0.0,0.0,0.0,0.0,0.0,0.0,1.0,1.0,0.0,1.0,1.0,0.0,1.0800363830369091e-18,1.0,1.0,0.0,1.0,1.0,0.0,1.0800363830369091e-18,1.0,1.0,0.0,1.0,1.0,0.0,1.0800363830369091e-18,1.0,1.0,0.0,1.0,1.0,0.0,1.0800363830369091e-18,0.0,2.325174825174825,9.340819272939385,0.0,40.0,0.0,0.0004825831253641,3.8,3.9478872377622376,0.0682900024529754,3.76,4.157,-0.0300000000000002,3.36318359630962e-05,4.3,4.596439248251748,0.1353733652302791,4.267,5.013,-0.0600000000000005,6.330708541192198e-05,0.6702014,0,0.6968109681875969,0.6756429076194763
batch_dist_ternary_butan-1-ol+propan-2-ol+water__operating_point_003__test_anormal_experiment_001,batch_dist_ternary_butan-1-ol+propan-2-ol+water,operating_point_003,test_anormal_experiment_001,0.2,499,41.55,0.6798616082775178,1.0,0.997995991983968,0.0447212697483394,0.0,1.0,0.0,-1.1782601347271906e-05,1.0,1.0,0.0,1.0,1.0,0.0,1.5836544620088133e-18,435.8,434.5224448897796,0.7528018702025775,432.8,435.8,3.0,0.0051288311562886,70.8,70.30280561122244,0.3942372258794389,69.7,71.0,0.5,0.0007078349470025,69.7,69.53847695390782,0.090436954035671,69.4,69.7,0.2999999999999971,0.0005772991766666,70.0,69.93006012024048,0.0618534403971467,69.8,70.0,0.0999999999999943,0.0002600574643263,70.0,70.08376753507015,0.0822835051427277,70.0,70.3,-0.2999999999999971,-0.0004654610425668,70.0,69.97434869739479,0.0454693476581674,69.9,70.1,0.0,0.0001021512905329,68.3,68.21142284569139,0.064638501148927,68.1,68.4,0.0999999999999943,0.000133423473453,64.2,64.60320641282564,0.3850275729643831,64.1,65.3,-1.0,-0.0024415867880338,63.4,63.62745490981963,0.2477710969906496,63.3,64.4,-1.000000000000007,-0.0015632807784242,63.3,62.53587174348698,0.9505487243365492,60.9,63.3,0.0,0.0016716710529494,0.2,0.16312625250501,0.1202995846723047,0.0,2.3,0.1,7.049279281454473e-05,0.6,0.3933867735470941,0.1296532785960781,0.0,0.8,0.5,-5.823695583938536e-06,0.6,0.5869739478957914,0.0621158440239114,0.4,0.8,0.0,4.526643648743427e-05,3.1,3.0196392785571144,0.0649885926500168,2.8,3.2,0.0,-9.329502378250164e-05,499.8,499.6857715430862,1.3488873006339126,493.4,504.2,0.1999999999999886,0.0008378974817109,6.8,6.93627254509018,0.3925495180432237,6.2,7.8,-0.5,-4.451312263078917e-05,210.0,210.0,0.0,210.0,210.0,0.0,1.9271425146391783e-16,0.0,10.487975951903808,12.336093957963447,0.0,36.0,-1.5,-0.0085677861747591,9.0,9.36372745490982,0.642879087317013,9.0,10.500000000000002,0.0,1.086510370139669e-05,10.500000000000002,10.848697394789578,0.6336057283921352,10.500000000000002,12.0,0.0,0.0001213994253567,7.5,7.902805611222445,0.6647977560140977,7.5,9.0,0.0,-7.055074003426537e-05,0.0,0.0,0.0,0.0,0.0,0.0,0.0,1.0,1.0,0.0,1.0,1.0,0.0,1.5836544620088133e-18,1.0,1.0,0.0,1.0,1.0,0.0,1.5836544620088133e-18,1.0,1.0,0.0,1.0,1.0,0.0,1.5836544620088133e-18,1.0,1.0,0.0,1.0,1.0,0.0,1.5836544620088133e-18,11.0,18.31503006012024,12.11140482366532,0.0,53.3,-1.4000000000000004,-0.026310374966801,11.9,6.91623246492986,2.5812871053621205,0.0,13.9,3.1,-0.000111490450781,4.2,2.4521042084168334,0.9103119888237864,0.0,5.0,1.0,-0.0001019195016539,0.6012538,1,0.692888307468758,0.6684481501579285
batch_dist_ternary_butan-1-ol+propan-2-ol+water__operating_point_003__test_anormal_experiment_002,batch_dist_ternary_butan-1-ol+propan-2-ol+water,operating_point_003,test_anormal_experiment_002,0.2,1010,84.13333333333334,0.6791228505010427,1.0,1.0,0.0,1.0,1.0,0.0,-1.1054837745856788e-19,1.0,1.0,0.0,1.0,1.0,0.0,-1.1054837745856788e-19,439.5,438.5674752475247,0.7649623441720341,437.1,439.6,2.3999999999999773,0.0025769877955641,69.8,70.28663366336633,0.3355571020970465,69.7,70.8,-1.0,-0.0001232763284797,70.3,70.04935643564356,0.1152787481946033,69.9,70.3,0.3999999999999915,0.0003807798736366,70.0,69.99940594059406,0.02133290036485,69.9,70.1,0.0,-9.387557113470724e-07,70.1,70.03326732673268,0.0473267326732646,69.9,70.1,0.1999999999999886,6.69661270209761e-05,70.0,70.00079207920791,0.0298406052123473,69.9,70.1,0.0,-5.916723341921707e-06,68.7,68.56049504950495,0.1001669520966077,68.4,68.7,0.2999999999999971,0.0003201780095136,63.4,63.41950495049504,0.0406110807105984,63.4,63.6,-0.1000000000000014,-8.920101028052276e-05,63.3,63.3428712871287,0.0493890723004573,63.3,63.4,-0.1000000000000014,-1.294399701973916e-05,63.3,63.29950495049504,0.0070185380587906,63.2,63.3,0.0,8.426671924661318e-07,0.2,0.1864851485148515,0.123111566070071,0.0,2.1,0.1,2.0553334179882847e-05,0.1,0.4284653465346534,0.1647804458477728,0.0,1.0,0.0,7.326312795557699e-06,0.7,0.6486633663366336,0.063757706150851,0.5,0.8,0.0999999999999999,-7.910414519172687e-06,2.9,3.0,0.0703949255596912,2.8,3.2,-0.1,-3.5057750510108668e-06,498.1,499.89678217821785,0.9613171873694388,497.5,502.3,-2.3999999999999773,9.302620686251964e-05,6.8,6.8701485148514845,0.3572896843422689,5.8,7.8,0.0,-3.1400854424931195e-05,210.0,210.0,0.0,210.0,210.0,0.0,2.758648018647125e-17,27.0,8.711881188118811,10.750415945245315,0.0,31.5,27.0,0.0018561681243925,9.0,9.03118811881188,0.21403149175483,9.0,10.500000000000002,-1.5000000000000018,-0.0001804280324218,9.0,9.802722772277228,0.7470271194569826,9.0,10.500000000000002,0.0,-0.0002735421748378,7.5,7.787376237623762,0.5898494077235181,7.5,9.0,0.0,-0.0001077632738791,0.0,0.0,0.0,0.0,0.0,0.0,0.0,1.0,1.0,0.0,1.0,1.0,0.0,-1.1054837745856788e-19,1.0,1.0,0.0,1.0,1.0,0.0,-1.1054837745856788e-19,1.0,1.0,0.0,1.0,1.0,0.0,-1.1054837745856788e-19,1.0,1.0,0.0,1.0,1.0,0.0,-1.1054837745856788e-19,0.0,13.54321782178218,11.243519411400234,0.0,38.1,-5.8,0.0029128730749575,4.2,7.37480198019802,3.030580314064631,0.0,17.0,-2.1,5.759458466072287e-05,1.5,2.457970297029703,1.0046221589662705,0.0,5.8,-0.6000000000000001,0.0001636512682097,0.6546032,1,0.692888307468758,0.6684481501579285
batch_dist_ternary_butan-1-ol+propan-2-ol+water__operating_point_003__test_anormal_experiment_003,batch_dist_ternary_butan-1-ol+propan-2-ol+water,operating_point_003,test_anormal_experiment_003,0.2,3031,252.51666666666668,0.4978361788418457,1.0,1.0,0.0,1.0,1.0,0.0,2.1418967967734012e-19,1.0,1.0,0.0,1.0,1.0,0.0,2.1418967967734012e-19,442.6,438.2627185747277,2.996942640868736,434.9,442.7,7.700000000000045,0.0031610179748787,70.0,70.26656219069615,0.3122293367100948,69.7,70.9,-0.2000000000000028,-5.379377440555938e-06,71.4,70.57380402507424,0.441182553366012,69.9,71.4,1.5,0.0005010290617561,70.0,69.99904322005938,0.01893942607813,69.9,70.1,0.0,-1.197816145229547e-06,70.0,70.02462883536786,0.0664009929443938,69.9,70.3,0.0,2.197698505412447e-05,70.0,70.00445397558562,0.0324409537961636,69.9,70.1,0.0,8.101796557286314e-09,69.6,68.96938304190037,0.3647892266827227,68.4,69.7,1.1999999999999886,0.0004118208262869,63.4,63.40316727152753,0.0359147520363927,63.3,63.6,-0.2000000000000028,-1.375133443700035e-05,63.3,63.32269877928076,0.0422023373361704,63.2,63.4,-0.1000000000000014,-5.886299956027305e-07,63.3,63.29564500164961,0.0204091603062469,63.2,63.3,0.0,1.367652210268406e-06,0.2,0.1823160673045199,0.1367870722574355,0.0,3.1,0.1,4.49968609416859e-06,0.4,0.4327944572748268,0.1517088745870411,0.0,1.1,0.1,1.1827071565384051e-05,0.7,0.6467667436489607,0.064611403662663,0.5,0.9,0.0,7.807524653874715e-06,3.1,2.9995546024414383,0.0663958781889384,2.8,3.2,0.1,1.1509291523844923e-06,499.0,499.7868690201254,0.9193002565697062,497.5,502.1,-0.8000000000000114,-2.2915845372311822e-05,6.4,6.992180798416363,0.3957709818194137,5.9,7.9,-0.3999999999999994,9.94398564382214e-06,210.0,210.0,0.0,210.0,210.0,0.0,1.8349412881914428e-17,10.500000000000002,8.218822170900692,10.135451478487024,0.0,33.0,6.000000000000002,-0.0013035293994244,9.0,8.943830419003628,0.647623279272715,7.5,10.500000000000002,0.0,-0.0003524210396106,9.0,9.75123721544045,0.7499989795312759,9.0,10.500000000000002,0.0,-0.0001898884424846,7.5,7.901847575057737,0.6642965369523025,7.5,9.0,-1.5,-0.000154725137114,0.0,0.0,0.0,0.0,0.0,0.0,0.0,1.0,1.0,0.0,1.0,1.0,0.0,2.1418967967734012e-19,1.0,1.0,0.0,1.0,1.0,0.0,2.1418967967734012e-19,1.0,1.0,0.0,1.0,1.0,0.0,2.1418967967734012e-19,1.0,1.0,0.0,1.0,1.0,0.0,2.1418967967734012e-19,0.4,11.404190036291652,11.134968026966972,0.0,38.0,-29.5,-0.0004292541902384,11.9,7.403959089409437,2.861885765063923,0.0,17.2,5.800000000000001,0.0001998103852086,4.2,2.617354008578028,1.0132489497794852,0.0,6.6,2.0,1.6210014218739446e-05,0.66158324,1,0.692888307468758,0.6684481501579285
batch_dist_ternary_butan-1-ol+propan-2-ol+water__operating_point_003__test_anormal_experiment_004,batch_dist_ternary_butan-1-ol+propan-2-ol+water,operating_point_003,test_anormal_experiment_004,0.2,1177,98.0,0.6483102124519635,1.0,0.9983007646559048,0.0411867447528999,0.0,1.0,0.0,-2.7083200799841926e-06,1.0,1.0,0.0,1.0,1.0,0.0,-1.428473286562492e-18,439.3,438.23466440101953,0.6086746835387291,436.7,439.4,2.6000000000000227,0.0017565071143291,70.1,70.35577740016993,0.3785516754817807,69.7,71.0,-0.3000000000000113,-7.039939507915796e-05,69.2,68.85072217502125,0.2437274995942047,68.4,69.2,0.7999999999999972,0.0007088738333112,70.0,69.9966015293118,0.0276740052559248,69.9,70.1,0.0,-9.221535490836606e-07,70.0,70.0677994902294,0.0793431010251286,69.9,70.3,0.0,-9.229336629090152e-05,70.0,69.99723874256584,0.0309723678325397,69.9,70.1,0.0,1.3473769738343658e-05,67.9,67.59919286321156,0.1797565927646445,67.3,67.9,0.6000000000000085,0.000515338482458,64.5,65.1069668649108,0.3911487468311839,64.4,66.1,-1.5999999999999943,-0.0011196666222837,63.9,64.65518266779948,0.4641693375689387,63.9,65.5,-1.6000000000000014,-0.0013603056451076,63.6,64.22837723024638,0.4469021098184847,63.6,65.1,-1.499999999999993,-0.0012862621612036,0.1,0.1697111299915038,0.0494893360139025,0.1,0.4,0.0,1.8644723072357983e-05,0.1,0.4092183517417163,0.1829673306391757,0.0,1.6,0.0,2.9669352093591028e-05,0.5,0.5788445199660153,0.0622010888035826,0.4,0.8,0.0,1.4072838364876392e-05,3.1,3.0023364485981308,0.0728216961068839,2.8,3.4,0.1,-1.547655281213371e-05,499.9,499.7367034834325,1.0522265229893184,497.3,502.0,0.6999999999999886,-0.0002651785124915,6.2,6.723916737468139,0.3788908966702363,5.8,7.8,-0.5999999999999996,2.159541817398333e-05,210.0,210.0,0.0,210.0,210.0,0.0,-4.220699662497548e-16,10.500000000000002,8.83177570093458,11.77317456817538,0.0,37.5,10.500000000000002,-0.0018948820316121,9.0,8.722175021240442,0.5827098328641694,7.5,9.0,0.0,-0.0004831260325286,9.0,9.935429056924384,0.7260580176315672,9.0,10.500000000000002,-1.5000000000000018,0.0001239222026814,7.5,7.762531860662702,0.5699779058270877,7.5,9.0,0.0,-0.0001003697533989,0.0,0.0,0.0,0.0,0.0,0.0,0.0,1.0,1.0,0.0,1.0,1.0,0.0,-1.428473286562492e-18,1.0,1.0,0.0,1.0,1.0,0.0,-1.428473286562492e-18,1.0,1.0,0.0,1.0,1.0,0.0,-1.428473286562492e-18,1.0,1.0,0.0,1.0,1.0,0.0,-1.428473286562492e-18,0.7,10.755480033984709,11.5605093371216,0.0,38.8,-3.8,-0.0023393318305493,13.1,6.868011894647409,3.1303486590665983,0.0,25.0,6.9,0.0003393284647747,4.0,2.0858963466440104,0.9433289608538452,0.0,7.3,1.7999999999999998,-4.202593979909306e-05,0.60758424,1,0.692888307468758,0.6684481501579285
batch_dist_ternary_butan-1-ol+propan-2-ol+water__operating_point_003__test_anormal_experiment_009,batch_dist_ternary_butan-1-ol+propan-2-ol+water,operating_point_003,test_anormal_experiment_009,0.2,1238,103.13333333333334,0.6782545548418413,1.0,1.0,0.0,1.0,1.0,0.0,-6.35411580210815e-19,1.0,1.0,0.0,1.0,1.0,0.0,-6.35411580210815e-19,426.459,424.6876591276253,1.251733364141329,421.73,426.507,4.728999999999985,0.0033997524071779,83.391,82.3911252019386,0.6057383257647179,81.533,83.391,1.4950000000000043,0.00151648162573,72.92,71.86250323101777,0.6499805123132348,70.78,72.92,2.140000000000001,0.0017915890513425,78.053,77.08955371567045,0.4742835325915146,76.552,78.074,1.3529999999999944,0.001244786634994,78.022,77.22078069466883,0.3651100916235186,76.808,78.022,1.065000000000012,0.0009560126596098,73.059,72.05960541195476,0.4621931388193471,71.441,73.059,1.426000000000002,0.0012647949902272,70.613,69.81995557350565,0.4174291501089704,69.129,70.613,1.378,0.0011563498885239,64.339,64.54478473344103,0.1441571259564512,64.234,64.78,-0.3990000000000009,-0.0003761700696581,63.351,63.74021486268175,0.2779772691316667,63.182,64.239,-0.8670000000000044,-0.0007636420008075,63.42,63.66516760904685,0.1783360206039393,63.315,64.075,-0.6550000000000011,-0.0004789326802593,0.267,0.2653542003231018,0.0143043858621625,0.23,0.309,0.037,1.6712289387745966e-05,0.391,0.3681223747980613,0.019596993979578,0.328,0.427,0.059,2.9485589844214277e-05,0.761,0.7086938610662359,0.0753209609028458,0.428,1.06,-0.046,-2.7149568505372336e-05,1.589,2.021945476575121,0.1670552726231728,1.585,2.564,-0.1169999999999999,4.165008421149297e-05,498.852,498.7367035541196,1.216125712975923,493.037,501.894,0.73599999999999,-0.0007123701029502,4.554,4.391212843295638,0.4151356452177587,3.556,5.333,0.9080000000000004,3.309257761353806e-05,210.0,210.0,0.0,210.0,210.0,0.0,-8.195718789372199e-17,16.5,18.33501615508885,1.1395428006746329,16.5,21.000000000000004,-1.5,-0.0010873903311609,12.0,12.048465266558964,0.6418949657198815,10.500000000000002,13.5,1.4999999999999982,0.0006998648560273,12.0,12.5718901453958,0.7285443567092333,12.0,13.5,0.0,0.0008352766671659,9.0,9.273828756058158,0.6040199552814953,7.5,10.500000000000002,1.5,0.0006837281395675,0.0,0.0,0.0,0.0,0.0,0.0,0.0,1.0,1.0,0.0,1.0,1.0,0.0,-6.35411580210815e-19,1.0,1.0,0.0,1.0,1.0,0.0,-6.35411580210815e-19,1.0,1.0,0.0,1.0,1.0,0.0,-6.35411580210815e-19,1.0,1.0,0.0,1.0,1.0,0.0,-6.35411580210815e-19,0.0,3.515347334410339,10.006670166423245,0.0,32.0,0.0,0.0004986665958923,6.7,6.585323909531502,0.3376469973808283,5.847,7.66,0.6470000000000002,0.0005039907826367,3.35,3.2926906300484653,0.1688554529273082,2.923,3.83,0.3229999999999999,0.0002520313265811,0.6659779,1,0.692888307468758,0.6684481501579285
batch_dist_ternary_butan-1-ol+propan-2-ol+water__operating_point_003__train_normal_experiment_001,batch_dist_ternary_butan-1-ol+propan-2-ol+water,operating_point_003,train_normal_experiment_001,0.2,2022,168.48333333333332,0.6700350017604239,1.0,1.0,0.0,1.0,1.0,0.0,-2.5181669510368334e-19,1.0,1.0,0.0,1.0,1.0,0.0,-2.5181669510368334e-19,421.025,417.3014957962413,2.76127818876761,411.403,421.025,9.621999999999955,0.0046549859593255,81.81,81.32753758654798,0.2279292421737374,80.892,81.832,0.0640000000000071,-7.287278422463927e-06,71.294,70.42002472799207,0.5433080041929975,69.411,71.315,1.8400000000000036,0.000927523683737,76.404,76.282828140455,0.3102361019225637,75.918,77.271,-0.8460000000000036,-0.0002879994247806,76.403,76.29773541048468,0.1311698362314966,76.02,76.552,-0.1059999999999945,2.477418708368546e-06,71.42,71.08908184965382,0.2277944787129129,70.739,71.739,-0.3190000000000026,-3.5054731084094434e-05,68.259,67.24885707220574,0.511107108497824,66.098,68.302,0.402000000000001,-0.0005114358381752,63.898,64.62548961424332,0.4357696468374047,63.793,65.283,-0.6300000000000026,-0.0005271632084623,63.52,64.34825791295746,0.5995710904114437,63.499,65.297,-0.064,-0.0004481976799109,63.568,64.49808011869436,1.046850081428818,63.167,67.056,0.4009999999999962,-0.0010219642398818,0.257,0.258104846686449,0.1807998956343064,0.004,1.517,-1.258,-0.0001205086768265,0.108,0.3542448071216617,0.291863329617321,0.004,2.016,0.102,0.0001129695249303,0.774,0.6444624134520277,0.05756343700332,0.455,0.808,0.153,1.2250833966900594e-05,1.974,2.153504451038576,0.9845882483421494,-1.292,5.75,-3.776,-0.0003459529671337,497.775,499.13933061325423,0.7772857458361371,496.573,501.041,-1.7320000000000275,-0.0002160363901009,3.646,3.9483051434223535,0.3509768438503367,2.924,4.888,-1.2270000000000003,-1.2012301870431729e-05,210.0,210.0,0.0,210.0,210.0,0.0,-6.611355642103741e-17,16.5,17.316765578635014,0.9898374930027868,15.0,19.5,-3.0,-0.001131051871843,12.0,11.85126112759644,0.9784597203738024,10.500000000000002,15.0,-3.0,-0.0012219014470082,12.0,12.148367952522255,0.4478156757503433,12.0,13.5,-1.5,-7.476817863732843e-05,9.0,9.34272997032641,0.628902506980022,9.0,10.500000000000002,-1.5000000000000018,0.0002032190342397,0.0,0.0,0.0,0.0,0.0,0.0,0.0,1.0,1.0,0.0,1.0,1.0,0.0,-2.5181669510368334e-19,1.0,1.0,0.0,1.0,1.0,0.0,-2.5181669510368334e-19,1.0,1.0,0.0,1.0,1.0,0.0,-2.5181669510368334e-19,1.0,1.0,0.0,1.0,1.0,0.0,-2.5181669510368334e-19,0.0,4.328387734915925,10.915146839878552,0.0,32.0,0.0,-0.001426544652584,6.173,5.440981454005934,3.6205756863680327,0.0,19.767,6.173,0.0013701371451993,3.123,3.0899901088031654,2.5226105870679345,0.0,20.0,-16.877,-0.0013125468407484,0.71842927,1,0.692888307468758,0.6684481501579285
batch_dist_ternary_butan-1-ol+propan-2-ol+water__operating_point_010__test_anormal_experiment_001,batch_dist_ternary_butan-1-ol+propan-2-ol+water,operating_point_010,test_anormal_experiment_001,0.2,1153,96.01666666666668,0.6667464410693288,1.0,0.9982653946227232,0.041612456325742,0.0,1.0,0.0,4.7364071222035965e-06,1.0,1.0,0.0,1.0,1.0,0.0,1.8094845503922318e-19,422.341,421.4418937554206,0.6029278486382277,420.038,422.341,2.1620000000000346,0.0017768460690857,84.609,84.36757198612315,0.1659513612928875,84.096,84.673,0.3209999999999979,0.0004392026248432,74.312,73.96391630529054,0.182516916188909,73.648,74.312,0.6430000000000007,0.0005457427129475,79.238,79.1785928013877,0.0965293796539927,79.026,79.47,-0.2109999999999985,-0.0002338274361071,79.321,79.26153642671292,0.0342123549306799,79.172,79.407,-0.0430000000000063,-4.079003991047992e-05,74.337,74.1783807458803,0.0675606428469233,74.039,74.38,0.1280000000000001,0.0001091434758082,71.97,71.60862879444927,0.2611798420783786,70.825,72.034,1.1239999999999952,0.0007360972711468,68.182,68.06428707718993,0.0776726176966684,67.909,68.203,0.1470000000000055,0.0002166522022273,67.286,67.36265481352991,0.0556357377313325,67.223,67.498,-0.1490000000000009,-0.0001552760068051,67.373,67.4333620988725,0.05569991516715,67.331,67.585,-0.1700000000000017,-0.0001537138849348,0.28,0.2728677363399826,0.0104257619991375,0.246,0.295,0.019,2.5222749704009536e-05,0.315,0.307948395490026,0.0099297480087604,0.238,0.326,0.01,2.1128724647930537e-05,0.697,0.6501370338248048,0.0387487553856095,0.503,0.767,0.0459999999999999,-4.312639602663889e-06,1.948,1.998311361665221,0.0852671721794793,1.615,2.209,0.2389999999999998,5.827893354462278e-05,599.337,598.8541730268864,0.753295294791157,596.959,600.772,1.8310000000000173,-0.0001492216807011,7.805,7.202567649609714,0.3966840753223361,6.364,8.204,0.5119999999999996,6.662660840557984e-06,210.0,210.0,0.0,210.0,210.0,0.0,7.727815579729037e-17,16.5,17.716392020815263,0.6534053772323707,16.5,19.5,-1.5,-0.0010812278007338,12.0,12.024718126626192,0.1909612634944069,12.0,13.5,0.0,0.0001189581921022,12.0,12.049436253252384,0.3084276403569866,10.500000000000002,13.5,0.0,0.0002993565876674,9.0,8.941457068516913,0.2904946168141467,7.5,9.0,0.0,0.0002608037994471,0.0,0.0,0.0,0.0,0.0,0.0,0.0,1.0,1.0,0.0,1.0,1.0,0.0,1.8094845503922318e-19,1.0,1.0,0.0,1.0,1.0,0.0,1.8094845503922318e-19,1.0,1.0,0.0,1.0,1.0,0.0,1.8094845503922318e-19,1.0,1.0,0.0,1.0,1.0,0.0,1.8094845503922318e-19,0.0,2.4132697311361664,8.852963252276172,0.0,35.0,0.0,-6.658370673444829e-05,4.755,4.707777536860364,0.1368639548627781,4.335,5.025,0.3099999999999996,0.0003149503273804,3.455,3.407697311361665,0.1368313161284008,3.035,3.725,0.31,0.0003151532882972,0.6552863,1,0.692888307468758,0.6684481501579285
batch_dist_ternary_butan-1-ol+propan-2-ol+water__operating_point_010__train_normal_experiment_001,batch_dist_ternary_butan-1-ol+propan-2-ol+water,operating_point_010,train_normal_experiment_001,0.2,1604,133.61666666666667,0.6271217656332728,1.0,1.0,0.0,1.0,1.0,0.0,-1.2732020067551258e-20,1.0,1.0,0.0,1.0,1.0,0.0,-1.2732020067551258e-20,424.588,421.03516957605984,2.7032156512483776,415.06,424.623,9.480999999999996,0.0057164342788352,83.9355,83.94143298004987,0.0753063922192161,83.775,84.267,-0.3314999999999912,-9.748877801126086e-05,73.68,73.00711097256858,0.360892027676148,72.449,73.712,1.210000000000008,0.0007751874824048,78.9735,79.36037967581048,0.5475668486372952,78.751,80.528,-1.5335000000000036,-0.0010849149506874,78.959,79.17594794264339,0.2709132828000747,78.831,79.684,-0.617999999999995,-0.0005438416140373,73.868,74.22464837905237,0.6363112877976235,73.655,75.956,-2.088000000000008,-0.0011605696711981,72.469,71.88462998753117,0.3047290737422184,71.376,72.48,1.070999999999998,0.0006526029108117,70.3365,70.04211814214463,0.3168686940053996,69.611,70.473,0.4314999999999998,0.0006237783967503,70.04,70.46149532418953,0.4264500572382839,69.807,71.142,0.0640000000000071,0.000287787814557,69.384,72.56256951371572,3.2523077468907826,67.331,77.288,2.0529999999999973,-0.0038482645400247,0.3305,0.3228176433915212,0.0316362283122995,0.221,0.375,0.0955,4.4678096533434486e-05,0.2725,0.2212113466334165,0.0382240927657235,0.111,0.288,0.1525,4.792873635315739e-05,0.6865,0.6878120324189525,0.0460789505836636,0.472,0.838,0.0234999999999999,3.4850984344689526e-05,2.181,2.08009819201995,0.2886630921827413,1.499,3.358,-1.168,-0.000201425912513,597.6945000000001,598.9567506234414,0.7332629123287691,596.797,601.015,-1.893499999999904,-8.22784501317469e-05,3.2415000000000003,3.274377805486284,0.442496384060261,2.664,3.976,0.3145000000000002,0.0001127804014197,210.0,210.0,0.0,210.0,210.0,0.0,-2.4411931188458694e-18,21.000000000000004,21.058915211970078,1.2259996461915732,19.5,24.0,-2.9999999999999964,-0.0020129443009973,10.500000000000002,11.51044264339152,1.26948960469785,10.500000000000002,15.0,-4.499999999999998,-0.0021781832956743,11.25,11.682980049875312,0.825971564001841,10.500000000000002,13.5,-2.25,-0.0004656940504482,9.0,7.944201995012468,0.6817472777497626,7.5,9.0,1.5,0.0008030897563839,0.0,0.0,0.0,0.0,0.0,0.0,0.0,1.0,1.0,0.0,1.0,1.0,0.0,-1.2732020067551258e-20,1.0,1.0,0.0,1.0,1.0,0.0,-1.2732020067551258e-20,1.0,1.0,0.0,1.0,1.0,0.0,-1.2732020067551258e-20,1.0,1.0,0.0,1.0,1.0,0.0,-1.2732020067551258e-20,0.0,2.2556109725685785,7.379041202325358,0.0,27.0,0.0,-0.0012809508751834,4.862500000000001,4.088491271820449,0.5595805361897628,2.5,5.13,1.9975000000000005,0.0005358987472521,4.135,4.064279925187033,0.4644275183185913,2.52,5.115,1.2049999999999996,0.0004876804307466,0.65005463,1,0.692888307468758,0.6684481501579285
batch_dist_ternary_butan-1-ol+propan-2-ol+water__operating_point_014__test_anormal_experiment_001,batch_dist_ternary_butan-1-ol+propan-2-ol+water,operating_point_014,test_anormal_experiment_001,0.2,611,50.85,0.6956401649231208,1.0,1.0,0.0,1.0,1.0,0.0,4.2351582732089363e-19,1.0,1.0,0.0,1.0,1.0,0.0,4.2351582732089363e-19,375.664,377.54699918166943,9.012133788655774,359.996,385.578,-8.05600000000004,-0.0369031743388775,64.741,66.70267839607202,1.2339181321561388,64.39,67.663,-2.8370000000000037,-0.0058987539507051,59.527,57.34835761047463,0.7150977398912429,56.799,59.527,2.7070000000000007,0.0032808433566337,60.393,61.999432078559735,0.9222830472257963,60.193,62.718,-2.261000000000003,-0.0044806388397434,73.63550000000001,79.0485744680851,2.0217703115315864,73.63550000000001,81.581,-4.023499999999999,-0.0041813745306194,56.0585,57.18924140752864,0.6217875081623084,55.92,57.827,-1.7264999999999944,-0.0030830731036746,53.5,53.295368248772505,0.4225390980910204,52.572,54.618,-0.0630000000000023,-0.0011156150508998,51.5515,49.86603436988543,0.625244521827794,49.159,51.5515,0.930499999999995,0.0005437143213379,51.489,49.30006628477905,0.7343080252077869,48.814,51.489,2.421999999999997,0.0031881023778672,51.526,49.43617021276596,0.6787544540071091,49.001,51.526,2.4620000000000037,0.0029887964726821,0.0225,0.1182315875613748,0.1110086200886912,0.004,0.465,-0.4425,-0.0002436225978143,0.1,0.3629337152209492,0.1616508368407601,0.007,0.658,-0.556,-0.000506729293991,-0.381,-0.2129705400981996,0.1693165260760279,-0.637,0.13,-0.368,-0.000718040231037,1.4865,2.347332242225859,1.2926067169179758,0.667,5.812,-2.0975,0.0002153389859785,291.386,257.28383142389526,12.062338594193168,249.013,291.386,41.85200000000003,0.0554340906464451,3.19,3.0952176759410803,0.4121243515390227,1.951,3.906,0.2629999999999999,-3.635662344499542e-05,175.0,168.84206219312605,28.09597177417777,0.0,175.0,0.0,-0.0077181561721662,18.0,11.565466448445171,5.649671766324562,0.0,18.0,3.0,-0.0110509353589843,0.0,10.595744680851064,9.71324950440439,0.0,19.5,-19.5,-0.0475122591764295,15.0,7.449672667757774,3.870714447586147,0.0,15.0,6.0,-0.0023415539916699,12.0,4.924713584288052,2.992636031519321,0.0,12.0,7.5,0.0017209800396775,0.0,0.0,0.0,0.0,0.0,0.0,0.0,1.0,0.9459901800327332,0.2260370750880709,0.0,1.0,0.0,-7.986022881691802e-05,1.0,0.9361702127659576,0.2444494743207672,0.0,1.0,0.0,-8.822503539260274e-05,1.0,0.9410801963993454,0.2354745428795115,0.0,1.0,0.0,-8.427937191350457e-05,1.0,0.9361702127659576,0.2444494743207672,0.0,1.0,0.0,-8.822503539260274e-05,21.0,7.111292962356792,12.536775425959046,0.0,41.0,21.0,0.0022055294352633,2.9175,6.726144026186578,2.324249649224579,0.0,10.95,-7.980499999999999,-0.0069252253806819,0.9705,1.312252045826514,1.1573660301023747,0.0,4.655,0.9705,0.001550063525182,0.624069,1,0.692888307468758,0.6684481501579285
batch_dist_ternary_butan-1-ol+propan-2-ol+water__operating_point_014__train_normal_experiment_002,batch_dist_ternary_butan-1-ol+propan-2-ol+water,operating_point_014,train_normal_experiment_002,0.2,1282,106.78333333333332,0.679784282051461,1.0,1.0,0.0,1.0,1.0,0.0,4.282987519583564e-20,1.0,1.0,0.0,1.0,1.0,0.0,4.282987519583564e-20,380.356,378.97033580343214,0.9680610142396288,377.042,380.426,3.22199999999998,0.0026025522963306,70.194,69.92267433697347,0.1514357529592211,69.683,70.279,0.2560000000000002,0.0003678526699734,60.187,59.68103549141965,0.2721170499490324,59.249,60.187,0.9159999999999968,0.0007323711355254,65.139,64.83377145085804,0.185945563962923,64.57,65.223,0.4209999999999922,0.0004747640504607,65.285,64.89929251170047,0.1569709754566514,64.67,65.306,0.4449999999999932,0.0003776540792958,60.223,59.81909360374414,0.1928080092885858,59.566,60.244,0.6359999999999957,0.000501942805803,53.078,53.14301326053042,0.3323841449181311,52.087,54.006,0.9490000000000052,0.0004723248541762,48.845,48.93900702028081,0.10744755618352,48.741,49.18,-0.3350000000000008,-0.0002806089663312,48.498,48.519202418096725,0.0597483589582927,48.414,48.709,-0.169000000000004,-0.0001405296643669,48.685,48.70777769110765,0.0359945083994559,48.622,48.833,-0.1059999999999945,-8.052622542441592e-05,0.153,0.1568124024960998,0.0186736303852013,0.044,0.295,-0.142,-1.3518795683459028e-05,0.411,0.4098311232449297,0.0968472778791003,0.358,2.317,0.0309999999999999,1.7335721840401528e-05,0.024,-0.058828783151326,0.0803662500078792,-0.396,0.154,0.132,5.708559591779038e-06,1.897,2.008486739469579,0.0954706331278732,1.638,2.278,0.1899999999999999,7.613770647741577e-06,248.735,249.11403120124805,0.6152778755010488,247.093,250.575,-0.6279999999999859,2.701555620897727e-05,6.222,6.700376755070204,0.3777433316317821,5.842,7.319,-1.0709999999999995,0.0001157254336303,175.0,175.0,0.0,175.0,175.0,0.0,1.493006203633221e-17,18.0,16.808892355694226,0.6058436357952506,16.5,18.0,1.5,-0.0002837375401299,9.0,9.788611544461778,0.7490054396559997,9.0,10.500000000000002,0.0,9.442540664968228e-05,10.500000000000002,9.8149375975039,0.7463020874808785,9.0,10.500000000000002,1.5000000000000018,0.0003085527215255,7.5,7.3110374414976596,0.4972908823687177,6.0,7.5,0.0,0.0002569104901677,0.0,0.0,0.0,0.0,0.0,0.0,0.0,1.0,1.0,0.0,1.0,1.0,0.0,4.282987519583564e-20,1.0,1.0,0.0,1.0,1.0,0.0,4.282987519583564e-20,1.0,1.0,0.0,1.0,1.0,0.0,4.282987519583564e-20,1.0,1.0,0.0,1.0,1.0,0.0,4.282987519583564e-20,51.0,4.873244929797192,14.975972755893055,0.0,51.0,51.0,-0.0001946813878074,6.253,6.224597113884555,0.2394686056099913,5.367,6.725,0.5709999999999997,0.0004243081281531,2.118,2.108529641185648,0.0800371153842317,1.832,2.275,0.1899999999999999,0.0001416494920533,0.6667278,1,0.692888307468758,0.6684481501579285
batch_dist_ternary_butan-1-ol+propan-2-ol+water__operating_point_015__test_anormal_experiment_001,batch_dist_ternary_butan-1-ol+propan-2-ol+water,operating_point_015,test_anormal_experiment_001,0.2,1249,104.01666666666668,0.721089595799512,1.0,0.9983987189751802,0.0399839583320537,0.0,1.0,0.0,2.013918827370485e-06,1.0,1.0,0.0,1.0,1.0,0.0,5.613330364502634e-19,383.14,381.8682634107286,0.8292918020725174,380.426,383.21,2.6680000000000064,0.0022856322134629,86.297,85.62201601281025,0.3487857183510463,85.079,86.468,1.1539999999999964,0.0008678360780933,75.918,75.5226873498799,1.3903777698173774,67.2,84.245,0.943000000000012,0.0008421254449713,81.353,80.62343955164131,0.3556362780689597,80.168,81.502,1.184999999999988,0.0008522833897887,81.411,80.6845256204964,0.4211691461917383,80.217,81.752,1.1730000000000018,0.0009613105130257,76.319,75.60347718174539,0.3929857548595903,75.061,76.596,1.2150000000000034,0.0009624592997475,69.574,69.30404363490793,1.4313714090990317,59.288,78.5,0.7210000000000036,2.8243607193443414e-05,63.374,63.61533466773419,1.3488771127346315,55.27,73.607,-0.4399999999999977,-0.0003981649504218,63.055,63.18176100880704,1.3785420468265732,52.506,71.092,-0.3590000000000017,-0.0003143055798484,63.251,63.3801317053643,1.374139409725761,54.431,71.978,-0.2750000000000057,-8.015135185071253e-05,0.162,0.1538038430744595,0.0098244984532789,0.05,0.187,0.108,1.1749211677033853e-05,0.382,0.3801012810248199,0.0836439322143412,0.293,2.383,0.089,4.5268214571656905e-06,0.647,0.622542834267414,0.2345868648591069,-0.795,1.928,0.008,6.710506867030126e-07,1.99,2.0325488390712567,0.2323832541257906,0.844,3.233,-0.0279999999999998,-0.0001093141928927,500.045,498.0981901521217,1.2350874769552485,495.182,500.853,1.6870000000000118,-9.841943400846348e-05,6.829,6.888383106485187,0.3665729970368285,5.854,7.812,0.4539999999999997,-6.721062696311175e-05,175.0,175.0,0.0,175.0,175.0,0.0,-1.828327992971951e-17,18.0,18.976381104883902,4.2282437287956025,0.0,40.5,-1.5,-5.899026913838889e-05,10.500000000000002,12.360888710968776,4.144038123907957,0.0,34.5,-1.4999999999999982,-0.0001071072242409,12.0,13.110888710968776,4.128249930517255,0.0,34.5,-1.5,0.0002250923815975,9.0,10.122898318654924,3.993076986175348,0.0,31.5,-1.5000000000000018,-0.000212445340888,0.0,0.0,0.0,0.0,0.0,0.0,0.0,1.0,1.0,0.0,1.0,1.0,0.0,5.613330364502634e-19,1.0,1.0,0.0,1.0,1.0,0.0,5.613330364502634e-19,1.0,1.0,0.0,1.0,1.0,0.0,5.613330364502634e-19,1.0,1.0,0.0,1.0,1.0,0.0,5.613330364502634e-19,0.0,3.11048839071257,10.982362765598188,0.0,42.0,0.0,-0.0002417256882429,5.9,5.742505204163331,0.3985541796547046,4.055,7.843,1.260000000000001,0.0004120263687873,2.0,1.9471257005604483,0.1328553553620188,1.385,2.648,0.4619999999999999,0.0001365059432161,0.6538952,1,0.692888307468758,0.6684481501579285
batch_dist_ternary_butan-1-ol+propan-2-ol+water__operating_point_015__train_normal_experiment_001,batch_dist_ternary_butan-1-ol+propan-2-ol+water,operating_point_015,train_normal_experiment_001,0.2,1430,119.13333333333334,0.6844901545813868,1.0,1.0,0.0,1.0,1.0,0.0,-2.9716531572718594e-19,1.0,1.0,0.0,1.0,1.0,0.0,-2.9716531572718594e-19,392.601,389.5671576923077,0.7635686603601443,388.576,392.601,3.745999999999981,0.0015727465866905,83.092,83.03589545454547,0.0912177737728028,82.857,83.305,-0.1490000000000009,-0.0001420229211176,72.899,72.68187377622378,0.1399259980907196,72.428,72.92,0.4500000000000028,0.0003325042394335,78.074,77.94610454545455,0.0559525218343053,77.8,78.117,0.0420000000000015,8.152138736268684e-05,77.979,77.95105279720279,0.0653479164509716,77.809,78.192,-0.2129999999999938,-6.199333482562397e-05,72.974,72.82592377622377,0.0718710927991615,72.633,73.038,0.0850000000000079,0.0001281550694809,68.365,68.08186958041958,0.7542647322475123,66.437,69.934,0.9959999999999952,-0.0004740675023746,63.29,63.33324825174826,0.0411579752965341,63.248,63.437,-0.1050000000000039,-8.669073905088124e-05,63.245,63.27393111888111,0.0275384024960564,63.203,63.351,-0.0850000000000008,-4.6017145436230574e-05,63.42,63.43193321678323,0.0204702303409553,63.378,63.505,-0.0420000000000015,-2.718300854617173e-05,0.078,0.1196097902097902,0.0942589138554796,0.004,0.618,-0.54,-7.507850209039849e-05,0.346,0.4076811188811188,0.1534139267805131,0.068,0.833,0.2779999999999999,5.433962838665939e-05,0.615,0.6104097902097901,0.056911192398646,0.437,0.8,-0.011,-1.1973528933535228e-05,2.422,2.1060615384615384,0.6411456306016529,0.715,4.22,-1.085,-0.0004133017932798,498.305,499.1727475524476,0.5998118460033092,497.075,500.647,-0.0179999999999722,3.6630902799378224e-05,2.927,3.081960839160839,0.4035131593828136,2.627,3.91,-0.7159999999999997,3.435027722760045e-05,175.0,175.0,0.0,175.0,175.0,0.0,-9.766136825768216e-17,16.5,16.95472027972028,0.6891418795488876,16.5,18.0,-1.5,-0.0006958059039604,10.500000000000002,11.332867132867133,0.7454079676864072,10.500000000000002,12.0,-1.4999999999999982,-0.0002180961579934,10.500000000000002,11.965384615384616,0.225221784183959,10.500000000000002,12.0,-1.4999999999999982,-0.0001372526624385,7.5,8.784965034965035,0.5256542698056004,7.5,9.0,-1.5,7.334299688100663e-06,0.0,0.0,0.0,0.0,0.0,0.0,0.0,1.0,1.0,0.0,1.0,1.0,0.0,-2.9716531572718594e-19,1.0,1.0,0.0,1.0,1.0,0.0,-2.9716531572718594e-19,1.0,1.0,0.0,1.0,1.0,0.0,-2.9716531572718594e-19,1.0,1.0,0.0,1.0,1.0,0.0,-2.9716531572718594e-19,0.0,2.688111888111888,8.704568284667891,0.0,31.0,0.0,2.9577263954118848e-05,6.12,6.660944405594406,1.988324084566172,2.73,12.727,3.0900000000000003,0.001918330541652,2.035,1.9457384615384612,1.4845192312769813,0.0,4.84,1.025,-0.0009037704302026,0.66653645,1,0.692888307468758,0.6684481501579285
batch_dist_ternary_butan-1-ol+propan-2-ol+water__operating_point_031__test_anormal_experiment_001,batch_dist_ternary_butan-1-ol+propan-2-ol+water,operating_point_031,test_anormal_experiment_001,0.2,2537,211.36666666666667,0.8945504819808328,1.0,1.0,0.0,1.0,1.0,0.0,1.1644326051466488e-19,1.0,1.0,0.0,1.0,1.0,0.0,1.1644326051466488e-19,360.41,358.8778184864013,1.4362130261178567,355.301,360.595,5.109000000000037,0.0017644163029001,93.661,92.00857863618448,0.760200834552157,90.898,93.704,2.721000000000004,0.0010084056851278,83.339,81.76961312573906,0.8507859291814985,80.334,83.339,3.0049999999999955,0.0011603633875678,88.176,86.82063559322033,0.6599538089138172,85.78,88.218,2.311000000000007,0.000895662275597,88.306,86.89973354355539,0.714023059566156,85.828,88.349,2.414000000000001,0.0009633310192952,83.189,81.8353411509657,0.7439147914796419,80.67,83.232,2.390999999999991,0.0010089352916713,76.641,75.9432455656287,0.3467616823876803,75.367,76.663,1.231999999999999,0.0004688722456046,71.377,71.70956878202601,0.3334674631417539,71.377,72.534,-1.13600000000001,-0.0004248457493613,70.888,71.1180350808041,0.2637981596027122,70.888,71.926,-0.9749999999999944,-0.0003108088179294,71.141,71.27958021284982,0.16394477548078,71.098,71.861,-0.6989999999999981,-0.0001862314923286,0.272,0.2676653527788727,0.0071358898622828,0.241,0.285,0.02,4.720677337744794e-06,0.585,0.5823565234528971,0.0156203955711534,0.537,0.618,0.0409999999999999,1.4733528155111504e-05,0.957,0.8802292077256603,0.063216566179585,0.672,1.016,0.1049999999999999,9.689833926869592e-06,2.312,2.009218565234529,0.1786107747344284,1.607,2.445,-0.0010000000000003,-1.3119752166963604e-05,699.238,698.9343080409933,0.7606836781896114,696.788,700.477,-0.9779999999999518,-6.181251185698689e-05,4.562,5.074607213243989,0.4133346246786221,4.44,5.958,-0.0129999999999999,-1.3237093235033736e-05,157.5,157.5,0.0,157.5,157.5,0.0,-9.572984545416242e-17,24.0,25.743890421757985,0.735028013843087,24.0,27.0,-3.0,-0.0005268558656271,15.0,13.878695309420577,0.6514684245521677,13.5,15.0,0.0,0.0003015591409697,15.0,14.9441269215609,0.5521279618136531,13.5,16.5,0.0,0.00032612012991,12.0,11.700532124556563,0.599415620564992,10.500000000000002,12.0,1.4999999999999982,0.0003260121016835,100.0,100.0,0.0,100.0,100.0,0.0,-5.851470061966284e-18,1.0,1.0,0.0,1.0,1.0,0.0,1.1644326051466488e-19,1.0,1.0,0.0,1.0,1.0,0.0,1.1644326051466488e-19,1.0,1.0,0.0,1.0,1.0,0.0,1.1644326051466488e-19,1.0,1.0,0.0,1.0,1.0,0.0,1.1644326051466488e-19,0.0,1.9174221521482064,6.329241842612458,0.0,23.0,0.0,-0.0001369176934293,9.87,9.5638271580607,0.3074379267706439,8.767,10.23,0.4569999999999989,0.0001745255129116,3.29,3.1879055971620027,0.1025515649264742,2.922,3.41,0.1520000000000001,5.834459854619603e-05,0.78987557,1,0.692888307468758,0.6684481501579285
batch_dist_ternary_butan-1-ol+propan-2-ol+water__operating_point_031__train_normal_experiment_001,batch_dist_ternary_butan-1-ol+propan-2-ol+water,operating_point_031,train_normal_experiment_001,0.2,2605,217.0,0.9094380882861072,1.0,1.0,0.0,1.0,1.0,0.0,7.023563191001013e-19,1.0,1.0,0.0,1.0,1.0,0.0,7.023563191001013e-19,365.713,361.6500852207294,3.5150403737115,353.875,365.967,11.814999999999998,0.0045717508434797,93.832,92.2434642994242,0.7593804272394787,91.176,93.832,2.5489999999999924,0.0009995580347272,83.661,81.98347907869481,0.8705042155518747,80.613,83.661,3.025999999999996,0.0011537228604475,88.642,87.32560172744722,0.5739451696719148,86.649,88.642,1.4200000000000017,0.0006858837830028,88.563,87.30642341650672,0.573596674082797,86.64,88.584,1.4750000000000083,0.0007140393882096,83.552,82.25043704414587,0.6207974495661276,81.481,83.638,1.6230000000000049,0.0007749943234918,76.854,75.69597101727447,0.6014774448991264,74.284,76.854,2.569999999999993,0.0007953365141827,71.419,71.3272973128599,0.0841175919924368,71.083,71.482,0.3149999999999977,0.0001074088657634,70.909,70.925683109405,0.0143073428768995,70.888,70.993,-0.0210000000000007,6.558266566508201e-06,71.162,71.18396967370442,0.0151603534391558,71.12,71.226,-0.0210000000000007,4.694740299426642e-06,0.258,0.2667629558541267,0.0060874111072322,0.244,0.281,0.003,4.424365812907721e-06,0.598,0.6169815738963532,0.0129799877790227,0.558,0.642,0.024,1.0612037119181177e-05,0.916,0.8836859884836854,0.0694159004241855,0.655,1.069,0.007,1.0162583043859503e-05,1.751,2.0005796545105565,0.1355838030425515,1.404,2.343,0.347,-5.296856791672364e-06,698.637,699.1950174664107,0.6070358789496392,697.291,700.548,-0.1880000000001018,-7.15132589782614e-05,5.464,5.075584836852208,0.4201789760107035,4.44,5.994,-0.3899999999999997,-3.462353028597926e-06,157.5,157.5,0.0,157.5,157.5,0.0,5.1081136740513866e-17,22.5,23.59836852207293,0.7598629955860228,22.5,25.500000000000004,-3.000000000000004,-0.00071350190846,15.0,13.601919385796544,0.377480486242233,13.5,15.0,1.5,6.270005368355784e-05,15.0,14.32485604606526,0.7458208763913369,13.5,15.0,1.5,0.0004221345746915,12.0,11.228406909788868,0.7491128185037867,10.500000000000002,12.0,1.4999999999999982,0.0003642910081061,100.0,100.0,0.0,100.0,100.0,0.0,1.9324267347634238e-17,1.0,1.0,0.0,1.0,1.0,0.0,7.023563191001013e-19,1.0,1.0,0.0,1.0,1.0,0.0,7.023563191001013e-19,1.0,1.0,0.0,1.0,1.0,0.0,7.023563191001013e-19,1.0,1.0,0.0,1.0,1.0,0.0,7.023563191001013e-19,0.0,2.271785028790787,6.68770253104955,0.0,22.0,0.0,4.669911918526463e-05,9.712,10.072296161228408,0.2405403500148443,8.97,10.552,0.6519999999999992,0.0001262960015326,3.237,3.3575738963531667,0.0801288945441311,2.99,3.517,0.217,4.1950266653165765e-05,0.7613798,1,0.692888307468758,0.6684481501579285
batch_dist_ternary_butan-1-ol+propan-2-ol+water__operating_point_035__train_normal_experiment_001,batch_dist_ternary_butan-1-ol+propan-2-ol+water,operating_point_035,train_normal_experiment_001,0.2,862,71.75,0.6734789655266796,1.0,0.9988399071925754,0.034040372972439,0.0,1.0,0.0,-7.76577078867631e-06,1.0,1.0,0.0,1.0,1.0,0.0,-1.0124718489210917e-18,446.8,443.19669373549885,1.319503033929852,442.1,446.9,4.0,0.0041982698331053,75.3,81.84356148491878,5.077759815156595,75.3,90.9,-5.6000000000000085,-0.0192802070052855,81.3,81.02894431554522,0.1831673487325195,80.7,81.3,0.5999999999999943,0.0007206977210628,107.7,96.86861948955917,30.78407951858376,30.8,127.0,76.9,0.1004494222046393,100.3,98.13671693735498,28.79186763663869,33.2,128.8,67.1,0.0807323503116532,112.0,97.75435034802784,30.375972312857776,35.8,127.3,76.2,0.1037248098044232,78.5,78.7901392111369,0.4329071093283572,78.3,79.6,-0.5999999999999943,-0.00135892089547,74.6,74.77186774941995,0.142036452150435,74.6,75.1,-0.1000000000000085,-0.0004131310434663,74.3,74.31983758700694,0.0475718684806873,74.2,74.5,0.0,-9.032930999283116e-05,74.1,74.11653132250582,0.0404000966880569,74.0,74.2,0.0,3.785789840387053e-05,1.9,0.2756380510440835,0.4435061202934328,0.0,2.1,1.7999999999999998,0.0001604413865522,1.3,0.3808584686774942,0.4082944616816182,0.0,1.5,0.8,8.55986534809185e-05,1.0,1.0445475638051045,0.0710329287867478,0.8,1.3,-0.1,-1.766267891682509e-05,3.0,2.967749419953596,0.1471241480378338,2.5,3.3,0.0,-0.0001228556179932,800.8,799.9797563805104,0.4863797424591221,798.2,801.5,1.0,-2.4111828373872576e-05,6.4,6.503364269141531,0.3680074957931761,5.8,7.3,-0.3999999999999994,-1.1414465266587514e-05,210.0,210.0,0.0,210.0,210.0,0.0,-2.738977668431045e-16,0.0,1.0005800464037122,7.970635617448885,0.0,91.5,-91.5,-0.0068682809396575,0.0,52.02059164733178,55.44706979383021,0.0,136.5,-66.0,-0.1914607345532989,0.0,64.15023201856148,61.110025625626506,0.0,150.0,-69.0,-0.2105296339049845,0.0,59.19431554524362,56.30422704174333,0.0,139.5,-61.49999999999999,-0.1909023929637209,0.0,0.0,0.0,0.0,0.0,0.0,0.0,1.0,0.4721577726218097,0.4992242085222041,0.0,1.0,1.0,-7.193408188931321e-05,1.0,1.0,0.0,1.0,1.0,0.0,-1.0124718489210917e-18,1.0,1.0,0.0,1.0,1.0,0.0,-1.0124718489210917e-18,1.0,1.0,0.0,1.0,1.0,0.0,-1.0124718489210917e-18,10.2,8.639269141531322,3.819158603106644,0.0,19.8,-0.6000000000000014,-0.0006841030484622,9.4,6.60046403712297,6.556684817341023,0.0,24.7,8.4,0.0017283945366781,0.0,15.53781902552204,31.7876772279702,0.0,100.0,-4.1,0.0130803851608729,0.6775414,1,0.692888307468758,0.6684481501579285
batch_dist_ternary_butan-1-ol+propan-2-ol+water__operating_point_002__test_anormal_experiment_001,batch_dist_ternary_butan-1-ol+propan-2-ol+water,operating_point_002,test_anormal_experiment_001,0.2,792,65.98333333333333,0.6553497732854644,1.0,0.9962121212121212,0.0614290709857077,0.0,1.0,0.0,1.6026818580135735e-05,1.0,1.0,0.0,1.0,1.0,0.0,3.658525555636348e-18,440.6,438.61338383838375,1.3767083654046584,436.1,440.6,4.5,0.0059990398884939,70.6,70.32702020202021,0.3496061414468183,69.7,70.8,0.5,-4.96167114473117e-05,70.5,70.347601010101,0.1046605981592928,70.1,70.5,0.4000000000000057,0.000398123323555,70.0,69.96085858585859,0.0495766950180124,69.8,70.1,0.0999999999999943,0.0001664735960399,70.0,70.06729797979798,0.0941671203848513,69.9,70.3,-0.2999999999999971,-0.000309933550177,69.9,69.99532828282828,0.0542710491499737,69.9,70.1,-0.1999999999999886,-2.6583745573909736e-05,67.9,68.07411616161616,0.3442885016451523,67.8,69.0,-1.0,-0.0010837595597495,63.3,63.93232323232323,0.6585994142497839,63.3,65.3,-1.7999999999999972,-0.0026427849436697,63.3,63.40479797979797,0.1478027951648594,63.3,63.9,-0.6000000000000014,-0.000525384958868,63.3,63.29671717171716,0.0178186943053708,63.2,63.3,0.0,-1.0724803991958743e-06,0.1,0.115530303030303,0.1423955282144201,0.0,2.3,0.0,1.870922732666558e-05,0.6,0.4939393939393939,0.2166984507307969,0.0,1.1,0.0,3.8517505513009474e-05,0.7,0.601641414141414,0.049846559530123,0.5,0.7,0.0999999999999999,-4.984376810866531e-06,3.0,3.0161616161616163,0.0759878654681004,2.8,3.2,-0.2000000000000001,-7.576687541868788e-05,499.8,499.9972222222223,0.4116269286563529,498.7,501.2,-0.3000000000000113,1.3826301365772284e-05,6.4,6.501136363636364,0.3737081743644053,5.7,7.3,-0.3999999999999994,-1.100862481972133e-05,210.0,210.0,0.0,210.0,210.0,0.0,8.398510526813583e-16,0.0,8.285984848484848,10.936742725981803,0.0,31.5,-15.0,0.0030998850272026,9.0,9.4375,0.6817945071647329,9.0,10.500000000000002,0.0,4.614201988352048e-05,10.500000000000002,10.598484848484848,0.371521207128461,10.500000000000002,12.0,0.0,-0.0001524298999998,7.5,7.856060606060606,0.6382098039850712,7.5,9.0,0.0,0.00010790022396,0.0,0.0,0.0,0.0,0.0,0.0,0.0,0.0,0.4962121212121212,0.4999856517684165,0.0,1.0,-1.0,0.0001059074394342,1.0,1.0,0.0,1.0,1.0,0.0,3.658525555636348e-18,1.0,1.0,0.0,1.0,1.0,0.0,3.658525555636348e-18,1.0,1.0,0.0,1.0,1.0,0.0,3.658525555636348e-18,22.9,22.59962121212121,3.710446263279036,9.5,32.1,-2.900000000000002,-0.0020327042269591,7.0,8.274999999999999,3.696801955335138,0.0,19.0,-7.5,0.0003934650387573,1.5,1.6919191919191918,0.7557091482193247,0.0,4.0,-1.4,0.0002138777127896,0.6820106,2,0.694341163307552,0.6694508790969849
batch_dist_ternary_butan-1-ol+propan-2-ol+water__operating_point_002__test_anormal_experiment_002,batch_dist_ternary_butan-1-ol+propan-2-ol+water,operating_point_002,test_anormal_experiment_002,0.2,299,24.866666666666667,0.6700755060336872,1.0,0.9966555183946488,0.0577347040188363,0.0,1.0,0.0,5.252407353370533e-05,1.0,1.0,0.0,1.0,1.0,0.0,1.812791805693519e-18,437.0,436.63043478260863,0.2773081516365521,436.1,437.0,0.8999999999999773,0.0030152858521699,70.7,70.24882943143812,0.3641414068976533,69.7,70.9,0.2000000000000028,0.0002025992682545,69.2,69.19030100334449,0.0295944104423154,69.1,69.2,0.0,0.0001383133936391,70.0,70.0,0.0141657649394957,69.9,70.1,0.0,2.415209535145009e-05,70.1,70.0153846153846,0.0451393520235505,69.9,70.1,0.0,-8.466701084121353e-05,70.0,70.00033444816054,0.0514006674339452,69.9,70.1,0.0,0.0001949675652623,67.8,67.78896321070235,0.0313347763956416,67.7,67.8,0.0,-2.958407218680392e-05,63.4,63.43411371237457,0.0481094117360582,63.4,63.6,-0.2000000000000028,-0.0004543556822517,63.4,63.38327759197324,0.0373175812782971,63.3,63.4,0.0,-5.822540459230808e-05,63.3,63.3,7.105427357601002e-15,63.3,63.3,0.0,1.0952988312565767e-16,0.0,0.1675585284280936,0.3398569329419917,0.0,2.7,-0.2,-0.0007356512760656,0.0,0.4919732441471572,0.2626131594664041,0.0,1.2,-0.9,-1.6744854212025893e-05,0.6,0.625752508361204,0.0564177468467144,0.5,0.8,0.0,-1.8405871922064074e-05,2.9,2.995652173913044,0.085080088692535,2.8,3.2,-0.2000000000000001,-6.65753855132288e-05,499.9,499.9986622073579,0.3163306813177542,499.0,500.8,0.0999999999999659,0.0001525442751007,6.8,6.644147157190633,0.4225945403916635,5.8,7.3,0.3999999999999994,-0.0001437004781037,210.0,210.0,0.0,210.0,210.0,0.0,8.649945320377317e-16,0.0,11.764214046822742,12.372240355153506,0.0,34.5,0.0,-0.0029527956723754,9.0,9.250836120401338,0.5597637191744504,9.0,10.500000000000002,0.0,0.0013023276694125,10.500000000000002,10.700668896321073,0.5106225010033227,10.500000000000002,12.0,0.0,-0.0015898633027316,7.5,7.946488294314381,0.6858430173966972,7.5,9.0,0.0,-0.00485039617517,0.0,0.0,0.0,0.0,0.0,0.0,0.0,0.0,0.4816053511705686,0.499661522327307,0.0,1.0,0.0,0.0001450023568494,1.0,1.0,0.0,1.0,1.0,0.0,1.812791805693519e-18,1.0,1.0,0.0,1.0,1.0,0.0,1.812791805693519e-18,1.0,1.0,0.0,1.0,1.0,0.0,1.812791805693519e-18,23.9,23.581939799331103,2.7680465776261154,15.0,30.3,-0.8000000000000007,0.0008245830621086,4.0,8.048829431438127,4.417003891659268,0.0,19.6,-7.1,-0.0008108011043522,0.8,1.7016722408026757,0.9374218609658715,0.0,4.4,-1.6,-0.0002943143812708,0.6666599,2,0.694341163307552,0.6694508790969849
batch_dist_ternary_butan-1-ol+propan-2-ol+water__operating_point_002__test_anormal_experiment_003,batch_dist_ternary_butan-1-ol+propan-2-ol+water,operating_point_002,test_anormal_experiment_003,0.2,714,59.45,0.6751905551408042,1.0,0.9985994397759104,0.0373978429210607,0.0,1.0,0.0,8.093548230501713e-06,1.0,1.0,0.0,1.0,1.0,0.0,7.421434176321307e-19,438.3,436.9288515406163,0.963784453992765,434.8,438.4,3.5,0.0046248364291429,70.8,70.31904761904761,0.369630574784929,69.7,70.9,0.0,6.0819745664214194e-05,69.6,69.5267507002801,0.0510267357922859,69.4,69.6,0.0999999999999943,0.0001938907557256,70.0,70.01022408963586,0.0337929961760963,69.9,70.1,0.0,7.87217073002002e-05,70.0,70.01085434173669,0.0321581101711007,69.9,70.1,0.0,-3.841138648488707e-05,70.0,69.99859943977592,0.0529070777801765,69.9,70.1,-0.0999999999999943,2.6730138107087544e-05,68.1,68.06218487394959,0.0679737920809032,67.9,68.2,0.0999999999999943,0.0001950858315844,63.3,63.38823529411764,0.0605897310195848,63.3,63.5,-0.2000000000000028,-0.0002239951287059,63.4,63.38046218487394,0.0392968015298562,63.3,63.4,0.0,-7.522027239868327e-05,63.3,63.30042016806723,0.0134868931903137,63.2,63.4,0.0,-1.079524386185938e-05,0.1,0.1044817927170868,0.0281467309649461,0.0,0.2,0.0,-1.5069494485384176e-05,0.5,0.6731792717086834,0.439709021836104,0.0,2.5,-0.0999999999999999,-8.570671964781414e-05,0.7,0.6681372549019607,0.0633741120636762,0.5,0.9,0.0,5.2465478585436e-05,3.0,3.0015406162464986,0.0634368752843228,2.8,3.2,-0.1,-2.7656527945280508e-05,499.5,499.9060224089636,0.849862741592803,497.8,502.1,-0.3000000000000113,-0.0002568165822024,6.8,6.745378151260502,0.3826960014824347,5.8,7.8,0.0,-1.5481589609138005e-05,210.0,210.0,0.0,210.0,210.0,0.0,-2.1734760899680084e-16,0.0,9.481092436974787,11.666526294547635,0.0,33.0,0.0,-0.0007464938328728,9.0,9.143907563025213,0.440867488839799,9.0,10.500000000000002,0.0,-0.0007893805724017,10.500000000000002,10.628151260504202,0.4192900489964988,10.500000000000002,12.0,0.0,-0.0006044693694227,7.5,7.9978991596638656,0.7063605073203164,7.5,9.0,0.0,-0.0005271273565968,0.0,0.0,0.0,0.0,0.0,0.0,0.0,1.0,1.0,0.0,1.0,1.0,0.0,7.421434176321307e-19,1.0,1.0,0.0,1.0,1.0,0.0,7.421434176321307e-19,1.0,1.0,0.0,1.0,1.0,0.0,7.421434176321307e-19,1.0,1.0,0.0,1.0,1.0,0.0,7.421434176321307e-19,1.3,14.102450980392156,10.877607672855822,0.0,38.0,-3.9,-0.003895801418283,8.9,9.319467787114846,3.122305986724017,0.0,20.0,-6.9,-0.0012783883058612,2.1,1.9985294117647057,0.6721069288210368,0.0,4.3,-1.4,-3.120246912013525e-05,0.673518,2,0.694341163307552,0.6694508790969849
batch_dist_ternary_butan-1-ol+propan-2-ol+water__operating_point_002__test_anormal_experiment_004,batch_dist_ternary_butan-1-ol+propan-2-ol+water,operating_point_002,test_anormal_experiment_004,0.2,982,81.75,0.6669373851913899,1.0,0.9989816700610998,0.0318950300679548,0.0,1.0,0.0,7.666596520476179e-07,1.0,1.0,0.0,1.0,1.0,0.0,3.931103552359813e-19,438.4,437.66985743380855,0.6485828041270403,436.2,438.5,2.1999999999999886,0.0022245839985927,70.1,70.26160896130345,0.3312364324411102,69.7,70.8,-0.4000000000000057,-4.1220311556445846e-05,69.7,69.57800407331976,0.0590564642625006,69.5,69.7,0.2000000000000028,0.0001722487821215,70.0,69.99989816700612,0.0194106081160376,69.9,70.1,0.0,-6.8929672352518845e-06,69.9,70.05285132382892,0.0826435447699164,69.9,70.3,-0.1999999999999886,-0.0002120561589473,70.0,69.99969450101833,0.0301034934184269,69.9,70.1,0.0,9.626330655846456e-06,68.2,68.08625254582486,0.0581837227172837,68.0,68.2,0.2000000000000028,0.000103138532909,63.3,63.36242362525457,0.0581751671524199,63.3,63.5,-0.2000000000000028,-0.0001445660326524,63.3,63.3029531568228,0.0247479317824541,63.2,63.4,-0.1000000000000014,-1.8871865897777528e-05,63.3,63.21670061099797,0.0372981325550071,63.2,63.3,0.0,-1.8603851821012525e-05,0.1,0.1123217922606924,0.1231002535218933,0.0,2.0,0.0,-7.530371871559016e-06,0.5,0.4989816700610998,0.2057695843986812,0.0,1.8,-0.0999999999999999,4.153901387458183e-05,0.6,0.5982688391038696,0.0578559295226805,0.4,0.8,0.0,3.20723511793387e-05,3.0,3.0003054989816698,0.070565856273372,2.7,3.3,0.0,-6.381015996506148e-06,499.8,499.8265784114053,0.8694968366493923,497.6,501.8,-0.5,-0.0001111358702049,6.4,6.712423625254583,0.3844858388244112,5.8,7.8,-0.8999999999999995,-3.314123947108093e-05,210.0,210.0,0.0,210.0,210.0,0.0,5.664475136793562e-17,12.0,9.493380855397149,10.958573491518052,0.0,31.5,12.0,0.0009729766348559,9.0,8.676171079429736,0.6171533124416447,7.5,9.0,0.0,-9.739745596095736e-05,9.0,9.856924643584522,0.7423389526316967,9.0,10.500000000000002,-1.5000000000000018,-1.5006887486561476e-05,9.0,7.79938900203666,0.5995412650639509,7.5,9.0,0.0,-8.127859517742232e-05,0.0,0.0,0.0,0.0,0.0,0.0,0.0,1.0,1.0,0.0,1.0,1.0,0.0,3.931103552359813e-19,1.0,1.0,0.0,1.0,1.0,0.0,3.931103552359813e-19,1.0,1.0,0.0,1.0,1.0,0.0,3.931103552359813e-19,1.0,1.0,0.0,1.0,1.0,0.0,3.931103552359813e-19,25.4,13.222403258655804,11.21373208613904,0.0,36.7,-4.0,-0.0030189574466573,8.4,8.29806517311609,3.4540814317997763,0.0,22.7,0.9000000000000004,0.0002763161770553,1.8,1.8114052953156825,0.7548972905228645,0.0,4.8,0.1,0.0001256624866038,0.6584229,2,0.694341163307552,0.6694508790969849
batch_dist_ternary_butan-1-ol+propan-2-ol+water__operating_point_002__test_anormal_experiment_005,batch_dist_ternary_butan-1-ol+propan-2-ol+water,operating_point_002,test_anormal_experiment_005,0.2,767,63.85,0.4339862097948845,1.0,1.0,0.0,1.0,1.0,0.0,-7.027020450382072e-19,1.0,1.0,0.0,1.0,1.0,0.0,-7.027020450382072e-19,441.1,438.9419817470665,1.5472346479217096,436.1,441.2,5.0,0.0069509072638985,70.0,70.27640156453715,0.3668514833621498,69.7,70.9,-0.2000000000000028,-3.275143313777062e-05,69.5,69.4083441981747,0.0980021893409617,69.2,69.5,0.2999999999999971,0.0003993068557432,70.0,69.9372881355932,0.0483570936192755,69.9,70.0,0.0999999999999943,7.192815758387904e-05,70.0,70.03898305084746,0.0508648384027482,69.9,70.2,-0.0999999999999943,-0.0001606030284823,70.0,69.98474576271185,0.0390821256744597,69.9,70.1,0.0,4.272446393506556e-05,67.1,67.6885267275098,0.48046456658318,66.8,68.2,-1.1000000000000083,-0.0019261486165624,63.3,64.05723598435462,0.701067671787908,63.3,65.3,-1.9000000000000057,-0.0030676218294803,61.1,62.53937418513689,1.1879177160653571,61.1,64.4,-3.3000000000000043,-0.0049963235419268,60.9,62.27627118644067,1.087302641711008,60.9,63.3,-2.3000000000000043,-0.0043294974486061,0.1,0.1061277705345501,0.1114161507237437,0.0,2.4,0.0,2.996164398950171e-05,0.4,0.4916558018252934,0.1941336423636274,0.0,1.2,0.0,5.982488740847131e-05,0.7,0.6239243807040417,0.0618435551347837,0.5,0.8,0.0999999999999999,2.6262314432481032e-05,3.0,3.0172750977835725,0.0684490594128805,2.8,3.2,0.0,-6.842031021816557e-05,500.3,499.9042372881356,0.7323220635152876,498.0,502.2,0.9000000000000341,0.0004361990912684,6.8,6.884224250325944,0.3542241157200965,5.9,7.8,0.0,4.743439394610472e-05,210.0,210.0,0.0,210.0,210.0,0.0,1.9482855447314748e-16,18.0,10.539113428943937,11.84517277707741,0.0,36.0,9.0,-0.0002126250165951,9.0,9.30606258148631,0.6038925331966799,9.0,10.500000000000002,-1.5000000000000018,-0.0007826435648367,10.500000000000002,10.505867014341591,0.0936274513970206,10.500000000000002,12.0,0.0,3.5384313268286974e-05,7.5,7.836375488917862,0.6256314920398925,7.5,9.0,0.0,0.0003863552130813,0.0,0.0,0.0,0.0,0.0,0.0,0.0,1.0,1.0,0.0,1.0,1.0,0.0,-7.027020450382072e-19,1.0,1.0,0.0,1.0,1.0,0.0,-7.027020450382072e-19,1.0,1.0,0.0,1.0,1.0,0.0,-7.027020450382072e-19,1.0,1.0,0.0,1.0,1.0,0.0,-7.027020450382072e-19,33.8,19.82398956975228,13.157374511321851,0.0,39.1,33.8,0.0402076911587991,9.4,8.202346805736637,3.472066924728118,0.0,19.0,2.9000000000000004,0.0009426668277953,2.1,1.82535853976532,0.7746044761010497,0.0,4.3,0.7000000000000002,0.0001763790334659,0.67286974,2,0.694341163307552,0.6694508790969849
batch_dist_ternary_butan-1-ol+propan-2-ol+water__operating_point_002__test_anormal_experiment_006,batch_dist_ternary_butan-1-ol+propan-2-ol+water,operating_point_002,test_anormal_experiment_006,0.2,2239,186.56666666666663,0.6822258302481301,1.0,0.9995533720410896,0.0211288542608573,0.0,1.0,0.0,5.35619990937184e-07,1.0,1.0,0.0,1.0,1.0,0.0,3.5128222874600823e-19,441.6,441.0803707012059,0.5822596141696492,439.0,441.8,2.6000000000000227,0.000543397599464,70.5,70.28088432335865,0.3366027427832339,69.7,70.9,0.2000000000000028,-1.1799409051839637e-05,70.2,69.89595801697187,0.1470658690243483,69.6,70.2,0.6000000000000085,0.0002209423909802,70.0,70.00046895935685,0.0192768735254018,69.9,70.1,0.0,-1.4534438676062275e-06,70.0,70.02936578829835,0.0756590794395817,69.9,70.3,0.0,-5.871720786880824e-05,70.0,70.00406431442609,0.0320716505982425,69.9,70.1,0.0,-5.648064695261367e-07,68.5,68.31125502456455,0.1080427466166052,68.1,68.5,0.2999999999999971,0.0001518996912263,63.3,63.31840107190711,0.0387204675021533,63.3,63.4,-0.1000000000000014,-2.700150178865801e-05,63.3,63.32722197409558,0.0444725963510758,63.3,63.4,-0.1000000000000014,-8.34738631983444e-06,63.3,63.29924073246987,0.0086804530891189,63.2,63.3,0.0,4.999119915559288e-07,0.1,0.1078829834747655,0.1178627701090949,0.0,2.2,0.1,1.7790922692993851e-06,0.6,0.5073246985261278,0.1873093789930539,0.0,1.4,0.5,7.491997987009538e-06,0.6,0.6227110317105851,0.0651813837711018,0.5,0.9,0.0,1.984819524501143e-05,3.0,2.999531040643145,0.0660808969776165,2.8,3.2,0.1,8.136933634762541e-07,499.4,499.884435015632,0.9114955049332516,497.6,502.2,0.8999999999999773,4.17897986821438e-05,7.3,6.9858642251004905,0.3934564726335954,6.2,7.8,0.5,-3.0244247847556145e-05,210.0,210.0,0.0,210.0,210.0,0.0,1.0671377916344783e-16,0.0,8.93334077713265,10.7690904394384,0.0,33.0,-3.0,-0.0004245277542242,9.0,8.680772666368915,0.6133361437488865,7.5,9.0,0.0,-0.0001274502957477,9.0,9.739280928986156,0.7487499608870724,9.0,10.500000000000002,-1.5000000000000018,8.882632125155531e-06,7.5,7.663465832961143,0.4652610504662288,7.5,9.0,0.0,-7.892136055089368e-05,0.0,0.0,0.0,0.0,0.0,0.0,0.0,1.0,1.0,0.0,1.0,1.0,0.0,3.5128222874600823e-19,1.0,1.0,0.0,1.0,1.0,0.0,3.5128222874600823e-19,1.0,1.0,0.0,1.0,1.0,0.0,3.5128222874600823e-19,1.0,1.0,0.0,1.0,1.0,0.0,3.5128222874600823e-19,21.8,14.253818669048684,11.012853342578616,0.0,37.8,21.8,0.0019579828247516,9.2,8.458887896382313,3.3386387596881195,0.0,22.2,6.9,0.0002100551395656,1.9,1.8651406878070569,0.7330949433247,0.0,4.9,1.4,5.374053909071135e-06,0.6485584,2,0.694341163307552,0.6694508790969849
batch_dist_ternary_butan-1-ol+propan-2-ol+water__operating_point_004__test_anormal_experiment_002,batch_dist_ternary_butan-1-ol+propan-2-ol+water,operating_point_004,test_anormal_experiment_002,0.2,1408,117.25,0.9760909999802094,1.0,1.0,0.0,1.0,1.0,0.0,-8.183022461357916e-19,1.0,1.0,0.0,1.0,1.0,0.0,-8.183022461357916e-19,417.994,285.95729190340904,84.47408324871536,159.31,417.994,176.12100000000004,0.1519503735844399,84.972,77.20417933238637,4.603506732852567,69.832,84.993,8.047999999999988,0.0069825907822886,80.935,78.61647017045455,0.9242107863544003,76.968,80.935,1.5450000000000017,0.0003783550308035,73.51,67.30490376420454,3.934774166336375,60.929,73.51,6.033000000000001,0.0061203907166666,76.382,69.80175816761364,4.518040212319687,62.57,76.403,7.551000000000002,0.0075641384000466,70.675,65.51489879261364,3.1444714766719093,60.648,70.718,4.890000000000001,0.0049194437458232,79.32,72.77244353693182,3.9994080420406166,65.844,79.32,3.9739999999999895,0.0034991743601639,66.858,64.47312357954546,1.5593171459784092,62.786,69.043,2.75,0.0028853488826719,64.049,63.732287286931815,0.4494490445384667,62.843,65.085,-0.1059999999999945,0.0003392995203584,63.188,63.50987428977273,0.4445271285933749,62.723,64.899,-0.9080000000000013,-8.140517055621775e-05,0.207,0.14549609375,0.1279368774268586,0.002,0.49,0.132,-7.566268583173836e-05,0.293,0.2561239346590909,0.1898046303543006,0.002,0.807,0.0979999999999999,-0.0001757228732441,0.574,0.4644041193181818,0.1628624679518764,0.144,0.946,0.2619999999999999,0.0001828642978685,1.278,0.2673757102272728,2.4492806843013164,-2.166,6.924,-5.583,0.001957167494912,499.013,509.2961981534091,11.64682788603052,496.555,543.827,-14.116000000000042,-0.0047316100947064,6.883,6.638069602272726,0.3183140068406714,5.882,7.38,0.0,-5.550996283066959e-05,210.0,167.41832386363637,64.6899216672268,0.0,210.0,0.0,0.0577807950777759,18.0,19.140980113636363,9.72486297623828,0.0,39.0,-4.5,0.0030234955405335,16.5,15.985973011363637,8.248206187548636,0.0,36.0,-6.0,-0.0040348144623747,16.5,15.441583806818182,7.363435322556601,0.0,31.5,-1.5,-5.065743546147746e-05,13.5,11.980291193181818,5.734835706210687,0.0,24.0,0.0,-0.0003537218157069,0.0,0.0,0.0,0.0,0.0,0.0,0.0,1.0,1.0,0.0,1.0,1.0,0.0,-8.183022461357916e-19,1.0,1.0,0.0,1.0,1.0,0.0,-8.183022461357916e-19,1.0,0.5994318181818182,0.4900135850494941,0.0,1.0,0.0,0.0007758943385989,1.0,1.0,0.0,1.0,1.0,0.0,-8.183022461357916e-19,0.0,7.240767045454546,8.395936346764069,0.0,33.0,-1.0,0.0008536535853265,5.267,4.06941796875,2.9569197670016227,0.0,12.607,-2.852999999999999,-0.0017127502466313,2.63,1.5834449573863636,1.5623117007026606,0.0,6.303,-1.4299999999999995,-0.0002503637624493,0.65928656,2,0.694341163307552,0.6694508790969849
batch_dist_ternary_butan-1-ol+propan-2-ol+water__operating_point_004__train_normal_experiment_001,batch_dist_ternary_butan-1-ol+propan-2-ol+water,operating_point_004,train_normal_experiment_001,0.2,768,63.98333333333333,0.6628950621746553,1.0,1.0,0.0,1.0,1.0,0.0,-7.134052083502625e-19,1.0,1.0,0.0,1.0,1.0,0.0,-7.134052083502625e-19,434.524,413.289171875,21.467397104685904,350.544,434.524,83.98000000000002,0.0886333840697762,84.609,82.72686783854166,1.1552380511669793,80.828,84.63,3.759,0.0051612790179745,81.901,80.05115169270833,1.0671511005736103,77.697,81.943,4.161999999999992,0.0042288707070276,74.418,72.11323046874999,1.338940800190735,70.007,74.482,4.390000000000001,0.0059144929389834,77.936,75.46130598958332,1.3880347423908082,73.402,77.979,4.109000000000009,0.0058595774177168,71.612,69.67083138020833,1.1522058664195545,67.783,71.612,3.8079999999999927,0.0050752958077571,78.809,77.01836783854166,0.7417093374917234,75.898,78.831,2.5289999999999964,0.0027088134848822,64.465,65.03442317708334,0.6224640127937023,64.276,65.997,-0.7339999999999947,-0.0023466700100073,63.351,63.833807291666666,0.6393075457037143,63.288,65.276,-0.0850000000000008,-0.0015614819244501,63.23,63.694929036458326,0.6149326080776636,63.188,65.09,-0.1060000000000016,-0.0014347380021739,0.231,0.1907089843749999,0.0590578394105601,0.004,0.304,0.104,0.0001781006296062,0.318,0.3237272135416666,0.0824700829691833,0.11,0.595,0.0369999999999999,8.444895094587711e-05,0.527,0.590744140625,0.139913279845503,0.326,0.99,0.101,-0.0001719975937166,1.084,1.2482174479166668,0.5285876101182946,0.249,2.466,-1.039,-0.0011248805520893,499.211,509.3948678385416,15.132126914315709,495.029,544.302,-0.1970000000000027,-0.0375017822150139,6.428,6.764013020833333,0.3795219930252171,5.888,7.353,-0.918,5.754175934983799e-05,210.0,210.0,0.0,210.0,210.0,0.0,-1.2908872916164382e-17,16.5,16.611328125,3.305167088981129,6.0,22.5,4.5,0.0077303580374959,15.0,12.732421875,4.541925312108455,1.5,19.5,12.0,0.0079384183369417,18.0,13.2861328125,4.056475471143125,4.5,21.000000000000004,12.0,0.0058190623235699,9.0,9.71875,3.1707587321491366,1.5,16.5,1.5,0.0041387747362344,0.0,0.0,0.0,0.0,0.0,0.0,0.0,1.0,1.0,0.0,1.0,1.0,0.0,-7.134052083502625e-19,1.0,1.0,0.0,1.0,1.0,0.0,-7.134052083502625e-19,1.0,1.0,0.0,1.0,1.0,0.0,-7.134052083502625e-19,1.0,1.0,0.0,1.0,1.0,0.0,-7.134052083502625e-19,0.0,7.753255208333333,11.263272949219454,0.0,31.0,0.0,-0.0093458320864903,5.68,5.573050130208332,1.1721268039582042,2.06,8.787,0.4669999999999996,-0.0003046649362923,2.843,2.4038372395833334,0.6106045599135104,0.927,3.763,1.886,0.0018081142430652,0.65653235,2,0.694341163307552,0.6694508790969849
batch_dist_ternary_butan-1-ol+propan-2-ol+water__operating_point_009__test_anormal_experiment_001,batch_dist_ternary_butan-1-ol+propan-2-ol+water,operating_point_009,test_anormal_experiment_001,0.2,1471,122.53333333333332,0.7527630574755655,1.0,1.0,0.0,1.0,1.0,0.0,4.606101784441739e-19,1.0,1.0,0.0,1.0,1.0,0.0,4.606101784441739e-19,419.544,416.10296227056426,2.9412255331898143,408.522,419.662,10.974999999999966,0.0065829149266777,77.393,76.38158701563562,0.6078686197803472,75.24,77.479,2.088999999999998,0.0014263517965191,67.488,66.65469272603671,0.4552439351874185,65.928,67.488,1.5390000000000017,0.0010664772578185,72.328,71.87748708361659,0.2218417466126907,71.568,72.349,0.6330000000000098,0.0004907175275528,72.53,71.83746668932699,0.3512366091205811,71.381,72.53,1.1269999999999951,0.0008001210609344,67.4,66.83750441876275,0.2722607784636846,66.465,67.4,0.8710000000000093,0.000621001123013,65.993,65.75563970088375,0.1797920498727993,65.484,66.331,0.2549999999999954,0.0003188229592741,63.52,65.01484738273282,0.9274288366781892,63.5,66.564,-3.0230000000000032,-0.0021776020457173,62.632,64.335423521414,1.1932322030996496,62.59,66.567,-3.934999999999995,-0.0027927287454677,62.068,63.65263562202584,1.1627601435331052,62.005,65.597,-3.5289999999999964,-0.0027101139103411,0.46,0.334281441196465,0.1205937638065544,0.006,0.564,-0.1039999999999999,1.0269996628095846e-05,0.005,0.252319170632223,0.1503955037408739,0.004,0.48,-0.307,1.9644489560669435e-05,0.598,0.495693405846363,0.0810641629952395,0.246,0.722,0.2559999999999999,-2.5522835527081716e-05,2.813,2.0446114887831404,0.7853669825142564,0.383,4.395,0.906,-0.0003557298713458,447.901,448.7834959211421,0.7911670502990784,446.698,450.754,-1.6239999999999668,-7.368311761797117e-05,3.643,3.296556084296397,0.4397737816304518,2.664,3.964,0.0869999999999997,1.4454158691821784e-05,210.0,210.0,0.0,210.0,210.0,0.0,-1.3222974062173553e-18,19.5,20.145479265805573,0.7406188444021823,19.5,21.000000000000004,0.0,0.0007616303548582,9.0,9.25798776342624,0.564029787761081,9.0,10.500000000000002,0.0,0.0002374913440385,10.500000000000002,10.327668252889191,0.476728243220424,9.0,10.500000000000002,0.0,0.0004568017760705,7.5,7.21295037389531,0.5871417332641045,6.0,7.5,1.5,0.0005389947669133,0.0,0.0,0.0,0.0,0.0,0.0,0.0,1.0,1.0,0.0,1.0,1.0,0.0,4.606101784441739e-19,1.0,1.0,0.0,1.0,1.0,0.0,4.606101784441739e-19,1.0,1.0,0.0,1.0,1.0,0.0,4.606101784441739e-19,1.0,1.0,0.0,1.0,1.0,0.0,4.606101784441739e-19,0.0,2.459551325628824,8.972855178270787,0.0,36.0,0.0,0.0001610325506373,2.09,4.88991672331747,2.398450464407508,0.0,8.31,-2.2350000000000003,0.000159439576639,6.435,4.291201563562202,2.014361366068929,0.0,8.17,2.1099999999999994,0.0002199502229437,0.61686635,2,0.694341163307552,0.6694508790969849
batch_dist_ternary_butan-1-ol+propan-2-ol+water__operating_point_009__test_anormal_experiment_002,batch_dist_ternary_butan-1-ol+propan-2-ol+water,operating_point_009,test_anormal_experiment_002,0.2,914,76.11666666666666,0.607867836942207,1.0,1.0,0.0,1.0,1.0,0.0,-3.585205646913296e-19,1.0,1.0,0.0,1.0,1.0,0.0,-3.585205646913296e-19,423.259,421.8865131291028,0.7416878850735168,420.508,423.329,2.68100000000004,0.0027997737754342,82.472,82.3316876367615,0.1037666602072367,82.002,82.536,0.4269999999999925,0.0003494428800652,72.128,71.57652789934355,0.2958155983110429,71.101,72.149,1.0060000000000002,0.0011163982360157,77.144,77.04413019693654,0.0569054506486716,76.933,77.208,-0.0210000000000007,-8.73912906645405e-05,77.34,77.18555634573303,0.08066389833589,77.042,77.383,0.2340000000000088,0.0002659851261022,72.165,71.99933862144421,0.0852135812380943,71.803,72.186,0.0640000000000071,0.0002012208339238,65.4,65.09778719912472,0.2099121191553833,64.468,65.421,0.9320000000000022,0.000760549328314,62.534,62.06435503282276,0.2538201165737564,61.717,62.576,0.7759999999999962,0.0009411799902882,60.899,60.95642505470459,0.0298598864473934,60.857,61.026,-0.0630000000000023,-6.243132826368678e-05,61.076,61.09081564551422,0.0430849903836092,61.013,61.203,-0.083999999999996,-0.0001350172744839,0.304,0.2954764770240701,0.0110367520243631,0.219,0.373,0.0239999999999999,1.1641677701620044e-05,0.339,0.329222647702407,0.0093245306692576,0.301,0.348,0.032,1.4809175229584528e-05,0.622,0.5219070021881839,0.0756436501692349,0.286,0.725,0.0609999999999999,3.5625799627302e-05,2.07,2.0093172866520788,0.0889743342314935,1.594,2.225,0.4759999999999997,2.583943603612185e-05,448.349,448.515182166302,1.0321859547086043,446.25,450.683,-0.0180000000000291,-2.237285044360958e-05,6.829,6.687124726477023,0.3876576742543541,5.848,7.306,0.4599999999999999,-6.057591199880503e-07,210.0,210.0,0.0,210.0,210.0,0.0,-4.0857004450197286e-18,18.0,17.810448577680525,0.7336643411790371,16.5,19.5,-1.5,-0.0013784874339047,12.0,11.791575492341355,0.518841002712022,10.500000000000002,12.0,0.0,-0.0004106719625537,13.5,12.12718818380744,0.4171211034161209,12.0,13.5,1.5,0.0007090547700524,9.0,8.839168490153172,0.4640910365549313,7.5,9.0,1.5,0.0006479566925605,0.0,0.0,0.0,0.0,0.0,0.0,0.0,1.0,1.0,0.0,1.0,1.0,0.0,-3.585205646913296e-19,1.0,1.0,0.0,1.0,1.0,0.0,-3.585205646913296e-19,1.0,1.0,0.0,1.0,1.0,0.0,-3.585205646913296e-19,1.0,1.0,0.0,1.0,1.0,0.0,-3.585205646913296e-19,0.0,3.5842450765864333,11.734201312726665,0.0,42.0,0.0,0.0001042916542198,5.31,5.035867067833698,0.1343339762527198,4.56,5.35,0.75,0.0002875490129323,4.01,3.73574124726477,0.134670678049211,3.26,4.05,0.75,0.0002897055289153,0.64582044,2,0.694341163307552,0.6694508790969849
batch_dist_ternary_butan-1-ol+propan-2-ol+water__operating_point_013__train_normal_experiment_001,batch_dist_ternary_butan-1-ol+propan-2-ol+water,operating_point_013,train_normal_experiment_001,0.2,805,67.05,0.6950454537431681,1.0,1.0,0.0,1.0,1.0,0.0,-1.1032384063009364e-18,1.0,1.0,0.0,1.0,1.0,0.0,-1.1032384063009364e-18,494.381,492.1175813664596,1.439262810535113,489.732,494.381,4.625,0.0061799282106179,85.464,85.40513664596273,0.0871456335802584,85.186,85.57,0.1290000000000049,0.0002866695643431,74.483,74.13828198757763,0.1951372808337894,73.819,74.504,0.6430000000000007,0.0008356673010269,79.809,80.08961366459627,0.2428654225654105,79.766,80.74,-0.8460000000000036,-0.0009828324393783,79.897,80.03545031055901,0.1366664935169332,79.897,80.409,-0.4259999999999877,-0.0004755806835773,74.806,74.83503105590063,0.0953459684198341,74.72,75.21,-0.3410000000000082,-0.0002983249872734,72.098,71.74145838509317,0.191580539007971,71.461,72.119,0.1280000000000001,0.0006762869261109,69.275,69.03615031055902,0.1443946942144869,68.833,69.317,0.3790000000000049,0.0006013227713442,67.731,67.89016894409937,0.0887750771051996,67.731,68.112,-0.3389999999999986,-0.0003630664932815,67.543,67.71726956521738,0.1024831905886392,67.521,67.923,-0.2749999999999915,-0.000426985186424,0.403,0.3909006211180124,0.0164058408660161,0.327,0.422,0.076,6.166318661765663e-05,0.407,0.3978534161490683,0.0108498334478209,0.351,0.421,0.0099999999999999,2.761486174540084e-05,0.758,0.7735819875776399,0.050280629722012,0.584,1.003,-0.025,1.6596797312083247e-05,1.837,2.022431677018633,0.1087610734976799,1.644,2.292,0.1099999999999998,0.0001112787173053,597.416,598.4763192546584,1.0110969757395962,595.756,601.086,-1.292999999999893,-0.0006900898425438,5.464,4.990860869565218,0.3973955551167792,4.359,5.859,0.0,-1.3018565449959752e-05,280.0,280.0,0.0,280.0,280.0,0.0,-2.8186314343296803e-16,18.0,19.293167701863357,1.1433373957181303,18.0,21.000000000000004,-3.000000000000004,-0.0045872007040917,12.0,12.128571428571428,0.4199125273342591,12.0,13.5,-1.5,-0.0003673431924881,12.0,11.735403726708077,0.5717370218010306,10.500000000000002,12.0,1.4999999999999982,0.0013538145930182,9.0,9.47608695652174,0.6976911113440548,9.0,10.500000000000002,0.0,-1.5337596192106835e-05,0.0,0.0,0.0,0.0,0.0,0.0,0.0,1.0,1.0,0.0,1.0,1.0,0.0,-1.1032384063009364e-18,1.0,1.0,0.0,1.0,1.0,0.0,-1.1032384063009364e-18,1.0,1.0,0.0,1.0,1.0,0.0,-1.1032384063009364e-18,1.0,1.0,0.0,1.0,1.0,0.0,-1.1032384063009364e-18,0.0,2.1180124223602483,8.530055654313411,0.0,37.0,0.0,-0.0004974050880563,6.23,6.039816770186335,0.2235225938629204,5.485,6.59,0.5950000000000006,0.0008274711357596,4.93,4.740465838509317,0.2242332007890404,4.185,5.29,0.5949999999999998,0.0008321181341109,0.6121426,2,0.694341163307552,0.6694508790969849
batch_dist_ternary_butan-1-ol+propan-2-ol+water__operating_point_018__test_anormal_experiment_001,batch_dist_ternary_butan-1-ol+propan-2-ol+water,operating_point_018,test_anormal_experiment_001,0.2,1772,147.63333333333333,0.678697259715983,1.0,1.0,0.0,1.0,1.0,0.0,-1.5474975456271429e-19,1.0,1.0,0.0,1.0,1.0,0.0,-1.5474975456271429e-19,391.693,390.1422542325057,0.8238120606991729,388.25,391.856,3.395999999999958,0.0015544231543114,76.434,76.28335355530474,0.3004269354385884,75.709,76.775,0.4050000000000011,0.0004666264470775,66.505,66.2387796275395,0.1511416023794859,65.949,66.505,0.5339999999999918,0.0002932134544726,71.526,71.30589644469525,0.109371117467631,71.125,71.568,0.2950000000000017,0.0001963877609568,71.467,71.33983267494357,0.0953052705987731,71.19,71.573,0.1709999999999922,0.0001595038313419,66.55,66.28701297968398,0.1199574550743567,66.04,66.571,0.4039999999999963,0.0002247085148162,60.681,60.63346077878104,0.0627811869930084,60.449,60.766,0.2109999999999985,0.0001057043517055,58.133,58.14637387133183,0.0164896259925426,58.07,58.175,0.0420000000000015,9.130060680951407e-06,58.005,58.02897375846501,0.0190699160594645,57.984,58.09,0.0210000000000007,1.0252066798624023e-05,58.332,58.29974322799097,0.0221557839715729,58.248,58.354,0.0840000000000031,1.652914119200571e-05,0.114,0.1010829571106094,0.0216853760278139,0.005,0.257,0.016,-4.210226098267971e-06,0.534,0.5245984762979684,0.0689383232946055,0.207,1.285,0.031,8.060664084528457e-06,0.412,0.410311230248307,0.0528253949470153,0.238,0.621,0.0699999999999999,3.900779734850583e-06,2.01,2.0079723476297966,0.1008761019700142,1.664,2.376,-0.2350000000000003,-2.450973715894976e-06,399.076,399.3301046839729,0.639851942979032,397.596,400.817,-1.31899999999996,-1.932184495061534e-05,3.902,3.778853273137698,0.32394770852986,2.727,4.878,0.266,1.1862489997561736e-05,175.0,175.0,0.0,175.0,175.0,0.0,-1.0268189222507948e-16,19.5,19.01664785553048,0.8648056215864096,18.0,21.000000000000004,0.0,-0.0007765471367604,10.500000000000002,9.50239841986456,0.707277275009372,9.0,10.500000000000002,1.5000000000000018,-7.072393468242513e-05,9.0,10.033154627539504,0.6938091546911258,9.0,10.500000000000002,-1.5000000000000018,2.3032773403555597e-05,7.5,7.326467268623025,0.4791144042499747,6.0,7.5,0.0,2.988866090459035e-05,0.0,0.0,0.0,0.0,0.0,0.0,0.0,1.0,1.0,0.0,1.0,1.0,0.0,-1.5474975456271429e-19,1.0,1.0,0.0,1.0,1.0,0.0,-1.5474975456271429e-19,1.0,1.0,0.0,1.0,1.0,0.0,-1.5474975456271429e-19,1.0,1.0,0.0,1.0,1.0,0.0,-1.5474975456271429e-19,0.0,6.641647855530474,14.147390988329668,0.0,38.0,0.0,-0.0002140225243372,8.914,8.788530191873589,0.1993587733332278,8.091,9.48,0.0429999999999992,0.0001361680757514,1.486,1.4647920428893906,0.0331163735545838,1.349,1.58,0.0069999999999998,2.2305142435066136e-05,0.68193036,2,0.694341163307552,0.6694508790969849
batch_dist_ternary_butan-1-ol+propan-2-ol+water__operating_point_018__train_normal_experiment_001,batch_dist_ternary_butan-1-ol+propan-2-ol+water,operating_point_018,train_normal_experiment_001,0.2,1407,117.21666666666668,0.6821390035930127,1.0,1.0,0.0,1.0,1.0,0.0,7.561450483349093e-19,1.0,1.0,0.0,1.0,1.0,0.0,7.561450483349093e-19,380.565,373.49376439232407,5.922168787195028,358.384,380.565,22.180999999999983,0.013936913352234,75.816,75.65881520966596,0.2208831122844747,75.027,75.88,0.7460000000000093,0.0004187709698928,65.736,65.6028802416489,0.0749037670732323,65.437,65.757,0.2560000000000002,0.0001771592802991,70.957,71.17286496090973,0.2893448053397464,70.767,71.737,-0.6960000000000122,-0.000678602592174,71.041,71.00571073205401,0.0839638115770467,70.85,71.233,-0.0220000000000055,-0.0001106041560798,65.849,66.02251030561477,0.1909165593210948,65.721,66.401,-0.4459999999999979,-0.0004464904031871,60.322,60.48800995024876,0.3351894423041895,60.047,61.612,-1.268000000000001,-0.0006397987563234,58.279,58.38508173418621,0.1181168548537689,58.258,58.908,-0.6289999999999978,-0.0002188430772177,58.195,58.22045060412225,0.0190277416332213,58.132,58.301,-0.0429999999999992,-1.3394041906886733e-05,58.438,58.46879850746269,0.0252301436188136,58.417,58.543,-0.0210000000000007,5.290492770871369e-06,0.03,0.0761414356787491,0.0389815198165332,0.005,0.24,-0.037,-4.800411891191522e-06,0.477,0.468087420042644,0.0603174747423974,0.273,0.597,0.0439999999999999,4.255611283792758e-05,0.116,0.1748265813788201,0.0549477893030633,-0.01,0.364,0.041,3.516648959255001e-05,1.484,1.9840149253731345,0.3142286199199666,1.237,2.778,-0.8210000000000002,0.0001364136678723,398.906,398.9591027007818,0.7509489651065203,397.138,400.647,-1.274000000000001,7.213788750983375e-05,2.727,3.401797085998579,0.4402682577915431,2.664,3.968,-0.008,-6.203947790627633e-05,175.0,175.0,0.0,175.0,175.0,0.0,-1.798719630045077e-17,13.5,14.480277185501066,0.9529217375421508,13.5,16.5,-3.0,-0.0015216958645375,9.0,9.210554371002132,0.5206713229809298,9.0,10.500000000000002,-1.5000000000000018,-0.0006123205259104,9.0,9.42910447761194,0.6758162148458771,9.0,10.500000000000002,-1.5000000000000018,-0.0001652584288336,7.5,7.074626865671642,0.6749209220069198,6.0,7.5,0.0,-5.9518237542528375e-06,0.0,0.0,0.0,0.0,0.0,0.0,0.0,1.0,1.0,0.0,1.0,1.0,0.0,7.561450483349093e-19,1.0,1.0,0.0,1.0,1.0,0.0,7.561450483349093e-19,1.0,1.0,0.0,1.0,1.0,0.0,7.561450483349093e-19,1.0,1.0,0.0,1.0,1.0,0.0,7.561450483349093e-19,0.0,3.3134328358208958,10.564950438496007,0.0,37.0,0.0,0.0002537721508656,8.623,8.285013148543,1.1095941754492995,4.809,10.723,0.7799999999999994,0.0007323142020277,0.976,1.2827960199004975,0.2259268676097828,0.774,1.763,-0.33,-2.4492019705099225e-05,0.675116,2,0.694341163307552,0.6694508790969849
batch_dist_ternary_butan-1-ol+propan-2-ol+water__operating_point_019__train_normal_experiment_001,batch_dist_ternary_butan-1-ol+propan-2-ol+water,operating_point_019,train_normal_experiment_001,0.2,1043,86.9,0.6843396585895098,1.0,0.9980824544582934,0.0437477834958766,0.0,1.0,0.0,1.052329634653838e-05,1.0,1.0,0.0,1.0,1.0,0.0,1.0932456624700989e-18,425.635,422.9252660594439,1.7487392144874547,420.202,425.682,5.432999999999993,0.0057411501986176,75.986,76.10712847555129,0.0966103747551575,75.922,76.327,-0.1490000000000009,-4.056859770951825e-05,65.672,65.51245781399808,0.0860428450421608,65.33,65.672,0.3209999999999979,0.0002776700823277,70.957,71.25132118887824,0.2826528186968656,70.851,71.906,-0.8860000000000099,-0.0008944043159602,70.978,71.22982454458293,0.1227017226597924,70.935,71.509,-0.5100000000000051,-0.0003493494625112,65.891,65.98806136145734,0.1630337743387405,65.764,66.465,-0.5529999999999973,-0.0004441419781144,60.406,60.63904074784276,0.1963917234252235,60.322,61.146,-0.3170000000000001,-0.0004213400572861,58.573,58.7696447746884,0.1508487163497716,58.51,59.096,-0.4810000000000016,-0.0004902029009988,58.428,58.592246883988494,0.1314172257606592,58.364,58.871,-0.4220000000000041,-0.0004259221279031,58.691,58.810416107382544,0.1112981467853285,58.628,59.071,-0.3589999999999946,-0.0003553332150492,0.226,0.1285268456375838,0.1529390047184138,0.004,1.906,0.108,-0.0001141317537008,0.566,0.5819693192713328,0.1936145227783719,0.046,1.094,0.0409999999999999,3.0136668958101435e-05,0.255,0.2246912751677852,0.0494351322607088,0.106,0.458,-0.004,-1.8413177443019454e-05,1.356,2.222356184084372,0.7241568270681881,1.159,3.796,-2.1870000000000003,-0.0012768686407693,399.453,399.1049841802493,0.6238475722273,397.533,400.647,0.8519999999999754,4.4272385552494566e-05,4.558,4.008604506232024,0.3885743364728457,2.927,4.888,0.6559999999999997,8.265069397384989e-05,210.0,210.0,0.0,210.0,210.0,0.0,6.075120389005436e-17,18.0,17.87272291466922,0.7656431676286749,16.5,19.5,-1.5,-0.0014597583542334,10.500000000000002,10.09156279961649,0.6677086594602065,9.0,10.500000000000002,0.0,-0.0010834183076293,10.500000000000002,10.082214765100671,0.6704004783941327,9.0,10.500000000000002,0.0,-3.371156492923016e-06,7.5,7.684084372003835,0.492178323364313,7.5,9.0,0.0,0.000234680084705,0.0,0.0,0.0,0.0,0.0,0.0,0.0,1.0,1.0,0.0,1.0,1.0,0.0,1.0932456624700989e-18,1.0,1.0,0.0,1.0,1.0,0.0,1.0932456624700989e-18,1.0,1.0,0.0,1.0,1.0,0.0,1.0932456624700989e-18,1.0,1.0,0.0,1.0,1.0,0.0,1.0932456624700989e-18,0.0,2.882070949185043,9.721949088596164,0.0,36.0,0.0,0.0001153649412543,8.969,9.49974544582934,2.913559302942053,1.601,18.016,0.875,0.0005779047877952,1.28,1.3513652924256951,0.3924318278682956,0.24,2.575,0.1240000000000001,9.829620746110904e-05,0.67264706,2,0.694341163307552,0.6694508790969849
batch_dist_ternary_butan-1-ol+propan-2-ol+water__operating_point_020__train_normal_experiment_001,batch_dist_ternary_butan-1-ol+propan-2-ol+water,operating_point_020,train_normal_experiment_001,0.2,4016,334.5833333333333,0.6924323198414503,1.0,1.0,0.0,1.0,1.0,0.0,-1.967258634535355e-19,1.0,1.0,0.0,1.0,1.0,0.0,-1.967258634535355e-19,306.117,304.01620082171314,1.6226682994934896,299.517,306.163,6.374000000000024,0.0010722122900053,96.276,96.23341982071712,0.0677141489770112,96.062,96.426,-0.0220000000000055,1.3245667185181672e-05,86.303,86.15719111055776,0.1008681058069678,85.959,86.346,0.3010000000000019,8.457315756998253e-05,91.316,91.20019546812748,0.0749200944817287,91.04,91.401,0.0630000000000023,4.627513428057253e-05,91.3,91.24957768924304,0.0771985393793803,91.086,91.449,-0.0420000000000015,-6.3631444218265045e-06,86.352,86.18121227589641,0.088876626439635,85.945,86.394,0.2139999999999986,6.459317841508949e-05,81.064,82.07573867031874,0.7156445817071609,80.447,83.341,-0.0640000000000071,-6.163617020370804e-05,78.241,78.19865749501992,0.0288663121594927,78.115,78.241,0.1050000000000039,1.7827097096268692e-05,78.187,78.13712749003984,0.0258292461455834,78.038,78.229,0.0639999999999929,1.4834709526084423e-05,78.37,78.3553642928287,0.0320358677517495,78.243,78.434,0.1270000000000095,1.9459030760564785e-05,0.042,0.0380394671314741,0.0189825485647964,0.005,0.087,-0.0449999999999999,-9.169153465092118e-08,0.277,0.2602125249003984,0.0412547168014266,0.182,0.349,-0.0059999999999999,1.3209760368690764e-05,0.711,0.6458989043824702,0.0610172869077974,0.445,0.89,0.011,-3.910452735553951e-06,1.856,2.57367828685259,1.3609941664925485,0.58,6.438,0.8570000000000001,0.000577178557641,949.75,949.6527146414344,0.3638825332476958,948.458,950.665,-0.1789999999999736,-3.862147949193044e-05,3.899,3.9394292828685264,0.3567732438314673,2.918,4.975,-0.6550000000000002,7.815414686586674e-06,105.0,105.0,0.0,105.0,105.0,0.0,-3.347952640492589e-17,18.0,17.165027390438247,0.744512728190066,16.5,18.0,0.0,-0.0001566434702125,12.0,12.739541832669325,0.749366558027424,12.0,13.5,-1.5,-0.0001184168912709,13.5,13.839330179282868,0.6272400689760274,13.5,15.0,0.0,-0.0001225729827382,10.500000000000002,11.45113296812749,0.7218483746223814,10.500000000000002,12.0,-1.4999999999999982,-2.9573410451415568e-05,0.0,0.0,0.0,0.0,0.0,0.0,0.0,1.0,1.0,0.0,1.0,1.0,0.0,-1.967258634535355e-19,1.0,1.0,0.0,1.0,1.0,0.0,-1.967258634535355e-19,1.0,1.0,0.0,1.0,1.0,0.0,-1.967258634535355e-19,1.0,1.0,0.0,1.0,1.0,0.0,-1.967258634535355e-19,0.0,1.314367529880478,2.8103155967556384,0.0,8.0,0.0,-0.000106984102277,5.0,4.691359561752988,0.6475878812504428,3.5,6.0,0.0,0.0002094667968941,1.0,0.9320343625498008,0.1447033640253433,0.4,1.2,0.1999999999999999,4.930255123854948e-05,0.6968006,2,0.694341163307552,0.6694508790969849
batch_dist_ternary_butan-1-ol+propan-2-ol+water__operating_point_007__test_anormal_experiment_001,batch_dist_ternary_butan-1-ol+propan-2-ol+water,operating_point_007,test_anormal_experiment_001,0.2,1075,89.51666666666667,0.7207174072292262,1.0,0.9934883720930232,0.0804315025905759,0.0,1.0,0.0,-1.5841637716240958e-06,1.0,1.0,0.0,1.0,1.0,0.0,-9.412769814421112e-19,419.098,419.1715106976745,0.1433823531257788,418.886,419.45,0.117999999999995,0.0003819903375669,61.779,61.588203720930224,0.1390945483529229,61.312,61.864,0.2970000000000041,0.000420840727305,51.563,51.470810697674416,0.0873007058069811,51.308,51.627,0.2340000000000017,0.0002394032870432,56.599,56.49938186046512,0.0769530149387699,56.326,56.662,0.1469999999999984,0.0001618006532743,56.596,56.5112353488372,0.0959019603880626,56.321,56.702,0.1269999999999953,0.0001853081802256,51.623,51.51064046511628,0.0774129055388674,51.369,51.687,0.1689999999999969,0.0002209755695865,47.429,47.42576325581396,0.0557858279794541,47.282,47.577,0.0630000000000023,5.548063190746438e-05,44.274,44.29903953488372,0.0418954964529541,44.149,44.4,-0.0630000000000023,-5.10552607518981e-05,44.039,44.06026697674418,0.0431951319142841,43.891,44.144,-0.0420000000000015,-3.786998555420177e-05,44.272,44.27561395348837,0.0321057017423688,44.167,44.335,0.0,-1.3485078191561169e-05,0.129,0.1408218604651162,0.0173257205301109,0.011,0.258,-0.0129999999999999,2.114824826744022e-06,0.554,0.5603874418604652,0.0157925469753155,0.492,0.599,-0.0149999999999999,1.0308438618241996e-05,0.208,0.2821888372093023,0.1527746376919406,-0.026,1.33,-0.128,4.704546211940637e-06,1.77,2.002016279069767,0.1221800005143622,1.63,2.295,-0.3039999999999998,1.6530748956885742e-06,198.87,199.0518395348837,0.6908912010532537,196.752,201.158,0.9250000000000114,-5.135516517083982e-05,5.859,5.302146976744186,0.4212237998506581,4.444,6.381,0.3849999999999998,-0.0001085559043184,210.0,210.0,0.0,210.0,210.0,0.0,-2.3996314645840057e-16,15.0,15.293023255813951,0.594703501984914,15.0,16.5,-1.5,-0.0008854412934504,7.5,7.230697674418605,0.5756993536634769,6.0,7.5,0.0,-0.0001982281514595,7.5,7.350697674418605,0.4490682620137834,6.0,7.5,0.0,7.767715225310655e-05,4.5,4.4148837209302325,0.347029735962163,3.0,4.5,0.0,-0.000166844321618,0.0,0.0,0.0,0.0,0.0,0.0,0.0,1.0,1.0,0.0,1.0,1.0,0.0,-9.412769814421112e-19,1.0,1.0,0.0,1.0,1.0,0.0,-9.412769814421112e-19,1.0,1.0,0.0,1.0,1.0,0.0,-9.412769814421112e-19,1.0,1.0,0.0,1.0,1.0,0.0,-9.412769814421112e-19,54.0,3.466046511627907,13.183199692691131,0.0,54.0,54.0,0.0002628939098079,8.417,8.62565069767442,0.2300947551770321,7.983,9.292,-0.1750000000000007,0.0001119840685286,1.983,2.025004186046512,0.0456118327279511,1.897,2.158,-0.0349999999999997,2.097346380789416e-05,0.679836,3,0.689095923794722,0.6684624552726746
batch_dist_ternary_butan-1-ol+propan-2-ol+water__operating_point_008__test_anormal_experiment_001,batch_dist_ternary_butan-1-ol+propan-2-ol+water,operating_point_008,test_anormal_experiment_001,0.2,1726,143.78333333333333,0.6431476053470059,1.0,1.0,0.0,1.0,1.0,0.0,-4.373530795781424e-19,1.0,1.0,0.0,1.0,1.0,0.0,-4.373530795781424e-19,414.357,410.7597940324449,2.5656124348792937,404.499,414.357,9.835000000000036,0.0050107420316965,60.845,60.01649710312861,0.541892815842606,59.275,60.866,1.4639999999999986,0.0010319325545972,50.224,49.59117786790266,0.5312890334072984,48.715,50.245,1.4029999999999987,0.00094888146327,55.36,55.18358053302434,0.2824042432547549,54.478,55.591,-0.2100000000000008,0.0002063876547026,55.305,55.10964252607184,0.2917781408060784,54.459,55.538,0.1899999999999977,0.0003592200663357,50.206,50.0605564889919,0.27434862152219,49.361,50.46,-0.1689999999999969,0.00019560661162,48.904,46.90067294322133,1.4235366533713028,44.525,49.03,3.601000000000006,0.0026828599195494,44.754,43.66791309385863,0.5201910046543834,42.481,44.754,1.6469999999999985,0.0008875909958635,43.891,43.386239281575904,0.4722124338295368,42.357,44.207,1.2389999999999972,0.0006994314276026,43.935,43.52020249130938,0.5040243092682207,42.571,44.314,1.1750000000000045,0.0007709144906814,0.663,0.3053082271147161,0.187776239960875,0.005,2.233,0.5980000000000001,0.0002518692982043,0.193,0.479388180764774,0.2317008711588357,0.004,2.053,-0.446,-0.0003338816215291,0.123,0.1891173232908459,0.492608366942689,-0.388,3.916,-0.293,2.244557701905895e-05,2.419,2.1109214947856314,0.7573870859220666,0.121,4.474,0.419,5.695853316161765e-05,199.058,196.53654548088065,2.6056940956809123,188.604,202.459,6.236999999999995,0.0001951880945492,3.556,3.9050367902665126,0.3257226166681777,2.924,4.883,-0.3460000000000001,-5.323495984725165e-05,210.0,210.0,0.0,210.0,210.0,0.0,-1.4212484762824543e-16,16.5,18.68438586326767,1.3882695738315172,16.5,21.000000000000004,-3.0,-0.0020232176791171,6.0,6.829084588644264,0.9729704352813952,6.0,9.0,-1.5,-0.0006485625418055,6.0,6.836906141367323,1.0039649318924515,6.0,9.0,-1.5,8.053274719791459e-05,4.5,4.469582850521437,1.051271949245392,3.0,7.5,0.0,0.000201130579885,0.0,0.0,0.0,0.0,0.0,0.0,0.0,1.0,1.0,0.0,1.0,1.0,0.0,-4.373530795781424e-19,1.0,1.0,0.0,1.0,1.0,0.0,-4.373530795781424e-19,1.0,1.0,0.0,1.0,1.0,0.0,-4.373530795781424e-19,1.0,1.0,0.0,1.0,1.0,0.0,-4.373530795781424e-19,0.0,4.6906141367323295,14.852242281271357,0.0,53.0,0.0,-0.0047250452555473,9.335,8.10903968713789,3.2625079371543357,0.0,13.04,-1.0749999999999993,-0.0044950896144874,9.35,2.304290266512167,3.1520324369875747,0.0,10.36,9.35,0.005145451155646,0.6530795,3,0.689095923794722,0.6684624552726746
batch_dist_ternary_butan-1-ol+propan-2-ol+water__operating_point_008__test_anormal_experiment_002,batch_dist_ternary_butan-1-ol+propan-2-ol+water,operating_point_008,test_anormal_experiment_002,0.2,1262,105.11666666666666,0.4951805548141248,1.0,0.997622820919176,0.0486983377585085,0.0,1.0,0.0,1.7105197000355195e-06,1.0,1.0,0.0,1.0,1.0,0.0,-7.425992404833932e-19,414.474,407.354365689382,7.538390106499457,385.857,414.474,5.038999999999987,0.0128338055551833,62.224,61.62272781299524,2.8471406228757457,58.427,67.238,1.5699999999999932,0.0058689376804864,50.628,52.69212440570524,3.5184876398483618,49.926,61.439,0.6589999999999989,0.0044741915578652,60.067,57.19430269413628,3.3611380269588,53.366,63.265,4.182000000000002,0.0073114998051365,60.196,57.47363708399366,3.656234067573015,53.19,64.097,4.361999999999995,0.0080910141889519,57.255,52.54587559429477,3.778933407205287,48.367,59.354,6.520000000000003,0.0084315647800483,48.44,48.0439148177496,0.3681272234014721,47.114,48.525,1.1999999999999955,0.0007970919454579,45.61,45.03400356576862,0.2505066834280458,44.65,45.61,0.7100000000000009,0.0006205367887845,44.228,44.23115332805072,0.0380965813364699,44.102,44.333,-0.083999999999996,-6.668542098776784e-05,44.44,44.42597226624405,0.0315990572553717,44.335,44.545,-0.1050000000000039,-5.478027104252269e-05,0.339,0.3062729793977812,0.074378533002677,0.018,2.014,0.003,6.279569918986806e-05,0.357,0.3543684627575277,0.1068397227570795,0.183,2.343,0.061,-1.5688555331510933e-05,0.266,0.1692939778129952,0.1168305606437879,-0.098,0.6,0.018,5.9121071512765767e-05,2.005,1.96630705229794,0.3015357498749398,0.827,2.475,0.2079999999999999,0.0002217472946198,198.564,199.1317488114105,0.5912404040916367,197.703,200.44,-0.521000000000015,-3.274368156937804e-05,7.286,7.348877179080824,0.3901472622768099,6.369,8.212,0.4629999999999992,3.888957885156722e-05,210.0,205.0079239302694,31.99086043165214,0.0,210.0,0.0,0.0178288095226786,7.5,14.985736925515056,9.708070199200172,0.0,31.5,-7.5,0.00119334272539,0.0,8.577456418383518,6.945479959381296,0.0,19.5,-7.5,0.002213060984526,0.0,8.803288431061807,7.802635727062507,0.0,21.000000000000004,-7.5,0.0031738894535179,0.0,6.706616481774961,6.8533678403145,0.0,16.5,-4.5,0.0047060135911208,0.0,0.0,0.0,0.0,0.0,0.0,0.0,1.0,1.0,0.0,1.0,1.0,0.0,-7.425992404833932e-19,1.0,1.0,0.0,1.0,1.0,0.0,-7.425992404833932e-19,1.0,1.0,0.0,1.0,1.0,0.0,-7.425992404833932e-19,1.0,1.0,0.0,1.0,1.0,0.0,-7.425992404833932e-19,54.0,3.0594294770206023,12.460795661498096,0.0,54.0,54.0,0.0006490750591597,5.7,5.476824484944533,1.272149607518394,3.875,13.32,0.6900000000000004,1.151759633257538e-05,4.4,3.887187004754358,0.7392430522545068,0.0,4.575,0.6900000000000004,0.0010481079157982,0.68030417,3,0.689095923794722,0.6684624552726746
batch_dist_ternary_butan-1-ol+propan-2-ol+water__operating_point_011__test_anormal_experiment_001,batch_dist_ternary_butan-1-ol+propan-2-ol+water,operating_point_011,test_anormal_experiment_001,0.2,1432,119.25,0.6808066894701099,1.0,1.0,0.0,1.0,1.0,0.0,3.1030146444049963e-19,1.0,1.0,0.0,1.0,1.0,0.0,3.1030146444049963e-19,419.262,417.9080380586592,0.9766173847440052,416.468,419.662,1.2210000000000036,0.0019256604455621,84.032,83.81462046089386,0.1482676795455842,83.54,84.16,0.0639999999999929,0.0002249622190031,73.905,73.32252723463687,0.3471527830437697,72.727,73.926,1.156000000000006,0.0008377892294821,79.047,78.90956668994414,0.146359433299869,78.645,79.428,-0.3599999999999994,-0.0001189210550639,79.087,78.89697905027933,0.0916654252682057,78.725,79.151,0.213000000000008,0.0001747820311546,74.018,73.9179465782123,0.1417650104947692,73.677,74.422,-0.3619999999999947,-8.908373831248126e-05,72.543,72.12252967877095,0.2709859281333,71.631,72.586,0.8910000000000053,0.0006498769554341,69.884,70.23606948324023,0.3375835928304813,69.695,70.809,0.1680000000000063,-2.203888040650684e-05,69.065,70.27969064245809,0.8271995585136472,69.044,71.545,-0.7630000000000052,-0.0016522852687115,68.283,70.21498603351955,1.8163822014735984,68.262,74.298,-3.8739999999999952,-0.0040509136538004,0.245,0.2534748603351955,0.0551170136348079,0.179,0.446,-0.196,-1.6251053226045696e-05,0.331,0.3543159916201117,0.0836340908236549,0.236,0.7,-0.3619999999999999,-5.717893739318912e-07,0.662,0.6714081703910615,0.0358505459391982,0.452,0.811,-0.007,1.1268094538496182e-05,2.19,1.980287709497207,0.6657876627844517,0.628,5.692,-3.262,-1.5323665079278287e-05,599.292,598.691970670391,0.7995521750980472,596.205,600.44,2.396000000000072,7.155516182827294e-05,2.927,3.364006634078212,0.4354881545372983,2.664,3.996,-0.7159999999999997,-5.706906139657034e-06,210.0,210.0,0.0,210.0,210.0,0.0,-6.470893247347579e-17,21.000000000000004,20.265188547486037,0.7464333952951592,19.5,21.000000000000004,0.0,-0.0008630997062544,10.500000000000002,11.451117318435754,0.7203536396275455,10.500000000000002,12.0,-1.4999999999999982,-0.0007626589468925,13.5,12.766236033519553,0.7448308890122141,12.0,13.5,1.5,0.0007973855850979,9.0,8.530202513966481,0.6920116016032221,7.5,9.0,1.5,0.0005544630888124,0.0,0.0,0.0,0.0,0.0,0.0,0.0,1.0,1.0,0.0,1.0,1.0,0.0,3.1030146444049963e-19,1.0,1.0,0.0,1.0,1.0,0.0,3.1030146444049963e-19,1.0,1.0,0.0,1.0,1.0,0.0,3.1030146444049963e-19,1.0,1.0,0.0,1.0,1.0,0.0,3.1030146444049963e-19,0.0,1.4916201117318435,6.181010263543596,0.0,28.0,0.0,-1.9294449763853983e-05,5.04,5.459226606145252,1.2141637333490496,3.64,10.38,-5.233,0.000272357029394,2.953,2.899254189944134,0.6882917216171427,1.84,5.637,-2.6170000000000004,-3.800856219967213e-05,0.66074836,3,0.689095923794722,0.6684624552726746
batch_dist_ternary_butan-1-ol+propan-2-ol+water__operating_point_011__test_anormal_experiment_002,batch_dist_ternary_butan-1-ol+propan-2-ol+water,operating_point_011,test_anormal_experiment_002,0.2,1101,91.68333333333334,0.6827161962808894,1.0,0.9981834695731152,0.0425820460299038,0.0,1.0,0.0,1.0339927359758355e-06,1.0,1.0,0.0,1.0,1.0,0.0,6.918590420176932e-20,301.279,409.235357856494,27.65071870371501,301.279,421.213,-117.889,-0.051074192921466,80.401,83.94587329700273,0.7936232664893395,80.38,84.395,-3.930000000000007,-0.0014414966954941,73.712,73.86043415077202,0.1170337056642979,73.626,74.055,0.0430000000000063,0.0003310384254178,75.749,78.79108719346048,0.6799096942267722,75.728,79.153,-3.362000000000009,-0.0011993968180896,75.317,78.9180540417802,0.7908553388730234,75.317,79.3,-3.9620000000000033,-0.0015086734997102,71.484,73.78734786557675,0.488145763151539,71.463,74.103,-2.469999999999999,-0.0007602020286937,71.949,71.4392838328792,0.1861416957802371,71.228,72.098,0.7210000000000036,0.0004851679136768,67.11,67.4599332425068,0.070183639976741,67.11,67.699,-0.3990000000000009,-2.222085455458402e-05,66.884,67.19004359673026,0.068600467882063,66.884,67.435,-0.3389999999999986,3.894890142761801e-05,67.225,67.37187920072661,0.0779390909096098,67.204,67.67,-0.1270000000000095,0.0001104419105128,0.43,0.2089491371480472,0.0660668577392933,0.016,0.469,0.235,2.778363207481413e-05,0.803,0.3853015440508628,0.1156873426505983,0.01,0.844,0.426,2.4369747710268e-05,0.452,0.6394768392370573,0.0746336656130942,0.294,0.846,-0.173,-0.000109500433153,2.933,2.4600445049954587,1.1083853481253565,1.785,6.163,1.0709999999999995,0.0021057577390984,593.396,598.6942742960944,1.2701959893715549,593.297,600.656,-6.210000000000036,-0.0004987143424235,7.286,4.961803814713896,1.2603219899629292,0.0,7.293,1.8219999999999992,-0.0008409398094845,210.0,197.8882833787466,39.61095469824463,0.0,210.0,0.0,-0.0517554274503491,10.500000000000002,14.986376021798366,3.7368721551394817,0.0,18.0,-5.999999999999998,-0.0073369269825799,10.500000000000002,10.896457765667575,2.467364594356371,0.0,12.0,-1.4999999999999982,-0.0044213709215168,9.0,11.215258855585832,2.698803381285595,0.0,13.5,-3.0,-0.0052265635431244,7.5,8.478882833787466,1.9606210001062447,0.0,10.500000000000002,-1.5,-0.0034237275258307,0.0,0.0,0.0,0.0,0.0,0.0,0.0,1.0,0.8846503178928247,0.3194434737867545,0.0,1.0,0.0,-0.000470457703628,1.0,0.8401453224341507,0.3664712261913173,0.0,1.0,0.0,-0.0006907431125968,1.0,0.8864668483197093,0.3172434004827063,0.0,1.0,0.0,-0.0004619250157459,1.0,0.8401453224341507,0.3664712261913173,0.0,1.0,0.0,-0.0006907431125968,0.0,1.84377838328792,7.818741886543985,0.0,35.0,0.0,-0.002168867198019,10.627,6.005263396911898,1.7774313810162372,0.0,12.727,5.014,0.0003885244878701,5.013,2.720133514986376,0.8500627324802068,0.0,6.063,2.506,0.0002670915177979,0.6631569,3,0.689095923794722,0.6684624552726746
batch_dist_ternary_butan-1-ol+propan-2-ol+water__operating_point_021__test_anormal_experiment_001,batch_dist_ternary_butan-1-ol+propan-2-ol+water,operating_point_021,test_anormal_experiment_001,0.2,1626,135.41666666666666,0.6810379391813758,1.0,1.0,0.0,1.0,1.0,0.0,-4.975501802445782e-19,1.0,1.0,0.0,1.0,1.0,0.0,-4.975501802445782e-19,296.65,295.2427478474785,0.28503356022326,294.801,296.65,1.2399999999999525,9.679546665057683e-05,85.314,85.39244741697416,0.1208087210480856,85.164,85.677,0.1499999999999914,0.0001601168257552,75.597,75.4160516605166,0.1316014384347811,75.147,75.618,0.4289999999999878,0.0002755271316543,80.613,80.4196848093481,0.1343075007013532,80.147,80.655,0.4240000000000066,0.0002759118117643,80.643,80.41999354243544,0.1384631395352579,80.11,80.686,0.4260000000000019,0.0002763439209996,75.637,75.41904797047971,0.1419741343798382,75.104,75.679,0.3629999999999995,0.0002801864868688,71.482,72.23707287822877,0.8134217442120086,69.235,73.583,-1.1039999999999992,-0.0002924076776354,67.299,67.35157103321032,0.0520596364532134,67.257,67.509,-0.1679999999999921,-0.000100880041438,67.223,67.23884132841327,0.0367552956809904,67.138,67.329,-0.0850000000000079,-5.985465745260395e-05,67.458,67.47121832718327,0.0266660650360718,67.395,67.564,-0.0630000000000023,-3.190821925145647e-05,0.091,0.0839412669126691,0.036711431142094,0.005,0.159,-0.003,-1.9225230075571536e-05,0.207,0.2462075645756457,0.1077662773753142,0.004,0.731,-0.025,4.272068160046163e-05,0.502,0.6175119926199262,0.06774526538171,0.394,0.773,-0.179,-3.153675704881613e-06,1.607,2.11354581795818,0.5767939907021075,0.482,3.999,-0.4480000000000002,0.0002629675077517,599.157,598.9561589790898,0.7080069596785059,597.237,600.539,-0.3949999999999818,-1.2295682375060598e-06,3.643,3.9400842558425593,0.3485602468275473,2.921,4.883,-0.9110000000000004,1.60720051794129e-05,105.0,105.0,0.0,105.0,105.0,0.0,-7.840975458649623e-17,16.5,15.891143911439114,0.735659318180657,15.0,16.5,1.5,0.0004668256942131,10.500000000000002,11.26660516605166,0.7498161564412943,10.500000000000002,12.0,0.0,-0.0001920047397722,12.0,12.166512915129152,0.4701116876984555,12.0,13.5,0.0,-5.56745286615137e-05,9.0,9.7619926199262,0.7489809164656123,9.0,10.500000000000002,0.0,-4.408574368000859e-05,0.0,0.0,0.0,0.0,0.0,0.0,0.0,1.0,1.0,0.0,1.0,1.0,0.0,-4.975501802445782e-19,1.0,1.0,0.0,1.0,1.0,0.0,-4.975501802445782e-19,1.0,1.0,0.0,1.0,1.0,0.0,-4.975501802445782e-19,1.0,1.0,0.0,1.0,1.0,0.0,-4.975501802445782e-19,0.0,1.7933579335793357,6.706740026794888,0.0,27.0,0.0,0.0001159904332247,4.215,4.787307195571956,1.414524237492507,0.0,12.31,-0.322,0.0004903379463883,1.405,1.3095965559655596,0.5889942596574417,0.0,2.18,-0.1079999999999998,-0.0004122966091123,0.6902138,3,0.689095923794722,0.6684624552726746
batch_dist_ternary_butan-1-ol+propan-2-ol+water__operating_point_021__train_normal_experiment_001,batch_dist_ternary_butan-1-ol+propan-2-ol+water,operating_point_021,train_normal_experiment_001,0.2,1317,109.73333333333332,0.6865506494627645,1.0,1.0,0.0,1.0,1.0,0.0,-2.5982782030708473e-19,1.0,1.0,0.0,1.0,1.0,0.0,-2.5982782030708473e-19,297.011,295.1814365983296,0.4707549047016441,294.666,297.034,1.7139999999999986,0.0005839614631765,85.228,85.18109984813971,0.1161605453700198,85.015,85.506,-0.2139999999999986,-0.0002432303603311,74.868,74.72066590736522,0.1091192130514987,74.461,74.89,0.4069999999999965,0.0002776990801294,80.274,80.23797987851177,0.099310813097883,80.105,80.57,-0.2540000000000049,-0.0001758453236025,80.11,80.30947228549734,0.1348687591163684,80.025,80.515,-0.3200000000000074,-0.0003174441851662,74.997,75.04300417615794,0.0885471691217554,74.891,75.296,-0.2560000000000002,-0.0002058398485044,71.949,72.37285421412301,0.5637402358690307,71.016,73.329,-1.0820000000000078,-0.0009906146304074,67.299,67.33466173120729,0.0771660343016915,67.236,67.53,0.0,-0.0001651305417231,67.202,67.18831321184511,0.0266247304571571,67.096,67.223,0.0429999999999921,4.069801239501493e-05,67.416,67.41085687167805,0.0387471141337144,67.289,67.5,0.1059999999999945,8.47034465602754e-05,0.143,0.109803720577069,0.0688359527545328,0.005,1.116,0.0289999999999999,-6.799209159728261e-05,0.282,0.2163280182232346,0.0780587351435783,0.004,0.411,0.2759999999999999,4.4943687714152674e-05,0.649,0.6465721336370539,0.0605721777908543,0.419,0.793,-0.029,2.525939816639451e-05,1.76,2.0262319665907365,0.464948154688641,1.067,3.514,-1.6090000000000002,-0.0003765849267602,598.583,598.8198944570995,0.7890974825713282,596.734,600.458,-0.0090000000000145,-9.10952049618534e-05,2.667,3.339162490508732,0.463283982852502,2.5,3.984,-1.2350000000000003,-1.0987281270948667e-05,105.0,105.0,0.0,105.0,105.0,0.0,-3.1624593451376385e-17,15.0,15.16742596810934,0.4714374648282132,15.0,16.5,0.0,-0.0004824882959428,10.500000000000002,11.415148063781322,0.7588157140387275,10.500000000000002,13.5,-1.4999999999999982,-0.0012390519443947,12.0,11.96013667425968,0.3789819470266133,10.500000000000002,13.5,0.0,-0.0003817134789904,9.0,9.118451025056949,0.4045316949861656,9.0,10.500000000000002,0.0,-5.4165774629044205e-05,0.0,0.0,0.0,0.0,0.0,0.0,0.0,1.0,1.0,0.0,1.0,1.0,0.0,-2.5982782030708473e-19,1.0,1.0,0.0,1.0,1.0,0.0,-2.5982782030708473e-19,1.0,1.0,0.0,1.0,1.0,0.0,-2.5982782030708473e-19,1.0,1.0,0.0,1.0,1.0,0.0,-2.5982782030708473e-19,0.0,1.870918754745634,6.991808646267345,0.0,28.0,0.0,-0.0008347339335229,4.957,4.485917236142749,1.2391680722861522,1.095,7.957,2.039,0.000655945195709,1.65,1.527090356871678,0.4970568059058149,0.395,2.688,0.6769999999999999,-0.0005180359710754,0.691055,3,0.689095923794722,0.6684624552726746
batch_dist_ternary_butan-1-ol+propan-2-ol+water__operating_point_027__test_anormal_experiment_001,batch_dist_ternary_butan-1-ol+propan-2-ol+water,operating_point_027,test_anormal_experiment_001,0.2,865,72.03333333333333,0.6868156592785594,1.0,1.0,0.0,1.0,1.0,0.0,-3.002270153529704e-19,1.0,1.0,0.0,1.0,1.0,0.0,-3.002270153529704e-19,405.06,405.0842641618497,0.1894465742524134,404.803,405.575,-0.4209999999999922,-0.0004859494705423,89.549,89.27621387283237,0.2448772204643423,88.821,89.57,0.6210000000000093,0.0008723117197014,79.24,78.86892080924856,0.2008181325018777,78.49,79.262,0.75,0.0008015083579186,84.212,84.05151445086705,0.0579703838016335,83.937,84.212,0.1270000000000095,0.000185212511551,84.376,84.21495028901734,0.0873640040584154,84.056,84.419,0.1920000000000072,0.0003032460218398,79.283,79.06526647398843,0.1121542771444177,78.899,79.304,0.2780000000000058,0.0004278200976443,72.501,72.09411734104046,0.1541020806478024,71.779,72.501,0.5090000000000003,0.0005526090174596,67.551,67.5275583815029,0.0211258492112137,67.488,67.594,0.0420000000000015,4.330892779533259e-05,67.329,67.31520751445086,0.0119966036212835,67.265,67.35,0.0209999999999865,5.8976280108744445e-06,67.564,67.58052080924855,0.0192507525694338,67.543,67.627,-0.0210000000000007,1.221231761203817e-05,0.156,0.1550202312138728,0.0073425197635642,0.076,0.207,-0.001,-2.508562240703963e-06,0.468,0.4680075144508671,0.0039400421282436,0.459,0.481,-0.0009999999999999,2.957551458733132e-06,0.79,0.7677809248554913,0.0564391506724225,0.515,0.897,0.025,2.6804949264366808e-05,2.022,2.0016601156069367,0.0514560767179203,1.844,2.19,-0.012,-4.84526781383637e-06,599.346,599.111025433526,0.6628444031756958,597.129,600.979,0.0990000000000463,-7.723321889802004e-05,3.902,4.271439884393064,0.4428414222809875,3.552,4.965,0.0030000000000001,-8.21842075792669e-05,192.50000000000003,192.50000000000003,0.0,192.50000000000003,192.50000000000003,0.0,2.0487464256000647e-16,21.000000000000004,20.389595375722543,0.9019608429919542,19.5,22.5,0.0,-0.0027090647763731,13.5,12.982369942196533,0.7126387029527933,12.0,13.5,0.0,-0.000346712344311,13.5,13.486127167630055,0.143585490481973,12.0,13.5,1.5,9.533789887286824e-05,10.500000000000002,10.458381502890171,0.2463648643030483,9.0,10.500000000000002,0.0,0.0001759635023828,0.0,0.0,0.0,0.0,0.0,0.0,0.0,1.0,1.0,0.0,1.0,1.0,0.0,-3.002270153529704e-19,1.0,1.0,0.0,1.0,1.0,0.0,-3.002270153529704e-19,1.0,1.0,0.0,1.0,1.0,0.0,-3.002270153529704e-19,1.0,1.0,0.0,1.0,1.0,0.0,-3.002270153529704e-19,0.0,2.7202312138728324,7.945500486515765,0.0,26.0,0.0,-0.0001610101738257,8.096,8.012323699421966,0.088253165553678,7.744,8.336,0.1840000000000001,4.324884563641272e-05,2.02,2.0032196531791904,0.0218628479943274,1.936,2.084,0.042,1.1415684363694685e-05,0.6879596,3,0.689095923794722,0.6684624552726746
batch_dist_ternary_butan-1-ol+propan-2-ol+water__operating_point_027__train_normal_experiment_001,batch_dist_ternary_butan-1-ol+propan-2-ol+water,operating_point_027,train_normal_experiment_001,0.2,712,59.3,0.6885324241890521,1.0,0.9957865168539326,0.0647744525707876,0.0,1.0,0.0,2.6763197697445387e-06,1.0,1.0,0.0,1.0,1.0,0.0,1.549580615065301e-19,400.9714660644531,400.5409471318963,0.4664802052544821,399.2675476074219,401.1116027832031,1.70391845703125,0.0020206922564699,89.18516540527344,89.20465828863422,0.1851538586910753,88.6073989868164,89.42057037353516,0.5777664184570312,0.0006032959999416,78.70417785644531,78.52184685160604,0.1489675186694572,78.23250579833984,78.74706268310547,0.4716720581054687,0.0007125888278287,84.00016021728516,83.95585828416803,0.0428645677617787,83.83069610595703,84.06370544433594,7.62939453125e-06,6.704583340080713e-05,84.05625915527344,84.15711247519161,0.0612155262870433,84.01356506347656,84.31238555908203,-0.0426864624023437,6.305781384739553e-07,79.0266342163086,78.9796251929208,0.0350884771758101,78.89864349365234,79.06929779052734,0.04266357421875,-7.72943045119682e-05,73.05265045166016,73.13099530573642,0.1949803974646999,72.56452178955078,73.60453033447266,0.488128662109375,-0.0001801962560214,67.32040405273438,67.39993750647213,0.0374162900557658,67.29940032958984,67.50946807861328,-0.1890640258789062,-0.000108872932489,67.09589385986328,67.1747914217831,0.0300413775102379,67.09589385986328,67.22291564941406,-0.1058502197265625,8.540015766130125e-07,67.41570281982422,67.41268900003325,0.0190386884142192,67.35224151611328,67.4580078125,0.0,1.0136456282322414e-05,0.1446693986654281,0.1472452908984562,0.0140711113294815,0.023961991071701,0.2544278800487518,0.0011666864156723,1.0447342750318657e-07,0.4427553713321686,0.4242257032166706,0.0256774298903557,0.3415541052818298,0.451996237039566,0.0940238535404205,8.536208016073616e-05,0.7171974182128906,0.6880530895811788,0.0422144445577294,0.5499382019042969,0.8920574188232422,0.0130348205566406,1.3622481083416572e-05,2.088556289672852,2.0429168042172208,0.1173243334709378,1.6393890380859375,2.337615966796875,0.3752117156982426,-9.70153115846888e-05,598.197021484375,598.3706932067871,1.087401503991208,595.2627563476562,600.6288452148438,0.21533203125,0.0003760562129193,6.822611808776856,6.752922493085433,0.356262725969494,5.847952842712402,7.804878234863281,-0.0133256912231436,0.000115844654421,192.50000000000003,192.50000000000003,0.0,192.50000000000003,192.50000000000003,0.0,6.653856669116504e-17,21.000000000000004,20.791432584269664,0.9708010554564436,19.5,22.5,-1.4999999999999964,-0.0036542985452323,13.5,13.06495786516854,0.6777546773863224,12.0,13.5,0.0,-0.001150073617079,13.5,13.753862359550562,0.5603368250076028,13.5,15.0,0.0,-3.87733904531452e-06,10.500000000000002,10.394662921348315,0.3832880350841349,9.0,10.500000000000002,0.0,0.0003781589965336,0.0,0.0,0.0,0.0,0.0,0.0,0.0,1.0,1.0,0.0,1.0,1.0,0.0,1.549580615065301e-19,1.0,1.0,0.0,1.0,1.0,0.0,1.549580615065301e-19,1.0,1.0,0.0,1.0,1.0,0.0,1.549580615065301e-19,1.0,1.0,0.0,1.0,1.0,0.0,1.549580615065301e-19,0.0,2.0646067415730336,8.141138086270852,0.0,35.0,0.0,-0.0003287218847621,7.0960001945495605,6.680449440573039,0.3716114586616417,5.328000068664551,7.271999835968018,1.624000072479248,0.0011925561276334,1.9800000190734863,1.8698426952187932,0.0938591349015539,1.531999945640564,2.0179998874664307,0.4120000600814819,0.000301628019019,0.6857157,3,0.689095923794722,0.6684624552726746
batch_dist_ternary_butan-1-ol+propan-2-ol+water__operating_point_028__test_anormal_experiment_002,batch_dist_ternary_butan-1-ol+propan-2-ol+water,operating_point_028,test_anormal_experiment_002,0.2,3205,267.0,0.7279524080613684,1.0,1.0,0.0,1.0,1.0,0.0,3.3347971936272275e-19,1.0,1.0,0.0,1.0,1.0,0.0,3.3347971936272275e-19,293.606,293.7514393135725,0.396948340672576,293.156,294.756,0.1800000000000068,-0.0003266757656364,94.347,92.72770265210607,0.8782862026161599,91.283,94.347,2.98899999999999,0.0009480875389136,84.37,82.74683151326052,0.8736611223098,81.278,84.37,3.081000000000003,0.0009434286683782,89.13,87.71280904836192,0.8445980788893168,86.267,89.152,2.8305000000000007,0.0009117654502979,89.225,87.67963978159126,0.8062190690658347,86.298,89.268,2.8845000000000027,0.0008695421720715,84.214,82.72128689547583,0.857097514180407,81.289,84.278,2.882499999999993,0.000924872653005,78.533,77.74014680187207,0.4590205006586016,77.003,78.788,0.8185000000000144,0.0004779963068962,71.293,71.64649141965678,0.2462483972969321,71.251,72.134,-0.8199999999999932,-0.0002645048722876,70.866,71.24765538221529,0.2758732984404328,70.824,71.778,-0.912000000000006,-0.0002942834396981,71.035,71.30775226209047,0.2401685444298905,70.993,71.861,-0.7944999999999993,-0.0002486611929307,0.147,0.1348736349453978,0.0085167875363013,0.063,0.225,0.005,-2.946774210556517e-07,0.177,0.167486271450858,0.0087727132606962,0.133,0.186,0.0169999999999999,6.533312844075665e-07,0.685,0.6893904836193449,0.0830726662709063,0.443,0.925,0.012,2.586231145209175e-07,2.02,2.0035589703588146,0.1386758685658639,1.576,2.306,-0.0764999999999997,-1.7995944802218862e-06,700.288,699.2328472698906,0.6107568047655542,697.425,700.494,0.3589999999999236,-4.788700192609268e-05,4.878,5.229554134165366,0.4236015954361782,4.44,5.952,-0.3260000000000005,-2.171736017456601e-05,105.0,105.0,0.0,105.0,105.0,0.0,2.64233813597092e-17,19.5,19.01770670826833,0.6999682730286644,18.0,19.5,1.5,0.0002246304183442,15.0,13.35421216848674,0.6901509332593567,12.0,15.0,3.0,0.0004203175549901,15.0,14.54414976599064,0.6899100775953719,13.5,15.0,1.5,0.0003905120492286,12.0,11.477691107644306,0.7143568754195246,10.500000000000002,12.0,1.4999999999999982,0.000374283155279,0.0,0.0,0.0,0.0,0.0,0.0,0.0,1.0,1.0,0.0,1.0,1.0,0.0,3.3347971936272275e-19,1.0,1.0,0.0,1.0,1.0,0.0,3.3347971936272275e-19,1.0,1.0,0.0,1.0,1.0,0.0,3.3347971936272275e-19,1.0,1.0,0.0,1.0,1.0,0.0,3.3347971936272275e-19,0.0,2.4570982839313573,6.739742909173904,0.0,21.0,-21.0,-3.333914819720217e-05,4.047,3.872322620904837,0.1945904150082928,3.193,4.287,0.1869999999999998,3.351898542847243e-05,2.023,1.9361940717628705,0.0972775189356977,1.597,2.143,0.0930000000000002,1.660057029405941e-05,0.82805794,3,0.689095923794722,0.6684624552726746
batch_dist_ternary_butan-1-ol+propan-2-ol+water__operating_point_028__train_normal_experiment_001,batch_dist_ternary_butan-1-ol+propan-2-ol+water,operating_point_028,train_normal_experiment_001,0.2,4098,341.46666666666664,0.698567173084311,1.0,1.0,0.0,1.0,1.0,0.0,4.652382509068194e-20,1.0,1.0,0.0,1.0,1.0,0.0,4.652382509068194e-20,295.229,295.156792215715,0.5222938399519501,293.99,296.312,1.149000000000001,0.0003514137812325,94.84,92.92208235724743,0.8821246183794031,91.647,94.84,3.1069999999999998,0.0007353798294479,84.821,82.84747059541239,1.0063724286542133,81.278,84.821,3.521000000000001,0.0008474985374906,89.491,87.91715959004392,0.8586120304000572,86.819,89.512,2.5450000000000017,0.0007141690688402,89.781,87.94743936066374,0.8757722729012978,86.853,89.824,2.757000000000005,0.0007240724559362,84.578,82.89134992679355,0.9198373013648574,81.609,84.642,2.862000000000009,0.0007694288418386,82.064,80.51286713030747,0.8653021916335869,78.767,82.213,2.850999999999999,0.0007280987812014,71.209,71.0506387262079,0.1035777162807922,70.851,71.272,0.3160000000000025,8.533106095222931e-05,70.76,70.72968484626648,0.025403946063287,70.633,70.824,0.0630000000000023,1.1290767932973412e-05,70.971,70.98075097608589,0.0280796539266435,70.865,71.077,0.0630000000000023,1.444841706894682e-05,0.137,0.1454615666178623,0.0118226090235838,0.01,0.261,-0.0199999999999999,-7.409977019147074e-07,0.177,0.1789718155197657,0.0146964485995054,0.126,0.209,0.001,7.116305402710992e-06,0.661,0.7048283308931185,0.0832810081905097,0.429,0.924,-0.008,8.303171609019834e-06,2.095,1.9977440214738895,0.1718874298782572,1.404,2.37,0.2420000000000002,2.5959068804601625e-06,698.807,698.9271558077111,0.7908990928077317,696.654,700.485,-1.427000000000021,-6.200932123588174e-05,3.906,4.313298682284041,0.4374036190044895,2.924,5.464,0.0,-0.0001459232814657,105.0,105.0,0.0,105.0,105.0,0.0,9.871857279229874e-18,22.5,21.40666178623719,0.6661796293011236,21.000000000000004,22.5,0.0,0.0001956330832532,13.5,13.75128111273792,0.5600376857042842,13.5,15.0,0.0,0.0001955824077138,16.5,14.709553440702782,0.620213931116138,13.5,16.5,1.5,0.0002116487114951,12.0,11.541361639824304,0.6908935306404056,10.500000000000002,12.0,1.4999999999999982,0.0002491474990452,0.0,0.0,0.0,0.0,0.0,0.0,0.0,1.0,1.0,0.0,1.0,1.0,0.0,4.652382509068194e-20,1.0,1.0,0.0,1.0,1.0,0.0,4.652382509068194e-20,1.0,1.0,0.0,1.0,1.0,0.0,4.652382509068194e-20,1.0,1.0,0.0,1.0,1.0,0.0,4.652382509068194e-20,0.0,1.5231820400195215,5.639665907967338,0.0,23.0,0.0,-9.831603897545872e-05,3.847,3.783185822352367,0.2386759391728431,3.073,4.28,0.0,1.2979804192330426e-05,1.923,1.8917047340165936,0.1193598783442752,1.537,2.14,0.0,6.412795394217565e-06,0.82971054,3,0.689095923794722,0.6684624552726746
batch_dist_ternary_butan-1-ol+propan-2-ol+water__operating_point_030__test_anormal_experiment_001,batch_dist_ternary_butan-1-ol+propan-2-ol+water,operating_point_030,test_anormal_experiment_001,0.2,1087,90.5,0.4914092846637076,1.0,1.0,0.0,1.0,1.0,0.0,-8.621323282127103e-20,1.0,1.0,0.0,1.0,1.0,0.0,-8.621323282127103e-20,357.67,355.45106669733207,1.475315628498912,352.404,357.693,5.197000000000003,0.0046414411094991,90.255,88.82633900643975,0.7388808454032958,87.666,90.277,2.5459999999999923,0.0023445140401647,80.184,78.52326172953082,0.92103195832185,76.989,80.184,3.173000000000002,0.0029332275209966,85.081,83.81546412143514,0.6077239927258291,82.856,85.144,2.203000000000003,0.0019212998361362,85.252,83.93234222631095,0.6916442664728838,82.904,85.273,2.3049999999999926,0.0021912189818874,80.029,78.72204967801288,0.6600191717667843,77.683,80.093,2.2819999999999965,0.0020954670453902,74.008,73.46871987120517,0.4737577810414466,72.756,74.369,1.2309999999999943,0.0014939006516356,68.329,68.72840938362464,0.2134691834777375,68.329,69.17,-0.7980000000000018,-0.0006706532953338,67.646,68.09619457221712,0.3226000983527439,67.625,68.748,-1.0799999999999983,-0.001015358398095,67.775,67.98629760809567,0.2012265962296159,67.712,68.474,-0.6989999999999981,-0.0006111716256081,0.327,0.3327203311867525,0.0127819617854391,0.319,0.438,0.008,1.7338457623541026e-05,0.508,0.5118551057957681,0.0442009287905307,0.201,1.2,0.035,4.788284947315143e-05,0.767,0.8786251149954001,0.0477527072820972,0.693,0.98,-0.031,2.22305785214161e-05,1.7,2.025017019319227,0.2733414583231341,1.45,5.31,-0.5170000000000001,-6.701117294112275e-05,599.821,599.1709323827046,0.6690800930463288,597.398,600.701,0.6009999999999991,-0.0001596862070026,4.554,5.092211591536339,0.4247808183492816,4.444,5.952,-0.4059999999999997,-4.24131261512622e-05,157.5,157.5,0.0,157.5,157.5,0.0,3.0694987284445454e-17,22.5,21.966651333946643,0.7176661620825592,21.000000000000004,22.5,1.4999999999999964,0.0010722097115465,13.5,13.128794848206072,0.6465133443099865,12.0,13.5,1.5,0.0007238810016985,15.0,13.658693652253907,0.6218760714108373,12.0,15.0,1.5,0.0011292636123609,12.0,10.66214351425943,0.6147038431067793,9.0,12.0,3.0,0.0011815945545473,100.0,100.0,0.0,100.0,100.0,0.0,5.823222617968071e-17,1.0,1.0,0.0,1.0,1.0,0.0,-8.621323282127103e-20,1.0,1.0,0.0,1.0,1.0,0.0,-8.621323282127103e-20,1.0,1.0,0.0,1.0,1.0,0.0,-8.621323282127103e-20,1.0,1.0,0.0,1.0,1.0,0.0,-8.621323282127103e-20,0.0,3.5639374425023,8.924672310448852,0.0,26.0,0.0,-0.0006803022484235,8.54,8.695471481140755,0.4370919262495733,8.18,13.647,0.1729999999999982,0.000638014236296,4.27,4.348093376264949,0.2185418469972486,4.09,6.823,0.0869999999999997,0.000319119826814,0.74885243,3,0.689095923794722,0.6684624552726746
batch_dist_ternary_butan-1-ol+propan-2-ol+water__operating_point_030__test_anormal_experiment_002,batch_dist_ternary_butan-1-ol+propan-2-ol+water,operating_point_030,test_anormal_experiment_002,0.2,1228,102.3,0.7482780850605174,1.0,1.0,0.0,1.0,1.0,0.0,-3.353729669492795e-19,1.0,1.0,0.0,1.0,1.0,0.0,-3.353729669492795e-19,358.407,357.08111034201954,0.9977205148804132,355.002,358.545,3.4049999999999727,0.0027599349600188,88.607,88.03117548859936,0.3516773985001083,87.538,88.714,0.9410000000000024,0.0009615961880189,78.34,77.49077239413681,0.4642270248114359,76.732,78.34,1.608000000000004,0.0013079182185244,83.365,82.98146009771988,0.1415469574390468,82.814,83.428,0.2329999999999898,0.0001311039067023,83.544,83.11660871335505,0.2568802870411263,82.776,83.629,0.6829999999999927,0.0007055063781175,78.152,77.86207288273616,0.155110694494005,77.576,78.259,0.340999999999994,0.000368186308881,73.053,72.43886889250815,0.3591604016731853,71.546,73.074,1.5069999999999908,0.0009933076363035,68.035,68.14300977198698,0.0647853407556161,68.014,68.266,-0.2100000000000079,-0.0001755278149103,67.413,67.51231636807817,0.096156105438986,67.371,67.752,-0.3179999999999978,-0.0002549406958447,67.627,67.67735993485341,0.0680376818184411,67.585,67.86,-0.2330000000000041,-0.0001738655150902,0.331,0.3304731270358306,0.0067152176100732,0.305,0.341,0.02,1.3603138299922148e-05,0.519,0.5148680781758957,0.0108425633359558,0.477,0.53,0.032,2.1957228321426832e-05,0.787,0.7885651465798045,0.0620615158484586,0.503,0.989,-0.0399999999999999,1.589126706754551e-05,1.91,2.0031681596091206,0.0774676118360676,1.595,2.205,0.2899999999999998,2.250670627986028e-05,598.296,599.2301302931596,0.5619882794727449,597.623,600.396,-0.0539999999999736,0.0001155010299028,4.878,5.145288273615636,0.4044984945909386,4.44,5.964,0.3280000000000003,-8.466310374376654e-07,157.5,157.5,0.0,157.5,157.5,0.0,3.2002948737181298e-18,24.0,25.313110749185668,0.6685458214826531,24.0,27.0,-1.5000000000000036,-0.0011122159657832,13.5,13.345480456026058,0.4554612657534627,12.0,13.5,0.0,-0.0004271687901094,13.5,13.73330618892508,0.5436244159315109,13.5,15.0,0.0,0.0007700726829532,12.0,10.42915309446254,0.5299163470476022,9.0,12.0,1.4999999999999982,0.0008021057858416,100.0,100.0,0.0,100.0,100.0,0.0,-4.3027164396010696e-18,1.0,1.0,0.0,1.0,1.0,0.0,-3.353729669492795e-19,1.0,1.0,0.0,1.0,1.0,0.0,-3.353729669492795e-19,1.0,1.0,0.0,1.0,1.0,0.0,-3.353729669492795e-19,1.0,1.0,0.0,1.0,1.0,0.0,-3.353729669492795e-19,0.0,2.440553745928338,7.722811952201464,0.0,27.0,0.0,0.0001945606394818,8.787,8.80291490228013,0.1530979449469437,8.207,9.1,0.434000000000001,0.0002963630668332,4.393,4.401490228013029,0.0764267835465452,4.103,4.55,0.2160000000000002,0.0001480345185982,0.725622,3,0.689095923794722,0.6684624552726746
batch_dist_ternary_butan-1-ol+propan-2-ol+water__operating_point_030__train_normal_experiment_001,batch_dist_ternary_butan-1-ol+propan-2-ol+water,operating_point_030,train_normal_experiment_001,0.2,1118,93.15,0.8727910974666653,1.0,1.0,0.0,1.0,1.0,0.0,7.713015911361878e-19,1.0,1.0,0.0,1.0,1.0,0.0,7.713015911361878e-19,357.8082580566406,355.32327976124446,1.4755168179805596,352.4501342773437,357.8082580566406,5.358123779296932,0.0045602808152271,90.51226043701172,89.78226222207167,0.3200443438471942,89.16375732421875,90.55508422851562,1.3271026611328125,0.0009608942284905,80.29126739501953,79.06868479119643,0.6541872454592873,78.01811981201172,80.29126739501953,2.2731475830078125,0.00202434452525,85.27137756347656,84.55888526043013,0.3564045202640396,84.0636978149414,85.33494567871094,1.1017608642578125,0.0010811143641175,85.44386291503906,84.63083005847146,0.3718365156312376,84.16297149658203,85.46522521972656,1.1314773559570312,0.0011035674435951,80.3494644165039,79.44259873869593,0.4457885804936673,78.83464813232422,80.37080383300781,1.3441696166992188,0.0013471333710108,76.08912658691406,75.18069522837193,0.5169477080487641,74.28388214111328,76.08912658691406,1.8052444458007808,0.0015949702867763,67.74057006835938,67.75893044855599,0.0273478530319489,67.69854736328125,67.8246078491211,0.042022705078125,-1.141281997669541e-05,67.20174407958984,67.27255765270036,0.0305332484589739,67.20174407958984,67.32877349853516,-0.084686279296875,-5.3794622271473526e-05,67.4580078125,67.4771437431704,0.0183136218292182,67.41570281982422,67.5214614868164,-0.021148681640625,-2.095485941602484e-05,0.3185957372188568,0.310745897321347,0.0080205666064868,0.2863771915435791,0.3259548544883728,0.0288979709148406,1.9325179660299257e-05,0.5268206596374512,0.5138658005644255,0.0119428282322547,0.4782834351062774,0.5303195714950562,0.046204537153244,3.174500896199238e-05,0.7334861755371094,0.8036816695934971,0.0580408537687132,0.6237926483154297,0.9572200775146484,-0.0771141052246093,2.038775964129392e-05,2.086383819580078,2.01878981684103,0.0639174139014049,1.7927379608154297,2.197317123413086,0.1272487640380861,-3.04327088596856e-05,598.0983276367188,598.9057675602185,0.7931450666176277,597.1112060546875,600.6109008789062,-1.42681884765625,-0.0001248304006576,5.847952842712402,6.611803110895515,0.3910813708681989,5.736137390136719,7.299270153045654,-0.9813156127929688,-0.0001529616875904,157.5,157.5,0.0,157.5,157.5,0.0,6.602505291254247e-17,22.5,21.991502683363148,0.7100538387533698,21.000000000000004,22.5,0.0,7.20495187512563e-05,15.0,14.463327370304114,0.7190211631649872,13.5,15.0,1.5,0.0003930875415628,15.0,14.922182468694096,0.3326721040007861,13.5,15.0,1.5,0.000259293253323,12.0,11.515652951699463,0.7013761538955836,10.500000000000002,12.0,1.4999999999999982,0.0010891797947275,100.0,100.0,0.0,100.0,100.0,0.0,6.956268033254644e-17,1.0,1.0,0.0,1.0,1.0,0.0,7.713015911361878e-19,1.0,1.0,0.0,1.0,1.0,0.0,7.713015911361878e-19,1.0,1.0,0.0,1.0,1.0,0.0,7.713015911361878e-19,1.0,1.0,0.0,1.0,1.0,0.0,7.713015911361878e-19,0.0,3.42128801431127,10.190342921599973,0.0,34.0,0.0,-0.0002158372669531,8.273333549499512,8.093989329815765,0.1850270407491676,7.440000057220459,8.453332901000977,0.8333334922790527,0.0004597849190897,3.8366665840148926,3.747090018819185,0.0925391059604388,3.4200000762939453,3.926666736602783,0.4166665077209472,0.000229660925962,0.79508555,3,0.689095923794722,0.6684624552726746
batch_dist_ternary_butan-1-ol+propan-2-ol+water__operating_point_032__test_anormal_experiment_001,batch_dist_ternary_butan-1-ol+propan-2-ol+water,operating_point_032,test_anormal_experiment_001,0.2,874,72.78333333333333,0.9870150890941936,1.0,0.9954233409610984,0.0674960238158014,0.0,1.0,0.0,-1.560153184395341e-05,1.0,1.0,0.0,1.0,1.0,0.0,1.5180006156682464e-18,426.53,426.1872282608696,0.3468839289975042,425.4,426.695,1.08299999999997,0.0013069197377128,90.512,89.10177345537758,0.8563702852051441,87.837,90.576,0.8769999999999953,0.0029772976861698,81.664,81.71487986270022,0.1089624008041188,81.536,81.922,0.0640000000000071,0.0002575483441908,85.653,84.39479118993135,0.7606944745998129,83.174,85.716,0.8270000000000124,0.0026682211624983,85.978,84.58749771167048,0.8671498666892076,83.032,85.999,1.387999999999991,0.0032245475993885,81.182,79.99155205949657,0.74446079067827,78.749,81.203,0.875,0.0026166162560144,80.638,80.78270823798627,0.1038286858060389,80.596,81.0,-0.0219999999999913,0.0001845908001739,80.35,80.52441018306637,0.125357633470415,80.307,80.771,0.0219999999999913,0.0001800018962691,80.163,80.37021681922197,0.1250132815038212,80.141,80.588,-0.0420000000000015,0.000165207267384,74.891,75.27675743707094,1.7900044082493882,71.776,80.387,-5.325999999999993,-0.0023851977141419,0.072,0.1340875286041189,0.3905799823363985,0.004,6.306,-0.094,-0.0001544048422265,0.162,0.1856075514874141,0.1101423142746508,0.157,2.156,-0.148,-0.0001399041665122,0.362,0.4462734553775744,0.095092858652892,0.227,0.866,-0.0569999999999999,3.487504956923893e-05,-1.608,-0.5788821510297483,0.6779211027698783,-1.732,1.714,-3.309,-0.0024903174385987,488.559,493.6572568649885,3.2701683835791826,487.922,500.476,-0.8979999999999677,0.0019314144123199,4.444,5.231717963386728,0.4297095184932771,4.44,6.222,-1.0300000000000002,-8.073706902845921e-05,210.0,210.0,0.0,210.0,210.0,0.0,9.789986453449607e-17,15.0,14.689359267734554,2.2107654848086966,6.0,16.5,9.0,0.005627201126977,12.0,12.316647597254004,1.4063765691670231,6.0,13.5,6.0,0.0018368983867108,13.5,12.94479405034325,1.829049475207372,6.0,15.0,7.5,0.004404127755516,9.0,9.906178489702516,1.4762349428818446,4.5,12.0,4.5,0.0022584295791023,0.0,0.0,0.0,0.0,0.0,0.0,0.0,1.0,1.0,0.0,1.0,1.0,0.0,1.5180006156682464e-18,1.0,1.0,0.0,1.0,1.0,0.0,1.5180006156682464e-18,1.0,1.0,0.0,1.0,1.0,0.0,1.5180006156682464e-18,1.0,1.0,0.0,1.0,1.0,0.0,1.5180006156682464e-18,0.0,0.7568649885583524,5.985545499904639,0.0,49.0,0.0,0.0001384950498163,3.4,3.527459954233409,0.4018919232350334,3.4,5.0,-1.6,-0.000796797012702,1.6,1.66487414187643,0.1077735790572025,1.5,2.0,-0.3999999999999999,-0.0002706605150257,0.6604181,3,0.689095923794722,0.6684624552726746
batch_dist_ternary_butan-1-ol+propan-2-ol+water__operating_point_012__test_anormal_experiment_001,batch_dist_ternary_butan-1-ol+propan-2-ol+water,operating_point_012,test_anormal_experiment_001,0.2,2777,231.36666666666667,0.6847629577536862,1.0,1.0,0.0,1.0,1.0,0.0,-2.940968917091945e-19,1.0,1.0,0.0,1.0,1.0,0.0,-2.940968917091945e-19,424.576,423.319341735686,1.0450438724015811,420.766,424.67,3.7390000000000327,0.0012633054620739,89.784,89.74091069499461,0.1244650162821943,89.442,90.17,-0.3859999999999957,-8.963533690690449e-05,79.734,79.41800054015124,0.1985980148383356,79.069,79.798,0.664999999999992,0.0002464336819694,84.763,84.68534497659344,0.1868701742222024,84.403,85.441,-0.5929999999999893,-0.0001033284781923,84.761,84.77129744328413,0.2165529903455517,84.526,85.38,-0.5760000000000076,-0.0001780563059931,79.752,79.65788350738207,0.1633311117265967,79.389,80.264,-0.4480000000000075,-5.853485572207666e-05,78.172,77.84653024846956,0.141749475911498,77.577,78.172,0.5319999999999965,0.0001661949365279,72.534,72.57957310046814,0.0473579188110088,72.492,72.681,-0.1469999999999913,-4.876117412018465e-05,72.393,72.44010190853439,0.0448526140767232,72.308,72.541,-0.0630000000000023,-4.111489102308129e-05,72.496,72.52645750810227,0.0425618657770268,72.454,72.624,-0.0430000000000063,-3.7857363806652345e-05,0.147,0.1010361901332373,0.0233899180279726,0.053,0.162,0.045,2.6768592796562086e-06,0.525,0.5279290601368384,0.0626919379752236,0.388,0.711,0.002,1.4700723904624716e-05,1.075,1.0607149801944544,0.04902387348736,0.836,1.201,-0.0230000000000001,2.7419349510030843e-06,2.146,2.021024126755492,0.3663092797552696,1.284,2.781,0.1639999999999999,1.1993000392641156e-05,750.45,748.7098620813827,0.8628925350652659,745.909,751.105,2.773000000000025,6.265212952135764e-05,3.643,3.747500900252071,0.3239511883501451,2.732,4.57,-0.2560000000000002,2.753217449830853e-06,210.0,210.0,0.0,210.0,210.0,0.0,5.227038074315138e-17,21.000000000000004,21.83858480374505,0.7454297526426288,21.000000000000004,24.0,-1.4999999999999964,-0.0004607420065605,12.0,12.55878646020886,0.7222767413997575,12.0,13.5,-1.5,-0.0002769569088247,13.5,14.283219301404394,0.7465556534489542,13.5,15.0,0.0,0.0002635200326759,9.0,9.820219661505222,0.74276177498412,9.0,10.500000000000002,0.0,0.0001408600506697,0.0,0.0,0.0,0.0,0.0,0.0,0.0,1.0,1.0,0.0,1.0,1.0,0.0,-2.940968917091945e-19,1.0,1.0,0.0,1.0,1.0,0.0,-2.940968917091945e-19,1.0,1.0,0.0,1.0,1.0,0.0,-2.940968917091945e-19,1.0,1.0,0.0,1.0,1.0,0.0,-2.940968917091945e-19,0.0,1.4065538350738207,5.158140173947171,0.0,21.0,0.0,0.0001361052632945,8.717,8.721383687432482,1.0694639339523615,5.933,11.758,-0.0579999999999998,0.000225929631507,2.202,1.663614872164206,0.266570907868392,1.145,2.293,0.4419999999999999,1.1806179918886191e-05,0.69697374,4,0.6962255665553588,0.6665053963661194
batch_dist_ternary_butan-1-ol+propan-2-ol+water__operating_point_012__test_anormal_experiment_002,batch_dist_ternary_butan-1-ol+propan-2-ol+water,operating_point_012,test_anormal_experiment_002,0.2,1301,108.4,0.6934751622305062,1.0,0.9992313604919292,0.0277136915869637,0.0,1.0,0.0,-1.531284663366571e-06,1.0,1.0,0.0,1.0,1.0,0.0,-3.431102859825036e-19,425.871,424.3878262874711,0.9849910399405848,422.482,425.894,3.317999999999984,0.0026084854586542,89.1,89.57201306687165,0.2810819558994406,88.907,90.084,-0.7270000000000039,-0.0006766948691882,79.583,79.43415603382014,0.0906407472475516,79.219,79.583,0.3209999999999979,0.0002362990212038,84.339,84.6206529592621,0.1390189452887564,84.276,85.038,-0.6149999999999949,-0.0003410371565406,84.675,84.77544504227517,0.1229895005002439,84.59,85.145,-0.448999999999998,-0.0002745908895101,79.624,79.63270753266718,0.0627100587852664,79.517,79.859,-0.213000000000008,-0.0001046142783848,76.599,76.55984857801691,0.0303241097052409,76.45,76.663,0.0420000000000015,-2.522140823151105e-05,72.597,72.69576633358956,0.1063708307030246,72.534,72.997,-0.3790000000000049,-0.0002637704424459,72.414,72.43607916986933,0.0590098015901382,72.287,72.626,-0.1059999999999945,-0.0001400872587034,72.539,72.58203151421984,0.0328588356556235,72.496,72.687,-0.1269999999999953,-7.12143141875581e-05,0.115,0.1162079169869331,0.0039866233340073,0.108,0.135,-0.018,-1.2275017635658926e-06,0.487,0.4742701767870868,0.0153114422421675,0.374,0.502,0.0389999999999999,2.2708112348339623e-05,1.038,1.0845695618754805,0.0491970457629197,0.877,1.243,-0.056,-3.962095527640992e-06,1.952,2.0144857801691005,0.0885034402981407,1.661,2.266,-0.0649999999999999,-1.5666859485013737e-05,748.646,748.7057217524981,0.896722958336629,746.026,750.665,1.0229999999999109,0.0001106986200179,7.286,6.69098001537279,0.3939858584183779,5.753,7.797,0.9109999999999996,2.6720552265172783e-05,210.0,210.0,0.0,210.0,210.0,0.0,-1.6323835721232038e-17,22.5,19.848770176787088,1.0040494613016295,18.0,22.5,3.0,0.0018127658461396,13.5,12.74827056110684,0.7499980060247592,12.0,13.5,1.5,-0.0001883153171244,13.5,13.28554957724827,0.5250587112973163,12.0,13.5,1.5,0.0005333938581316,10.500000000000002,10.17890084550346,0.6149078833476842,9.0,10.500000000000002,0.0,0.0003557416771817,0.0,0.0,0.0,0.0,0.0,0.0,0.0,1.0,1.0,0.0,1.0,1.0,0.0,-3.431102859825036e-19,1.0,1.0,0.0,1.0,1.0,0.0,-3.431102859825036e-19,1.0,1.0,0.0,1.0,1.0,0.0,-3.431102859825036e-19,1.0,1.0,0.0,1.0,1.0,0.0,-3.431102859825036e-19,0.0,1.807840122982321,6.815226883365593,0.0,28.0,0.0,0.0001188625661115,7.325,7.160479246733283,0.2450828860086811,6.475,7.692,0.633,0.0003891390883297,1.765,1.732164104534973,0.0490364945406436,1.595,1.838,0.1069999999999999,7.78359296600843e-05,0.7056635,4,0.6962255665553588,0.6665053963661194
batch_dist_ternary_butan-1-ol+propan-2-ol+water__operating_point_016__test_anormal_experiment_001,batch_dist_ternary_butan-1-ol+propan-2-ol+water,operating_point_016,test_anormal_experiment_001,0.2,631,52.55,0.6868716597635698,1.0,1.0,0.0,1.0,1.0,0.0,1.173890898386608e-18,1.0,1.0,0.0,1.0,1.0,0.0,1.173890898386608e-18,386.507,385.5766362916006,0.4033574452656385,385.044,386.53,1.3240000000000125,0.002122792380609,96.426,95.51812599049128,0.6985483995086034,94.261,96.534,2.1650000000000063,0.0038095606827858,85.207,84.88189936608558,0.7477709478359604,82.343,87.973,0.7729999999999961,0.0015833526774669,90.573,90.07744532488114,0.2336911552539212,89.725,90.595,0.7849999999999966,0.0011642314074218,90.808,90.41649445324882,0.1746672577219473,90.081,90.808,0.6850000000000023,0.0009363440686109,85.326,85.09167353407291,0.0909518885724498,84.877,85.326,0.3639999999999901,0.0004605090946086,80.702,80.8351877971474,0.887574681124779,77.637,83.977,0.1910000000000025,0.0008300341077673,72.745,73.21603724247227,0.9447324283270938,69.831,76.103,-1.6829999999999927,-0.002724560816523,72.371,72.44182805071317,0.696861278300165,69.27,75.06,-0.382000000000005,-0.0001202230975642,72.496,72.50844928684627,0.6554083161050202,70.029,75.626,-0.0220000000000055,6.701292665753173e-05,0.141,0.1430293185419968,0.0236916338489476,0.108,0.387,-0.114,-4.101070948550361e-05,0.351,0.3497187004754358,0.0245933268664885,0.282,0.414,0.0219999999999999,4.074471570810437e-06,1.03,1.0430570522979397,0.1505045815736876,0.333,1.643,-0.018,-1.6525024621977897e-05,1.985,2.011583201267829,0.2450799988474717,0.976,2.927,0.05,-2.697169260691246e-05,749.059,747.5033098256737,1.7802371190284894,742.472,751.706,1.1399999999999864,0.0007796103757152,5.469,6.134196513470681,0.3919866718689141,5.329,6.836,-1.3599999999999994,-0.0003171043694815,175.0,175.0,0.0,175.0,175.0,0.0,3.723679480029869e-17,18.0,21.40768621236133,1.9913880440807716,15.0,25.500000000000004,-6.0,-0.0098765772633352,13.5,14.979793977812996,0.8135927962205604,10.500000000000002,21.000000000000004,-1.5,0.0001051747706645,15.0,15.766640253565768,1.1265596882195503,12.0,22.5,-1.5,0.0004243529745545,12.0,12.055863708399366,0.8944655544051483,7.5,18.0,0.0,0.0006215556695506,0.0,0.0,0.0,0.0,0.0,0.0,0.0,1.0,1.0,0.0,1.0,1.0,0.0,1.173890898386608e-18,1.0,1.0,0.0,1.0,1.0,0.0,1.173890898386608e-18,1.0,1.0,0.0,1.0,1.0,0.0,1.173890898386608e-18,1.0,1.0,0.0,1.0,1.0,0.0,1.173890898386608e-18,0.0,1.5625990491283677,6.445219279828299,0.0,29.0,0.0,0.0002818750722419,5.472,5.47590412044374,0.4118396177634773,3.98,7.182,0.3070000000000004,0.000138499243907,1.857,1.8573122028526148,0.1368108142084202,1.36,2.428,0.0989999999999999,4.122351883640863e-05,0.7976698,4,0.6962255665553588,0.6665053963661194
batch_dist_ternary_butan-1-ol+propan-2-ol+water__operating_point_016__train_normal_experiment_001,batch_dist_ternary_butan-1-ol+propan-2-ol+water,operating_point_016,train_normal_experiment_001,0.2,1253,104.33333333333331,0.6853377264416467,1.0,1.0,0.0,1.0,1.0,0.0,-5.601472711298965e-19,1.0,1.0,0.0,1.0,1.0,0.0,-5.601472711298965e-19,396.305,396.24415363128486,0.1119106097641991,395.956,396.445,0.2330000000000041,0.0002394950926951,93.704,93.3501548284118,0.1690421986806455,92.997,93.725,0.6429999999999865,0.0004576686893259,83.618,83.20495291300878,0.2283095048950716,82.824,83.618,0.7939999999999969,0.0006297780872933,88.664,88.20107302474061,0.2262286178283593,87.709,88.664,0.8700000000000045,0.0006166181795636,88.606,88.21007821229051,0.229223445870243,87.729,88.648,0.833999999999989,0.0006285033534205,83.509,83.05866201117318,0.2358454001305828,82.719,83.552,0.7469999999999999,0.0006334999495714,79.703,79.41348403830806,0.3421816503965841,78.427,79.958,0.8080000000000069,0.0006641123779045,72.66,72.63061173184357,0.0195174703810037,72.555,72.66,0.0630000000000023,2.933857590702073e-05,72.584,72.55859896249002,0.0219224168661689,72.499,72.626,0.0430000000000063,9.804065516099473e-06,72.729,72.72590981644055,0.0213010254813843,72.687,72.772,0.0,6.835019894021456e-06,0.158,0.1541093375897845,0.0056676382650757,0.131,0.178,-0.0189999999999999,2.984872016530989e-07,0.367,0.3570215482841181,0.0111851542740518,0.315,0.389,-0.022,1.2834315273317625e-05,0.975,1.0887613727055068,0.0602507075951266,0.893,1.265,-0.1490000000000001,-1.701687538333e-05,1.946,1.9814804469273744,0.1123531542135405,1.561,2.303,0.1999999999999999,0.0001120625874637,749.777,749.0660418994413,0.6787197436815222,747.183,750.674,1.840000000000032,5.943755074248512e-05,2.927,3.1549832402234634,0.4349100434896946,2.664,3.972,0.1949999999999998,-3.849709594050124e-05,175.0,175.0,0.0,175.0,175.0,0.0,3.903043440319201e-17,18.0,17.618715083798882,0.6527635593332312,16.5,18.0,0.0,-0.0004620505021862,13.5,13.292298483639266,0.5167838879891388,12.0,13.5,0.0,0.0001834751555985,15.0,14.302075019952117,0.7469889570494403,13.5,15.0,0.0,0.0002677692345409,10.500000000000002,10.700518754988028,0.5100210179926895,10.500000000000002,12.0,0.0,0.000437464538537,0.0,0.0,0.0,0.0,0.0,0.0,0.0,1.0,1.0,0.0,1.0,1.0,0.0,-5.601472711298965e-19,1.0,1.0,0.0,1.0,1.0,0.0,-5.601472711298965e-19,1.0,1.0,0.0,1.0,1.0,0.0,-5.601472711298965e-19,1.0,1.0,0.0,1.0,1.0,0.0,-5.601472711298965e-19,0.0,1.4992019154030327,5.234714318846109,0.0,20.0,0.0,-4.754323301865762e-05,6.48,6.383184756584198,0.1841300374556427,5.588,6.81,-0.1199999999999992,0.0002319325832563,2.158,2.1266053471667994,0.0611282755912104,1.862,2.27,-0.0420000000000002,7.678747885701637e-05,0.7240617,4,0.6962255665553588,0.6665053963661194
batch_dist_ternary_butan-1-ol+propan-2-ol+water__operating_point_017__test_anormal_experiment_001,batch_dist_ternary_butan-1-ol+propan-2-ol+water,operating_point_017,test_anormal_experiment_001,0.2,2105,175.33333333333334,0.6789549894914293,1.0,0.9995249406175772,0.0217906792231443,0.0,1.0,0.0,-3.061977538825135e-07,1.0,1.0,0.0,1.0,1.0,0.0,-3.460144802902547e-19,387.228,385.2844755344418,1.630868874114603,381.353,387.414,5.852000000000032,0.0026102308562526,70.875,69.78888479809976,0.3758833145834002,69.279,70.981,1.0430000000000064,0.0004145184276112,60.06,59.71179311163896,0.1566644501874958,59.441,60.081,0.5330000000000013,0.0002474017821172,65.118,64.95104251781471,0.1363666802050463,64.717,65.455,-0.2520000000000095,-0.0001044008806093,65.137,64.99035201900237,0.1238770167344241,64.755,65.264,-0.0420000000000015,-0.0001099821985889,59.948,59.86976912114015,0.0840351266699198,59.757,60.202,-0.232999999999997,-5.008733776314189e-05,58.018,57.63433942992874,0.2558987684230527,57.363,58.419,0.4440000000000026,0.0003247685235038,52.398,52.40033420427554,0.0273814840891168,52.294,52.503,-0.0209999999999936,-1.3073647018128631e-06,52.268,52.28451163895487,0.0340355617073428,52.205,52.353,-0.0420000000000015,-7.349361705042302e-06,52.6,52.56917862232779,0.0272339197298199,52.494,52.642,0.0420000000000015,8.803764368080707e-08,0.077,0.0975904988123515,0.0675124568781046,0.005,1.275,0.0139999999999999,-1.8092457209442837e-05,0.523,0.5144541567695962,0.0804419541869173,0.005,1.631,0.005,-4.850571250506781e-07,-0.206,-0.1570007125890736,0.0708483149320318,-0.36,0.101,-0.0829999999999999,7.030011599748627e-06,2.057,1.9976907363420424,0.0923006297715643,1.523,2.278,0.4649999999999998,1.8528076262692605e-05,298.681,298.5229532066508,0.8327248418893801,296.734,300.566,0.0539999999999736,-3.3647366790651696e-05,2.93,3.484738717339668,0.4130338381371867,2.664,4.44,0.0030000000000001,2.841144245053142e-05,175.0,175.0,0.0,175.0,175.0,0.0,-3.2885452796735104e-17,15.0,18.210570071258907,1.136675846077836,15.0,19.5,-3.0,-0.0005654057314507,7.5,8.406413301662708,0.7324148780897981,7.5,9.0,-1.5,-0.0002055796281024,9.0,8.65439429928741,0.6307902718759957,7.5,9.0,0.0,0.0001630232864935,6.0,5.957244655581948,0.2496096896171542,4.5,6.0,0.0,9.8382110249566e-05,0.0,0.0,0.0,0.0,0.0,0.0,0.0,1.0,1.0,0.0,1.0,1.0,0.0,-3.460144802902547e-19,1.0,1.0,0.0,1.0,1.0,0.0,-3.460144802902547e-19,1.0,1.0,0.0,1.0,1.0,0.0,-3.460144802902547e-19,1.0,1.0,0.0,1.0,1.0,0.0,-3.460144802902547e-19,0.0,1.9099762470308788,8.8465458320511,0.0,43.0,0.0,-2.4535059938724975e-05,9.021,8.878652731591448,0.2169677763729555,8.26,9.529,0.7090000000000014,0.0001495918551191,1.289,1.268353681710214,0.0310285741726251,1.18,1.361,0.1009999999999999,2.144872552646869e-05,0.6806597,4,0.6962255665553588,0.6665053963661194
batch_dist_ternary_butan-1-ol+propan-2-ol+water__operating_point_017__train_normal_experiment_001,batch_dist_ternary_butan-1-ol+propan-2-ol+water,operating_point_017,train_normal_experiment_001,0.2,489,40.71666666666667,0.6724500963647279,1.0,1.0,0.0,1.0,1.0,0.0,-9.053494884022804e-19,1.0,1.0,0.0,1.0,1.0,0.0,-9.053494884022804e-19,370.216,365.2942351738241,3.570687583924681,357.647,370.216,12.569000000000017,0.0249137267629572,68.577,68.39393047034764,0.1054933645844778,68.194,68.641,0.3610000000000042,0.0007071431137071,58.994,59.00635480572598,0.0267278448743801,58.93,59.058,0.064,0.0001265705849874,64.381,64.44898875255625,0.0740382878914968,64.317,64.612,0.0,-0.0001135133013278,64.161,64.17874130879346,0.060915191733855,64.033,64.309,0.0850000000000079,-3.758689838204662e-05,59.311,59.26089672801637,0.0306740411278025,59.184,59.354,0.0840000000000031,0.0001487522757266,53.859,54.23693967280163,0.1391147476987821,53.859,54.534,-0.6749999999999972,-0.0007878567015663,52.398,52.41485582822086,0.017682590301596,52.377,52.482,-0.0419999999999944,-5.856812402130602e-05,52.31,52.3060490797546,0.0174898932010417,52.247,52.331,0.0420000000000015,9.023577247309956e-06,52.579,52.5652535787321,0.0217404543252519,52.515,52.621,0.0,4.999543315257696e-05,0.072,0.0688036809815951,0.0598068064427438,0.004,0.727,0.0129999999999999,-2.819920485543116e-05,0.458,0.4855991820040899,0.1400270492396318,0.149,0.796,0.061,0.0001259401548007,-0.12,-0.1558824130879345,0.0664222101216828,-0.335,-0.01,0.001,1.8786881140870693e-05,1.759,1.849671779141104,0.4215675794824108,0.618,2.481,0.0519999999999998,-0.0016061136744751,298.995,299.44128016359923,0.4364536757536925,298.125,300.431,-0.3770000000000095,-2.1122592656443783e-05,3.556,3.754664621676892,0.3399578360056828,2.924,4.558,-0.3460000000000001,0.000142781866845,175.0,175.0,0.0,175.0,175.0,0.0,-3.145989664855058e-16,15.0,15.0,0.0,15.0,15.0,0.0,-2.273375113532514e-17,7.5,7.95398773006135,0.6891130067309479,7.5,9.0,-1.5,-0.0014899724347146,7.5,8.302147239263803,0.7474157870213187,7.5,9.0,-1.5,-0.0023664992498055,6.0,6.0,0.0,6.0,6.0,0.0,-6.168960131633509e-18,0.0,0.0,0.0,0.0,0.0,0.0,0.0,1.0,1.0,0.0,1.0,1.0,0.0,-9.053494884022804e-19,1.0,1.0,0.0,1.0,1.0,0.0,-9.053494884022804e-19,1.0,1.0,0.0,1.0,1.0,0.0,-9.053494884022804e-19,1.0,1.0,0.0,1.0,1.0,0.0,-9.053494884022804e-19,40.0,4.580777096114519,12.737643621969232,0.0,40.0,40.0,0.0029515175274575,8.916,7.760821063394683,1.7527300896206026,2.852,13.248,2.5550000000000006,0.0061367113465118,1.271,1.0774366053169735,0.1915893595393038,0.658,1.745,-0.393,0.0001474653484042,0.6491599,4,0.6962255665553588,0.6665053963661194
batch_dist_ternary_butan-1-ol+propan-2-ol+water__operating_point_022__test_anormal_experiment_001,batch_dist_ternary_butan-1-ol+propan-2-ol+water,operating_point_022,test_anormal_experiment_001,0.2,1780,148.25,0.6832104934548542,1.0,1.0,0.0,1.0,1.0,0.0,-1.4497288990895898e-19,1.0,1.0,0.0,1.0,1.0,0.0,-1.4497288990895898e-19,342.701,341.54329662921344,0.6258802255016787,340.343,342.816,2.289000000000044,0.0012047687473648,75.688,75.75147387640449,0.2482823228052254,75.134,76.071,-0.3829999999999955,0.0002084953437884,65.864,65.80643792134832,0.0534214738748392,65.715,65.928,0.1069999999999993,9.73803366418814e-05,70.914,70.97744185393258,0.1030865697392616,70.809,71.315,-0.3589999999999946,-0.0001531149443352,70.978,70.99828735955056,0.1093993708401425,70.85,71.403,-0.382000000000005,-0.0001597950444337,65.934,65.94313792134831,0.0741214039441055,65.785,66.231,-0.2549999999999954,-8.54255976251144e-05,63.177,63.3241441011236,0.0611647195255682,63.114,63.473,-0.2959999999999994,-5.911946983352097e-05,58.363,58.37204297752809,0.01727250140013,58.321,58.468,-0.0420000000000015,-1.5203366400170546e-05,58.238,58.27582949438202,0.0243822554922727,58.217,58.343,-0.0840000000000031,-1.1317613459876442e-05,58.564,58.54730786516855,0.0206538525106672,58.48,58.607,-0.0219999999999984,4.549933418822048e-06,0.049,0.0695407303370786,0.0890363131229207,0.005,1.48,-0.0049999999999999,1.2099933212999609e-05,0.452,0.4532182584269663,0.0994942264617104,0.045,1.93,0.017,1.718742235360885e-05,0.185,0.1603140449438202,0.0489495236969194,-0.046,0.336,-0.0249999999999999,-2.069719321718585e-06,1.913,1.99915702247191,0.1545076838244533,1.612,2.407,-0.0949999999999999,3.425549314487084e-05,398.762,399.2244292134831,0.5713964596411082,397.793,400.673,-0.7989999999999782,-3.111618549650129e-05,3.646,3.73033286516854,0.3384123503000608,2.732,4.562,-0.1779999999999999,-1.2894622662917965e-05,140.0,140.0,0.0,140.0,140.0,0.0,-4.9141298212167775e-18,19.5,18.921488764044945,0.8219566115203821,18.0,21.000000000000004,1.5,-0.0001382319197817,9.0,9.216994382022472,0.5273414453354097,9.0,10.500000000000002,0.0,-0.0002443424701883,9.0,9.642134831460677,0.7422028734894417,9.0,10.500000000000002,-1.5000000000000018,-8.855817731587965e-05,6.0,6.779073033707865,0.7488035289734927,6.0,7.5,0.0,-7.931122524075102e-05,0.0,0.0,0.0,0.0,0.0,0.0,0.0,1.0,1.0,0.0,1.0,1.0,0.0,-1.4497288990895898e-19,1.0,1.0,0.0,1.0,1.0,0.0,-1.4497288990895898e-19,1.0,1.0,0.0,1.0,1.0,0.0,-1.4497288990895898e-19,1.0,1.0,0.0,1.0,1.0,0.0,-1.4497288990895898e-19,0.0,3.9140449438202247,11.183049193149738,0.0,37.0,-36.0,-9.067954786125204e-05,7.639,7.617094382022472,0.3242317143266215,6.843,8.479,-0.2879999999999993,0.0003444616637649,1.091,1.0881637640449435,0.0462714633633627,0.978,1.211,-0.042,4.903780206776473e-05,0.6868476,4,0.6962255665553588,0.6665053963661194
batch_dist_ternary_butan-1-ol+propan-2-ol+water__operating_point_022__train_normal_experiment_001,batch_dist_ternary_butan-1-ol+propan-2-ol+water,operating_point_022,train_normal_experiment_001,0.2,1106,92.11666666666666,0.6811837097008695,1.0,1.0,0.0,1.0,1.0,0.0,-1.079212924240254e-18,1.0,1.0,0.0,1.0,1.0,0.0,-1.079212924240254e-18,344.396,343.28740822784806,0.6626116756912146,341.648,344.396,2.7479999999999905,0.0019892577105097,75.858,75.76327576853525,0.0485422104361716,75.667,75.88,0.1060000000000087,8.378476983532318e-05,65.736,65.68825045207959,0.0509178470398503,65.522,65.757,0.2139999999999986,0.0001422505915467,70.788,70.83462974683545,0.0488051596534295,70.724,71.02,-0.2109999999999985,-0.0001039587155545,70.871,70.85985895117541,0.0350447014512063,70.786,70.999,-0.1280000000000001,-5.045032555347413e-05,65.828,65.79156419529838,0.0424701037507393,65.7,65.912,-0.0630000000000023,-1.5779319224553058e-05,60.427,60.38633227848101,0.0529296646611094,60.237,60.491,0.1049999999999968,6.156538818215638e-05,58.468,58.425316455696205,0.0276027627968694,58.279,58.489,0.1680000000000063,3.754757371154907e-05,58.343,58.32763743218807,0.0193388250414812,58.195,58.364,0.1480000000000032,1.9298737773943108e-05,58.628,58.59925813743219,0.0253270569099675,58.48,58.649,0.1270000000000024,2.756278705466224e-05,0.136,0.0777174502712477,0.0930392810799752,0.005,0.9,-0.125,-2.15877774546937e-05,0.472,0.4454018987341772,0.062062513007508,0.011,1.291,-0.054,1.742452762012193e-05,0.079,0.1373417721518987,0.0500274545793376,-0.051,0.327,0.03,2.4020859046193582e-05,2.281,2.008192133815552,0.1735722145745117,1.627,2.394,0.2120000000000002,4.285671710439407e-05,399.579,399.1347757685352,0.5615464450401655,397.649,400.431,1.9300000000000068,9.11963002438954e-05,4.554,4.134888788426764,0.4184765542063411,3.552,4.975,0.0,1.036557148644834e-06,140.0,140.0,0.0,140.0,140.0,0.0,-9.599457068312596e-17,16.5,16.574593128390596,0.3260760000104256,16.5,18.0,0.0,-0.0001107422806204,9.0,9.066455696202532,0.3086538267153584,9.0,10.500000000000002,0.0,-0.0001690837115714,10.500000000000002,9.501130198915009,0.7064262548721246,9.0,10.500000000000002,1.5000000000000018,2.0725510618899847e-05,6.0,6.71880650994575,0.7493510300107925,6.0,7.5,0.0,-5.945903190877742e-05,0.0,0.0,0.0,0.0,0.0,0.0,0.0,1.0,1.0,0.0,1.0,1.0,0.0,-1.079212924240254e-18,1.0,1.0,0.0,1.0,1.0,0.0,-1.079212924240254e-18,1.0,1.0,0.0,1.0,1.0,0.0,-1.079212924240254e-18,1.0,1.0,0.0,1.0,1.0,0.0,-1.079212924240254e-18,36.0,2.4249547920434,8.974359258119607,0.0,36.0,36.0,-0.0002938492232573,8.365,7.705522151898733,0.3364285144052945,6.904,8.453,0.4900000000000002,0.0003611024330727,1.195,1.100751356238698,0.0481738265186787,0.986,1.207,0.0709999999999999,5.144897296796052e-05,0.68061143,4,0.6962255665553588,0.6665053963661194
batch_dist_ternary_butan-1-ol+propan-2-ol+water__operating_point_026__test_anormal_experiment_001,batch_dist_ternary_butan-1-ol+propan-2-ol+water,operating_point_026,test_anormal_experiment_001,0.2,1537,128.03333333333333,0.676670446781282,1.0,1.0,0.0,1.0,1.0,0.0,4.729636379519281e-19,1.0,1.0,0.0,1.0,1.0,0.0,4.729636379519281e-19,338.673,337.7641187378009,0.5605585928039951,336.387,338.741,2.2180000000000177,0.0012414996603477,72.131,71.72788028627197,0.2094460511042036,71.385,72.216,0.5750000000000028,5.202020677058565e-05,61.936,61.673562134027314,0.1630203950346941,61.36,61.958,0.490000000000002,0.0003429642242542,66.824,66.89651528952506,0.0988031233477804,66.634,67.077,-0.1260000000000047,5.123900006467148e-06,66.856,66.88270364346128,0.1013847142621095,66.622,67.132,-0.1910000000000025,1.980046147668705e-05,61.963,61.78552244632401,0.1224395910844737,61.602,62.069,0.2760000000000033,0.000210953791561,55.906,56.3128649967469,0.2468937100409634,55.779,56.898,-0.9080000000000013,-0.0003470287315914,52.796,52.99023162003904,0.1878037735180081,52.733,53.465,-0.669000000000004,-0.0003742767383067,52.521,52.64956766428107,0.1101101653435367,52.479,52.901,-0.3800000000000025,-0.0001913712245484,52.852,52.91347852960312,0.0920848163227105,52.768,53.126,-0.2530000000000001,-0.0001500745796232,0.066,0.0810123617436564,0.0331605856484922,0.005,0.231,-0.0089999999999999,-1.3758997423120916e-05,0.423,0.4215666883539363,0.0193281243777243,0.376,0.477,0.009,6.615520562154328e-06,-0.437,-0.3922062459336369,0.0648828814242415,-0.579,-0.196,-0.013,2.749899491033081e-05,1.917,2.00638223812622,0.131532991685821,1.557,2.401,-0.389,-4.9823506492008094e-06,298.385,298.0997898503578,0.8643894128274835,296.196,300.108,0.7540000000000191,0.0003515303580838,3.902,4.050016590761223,0.407930387355968,3.333,4.946,0.2590000000000003,3.9434654510902265e-05,140.0,140.0,0.0,140.0,140.0,0.0,1.104088371546167e-16,18.0,17.84580351333767,0.8921895725412575,16.5,19.5,0.0,0.0010903629945522,9.0,8.287573194534808,0.7490582454338578,7.5,9.0,1.5,-7.376562350618163e-05,9.0,8.572055953155498,0.6770627669301152,7.5,9.0,0.0,-4.20434309782164e-05,6.0,6.1473649967469095,0.4464650634194659,6.0,7.5,0.0,4.36991916133709e-05,0.0,0.0,0.0,0.0,0.0,0.0,0.0,1.0,1.0,0.0,1.0,1.0,0.0,4.729636379519281e-19,1.0,1.0,0.0,1.0,1.0,0.0,4.729636379519281e-19,1.0,1.0,0.0,1.0,1.0,0.0,4.729636379519281e-19,1.0,1.0,0.0,1.0,1.0,0.0,4.729636379519281e-19,0.0,0.0780741704619388,1.7654662960204688,0.0,40.0,0.0,-9.121555594850218e-06,7.483,7.613524398178269,0.3277558245161685,6.643,8.614,-0.4800000000000004,8.74686225097418e-05,1.247,1.2688627195836044,0.0546134939738222,1.107,1.436,-0.0799999999999998,1.4512811370249829e-05,0.67955154,4,0.6962255665553588,0.6665053963661194
batch_dist_ternary_butan-1-ol+propan-2-ol+water__operating_point_026__test_anormal_experiment_002,batch_dist_ternary_butan-1-ol+propan-2-ol+water,operating_point_026,test_anormal_experiment_002,0.2,1224,101.93333333333334,0.6789898851018339,1.0,1.0,0.0,1.0,1.0,0.0,-1.0424082180003009e-18,1.0,1.0,0.0,1.0,1.0,0.0,-1.0424082180003009e-18,340.068,339.5292344771242,0.3595773784582525,339.016,340.229,0.8229999999999791,0.0008905074016519,71.151,71.8865445261438,0.1073695203861195,71.109,72.109,-0.9369999999999976,-0.0001842466226065,61.915,61.775550245098046,0.0769290356078103,61.638,61.936,0.2560000000000002,0.0002125979304231,66.508,66.74016380718955,0.0807007397789184,66.466,66.929,-0.1050000000000039,0.0001723935510426,66.538,66.78328227124183,0.0790894681667953,66.516,66.962,-0.0840000000000031,0.000159263281764,61.708,61.76610130718954,0.0833510835895145,61.581,61.942,0.1060000000000016,0.0001910384693533,56.856,56.88915359477124,0.0910766354935737,56.603,57.067,0.2530000000000001,-1.0259400571366932e-05,52.586,52.73903553921568,0.1189477016266318,52.503,53.046,-0.4400000000000048,-0.0003256646747006,52.331,52.446879901960784,0.0722020548201491,52.31,52.648,-0.3170000000000001,-0.000188563147254,52.6,52.68841789215686,0.0548365105623526,52.558,52.831,-0.2100000000000008,-0.0001386069178284,0.104,0.103001225490196,0.0836830541532737,0.005,1.182,-0.089,-3.8036737180563175e-05,0.381,0.4089256535947712,0.0561210412412105,0.005,0.684,-0.0379999999999999,-2.229053845577502e-05,-0.293,-0.2669946895424837,0.0682938803818909,-0.474,-0.1,-0.0419999999999999,-6.33269988289645e-06,3.637,2.0714959150326795,0.3452013259782894,1.608,3.78,2.005,0.0004334182667343,299.955,299.1676511437908,0.5638942242209984,297.389,300.485,-0.0900000000000318,-2.7698693541422457e-05,3.643,3.7289424019607846,0.3393506988426795,2.732,4.566,0.0,3.586243982465739e-06,140.0,140.0,0.0,140.0,140.0,0.0,-1.338352300731247e-16,3.0,15.764093137254902,3.382655248549745,0.0,19.5,-13.5,-0.0033600562056384,1.5,8.237745098039216,1.760952230628191,0.0,9.0,-7.5,-0.0015297778964406,1.5,8.673406862745098,1.8591117453024524,0.0,10.500000000000002,-7.5,-0.0017203013666627,0.0,6.294730392156863,1.5767700684881858,0.0,7.5,-7.5,-0.0012452184471499,0.0,0.0,0.0,0.0,0.0,0.0,0.0,1.0,1.0,0.0,1.0,1.0,0.0,-1.0424082180003009e-18,1.0,1.0,0.0,1.0,1.0,0.0,-1.0424082180003009e-18,1.0,1.0,0.0,1.0,1.0,0.0,-1.0424082180003009e-18,1.0,1.0,0.0,1.0,1.0,0.0,-1.0424082180003009e-18,0.0,2.7969771241830066,10.320350747674825,0.0,41.0,0.0,-0.0001780843163103,12.44,7.192787173202614,1.1089643540570335,0.0,12.44,5.162999999999999,-0.0007214461238297,3.11,1.2195424836601307,0.2089817288250824,0.0,3.11,1.897,-2.201247465462122e-05,0.66766113,4,0.6962255665553588,0.6665053963661194
batch_dist_ternary_butan-1-ol+propan-2-ol+water__operating_point_026__train_normal_experiment_001,batch_dist_ternary_butan-1-ol+propan-2-ol+water,operating_point_026,train_normal_experiment_001,0.2,1087,90.56666666666666,0.681401563038853,1.0,0.9935602575896963,0.0799892000709628,0.0,1.0,0.0,3.0084919450154816e-06,1.0,1.0,0.0,1.0,1.0,0.0,-8.621323282127103e-20,333.1885070800781,333.0989312783446,0.1436597126794225,332.686279296875,333.3711853027344,0.456573486328125,0.0002993112217739,70.917236328125,70.67154214923933,0.1765965144732529,70.30011749267578,71.00236511230469,0.1489639282226562,0.0004300822833299,61.04048156738281,60.81915285484223,0.1375257200725638,60.5073356628418,61.06181335449219,0.447845458984375,0.0004298509487365,65.91801452636719,65.90585225025447,0.050313536438596,65.7494888305664,66.0233383178711,-0.0210647583007812,-9.91770325624445e-05,66.04927825927734,65.95493145041654,0.065437659182988,65.7945556640625,66.07049560546875,-0.0212173461914062,0.0001680372427099,60.98693084716797,60.82811926391658,0.117979594392922,60.5838737487793,61.07179641723633,0.14849853515625,0.0003126024423195,56.24382781982422,55.73260304679976,0.4047830312448765,55.04046249389648,56.41275405883789,0.8867378234863281,0.0011457798742736,52.39820861816406,52.55352333826874,0.1110701073968046,52.37730026245117,52.816436767578125,-0.3973197937011719,-0.0003468672467005,52.18395233154297,52.29740416553992,0.0939858373724187,52.1207389831543,52.52116012573242,-0.2739791870117187,-0.0002886791883769,52.3891487121582,52.47490855675832,0.0806152683272142,52.32598114013672,52.662899017333984,-0.2737503051757812,-0.0002426749878509,0.0827451571822166,0.087293389380122,0.0143144353817564,0.004128283355385,0.2434789687395095,0.0051154866814613,-3.516277009983947e-06,0.361561119556427,0.3765163620130228,0.1359196426832272,0.324507862329483,2.256751537322998,-0.0544584691524505,-2.232887253537091e-06,-0.1473369598388672,-0.2441364163747048,0.0663642996152474,-0.4666481018066406,-0.0734825134277343,0.0543079376220703,3.625400926401489e-05,2.073333740234375,1.991340107290484,0.1044828769939478,1.621990203857422,2.265832901000977,0.209901809692383,8.21982617327543e-05,298.2684936523437,299.0771186077605,0.6105915172361356,297.63134765625,300.3682556152344,-0.8255310058594318,-3.3351466954741936e-05,6.381039142608643,6.359153311298655,0.379625681137799,5.454545497894287,7.292616367340088,0.0174026489257812,1.4755719283624453e-05,140.0,140.0,0.0,140.0,140.0,0.0,2.3270587233140873e-16,16.5,16.197102115915364,0.601732680384884,15.0,16.5,1.5,0.0010270683176572,9.0,8.968261269549219,0.2158720655053487,7.5,9.0,1.5,0.0001667750969519,9.0,9.117295308187671,0.4027217065898833,9.0,10.500000000000002,0.0,0.0004773271451332,7.5,6.608555657773689,0.7365415793097945,6.0,7.5,1.5,0.0005326572361219,0.0,0.0,0.0,0.0,0.0,0.0,0.0,1.0,1.0,0.0,1.0,1.0,0.0,-8.621323282127103e-20,1.0,1.0,0.0,1.0,1.0,0.0,-8.621323282127103e-20,1.0,1.0,0.0,1.0,1.0,0.0,-8.621323282127103e-20,1.0,1.0,0.0,1.0,1.0,0.0,-8.621323282127103e-20,0.0,3.797608095676173,12.874151083777123,0.0,48.0,0.0,6.41313313993289e-05,6.002857208251953,5.768471546532807,0.202546268549926,5.137142658233643,6.405714511871338,-0.0171427726745605,1.0205928508575443e-06,1.367142915725708,1.3280424492668426,0.0334858391148224,1.222857117652893,1.4342857599258425,-0.0028570890426635,5.892491207917969e-07,0.6619099,4,0.6962255665553588,0.6665053963661194
batch_dist_ternary_butan-1-ol+propan-2-ol+water__operating_point_029__test_anormal_experiment_001,batch_dist_ternary_butan-1-ol+propan-2-ol+water,operating_point_029,test_anormal_experiment_001,0.2,1536,127.95,0.6924970709609258,1.0,0.9993489583333334,0.0255072109689579,0.0,1.0,0.0,2.400743654354351e-07,1.0,1.0,0.0,1.0,1.0,0.0,5.456243850418713e-20,384.022,406.1341988932292,20.067194855350923,373.199,424.317,-36.34500000000003,-0.0396770240942936,83.455,87.694990234375,3.202100237839668,82.579,90.726,-6.180000000000007,-0.0060877413161293,78.19,78.93901725260417,0.7868756889115347,77.954,80.463,-0.4279999999999972,-0.0009041697928764,77.8,82.6533984375,3.433675060011496,77.06,85.695,-7.513999999999996,-0.0067175116053604,81.283,83.5296083984375,2.253924532811704,79.748,85.85,-3.7120000000000033,-0.0040215633197297,77.47,79.47322656249999,1.0792065362214398,77.448,80.734,-2.474000000000004,-0.0017260790879134,69.871,72.52404752604167,2.5916696112193462,67.497,75.452,-3.9250000000000114,-0.0044261619334377,63.625,64.74009244791667,1.208738995358925,62.996,65.85,-2.162000000000006,-0.0023402995452561,63.52,64.35753450520833,1.0859897684277235,62.505,65.382,-1.7979999999999947,-0.0020323439245092,63.779,64.61902506510417,1.1060635815107516,62.765,65.639,-1.79699999999999,-0.0020501655975024,0.192,0.1219117838541666,0.0969839048365175,0.006,0.285,0.0,-0.0001743647888921,0.326,0.510228515625,0.238866703303905,0.004,1.398,-0.065,5.588727909184707e-05,0.673,0.8870823567708334,0.2268139213178067,0.401,1.416,-0.405,-0.000402035892707,4.74,1.818623046875,1.2693986759609222,-0.989,6.141,2.761,-0.0006316328027149,509.943,526.2705384114583,25.591666973424527,482.242,550.799,-39.178,-0.0471754182112008,3.636,4.0131624348958335,0.3844545100881823,2.927,4.888,-0.266,-2.1092191172310296e-05,210.0,187.7490234375,25.94359866221966,157.5,210.0,0.0,-0.0409125337561113,16.5,18.84765625,7.040201550112819,0.0,34.5,-7.5,-0.0074046608401556,6.0,12.1787109375,5.31009098858653,0.0,28.5,-9.0,-0.0037955086622804,19.5,11.29052734375,6.240261406160888,0.0,30.0,6.0,-0.0041168461308092,3.0,9.95947265625,3.373544697120681,0.0,13.5,-7.500000000000002,-0.0032998995561968,0.0,0.0,0.0,0.0,0.0,0.0,0.0,1.0,1.0,0.0,1.0,1.0,0.0,5.456243850418713e-20,1.0,1.0,0.0,1.0,1.0,0.0,5.456243850418713e-20,1.0,1.0,0.0,1.0,1.0,0.0,5.456243850418713e-20,1.0,1.0,0.0,1.0,1.0,0.0,5.456243850418713e-20,0.0,4.317708333333333,10.1815856532728,0.0,39.0,-28.0,0.0019964617343316,7.133,8.594807942708334,3.404303979120346,0.0,21.4,-0.0970000000000004,0.0006219068686302,2.378,1.397564453125,1.2601960038726214,0.0,2.793,-0.032,-0.0022987146484702,0.66422987,4,0.6962255665553588,0.6665053963661194
batch_dist_ternary_butan-1-ol+propan-2-ol+water__operating_point_029__train_normal_experiment_001,batch_dist_ternary_butan-1-ol+propan-2-ol+water,operating_point_029,train_normal_experiment_001,0.2,1479,123.21666666666668,0.7360743665816829,1.0,0.9993238674780256,0.0259937563039095,0.0,1.0,0.0,-1.62461714858465e-06,1.0,1.0,0.0,1.0,1.0,0.0,-6.941462120599103e-19,424.553,423.5268766058147,1.203550196801446,420.696,424.882,3.834000000000003,0.002679415967197,89.613,89.1455652467884,0.231453909903297,88.757,89.699,0.8559999999999945,0.0004477573013372,79.648,78.43501926977687,0.6738307285294187,77.268,79.648,2.3799999999999955,0.0015767497516152,84.699,84.08282792427316,0.2744684055592825,83.725,84.72,0.6989999999999981,0.0005460358525556,84.761,84.07845300878972,0.2833355760768465,83.715,84.782,0.9399999999999976,0.0006010759416528,79.667,78.8937876943881,0.3723751038158681,78.451,79.667,1.003,0.0008159750162072,75.282,74.51223766058148,0.5150664905267014,73.52,75.409,1.7409999999999997,0.0012012588464668,66.165,66.80427890466531,0.3691654955225347,66.123,67.467,-1.3019999999999925,-0.0008625248505222,65.424,65.86035023664638,0.3545306824313963,65.339,66.651,-1.184999999999988,-0.0008124627886634,65.597,65.90106288032455,0.2481865426258805,65.555,66.485,-0.8670000000000044,-0.0005537478860504,0.22,0.2092589587559161,0.0094154656337894,0.169,0.233,0.037,1.2416514893547842e-05,0.482,0.4520872210953346,0.021795049224745,0.371,0.504,0.0989999999999999,3.691638132627917e-05,0.969,1.010631845841785,0.0587338157764315,0.814,1.198,0.0529999999999999,2.222645026568377e-05,1.843,2.0150412440838403,0.1704710492238173,1.403,2.501,0.437,1.0222569582017042e-06,546.178,548.5840432724815,0.9812400081033912,545.182,551.149,-1.1580000000000157,-0.0001065004863838,3.902,4.118935767410412,0.4254103876289012,3.339,4.897,-0.3559999999999998,-3.3248418650338406e-05,210.0,210.0,0.0,210.0,210.0,0.0,-2.1786077845191482e-16,24.0,23.05375253549696,0.7238694168675225,22.5,24.0,0.0,0.0002634995484825,13.5,13.885395537525357,0.6554110053573827,13.5,15.0,-1.5,-0.0002187057379919,15.0,14.295131845841786,0.7486408461277766,13.5,15.0,1.5,0.0005486142943015,12.0,11.064908722109534,0.7268020492877499,10.500000000000002,12.0,1.4999999999999982,0.0007461054254868,0.0,0.0,0.0,0.0,0.0,0.0,0.0,1.0,1.0,0.0,1.0,1.0,0.0,-6.941462120599103e-19,1.0,1.0,0.0,1.0,1.0,0.0,-6.941462120599103e-19,1.0,1.0,0.0,1.0,1.0,0.0,-6.941462120599103e-19,1.0,1.0,0.0,1.0,1.0,0.0,-6.941462120599103e-19,0.0,2.215348208248817,7.797282062985695,0.0,30.0,0.0,-0.0001404830187078,8.13,7.901141987829615,0.3480885088522267,6.57,8.67,1.4620000000000006,0.0004172817870254,2.71,2.6332934415145366,0.1155854432440085,2.19,2.892,0.4870000000000001,0.0001393116103969,0.65462255,4,0.6962255665553588,0.6665053963661194
batch_dist_ternary_butan-1-ol+propan-2-ol+water__operating_point_033__train_normal_experiment_001,batch_dist_ternary_butan-1-ol+propan-2-ol+water,operating_point_033,train_normal_experiment_001,0.2,1108,92.31666666666666,0.6032216753142463,1.0,0.9954873646209388,0.067024409740012,0.0,1.0,0.0,-1.0630394103465708e-06,1.0,1.0,0.0,1.0,1.0,0.0,9.12163286268648e-19,423.259,422.8005311371841,0.4805277466713993,422.106,423.564,1.059000000000026,0.0014204028046878,84.716,83.7897450361011,0.3308896636570418,83.412,84.78,1.0899999999999892,0.0007598611858437,74.44,73.90231723826713,0.2573134427085185,73.519,74.483,0.8559999999999945,0.000781458472339,79.259,78.91723149819494,0.1426539714457166,78.73,79.301,0.4440000000000026,0.0002777369654451,79.471,79.16681678700361,0.1321827286125812,78.959,79.513,0.5120000000000005,0.0003557873854837,74.358,73.97031453068593,0.1671220846799611,73.741,74.444,0.5750000000000028,0.0004377165407971,72.522,72.16819675090252,0.2115815618572735,71.758,72.565,0.7000000000000028,0.000629636619518,72.303,71.84493366425994,0.2624716245181314,71.272,72.408,0.9050000000000012,0.0007857986020052,71.969,71.41726985559566,0.3505697468330146,70.57,72.096,1.378,0.0010479633721964,65.005,65.61498104693142,0.5505780934666787,64.836,66.866,-1.7760000000000105,-0.0015995070170172,0.109,0.1105401624548736,0.0333565407553742,0.004,0.654,-0.528,-3.184259567511321e-06,0.372,0.3763095667870036,0.0205023952680091,0.307,0.426,0.06,2.515460452609376e-05,0.464,0.5197292418772563,0.1098800247125618,0.182,1.003,-0.059,-4.221250101352222e-06,1.906,2.00813583032491,0.1560121064320712,1.434,2.389,0.3679999999999999,-2.5346985988179687e-05,492.903,495.9332870036101,2.4937301441412227,486.316,503.393,-4.71999999999997,-0.0024901253034107,5.464,5.09726714801444,0.4398931615902751,4.44,5.958,0.91,-0.0001329405283616,210.0,210.0,0.0,210.0,210.0,0.0,9.73944737932652e-17,21.000000000000004,22.01534296028881,0.7014934877995442,21.000000000000004,22.5,0.0,0.000892622283298,12.0,11.680505415162456,0.6141376779809243,10.500000000000002,12.0,0.0,0.000112174918027,13.5,12.245036101083032,0.6267377996058914,10.500000000000002,13.5,1.5,0.000984478151351,9.0,9.141471119133572,0.4378183752097566,9.0,10.500000000000002,0.0,0.0004252345106843,0.0,0.0,0.0,0.0,0.0,0.0,0.0,1.0,1.0,0.0,1.0,1.0,0.0,9.12163286268648e-19,1.0,1.0,0.0,1.0,1.0,0.0,9.12163286268648e-19,1.0,1.0,0.0,1.0,1.0,0.0,9.12163286268648e-19,1.0,1.0,0.0,1.0,1.0,0.0,9.12163286268648e-19,0.0,1.621841155234657,7.928041185775993,0.0,41.0,0.0,1.974783170175386e-05,5.386,5.3511006317689525,0.2949503025652887,4.293,6.186,1.093,0.0004266415756724,1.654,1.6405166967509026,0.1177902741456711,1.217,1.974,0.4369999999999998,0.0001710947220428,0.71868247,4,0.6962255665553588,0.6665053963661194
batch_dist_ternary_butan-1-ol+propan-2-ol+water__operating_point_001__test_anormal_experiment_001,batch_dist_ternary_butan-1-ol+propan-2-ol+water,operating_point_001,test_anormal_experiment_001,0.4,1034,43.05,0.6738020637083357,1.0,1.0,0.0,1.0,1.0,0.0,-4.771114451644061e-19,1.0,1.0,0.0,1.0,1.0,0.0,-4.771114451644061e-19,446.6,446.5610251450677,0.1027631468866901,446.3,446.8,0.2000000000000454,2.060178274704073e-05,69.4,70.81769825918762,1.0073070183722344,69.4,72.4,-0.8999999999999915,0.0001390933766481,72.9,72.72504835589942,0.1615963868588873,72.4,73.0,0.5,0.0005018462717538,69.3,70.51798839458414,2.85930991793974,66.3,74.4,2.200000000000003,0.0069946903150535,45.4,46.50261121856867,0.6968726421735374,45.4,47.8,-2.3999999999999986,-0.002325033760324,73.6,70.02688588007736,2.605460820204878,66.8,74.2,2.8999999999999915,0.006727463608144,66.1,67.21818181818182,0.9659273521996607,66.0,69.4,-1.6000000000000083,-0.0003557949969835,63.4,63.51150870406189,0.1747422706239337,63.4,64.0,-0.5,-0.0003885356525387,63.5,63.5002901353965,0.0093250437214633,63.4,63.6,0.0,-4.48681308694802e-06,63.4,63.42988394584139,0.0457749316229749,63.4,63.5,0.0,1.6428672087458945e-06,0.5,0.743036750483559,0.4393978478198822,0.0,2.7,0.0,0.0002346445307813,0.8,0.5408123791102514,0.3639692496649819,0.0,1.6,0.6000000000000001,2.8753161210022606e-05,0.7,0.6927466150870406,0.0592963218461353,0.6,0.9,0.0999999999999999,-5.381244920482205e-06,3.0,2.975725338491296,0.1159466378134496,2.4,3.2,-0.1,-4.303910460835682e-07,499.5,499.9989361702128,0.4085744782080414,498.9,501.4,-0.1000000000000227,1.2757051120423063e-05,6.8,6.5033849129593815,0.3665645739179998,5.8,7.3,0.0,-4.204589450221288e-06,210.0,210.0,0.0,210.0,210.0,0.0,3.2632562154965494e-18,13.5,5.139748549323017,9.104436838681377,0.0,28.5,13.5,-0.0064547992115865,0.0,0.0,0.0,0.0,0.0,0.0,0.0,0.0,9.452611218568665,7.094122526391028,0.0,19.5,-3.0,-0.0140249408083411,0.0,8.174564796905223,6.064908502147282,0.0,16.5,0.0,0.0083954666308676,0.0,0.0,0.0,0.0,0.0,0.0,0.0,0.0,0.488394584139265,0.4998652961775797,0.0,1.0,0.0,-5.2591289238007165e-06,1.0,1.0,0.0,1.0,1.0,0.0,-4.771114451644061e-19,1.0,1.0,0.0,1.0,1.0,0.0,-4.771114451644061e-19,1.0,1.0,0.0,1.0,1.0,0.0,-4.771114451644061e-19,17.9,21.047195357833655,4.658736605218877,4.2,32.9,-2.6000000000000014,-0.0024006680667672,9.9,9.266924564796906,5.914888667576263,0.0,25.0,-6.1,0.0004807972730901,0.3,5.266731141199226,19.59027448756945,0.0,100.0,0.3,9.822359487839372e-05,0.63559824,0,0.6968109681875969,0.6747686266899109
batch_dist_ternary_butan-1-ol+propan-2-ol+water__operating_point_001__test_anormal_experiment_002,batch_dist_ternary_butan-1-ol+propan-2-ol+water,operating_point_001,test_anormal_experiment_002,0.4,1930,80.38333333333334,0.667959927704737,1.0,0.9958549222797928,0.0642487046632124,0.0,1.0,0.0,-5.207916706088238e-07,1.0,1.0,0.0,1.0,1.0,0.0,-5.088015905237161e-19,447.1,443.9322279792746,2.7771118015643785,437.7,447.2,9.300000000000011,0.004850762619071,70.0,71.42663212435232,1.5657723530445604,69.0,74.2,-0.5999999999999943,0.0001102297300943,71.2,70.41834196891192,0.4467329268452569,69.6,71.2,1.6000000000000083,0.0007990349696959,72.4,69.52554404145079,2.7488754816949164,66.1,74.7,1.1000000000000083,0.0001445811987637,49.0,54.84849740932643,4.256092289462031,48.9,64.1,-15.0,-0.0075267726666615,67.5,71.2121243523316,3.09603258492541,66.6,78.5,-11.0,-0.0014405169384799,67.3,67.28751295336787,0.6365910922594872,66.6,68.8,-1.2000000000000028,-0.0006420792934612,63.9,64.30075129533678,0.5919456855343028,63.7,65.9,-0.6999999999999957,-0.0008885061858345,63.5,63.66559585492228,0.2424139874882807,63.4,64.4,-0.5,-0.0003604843160563,63.4,63.4403626943005,0.1156324042334282,63.4,64.0,-0.3000000000000042,-9.619981948476208e-05,0.0,0.321062176165803,0.4970724254413278,0.0,2.3,-0.4,2.9255764207130903e-05,0.4,0.357720207253886,0.352790481431342,0.0,1.4,0.2,-5.183212485810335e-06,0.7,0.6959067357512952,0.0603859058309423,0.5,0.9,0.0999999999999999,1.2060416724558782e-05,3.1,2.9662694300518133,0.1172529701699057,2.6,3.3,0.0,-3.719212015995966e-05,500.1,499.9986010362695,0.3403946374749816,498.9,501.2,-0.0999999999999659,-8.674018966367639e-07,6.4,6.501761658031088,0.3669606368484426,5.8,7.3,-0.3999999999999994,-5.2650034853655415e-06,210.0,210.0,0.0,210.0,210.0,0.0,-8.624924462142927e-17,0.0,8.178497409326425,14.76058077761442,0.0,49.5,0.0,-0.0042191924675296,0.0,0.0,0.0,0.0,0.0,0.0,0.0,18.0,9.317875647668394,7.716687834478959,0.0,21.000000000000004,18.0,0.0034624120635648,3.0,4.702849740932643,6.39846299251167,0.0,18.0,3.0,0.0017718096294955,0.0,0.0,0.0,0.0,0.0,0.0,0.0,1.0,0.5020725388601036,0.4999957045642226,0.0,1.0,0.0,2.684831290352019e-05,1.0,1.0,0.0,1.0,1.0,0.0,-5.088015905237161e-19,1.0,1.0,0.0,1.0,1.0,0.0,-5.088015905237161e-19,1.0,1.0,0.0,1.0,1.0,0.0,-5.088015905237161e-19,25.2,23.31940414507772,2.726382884811709,15.0,30.9,-1.3000000000000007,-0.0003842746888291,13.0,6.441139896373056,5.793759975972899,0.0,24.2,7.6,5.019713946912168e-05,75.1,18.11715025906736,34.350332881662865,0.0,100.0,75.1,0.0017924364849802,0.6029756,0,0.6968109681875969,0.6747686266899109
batch_dist_ternary_butan-1-ol+propan-2-ol+water__operating_point_001__test_anormal_experiment_003,batch_dist_ternary_butan-1-ol+propan-2-ol+water,operating_point_001,test_anormal_experiment_003,0.4,1356,56.48333333333333,0.6674175757881148,1.0,0.9985250737463128,0.0383764360804061,0.0,1.0,0.0,2.887710579974157e-07,1.0,1.0,0.0,1.0,1.0,0.0,-4.832017339865673e-19,445.2,440.9292772861357,3.079223445823165,434.7,445.2,10.5,0.0077117680294391,73.0,71.62293510324484,1.8325387226003464,69.0,75.7,-2.5999999999999943,-0.0014589628291727,71.1,70.47005899705015,0.3748051561463907,69.8,71.1,1.2999999999999972,0.0009511627739646,68.2,82.21154129793511,9.391812432432497,68.2,101.3,-33.099999999999994,-0.0238443861137601,69.1,75.30737463126844,7.728546347998551,66.7,93.4,-24.30000000000001,-0.0189086831556063,74.7,88.52109144542773,9.018295758942902,74.7,106.7,-32.0,-0.0229239337808498,69.4,68.91851032448376,0.1978225696614171,68.6,69.4,0.8000000000000114,0.000416043773457,63.8,64.54944690265486,0.7453059028168189,63.8,66.5,-0.6000000000000085,-0.0014656826520137,63.6,63.896570796460175,0.3068377034464596,63.5,64.6,-0.6000000000000014,-0.0007172590592353,63.5,63.57116519174041,0.1682868718491207,63.3,64.1,-0.2999999999999971,-0.0002588151516537,0.1,0.3321902654867257,0.5384667644566499,0.0,2.8,0.1,-1.4671615207944957e-05,0.0,0.4031710914454278,0.5677878230691923,0.0,3.4,-0.1,3.869772819717732e-05,0.6,0.6957227138643068,0.0570617306651248,0.5,0.9,-0.0999999999999999,-9.921210982608224e-06,3.0,2.940744837758112,0.178305999022777,2.3,3.7,-0.2000000000000001,-9.364135515348428e-05,499.2,499.9781342182891,0.5599951140038318,498.2,501.8,0.0999999999999659,1.4799155758412898e-05,6.4,6.503318584070796,0.3682204939061761,5.8,7.3,-0.3999999999999994,-2.9957590841828143e-06,210.0,210.0,0.0,210.0,210.0,0.0,1.71787200424392e-16,0.0,9.0625,15.685333736128053,0.0,49.5,0.0,0.0076087762674276,15.0,2.3030973451327434,4.428506726017511,0.0,15.0,15.0,0.0082563616083594,1.5,0.0044247787610619,0.0813485677471249,0.0,1.5,1.5,1.952092352064573e-05,0.0,0.0,0.0,0.0,0.0,0.0,0.0,0.0,0.0,0.0,0.0,0.0,0.0,0.0,0.0,0.4911504424778761,0.4999216791975145,0.0,1.0,0.0,2.497869651680138e-06,1.0,1.0,0.0,1.0,1.0,0.0,-4.832017339865673e-19,1.0,1.0,0.0,1.0,1.0,0.0,-4.832017339865673e-19,1.0,1.0,0.0,1.0,1.0,0.0,-4.832017339865673e-19,20.6,18.210176991150444,7.404790940818565,0.0,33.0,-0.2999999999999971,-0.0012450364165571,13.2,6.648414454277286,8.449578199447688,0.0,51.4,-0.7000000000000011,0.0005072705212806,0.0,16.96674041297935,34.048892108692314,0.0,100.0,-12.3,0.001681189243923,0.61628914,0,0.6968109681875969,0.6747686266899109
batch_dist_ternary_butan-1-ol+propan-2-ol+water__operating_point_001__test_anormal_experiment_004,batch_dist_ternary_butan-1-ol+propan-2-ol+water,operating_point_001,test_anormal_experiment_004,0.4,3366,140.21666666666667,0.6662193696072443,1.0,0.998217468805704,0.0421823870452735,0.0,1.0,0.0,4.011891084698221e-07,1.0,1.0,0.0,1.0,1.0,0.0,-7.901804143301943e-20,447.8,445.9548573975044,1.542812295976154,441.1,447.8,6.699999999999989,0.0013751353363275,70.8,70.31316102198454,5.395456952281556,63.2,85.7,7.199999999999996,0.001923785033653,74.4,71.80454545454546,1.2256524151263792,69.9,74.4,4.5,0.0012475984279148,66.4,71.14168152109329,4.167235151329205,64.5,81.0,-8.299999999999997,-0.0012463388199775,68.8,71.08805704099822,5.138928759741373,63.0,84.4,-12.200000000000005,-0.0017065635665408,68.4,71.1024806892454,3.1272163518349414,66.0,78.1,-1.8999999999999917,-0.0006547454471587,72.1,69.98233808674986,1.0577786030924496,68.4,72.1,3.6999999999999886,0.0010736842316249,64.5,64.30245098039215,0.2902798859447985,63.9,65.3,0.2000000000000028,-2.058560313958289e-05,63.6,63.62119726678551,0.1178449223864983,63.5,64.1,-0.1999999999999957,-6.674396762676256e-05,63.5,63.46103683897801,0.0548250646149349,63.4,63.7,0.0,-1.0552351256839295e-05,0.0,0.3335858585858585,0.5275014308628457,0.0,3.2,-0.9,1.2129543639027075e-05,0.0,0.3614824717765894,0.4419793237898182,0.0,2.7,-0.8,-1.3246957570006266e-05,0.6,0.6745543672014259,0.0576012930189727,0.5,0.9,-0.0999999999999999,4.448298303730389e-06,2.9,2.887551990493167,0.2215904459320418,0.7,3.5,-0.3000000000000002,-8.612302992165544e-06,499.7,499.9837641117052,0.4941368079777337,498.3,501.7,0.0999999999999659,-5.117230010160832e-06,6.8,6.502495543672015,0.3680653268088655,5.8,7.3,0.0,-1.0854761313630484e-06,210.0,210.0,0.0,210.0,210.0,0.0,2.6355688214755587e-17,0.0,7.537210338680927,23.89814027714716,0.0,150.0,0.0,-0.0010145110879312,16.5,6.748217468805704,8.169330739847728,0.0,28.5,-12.0,0.0008388135037903,7.5,7.673128342245989,9.062004541475993,0.0,42.00000000000001,-34.50000000000001,-0.0004270373687382,1.5,6.0051247771836005,7.496733277429277,0.0,37.5,-36.0,-0.0006472828734868,0.0,0.0,0.0,0.0,0.0,0.0,0.0,0.0,0.4896019013666072,0.4998918678522487,0.0,1.0,0.0,-1.015338835459461e-05,1.0,1.0,0.0,1.0,1.0,0.0,-7.901804143301943e-20,1.0,1.0,0.0,1.0,1.0,0.0,-7.901804143301943e-20,1.0,1.0,0.0,1.0,1.0,0.0,-7.901804143301943e-20,13.5,19.36368092691622,6.6306679023346025,0.0,35.4,-4.199999999999999,-4.325303949463026e-05,2.0,6.216176470588236,7.004461308394044,0.0,45.0,-11.0,-8.404984980459253e-05,0.0,16.926099227569814,33.084108791240745,0.0,100.0,0.0,0.0011207060966697,0.70181674,0,0.6968109681875969,0.6747686266899109
batch_dist_ternary_butan-1-ol+propan-2-ol+water__operating_point_001__test_anormal_experiment_005,batch_dist_ternary_butan-1-ol+propan-2-ol+water,operating_point_001,test_anormal_experiment_005,0.4,2739,114.08333333333331,0.7145540591367534,1.0,0.9981745162468054,0.0426866649231515,0.0,1.0,0.0,-3.311221749782201e-07,1.0,1.0,0.0,1.0,1.0,0.0,-2.375857124622913e-19,446.2,445.51851040525736,2.7786087989158754,438.4,449.9,7.800000000000011,0.0027867923470177,66.0,71.78466593647317,9.11790414324679,65.6,97.3,-16.099999999999994,-0.0093270908004571,73.3,71.32761956918584,1.0481704151872708,69.6,73.3,3.700000000000003,0.0013231695255192,63.1,88.64821102592187,23.330382496617812,61.6,139.0,-72.20000000000002,-0.0285792066930548,63.8,86.05675428988681,22.731933717381995,62.0,145.8,-81.8,-0.0270001987725832,67.8,97.67933552391384,22.190368775015365,67.8,143.4,-70.2,-0.0275318322434148,71.0,69.75779481562614,0.5911792537561678,68.9,71.0,2.0999999999999943,0.0006303553573398,64.3,65.12322015334064,0.928192801069626,64.3,67.6,-1.4000000000000057,-0.0009835536871596,63.5,64.11489594742608,0.5835121236499886,63.4,65.6,-1.4000000000000057,-0.0006744217621342,63.4,63.67657904344651,0.4919357141491722,63.3,65.8,-1.000000000000007,-0.0004433884768163,0.0,0.3334793720335889,0.5878593854166664,0.0,2.7,0.0,-1.1008206346275789e-05,0.0,0.3817816721431178,0.5611285456786566,0.0,2.8,0.0,-2.9451974287937203e-05,0.6,0.6402701715954727,0.0595198018936445,0.5,0.8,0.0,-1.672619575677847e-05,2.9,2.891274187659729,0.1782397943038594,2.5,3.5,-0.2000000000000001,-4.340132809425306e-05,499.5,499.9630704636728,0.618725408279684,497.9,501.8,-0.8999999999999773,-2.058747743002729e-05,6.8,6.503723986856516,0.3681466441027238,5.8,7.3,0.0,1.1648259086614142e-06,210.0,210.0,0.0,210.0,210.0,0.0,-4.1110082176168976e-17,0.0,3.586527929901424,21.26480321430687,0.0,150.0,-141.0,-0.007173932737897,12.0,0.9720700985761228,2.9283218352072726,0.0,22.5,-10.5,0.0014361732311851,16.5,2.2332968236582693,7.592713387118434,0.0,66.0,-49.5,-0.0002698339131465,0.0,1.0279299014238774,6.6240821379518415,0.0,64.5,-64.5,-0.0022046876516639,0.0,0.0,0.0,0.0,0.0,0.0,0.0,0.0,0.484118291347207,0.4997477076788524,0.0,1.0,-1.0,-5.909392043393403e-06,1.0,1.0,0.0,1.0,1.0,0.0,-2.375857124622913e-19,1.0,1.0,0.0,1.0,1.0,0.0,-2.375857124622913e-19,1.0,1.0,0.0,1.0,1.0,0.0,-2.375857124622913e-19,17.8,17.185779481562616,8.555857073131968,0.0,35.9,-5.5,-0.0004316452318006,2.9,6.229609346476817,8.480906624582163,0.0,43.0,-5.799999999999999,-0.0003914505328961,0.0,18.93778751369113,36.22781018918262,0.0,100.0,0.0,-9.22025171954428e-05,0.6701701,0,0.6968109681875969,0.6747686266899109
batch_dist_ternary_butan-1-ol+propan-2-ol+water__operating_point_001__test_anormal_experiment_006,batch_dist_ternary_butan-1-ol+propan-2-ol+water,operating_point_001,test_anormal_experiment_006,0.4,1110,46.21666666666667,0.6672744411612288,1.0,0.9990990990990992,0.0300014879375616,0.0,1.0,0.0,3.049070534719606e-06,1.0,1.0,0.0,1.0,1.0,0.0,7.413477734097592e-19,444.5,443.9563063063063,0.8553045165824577,442.3,445.1,2.1999999999999886,0.0024656521655875,72.0,71.08522522522523,1.3884701198073808,69.2,73.6,2.0,-0.0004460311992742,73.1,72.26689189189189,0.4684753659402143,71.5,73.2,1.5999999999999943,0.00145640389594,74.1,70.01180180180181,2.8570957023889427,66.1,74.5,0.8999999999999915,0.004348503234307,66.1,70.07810810810813,3.18027040425315,65.9,75.0,0.0,-0.0004969616450835,70.6,70.18671171171171,2.691472435646484,66.7,74.3,-2.200000000000003,-0.0070034642925213,71.2,70.43099099099099,0.3884989708728819,69.7,71.2,1.5,0.0011999404312522,64.1,64.04707207207207,0.0957802676467404,63.9,64.2,0.1999999999999957,0.0001864581213562,63.5,63.49972972972973,0.0051917223546753,63.4,63.5,0.0,-9.550829573150966e-07,63.4,63.39756756756756,0.0154054054054056,63.3,63.4,0.0,-6.053830835751436e-06,0.1,0.354009009009009,0.5521617303792561,0.0,2.6,-1.4,1.7682415525449317e-06,0.1,0.3413513513513513,0.4025727766704945,0.0,1.8,-0.7000000000000001,1.219847571480057e-05,0.6,0.6527477477477477,0.0566252050440323,0.5,0.8,-0.2,-9.221573827989329e-06,2.9,2.9045045045045046,0.148710606798251,2.5,3.2,0.1,6.589502076470468e-06,499.7,499.9986486486487,0.3796192651356584,498.8,501.1,-0.6999999999999886,1.763766657678472e-05,6.8,6.504774774774774,0.369982582611344,5.8,7.3,-0.5,-8.734819330358994e-07,210.0,210.0,0.0,210.0,210.0,0.0,-2.5530962809577854e-17,0.0,8.947297297297297,13.442869334284303,0.0,42.00000000000001,0.0,-0.0013855985554688,10.500000000000002,8.083783783783783,6.73088438482635,0.0,18.0,3.0000000000000018,-0.0143465327450542,3.0,9.344594594594597,7.390610220424363,0.0,19.5,3.0,0.0151429192586599,16.5,6.410810810810811,6.24252131078131,0.0,18.0,3.0,0.0099047849853588,0.0,0.0,0.0,0.0,0.0,0.0,0.0,0.0,0.527027027027027,0.4992690054570585,0.0,1.0,-1.0,-1.1016138291625207e-05,1.0,1.0,0.0,1.0,1.0,0.0,7.413477734097592e-19,1.0,1.0,0.0,1.0,1.0,0.0,7.413477734097592e-19,1.0,1.0,0.0,1.0,1.0,0.0,7.413477734097592e-19,25.2,22.5609009009009,3.263396933984269,12.6,30.9,-1.6999999999999993,-0.0002276866002102,6.0,5.988018018018018,6.544401750347056,0.0,25.8,6.0,0.0004883009686195,0.0,19.40756756756757,35.11848229334202,0.0,100.0,0.0,-0.0030843300741255,0.64996886,0,0.6968109681875969,0.6747686266899109
batch_dist_ternary_butan-1-ol+propan-2-ol+water__operating_point_001__test_anormal_experiment_007,batch_dist_ternary_butan-1-ol+propan-2-ol+water,operating_point_001,test_anormal_experiment_007,0.4,2064,85.96666666666667,0.6711836773475024,1.0,0.999031007751938,0.0311135549573688,0.0,1.0,0.0,1.1054453775258845e-07,1.0,1.0,0.0,1.0,1.0,0.0,2.4194073549351e-19,445.0,439.62294089147287,1.8118708810313824,436.1,445.1,8.899999999999977,0.0025426855790995,73.3,71.681371124031,1.74995864011465,69.0,74.8,4.099999999999994,-0.0004272580161644,72.0,70.86426841085272,0.591639627876162,69.8,72.0,2.200000000000003,0.0009899920822816,71.1,70.31395348837209,2.274250040320696,66.7,73.9,3.1999999999999886,0.0014403599117248,70.7,70.47785852713177,3.73039988495749,64.9,76.4,2.0,0.002283866526942,70.0,71.06310562015504,2.75411804009321,66.6,75.1,3.0999999999999943,0.0003717277417959,70.2,69.29423449612402,0.4198337332995276,68.6,70.2,1.6000000000000083,0.0006707256391842,63.9,64.1018410852713,0.3954979222815911,63.6,65.3,-0.1999999999999957,-0.0004870042340195,63.4,63.49874031007751,0.1680322804993924,63.1,64.0,-0.2000000000000028,-0.0002282026847474,63.3,63.30581395348836,0.0593498061936402,63.0,63.6,0.0,-4.363875278797166e-05,1.9,0.3252906976744186,0.5131222945246805,0.0,3.0,1.5,-1.455161893567323e-06,0.0,0.3468265503875969,0.4005699149174054,0.0,1.7,-0.2,-1.3279503784403406e-05,0.7,0.6281007751937983,0.0586514927030702,0.5,0.8,0.0,3.587784386399928e-06,2.6,2.909956395348837,0.1887303253203724,1.3,3.3,1.3,-1.8080207404479197e-05,500.0,499.93677325581393,0.657379808142116,495.5,503.2,0.3000000000000113,-0.0001262776867322,6.4,6.503003875968993,0.366143065168553,5.8,7.3,-0.3999999999999994,-1.030384271646955e-06,210.0,210.0,0.0,210.0,210.0,0.0,-1.1921148000246396e-16,0.0,9.755087209302326,16.906462151863547,0.0,55.5,-49.5,-0.0015264767678917,0.0,9.542877906976743,8.107694907780598,0.0,22.5,0.0,-0.002093299003022,0.0,10.91642441860465,5.8645620293942695,0.0,19.5,-7.5,-0.0016567135867725,0.0,8.255087209302326,7.491272266231761,0.0,19.5,-15.0,-0.0037924340561572,0.0,0.0,0.0,0.0,0.0,0.0,0.0,0.0,0.4849806201550387,0.4997743673189661,0.0,1.0,0.0,-9.34237818749381e-06,1.0,1.0,0.0,1.0,1.0,0.0,2.4194073549351e-19,1.0,1.0,0.0,1.0,1.0,0.0,2.4194073549351e-19,1.0,1.0,0.0,1.0,1.0,0.0,2.4194073549351e-19,26.3,20.65968992248062,6.15971046749657,0.0,39.5,1.1999999999999993,-0.0016104556790509,0.0,5.933139534883721,6.480481773702454,0.0,28.6,0.0,0.0001657925823632,0.0,16.473110465116278,32.59069978559726,0.0,100.0,0.0,0.0018027778586769,0.66937596,0,0.6968109681875969,0.6747686266899109
batch_dist_ternary_butan-1-ol+propan-2-ol+water__operating_point_001__test_anormal_experiment_008,batch_dist_ternary_butan-1-ol+propan-2-ol+water,operating_point_001,test_anormal_experiment_008,0.4,2056,85.65,0.6612130623870466,1.0,0.9980544747081712,0.0440651815288176,0.0,1.0,0.0,-7.124620225637085e-07,1.0,1.0,0.0,1.0,1.0,0.0,1.0305155343511054e-18,443.5,442.1046692607004,2.0060117787217187,436.9,444.5,6.600000000000023,0.0026087740001843,73.5,71.64824902723736,1.7422191806411715,69.0,74.6,4.400000000000006,-0.0004443511033282,71.8,70.83224708171208,0.5241316788476333,69.9,71.8,1.8999999999999917,0.0008798047848534,67.6,70.52821011673151,2.556798731522747,66.1,74.6,-0.1000000000000085,0.0005746651017723,67.6,70.61828793774319,3.758010405125244,64.9,76.6,1.8999999999999917,0.0014036560872362,66.7,70.69134241245138,2.648985369864772,66.4,74.6,-4.0,-0.0007779983111612,70.2,69.30087548638133,0.385118623473553,68.7,70.2,1.5,0.0006060074935816,63.7,63.94528210116732,0.5369581407638305,63.6,65.5,-0.7000000000000028,-0.0006877917133293,63.4,63.4874513618677,0.1805959723301735,63.3,64.1,-0.3999999999999986,-0.0002173903888568,63.3,63.3135214007782,0.0572730891470886,63.2,63.7,-0.2000000000000028,-3.71767101742862e-05,0.8,0.3074416342412451,0.4764983244547919,0.0,3.3,0.4,4.043767370490323e-05,1.2,0.3743190661478598,0.3828294508905588,0.0,1.6,0.6,-2.317434609828252e-05,0.5,0.6335603112840467,0.0621609031470645,0.5,0.8,-0.0999999999999999,1.9554873334815188e-05,2.8,2.943579766536965,0.1434281041818729,2.5,3.3,-0.3000000000000002,-4.143877949843056e-05,499.8,500.001313229572,0.4430211402190753,498.4,501.6,-0.5999999999999659,-1.4484656681181727e-06,6.4,6.50306420233463,0.3664098454823327,5.8,7.3,-0.3999999999999994,-8.664836090307248e-07,210.0,210.0,0.0,210.0,210.0,0.0,-1.01843227623856e-16,0.0,9.79669260700389,16.727648096819674,0.0,55.5,-40.5,-0.0014461881369467,1.5,9.57125486381323,8.396523714465031,0.0,24.0,-3.0,-0.005217176097954,1.5,9.64567120622568,7.4397914504202864,0.0,21.000000000000004,-12.0,-0.0043499834787512,6.0,6.669747081712062,6.664020731478347,0.0,18.0,-10.5,-0.0024427816709976,0.0,0.0,0.0,0.0,0.0,0.0,0.0,0.0,0.4931906614785992,0.4999536307587944,0.0,1.0,-1.0,-2.2442553710765047e-05,1.0,1.0,0.0,1.0,1.0,0.0,1.0305155343511054e-18,1.0,1.0,0.0,1.0,1.0,0.0,1.0305155343511054e-18,1.0,1.0,0.0,1.0,1.0,0.0,1.0305155343511054e-18,20.8,21.87324902723735,4.839908305021951,0.0,34.8,-2.8999999999999986,0.0001471978295645,0.0,6.524562256809339,6.157348651439578,0.0,24.7,-7.3,-0.0002776002644283,0.0,15.46429961089494,31.421024767926543,0.0,100.0,0.0,0.0021732880783716,0.6401792,0,0.6968109681875969,0.6747686266899109
batch_dist_ternary_butan-1-ol+propan-2-ol+water__operating_point_001__test_anormal_experiment_009,batch_dist_ternary_butan-1-ol+propan-2-ol+water,operating_point_001,test_anormal_experiment_009,0.4,1756,73.11666666666666,0.6668634244298469,1.0,0.9971526195899773,0.0532848274354285,0.0,1.0,0.0,-1.4460668427943564e-06,1.0,1.0,0.0,1.0,1.0,0.0,5.184488361223707e-19,444.9,441.1319476082005,1.785393427795655,437.1,444.9,7.799999999999954,0.0028054595417035,72.3,71.78792710706149,1.8943904806274987,68.9,74.9,2.700000000000003,0.0002016018852545,71.3,70.64100227790433,0.3725396402987204,69.9,71.3,1.3999999999999917,0.0007240271629638,75.3,69.99806378132119,2.933534161169328,65.6,75.3,8.299999999999997,0.0007185075092034,75.1,70.48923690205012,4.028226615801424,64.8,76.8,9.199999999999989,0.0020719785366891,70.2,70.5390091116173,1.6488620145328623,67.6,73.1,0.2000000000000028,0.000682433958986,69.6,69.09208428246015,0.2231733898048058,68.7,69.6,0.8999999999999915,0.0003737821277684,63.5,63.88451025056949,0.5436518501553971,63.3,65.3,-0.7999999999999972,-0.0009182229697888,63.3,63.45353075170843,0.1778255610077661,63.3,64.0,-0.4000000000000057,-0.0002843082655042,63.3,63.30301822323461,0.0474521904032261,63.2,63.5,-0.1000000000000014,-3.041627078509142e-05,0.0,0.3227220956719818,0.4486777513890208,0.0,2.4,-0.6,6.463165281196112e-05,0.0,0.3975512528473804,0.3791095777931657,0.0,2.1,-0.7,-5.982727579256876e-06,0.6,0.6378701594533028,0.0590916164300894,0.5,0.8,0.0,1.2668875259515677e-06,2.8,2.959339407744875,0.13414037821111,2.6,3.3,-0.3000000000000002,-5.7851538489350765e-05,499.7,500.000569476082,0.4032890337183665,498.7,501.4,-0.3000000000000113,-5.274321040988371e-06,6.4,6.50387243735763,0.3685019135165482,5.8,7.3,-0.3999999999999994,1.0502545238351256e-06,210.0,210.0,0.0,210.0,210.0,0.0,7.200400483496064e-17,0.0,10.533314350797266,17.787978733418413,0.0,57.0,-1.5,-0.0043376736281654,1.5,11.299544419134396,8.133003842423433,0.0,24.0,-3.0,-0.0016132122240717,10.500000000000002,12.40489749430524,7.465414480936776,0.0,22.5,1.5000000000000018,0.0017385047741979,0.0,7.561503416856492,4.667586677662912,0.0,15.0,-12.0,-0.0011434466062423,0.0,0.0,0.0,0.0,0.0,0.0,0.0,0.0,0.4988610478359909,0.4999987027862854,0.0,1.0,0.0,-7.512898999345074e-06,1.0,1.0,0.0,1.0,1.0,0.0,5.184488361223707e-19,1.0,1.0,0.0,1.0,1.0,0.0,5.184488361223707e-19,1.0,1.0,0.0,1.0,1.0,0.0,5.184488361223707e-19,21.3,22.5123006833713,3.929229748345632,0.1,33.4,-0.5,0.0002183310502652,0.0,6.787870159453303,6.068488741066717,0.0,24.9,-6.9,6.628692840565026e-05,0.0,13.370102505694762,29.41894989583325,0.0,100.0,0.0,0.0025362510950909,0.6205097,0,0.6968109681875969,0.6747686266899109
batch_dist_ternary_butan-1-ol+propan-2-ol+water__operating_point_001__test_anormal_experiment_010,batch_dist_ternary_butan-1-ol+propan-2-ol+water,operating_point_001,test_anormal_experiment_010,0.4,1845,76.83333333333333,0.6634705933239367,1.0,0.9983739837398374,0.0402910949377686,0.0,1.0,0.0,6.209771547469803e-07,1.0,1.0,0.0,1.0,1.0,0.0,9.188690658247977e-19,443.9,440.8157452574526,2.871109725708416,436.0,445.7,7.899999999999977,0.0051027396193688,74.0,71.81027100271002,1.8575704423352963,68.8,75.7,4.799999999999997,0.0001630058343765,71.8,71.75382113821138,2.843912870052967,69.2,79.2,1.7999999999999972,0.0017081098221599,70.8,70.40880758807587,1.5584900580628136,67.8,72.8,2.0999999999999943,0.0006836383353387,72.2,70.71162601626015,3.6804506706745785,65.2,76.1,6.400000000000006,0.0021238956805001,72.3,71.18918699186992,2.6997307239047594,66.7,74.7,3.899999999999992,0.0001595657483191,69.9,69.1180216802168,2.7441648641614065,62.1,77.1,1.2000000000000028,0.0003696858518609,63.5,64.36674796747968,2.39228412395657,59.6,71.0,-1.4000000000000057,-0.0011789326437035,63.4,63.67146341463415,2.0302289515830707,60.2,71.0,-0.6000000000000014,-0.0004092882081526,63.3,63.03452574525744,1.7001587220702337,59.5,70.6,-0.4000000000000057,-0.0007738777801171,0.3,0.3054742547425474,0.5103799052775936,0.0,3.5,0.0999999999999999,-2.255838040292413e-05,0.3,0.3617886178861789,0.717084703105015,0.0,7.7,0.3,6.30008391726045e-05,0.6,0.87710027100271,2.176888332249483,0.2,49.1,0.0,0.000277069497604,3.0,2.9200813008130084,0.2736441916908246,2.0,5.9,0.0,-3.5706791452631114e-05,499.5,523.6346341463416,74.29884256053884,442.9,705.6,-0.8000000000000114,0.0206643287481841,6.8,6.503306233062331,0.3678471993204102,5.8,7.3,0.0,-8.819786296326229e-07,210.0,210.0,0.0,210.0,210.0,0.0,-1.5603262268043683e-16,0.0,9.41869918699187,17.806522736526134,0.0,66.0,-43.5,-0.0006520346106298,0.0,9.932113821138213,7.725457152472405,0.0,21.000000000000004,-6.0,-0.0035932566008104,1.5,10.168292682926827,4.355508932453034,1.5,16.5,-12.0,-0.0018027014569786,0.0,7.960162601626016,6.995152094064086,0.0,18.0,-16.5,-0.0017802201732778,0.0,0.0,0.0,0.0,0.0,0.0,0.0,0.0,0.3338753387533875,0.4715957982485618,0.0,1.0,-1.0,-0.0002450891741345,1.0,1.0,0.0,1.0,1.0,0.0,9.188690658247977e-19,1.0,1.0,0.0,1.0,1.0,0.0,9.188690658247977e-19,1.0,1.0,0.0,1.0,1.0,0.0,9.188690658247977e-19,19.4,15.246504065040652,11.818652405795168,0.0,100.0,-5.800000000000001,-0.012570440065874,7.8,6.231029810298103,10.671752300485494,0.0,100.0,6.6,0.0009941583118648,0.0,12.570731707317073,29.643295459677077,0.0,100.0,0.0,0.0001304099155543,0.61718273,0,0.6968109681875969,0.6747686266899109
batch_dist_ternary_butan-1-ol+propan-2-ol+water__operating_point_001__test_anormal_experiment_011,batch_dist_ternary_butan-1-ol+propan-2-ol+water,operating_point_001,test_anormal_experiment_011,0.4,1618,67.4,0.6606866212413348,1.0,0.9969097651421508,0.0555039215404869,0.0,1.0,0.0,2.157325951222528e-06,1.0,1.0,0.0,1.0,1.0,0.0,-3.9741820762516743e-20,441.8,441.2654511742893,8.006528498122652,419.2,461.3,-1.099999999999966,-0.0050996625875636,72.7,71.22812113720643,1.477978124876194,69.1,74.0,2.6000000000000085,-0.0002946469551592,73.3,72.01674907292954,0.6550158756526365,71.0,73.3,2.299999999999997,0.0013929737514242,67.0,69.41909765142151,3.031103684177479,65.9,74.8,-3.299999999999997,0.000255919625565,74.7,69.97818294190358,3.210668620399502,65.9,75.2,8.0,0.0009948322354624,67.2,69.69932014833127,2.572627286857693,66.7,74.3,-2.5,0.000418120224047,71.3,70.1721260815822,0.5482486366054882,69.2,71.3,2.0,0.0011604794560745,64.4,64.18411619283066,0.1530929295887944,63.8,64.5,0.3000000000000113,0.0002978547557823,63.5,63.49857849196539,0.0415009682487938,63.1,63.6,0.0,1.2265453323543577e-06,63.4,63.39208899876388,0.0417386297861636,63.0,63.4,0.0,-5.358044086115362e-06,0.0,0.3334981458590852,0.5407294896919532,0.0,3.1,0.0,-4.720903434168306e-06,0.0,0.3237948084054388,0.3844102765788469,0.0,1.7,0.0,-1.04504948590563e-05,0.7,0.6793572311495674,0.0584647608166834,0.5,0.9,0.0999999999999999,1.0335333598494855e-05,3.0,2.919097651421508,0.1393075817416329,2.3,3.3,-0.1,8.948724029449615e-06,499.9,499.9564894932016,0.5894084002205491,496.6,501.8,-0.5,-2.412522171463453e-05,5.9,6.503708281829419,0.3686893821530196,5.8,7.3,-0.5,-4.816375377122454e-06,210.0,225.14215080346105,33.1006565546378,210.0,297.5,0.0,0.0144369442513927,0.0,8.69221260815822,14.000501533460133,0.0,46.5,0.0,-0.0016558701946125,9.0,10.081891223733004,6.858196372685284,0.0,19.5,6.0,0.0006395635711752,18.0,8.59857849196539,7.5405999050894525,0.0,21.000000000000004,18.0,-0.0017195382236294,13.5,6.584981458590853,6.072902032070596,0.0,16.5,13.5,-0.0028526102912388,0.0,0.0,0.0,0.0,0.0,0.0,0.0,0.0,0.4876390605686032,0.4998471838235896,0.0,1.0,-1.0,1.185183600386616e-05,1.0,1.0,0.0,1.0,1.0,0.0,-3.9741820762516743e-20,1.0,1.0,0.0,1.0,1.0,0.0,-3.9741820762516743e-20,1.0,1.0,0.0,1.0,1.0,0.0,-3.9741820762516743e-20,21.1,20.70061804697157,6.323214404803784,0.0,39.1,-2.799999999999997,0.000736313336673,9.7,5.850679851668728,6.23277771777647,0.0,26.7,-4.0,-4.406922560663229e-05,0.0,16.173609394313967,32.94604687062163,0.0,100.0,0.0,0.0017867771016222,0.62773746,0,0.6968109681875969,0.6747686266899109
batch_dist_ternary_butan-1-ol+propan-2-ol+water__operating_point_001__test_anormal_experiment_012,batch_dist_ternary_butan-1-ol+propan-2-ol+water,operating_point_001,test_anormal_experiment_012,0.4,1778,74.06666666666666,0.6734308158533022,1.0,0.999437570303712,0.0237089301556332,0.0,1.0,0.0,6.180657552345351e-07,1.0,1.0,0.0,1.0,1.0,0.0,-4.567052429271615e-19,444.0,441.9697131608549,2.3173583921619256,435.6,444.7,8.399999999999977,0.0042011312292056,71.9,71.64322272215972,1.7342227626345568,69.0,74.5,2.200000000000003,0.0001766234980045,71.6,70.82885264341958,0.4372103633213643,70.0,71.7,1.5999999999999943,0.0008406444703355,71.1,70.75323397075366,2.537855562777097,66.3,74.5,2.6999999999999886,0.0009083446070643,74.9,70.26836332958379,3.660481424852802,65.2,76.0,7.800000000000011,0.0020127294773403,71.6,71.38602362204725,2.786590619696712,66.7,75.3,1.0999999999999943,-0.0005247482340369,69.4,69.00309336332958,0.2445962519978328,68.2,69.6,0.6000000000000085,0.0002082410840392,63.6,63.90523059617548,0.5374403754595576,63.4,65.4,-0.8999999999999986,-0.0008421767183235,63.4,63.46917885264341,0.1742265587418063,63.1,64.0,-0.5,-0.0002224838169222,63.3,63.29600674915635,0.0807781611299038,63.0,63.7,-0.2000000000000028,-1.9908869374811724e-05,0.1,0.3083802024746906,0.4605867137824265,0.0,2.5,-0.3,3.4152776475892794e-05,0.5,0.3934476940382452,0.379202114827315,0.0,1.9,0.0,-4.604819382777783e-05,0.7,0.6632733408323958,0.0624389427581325,0.5,0.9,0.0999999999999999,1.8968640847645907e-05,3.0,2.9582114735658043,0.1306191720320109,2.5,3.3,-0.2000000000000001,-5.271972795619313e-05,499.7,499.63132733408327,1.4012087156205215,492.7,502.2,-0.1999999999999886,0.0001969759549859,5.9,6.50376827896513,0.3684436245351417,5.8,7.3,-0.8999999999999995,6.478481983622845e-07,210.0,210.0,0.0,210.0,210.0,0.0,-1.036459628103277e-16,0.0,9.315944881889765,15.92450606450752,0.0,52.5,-1.5,-0.0042159073773875,3.0,10.335911136107988,7.401658965456468,0.0,21.000000000000004,1.5,-0.0005354314846041,0.0,10.311023622047244,6.898651827707856,0.0,21.000000000000004,-16.5,-0.0022851972539618,0.0,7.280652418447694,6.899037054927399,0.0,19.5,-19.5,-0.0004459936870464,0.0,0.0,0.0,0.0,0.0,0.0,0.0,0.0,0.453318335208099,0.4978160525457739,0.0,1.0,0.0,4.223769568758406e-05,1.0,1.0,0.0,1.0,1.0,0.0,-4.567052429271615e-19,1.0,1.0,0.0,1.0,1.0,0.0,-4.567052429271615e-19,1.0,1.0,0.0,1.0,1.0,0.0,-4.567052429271615e-19,25.7,20.34161979752531,7.77439139053607,0.0,39.1,-1.1999999999999993,0.0013807970059109,11.8,6.866760404949382,6.065829375935313,0.0,28.2,-4.1,-0.0005528703860207,44.6,13.174662542182228,29.068392511821678,0.0,100.0,44.6,0.0030740185119276,0.62321544,0,0.6968109681875969,0.6747686266899109
batch_dist_ternary_butan-1-ol+propan-2-ol+water__operating_point_001__test_anormal_experiment_013,batch_dist_ternary_butan-1-ol+propan-2-ol+water,operating_point_001,test_anormal_experiment_013,0.4,4153,173.01666666666668,0.5704059976630891,1.0,0.997832891885384,0.0465017392904341,0.0,1.0,0.0,8.607748668007992e-07,1.0,1.0,0.0,1.0,1.0,0.0,-1.7564260093872458e-19,446.8,443.9075848784012,2.0366478052836614,439.0,446.9,7.300000000000011,0.0011996800419739,70.3,71.30520105947508,1.46376144152554,69.0,74.6,1.2999999999999972,-0.0002735023012707,76.6,72.61606067902721,1.8069093621383212,70.0,76.6,6.5,0.0014846367471057,71.0,70.57986997351311,2.990843121731238,65.8,75.0,2.799999999999997,4.3682196845012986e-05,67.1,70.40710329882013,3.1971483973179327,65.7,75.5,1.0,0.0001901127675587,72.8,70.73253070069829,2.7058183957958315,66.6,75.1,2.5999999999999943,-0.0001647967722635,74.1,70.67250180592343,1.511285079791308,68.4,74.1,5.299999999999997,0.0012307261039818,63.9,63.85545388875511,0.3459716125793246,63.6,65.5,-0.6999999999999957,-0.0001025951834175,63.4,63.42509029617142,0.1244932817728819,63.0,64.1,-0.5,-3.469118724611687e-05,63.3,63.30048157958102,0.0942087032041732,62.3,63.7,-0.2000000000000028,1.4423507545701096e-05,0.3,0.324392005778955,0.5027540549153522,0.0,3.0,0.0999999999999999,1.0387615982603172e-05,0.6,0.3655911389357091,0.4298496967541583,0.0,6.3,-0.2,-1.5311774268404683e-05,0.6,0.6550927040693473,0.0620595034381982,0.5,1.0,-0.0999999999999999,9.274924578782154e-06,2.9,2.92111726462798,0.2716290298477651,-0.4,5.5,-0.3000000000000002,1.3563855137365452e-05,499.5,499.97782326029375,0.5048971644867214,495.8,503.2,0.0,2.215548731204392e-05,0.0,0.0,0.0,0.0,0.0,0.0,0.0,210.0,210.0,0.0,210.0,210.0,0.0,-5.2716709265582734e-17,0.0,7.350830724777269,13.614908045128084,0.0,54.0,-22.5,-0.0022849049373472,3.0,8.435829520828317,7.323378194781082,0.0,21.000000000000004,-4.5,-0.0014083190703094,0.0,9.64543703346978,7.888232556525457,0.0,21.000000000000004,-21.000000000000004,-0.0005839405894513,0.0,7.409703828557669,6.6272325776862,0.0,19.5,-19.5,0.0001611558017968,0.0,0.0,0.0,0.0,0.0,0.0,0.0,0.0,0.4955453888755117,0.4999801560459471,0.0,1.0,0.0,3.3680455278643635e-06,1.0,1.0,0.0,1.0,1.0,0.0,-1.7564260093872458e-19,1.0,1.0,0.0,1.0,1.0,0.0,-1.7564260093872458e-19,1.0,1.0,0.0,1.0,1.0,0.0,-1.7564260093872458e-19,11.6,21.7392487358536,4.59348103430661,0.0,40.1,-11.000000000000002,0.0002849712133262,2.4,6.487334457019022,7.203612174681307,0.0,100.0,-10.6,-0.0001552550041254,6.4,17.19458222971346,33.092285018400055,0.0,100.0,6.4,0.0010575069227223,0.66918886,0,0.6968109681875969,0.6747686266899109
batch_dist_ternary_butan-1-ol+propan-2-ol+water__operating_point_001__train_normal_experiment_001,batch_dist_ternary_butan-1-ol+propan-2-ol+water,operating_point_001,train_normal_experiment_001,0.4,1644,68.48333333333333,0.6293049651149618,1.0,1.0,0.0,1.0,1.0,0.0,-7.437083577880953e-19,1.0,1.0,0.0,1.0,1.0,0.0,-7.437083577880953e-19,441.7,434.5468065693431,6.290738554890904,415.9,441.8,25.80000000000001,0.0123384355903665,69.3,71.36353406326033,1.53142793262692,69.1,73.9,-3.9000000000000057,-9.818993976800342e-06,71.8,70.7242700729927,0.6296489502412411,69.7,71.9,2.0999999999999943,0.0013247283884738,70.0,72.75261557177615,5.4157489632321605,66.0,83.6,-11.400000000000006,-0.0079525526312295,69.1,72.52381386861313,4.804574449094108,66.2,83.7,-14.100000000000009,-0.0046848808423162,70.1,72.03077858880778,4.072207341210563,66.8,79.7,-6.900000000000006,-0.006306068255623,69.9,69.22840632603406,0.3960137631353049,68.6,70.0,1.3000000000000114,0.000826225918571,64.2,65.42691605839417,0.9704206403571486,64.2,67.2,-2.299999999999997,-0.0019910777996859,63.8,64.70702554744526,0.7518373095157833,63.8,66.1,-2.0,-0.0015378390224587,63.5,64.0426399026764,0.5637794682510184,63.5,65.6,-1.5,-0.0010414418138943,0.0,0.3104927007299269,0.5013342907827111,0.0,2.3,-0.1,3.272023490560159e-05,0.0,0.3475060827250608,0.3900993189861561,0.0,2.3,-0.8,-1.5195745418141317e-05,0.6,0.6430656934306568,0.0609432592049688,0.5,0.8,0.0,2.692919644427745e-05,2.8,2.9474756690997563,0.1378537785113504,2.5,3.3,-0.3000000000000002,-4.878844070076275e-05,499.2,499.9999087591241,0.4210818287660388,498.6,501.8,-0.8000000000000114,-2.1673098565091476e-08,0.0,0.0,0.0,0.0,0.0,0.0,0.0,210.0,210.0,0.0,210.0,210.0,0.0,1.6709344288353376e-16,21.000000000000004,7.66514598540146,14.308948012585113,0.0,46.5,21.000000000000004,-0.0013267805135859,0.0,5.377737226277373,6.616075919552747,0.0,18.0,-13.5,0.0042882879155433,0.0,6.335766423357664,8.348993446271226,0.0,27.0,-27.0,0.0046014783699977,0.0,4.820255474452555,6.59670415996874,0.0,21.000000000000004,-21.000000000000004,0.0026859876287252,0.0,0.0,0.0,0.0,0.0,0.0,0.0,0.0,0.5091240875912408,0.4999167440940815,0.0,1.0,-1.0,-4.424688000890786e-05,1.0,1.0,0.0,1.0,1.0,0.0,-7.437083577880953e-19,1.0,1.0,0.0,1.0,1.0,0.0,-7.437083577880953e-19,1.0,1.0,0.0,1.0,1.0,0.0,-7.437083577880953e-19,18.7,21.537804136253047,4.52277542560375,0.0,33.4,-3.900000000000002,-0.001445272745414,0.0,6.238534063260341,6.217442762545602,0.0,25.4,-11.5,8.874823325423335e-05,0.0,16.737743309002433,33.285418045402764,0.0,100.0,-5.1,0.001955463699727,0.651147,0,0.6968109681875969,0.6747686266899109
batch_dist_ternary_butan-1-ol+propan-2-ol+water__operating_point_034__train_normal_experiment_001,batch_dist_ternary_butan-1-ol+propan-2-ol+water,operating_point_034,train_normal_experiment_001,0.4,2288,95.31666666666666,0.5498700767491976,1.0,0.9960664335664337,0.0625946762007692,0.0,1.0,0.0,-3.1864614487575734e-06,1.0,1.0,0.0,1.0,1.0,0.0,-2.0285692400737768e-19,425.871,424.52056993007,1.2756641619616362,421.871,426.153,3.930000000000007,0.0018967653691326,82.344,81.04891346153846,0.4557474449202147,80.572,82.366,1.600999999999999,0.000598907630621,72.064,70.78652185314685,0.6409378673696718,69.796,72.064,2.245999999999995,0.0009654043601243,77.102,75.91343728146853,0.5303291946914532,75.221,77.102,1.6700000000000017,0.0007797997807061,77.042,75.94696263111888,0.4961343064373014,75.338,77.063,1.5330000000000013,0.0007209776632889,71.952,70.88367001748252,0.5362390494192193,70.186,71.995,1.7450000000000043,0.0007953122422239,69.086,68.15736494755244,0.4762358604112104,67.073,69.107,1.9920000000000044,0.0007144440945943,66.963,66.0240714597902,0.9779452257358168,63.667,66.984,3.2749999999999915,0.0013379798093599,66.673,65.06763505244754,1.2849305712327257,63.266,66.694,3.3640000000000043,0.0018949064578549,63.484,63.3578354458042,0.0534010927089624,63.251,63.505,0.0219999999999984,1.7141153585693067e-05,0.369,0.3710310314685314,0.0086940090890778,0.34,0.396,-0.006,-5.374334670756891e-06,0.221,0.213705201048951,0.0053503728428476,0.158,0.229,0.004,3.372420603790135e-06,0.648,0.6216225961538462,0.0540093226452216,0.461,0.778,-0.0589999999999999,-9.338250884756247e-06,1.974,1.998984047202797,0.0911677044547202,1.695,2.293,0.092,1.8026099452585715e-07,498.107,498.76326726398605,0.776132298633213,496.662,500.719,0.3320000000000505,1.6299478923499445e-05,5.469,5.394301791958041,0.3986126552068055,4.545,6.381,-0.3729999999999993,9.566309827935047e-05,210.0,210.0,0.0,210.0,210.0,0.0,2.568688029417761e-18,16.5,16.467875874125873,0.3071758886221529,15.0,18.0,0.0,-2.354680296016164e-05,12.0,11.22541520979021,0.7494329457584857,10.500000000000002,12.0,1.4999999999999982,0.0003553807454645,12.0,11.697115384615383,0.6021526657254254,10.500000000000002,12.0,1.4999999999999982,0.0002285250401848,9.0,8.555179195804195,0.6849232150731982,7.5,9.0,0.0,0.0003760541727179,0.0,0.0,0.0,0.0,0.0,0.0,0.0,1.0,1.0,0.0,1.0,1.0,0.0,-2.0285692400737768e-19,1.0,1.0,0.0,1.0,1.0,0.0,-2.0285692400737768e-19,1.0,1.0,0.0,1.0,1.0,0.0,-2.0285692400737768e-19,1.0,1.0,0.0,1.0,1.0,0.0,-2.0285692400737768e-19,0.0,2.2465034965034967,9.199920473868906,0.0,40.0,0.0,-3.4765040802361194e-06,3.89,3.921962631118881,0.0746199053120312,3.66,4.157,0.06,-2.542124855043398e-05,4.48,4.544261800699301,0.1487578157748363,4.02,5.013,0.1200000000000001,-5.155910227455706e-05,0.6571933,0,0.6968109681875969,0.6747686266899109
batch_dist_ternary_butan-1-ol+propan-2-ol+water__operating_point_003__test_anormal_experiment_001,batch_dist_ternary_butan-1-ol+propan-2-ol+water,operating_point_003,test_anormal_experiment_001,0.4,998,41.55,0.6798616082775178,1.0,0.998997995991984,0.0316385839756451,0.0,1.0,0.0,1.5392183881610566e-06,1.0,1.0,0.0,1.0,1.0,0.0,-3.7381193992533324e-20,437.4,435.7085170340681,1.356361691912963,432.8,437.6,4.599999999999966,0.0046640369452491,70.6,70.30290581162323,0.3881338285747081,69.7,71.0,0.2999999999999971,5.951704795731378e-05,69.9,69.66718436873748,0.1503095939193523,69.4,69.9,0.5,0.0005054071866733,70.2,70.01513026052105,0.1148168056682456,69.8,70.3,0.2999999999999971,0.0003604843428924,70.0,70.04458917835672,0.072084491473187,69.9,70.3,-0.2999999999999971,-0.0001825386249198,70.0,69.99003006012025,0.0411300676284691,69.9,70.1,0.0,6.256077686800875e-05,68.4,68.28637274549098,0.0942998104302022,68.1,68.4,0.2000000000000028,0.0002703567683075,63.4,64.11573146292585,0.579326552594602,63.4,65.3,-1.8000000000000045,-0.0019494062054609,63.3,63.487725450901806,0.2268480920953977,63.3,64.4,-1.1000000000000083,-0.0006328961186519,63.2,62.91583166332665,0.772232183225392,60.9,63.3,-0.0999999999999943,0.0013462921517746,0.2,0.1714428857715431,0.1114044170253338,0.0,2.3,0.1,3.337689442094833e-05,0.6,0.4106713426853707,0.1368257752982702,0.0,1.0,0.5,5.63960563196748e-05,0.6,0.5976452905811621,0.0612737740279884,0.4,0.8,0.0,4.320948184603262e-05,3.0,3.0123246492985976,0.0643559647120241,2.8,3.2,-0.1,-3.442537377005971e-05,499.6,499.7923847695391,1.1161064067870217,493.4,504.2,0.0,0.0003328568818624,6.8,6.919539078156312,0.37701893125545,5.9,7.8,-0.5,-8.925655806181519e-06,210.0,210.0,0.0,210.0,210.0,0.0,-4.391664112744458e-17,0.0,10.457164328657315,12.29275008630774,0.0,36.0,-1.5,-0.0003769500561479,9.0,9.217184368737476,0.5262286777806684,9.0,10.500000000000002,0.0,-0.0004344172273812,9.0,10.621743486973948,0.5706219283403599,9.0,12.0,-1.5000000000000018,-0.0008131871829176,7.5,7.779559118236473,0.5821776943060589,7.5,9.0,0.0,-0.0004538702315399,0.0,0.0,0.0,0.0,0.0,0.0,0.0,1.0,1.0,0.0,1.0,1.0,0.0,-3.7381193992533324e-20,1.0,1.0,0.0,1.0,1.0,0.0,-3.7381193992533324e-20,1.0,1.0,0.0,1.0,1.0,0.0,-3.7381193992533324e-20,1.0,1.0,0.0,1.0,1.0,0.0,-3.7381193992533324e-20,0.3,15.745440881763528,11.59551092030955,0.0,53.3,-12.1,-0.0126164935556034,7.6,7.05996993987976,2.635883925219899,0.0,15.5,-1.200000000000001,0.0005619514304889,2.7,2.474248496993988,0.9183217388283668,0.0,5.3,-0.5,0.0001172956845585,0.5631993,1,0.692888307468758,0.668606698513031
batch_dist_ternary_butan-1-ol+propan-2-ol+water__operating_point_003__test_anormal_experiment_002,batch_dist_ternary_butan-1-ol+propan-2-ol+water,operating_point_003,test_anormal_experiment_002,0.4,2020,84.13333333333334,0.6791228505010427,1.0,0.9995049504950496,0.0222441999392682,0.0,1.0,0.0,-1.3758118718637844e-07,1.0,1.0,0.0,1.0,1.0,0.0,-1.5639651382000022e-19,440.0,439.1249257425743,0.7862003591664974,437.1,440.1,2.8999999999999773,0.0012110085725235,70.2,70.28730198019802,0.3232052780338225,69.7,70.8,-0.5999999999999943,-1.3193028863651182e-05,70.7,70.27747524752475,0.261376126830685,69.9,70.8,0.7999999999999972,0.0004442846189432,70.0,69.99930693069305,0.0186025349993246,69.9,70.1,0.0,-1.4005619267279806e-07,70.0,70.03504950495049,0.0523624792425642,69.9,70.2,0.0999999999999943,-3.603171218749058e-06,70.0,70.00440594059405,0.0367341743975495,69.9,70.1,0.0,3.7989150347481337e-06,69.1,68.74351485148516,0.217621076524655,68.4,69.1,0.6999999999999886,0.0003663045241069,63.4,63.40658415841583,0.0358933423669622,63.3,63.6,-0.1000000000000014,-3.123930083337448e-05,63.3,63.33888613861385,0.0486144348235025,63.3,63.4,-0.1000000000000014,-7.270656182857146e-06,63.3,63.29789603960395,0.0165541142072455,63.1,63.3,0.0,-6.692342034045465e-07,0.2,0.1858910891089109,0.1193514893807601,0.0,2.1,0.1,1.237187300012048e-06,0.4,0.4398762376237624,0.2123553311388067,0.0,3.7,0.3,1.1089589644309169e-05,0.6,0.6445297029702969,0.0635057055726948,0.5,0.8,0.0,-8.843619226822345e-06,2.9,2.996757425742574,0.0874076652260805,2.3,4.0,-0.1,-3.682796027479064e-06,501.2,499.8828712871287,0.9597118593028888,497.5,502.3,0.6999999999999886,-7.032703817729389e-06,6.4,6.86668316831683,0.3599452700816261,5.8,7.8,-0.3999999999999994,-6.143012140249848e-06,210.0,210.0,0.0,210.0,210.0,0.0,-9.199840278667868e-17,1.5,8.114851485148515,10.280945706252272,0.0,31.5,1.5,-0.0008384889092784,9.0,8.883415841584158,0.4561431243020705,7.5,10.500000000000002,-1.5000000000000018,-0.0002280430015896,9.0,9.741460396039605,0.7486919920278146,9.0,10.500000000000002,0.0,-0.0001584114520891,7.5,7.73799504950495,0.5477887049967598,7.5,9.0,0.0,-6.514196234725705e-05,0.0,0.0,0.0,0.0,0.0,0.0,0.0,1.0,1.0,0.0,1.0,1.0,0.0,-1.5639651382000022e-19,1.0,1.0,0.0,1.0,1.0,0.0,-1.5639651382000022e-19,1.0,1.0,0.0,1.0,1.0,0.0,-1.5639651382000022e-19,1.0,1.0,0.0,1.0,1.0,0.0,-1.5639651382000022e-19,20.2,13.344455445544554,11.194905790770337,0.0,38.1,14.4,-0.0002887310338479,4.6,7.500693069306932,3.563279729071575,0.0,55.2,-1.7000000000000002,0.0001597568966143,1.6,2.525717821782178,1.199962392434755,0.0,18.7,-0.5,0.0001052541821047,0.6722241,1,0.692888307468758,0.668606698513031
batch_dist_ternary_butan-1-ol+propan-2-ol+water__operating_point_003__test_anormal_experiment_003,batch_dist_ternary_butan-1-ol+propan-2-ol+water,operating_point_003,test_anormal_experiment_003,0.4,6061,252.51666666666668,0.4978361788418457,1.0,0.9991750536215146,0.0287100303371142,0.0,1.0,0.0,-5.823353805745691e-07,1.0,1.0,0.0,1.0,1.0,0.0,1.3728147161646405e-19,440.7,440.7858604190727,3.368098104827269,434.9,445.5,5.800000000000011,0.0016512156957633,70.1,70.23538195017325,0.2779574190561201,69.7,70.9,-0.1000000000000085,-1.814219393751268e-05,74.2,71.60136941098828,1.214029972085285,69.9,74.2,4.299999999999997,0.0006851713516683,70.0,69.9990760600561,0.0214736188597038,69.9,70.1,0.0,-1.725286460165664e-07,69.9,70.00886817356871,0.0609768087434386,69.9,70.3,-0.0999999999999943,-5.277082258566545e-06,70.0,70.00366276192048,0.0383599746661473,69.9,70.1,0.0,-1.588129096989777e-06,72.1,69.85286256393334,1.0447678295233611,68.4,72.1,3.6999999999999886,0.0005881060035209,63.5,63.41877577957432,0.0449078623448765,63.3,63.6,-0.1000000000000014,1.0581370708731894e-05,63.4,63.3265137766045,0.0442899136674871,63.2,63.4,0.0,2.040076325201766e-06,63.3,63.29734367266127,0.0160803189937831,63.2,63.3,0.0,1.0344011777723614e-06,0.2,0.1867018643788154,0.1442788793576419,0.0,3.3,0.1,2.5848415073693823e-06,0.5,0.4368091074080185,0.1507818747607137,0.0,1.1,0.2,3.0689047608787745e-06,0.7,0.6482511136776109,0.0627183028689686,0.5,0.9,0.0,1.1280437250884035e-06,3.0,2.9990018148820328,0.0659559193688596,2.8,3.2,0.0,-2.7720888754709094e-08,498.7,499.7994390364626,0.9103737773972338,497.5,502.1,-1.1000000000000227,6.555975369447378e-06,7.3,6.99090909090909,0.3940081017504894,5.9,7.9,0.5,-7.591944891468953e-07,210.0,210.0,0.0,210.0,210.0,0.0,-3.1467453561414045e-18,3.0,7.058859924104933,8.972529196855824,0.0,33.0,-1.5,-0.0008743806160571,9.0,8.814015838970468,0.6430958900413412,7.5,10.500000000000002,0.0,-0.000104034619952,10.500000000000002,9.604355716878404,0.7357225990779387,9.0,10.500000000000002,1.5000000000000018,-9.371180237968076e-05,9.0,7.780894241874278,0.5851835504295142,7.5,9.0,0.0,-8.113028614476883e-05,0.0,0.0,0.0,0.0,0.0,0.0,0.0,1.0,1.0,0.0,1.0,1.0,0.0,1.3728147161646405e-19,1.0,1.0,0.0,1.0,1.0,0.0,1.3728147161646405e-19,1.0,1.0,0.0,1.0,1.0,0.0,1.3728147161646405e-19,1.0,1.0,0.0,1.0,1.0,0.0,1.3728147161646405e-19,16.9,11.41565748226365,11.152489555287676,0.0,38.0,-13.0,-3.794554199039978e-05,9.6,7.494555353901997,2.8388994339624376,0.0,18.3,3.5,6.512816799400344e-05,3.4,2.623213991090579,0.9940529142918249,0.0,6.6,1.1999999999999995,4.04041587334892e-06,0.6141121,1,0.692888307468758,0.668606698513031
batch_dist_ternary_butan-1-ol+propan-2-ol+water__operating_point_003__test_anormal_experiment_004,batch_dist_ternary_butan-1-ol+propan-2-ol+water,operating_point_003,test_anormal_experiment_004,0.4,2353,98.0,0.6483102124519635,1.0,0.997875053123672,0.0460481430364013,0.0,1.0,0.0,-1.1348180914968736e-06,1.0,1.0,0.0,1.0,1.0,0.0,1.5463672538219677e-19,439.6,438.87462813429664,0.8371044491226713,436.7,440.1,2.900000000000034,0.001153178517888,70.5,70.31147471313217,0.3521352406194474,69.7,71.0,0.0999999999999943,-6.495382812056505e-05,69.9,69.21495962600935,0.4256786170914448,68.4,69.9,1.5,0.0006235137030156,75.9,77.61772205694858,9.568641809222136,69.9,96.7,5.900000000000006,0.0096130762001094,72.4,76.82970675733107,9.15310238413322,69.9,97.1,2.4000000000000057,0.0077617767976551,79.8,78.47080322991924,10.316848287120065,69.9,98.3,9.799999999999995,0.0112188535020266,68.4,67.87630684232894,0.3234046505250533,67.3,68.4,1.1000000000000083,0.0004721572325984,63.6,64.5356566085848,0.6591129180447156,63.6,66.1,-2.499999999999993,-0.0009581214800512,63.4,64.12492562685934,0.6321633644324182,63.4,65.5,-2.1000000000000014,-0.0008961871707503,63.3,63.8339141521462,0.5091235816178897,63.3,65.1,-1.7999999999999972,-0.0006915266427027,0.2,0.177156821079473,0.0472115759979637,0.0,0.4,0.1,1.2633878229995342e-05,0.2,0.4307054823629409,0.1827262366499511,0.0,1.6,0.1,3.383047478674055e-05,0.6,0.5918827029324266,0.0646199625400395,0.4,0.8,0.0999999999999999,2.3894629639674704e-05,2.9,3.0003399915002125,0.0735254062509479,2.8,3.4,-0.1,-4.690949892285555e-06,500.3,499.7601997450064,1.0213930198277528,497.3,502.0,1.1000000000000227,-1.6872835234819608e-05,6.8,6.719443263918402,0.3782842355172803,5.8,7.8,0.0,-6.344081409177453e-06,210.0,210.0,0.0,210.0,210.0,0.0,-3.9632387663013346e-17,0.0,8.645877603059924,11.010252727062662,0.0,37.5,0.0,-0.0008123347066523,0.0,11.48555036124097,17.451870659272668,0.0,78.0,-9.0,-0.0029186494266084,0.0,13.788142796430089,19.370298482899685,0.0,79.5,-10.500000000000002,-0.0025391197863794,0.0,12.26774330641734,19.67754098176979,0.0,79.5,-7.5,-0.001544548676913,0.0,0.0,0.0,0.0,0.0,0.0,0.0,1.0,1.0,0.0,1.0,1.0,0.0,1.5463672538219677e-19,1.0,1.0,0.0,1.0,1.0,0.0,1.5463672538219677e-19,1.0,1.0,0.0,1.0,1.0,0.0,1.5463672538219677e-19,1.0,1.0,0.0,1.0,1.0,0.0,1.5463672538219677e-19,4.1,11.08814279643009,11.47796350831289,0.0,38.8,-0.4000000000000003,-1.2150260271144484e-05,1.6,7.146153846153847,3.2185075530288088,0.0,25.0,-4.6,0.0004472086744306,0.5,2.136081597960051,0.9529557275851008,0.0,7.3,-1.7000000000000002,7.280734654802508e-05,0.6850768,1,0.692888307468758,0.668606698513031
batch_dist_ternary_butan-1-ol+propan-2-ol+water__operating_point_003__test_anormal_experiment_009,batch_dist_ternary_butan-1-ol+propan-2-ol+water,operating_point_003,test_anormal_experiment_009,0.4,2476,103.13333333333334,0.6782545548418413,1.0,1.0,0.0,1.0,1.0,0.0,-4.338761513181931e-19,1.0,1.0,0.0,1.0,1.0,0.0,-4.338761513181931e-19,428.58,426.0744103392569,1.7106790071863722,421.73,428.603,6.849999999999966,0.0023303306995564,85.036,83.24313348142164,0.9956194547116484,81.533,85.036,3.140000000000001,0.0013572553857658,75.297,72.91392386914377,1.2188285463524422,70.78,75.468,4.516999999999996,0.0016931784137766,79.766,77.99767023424879,1.0188793987508111,76.552,79.809,3.0660000000000025,0.0014091093188286,80.025,78.07451252019386,0.9685460679325189,76.808,80.046,3.068000000000012,0.0013373585021557,74.976,72.98241579159935,1.0455860237949397,71.441,75.019,3.3430000000000035,0.0014544755392831,72.819,70.70910965266557,1.0312507578651546,69.129,72.862,3.584000000000003,0.0014341139448313,64.15,64.35873202746365,0.2149036268678624,64.045,64.78,-0.5879999999999939,-0.0002809863604613,63.182,63.49788247172859,0.3143308293412267,63.076,64.239,-1.0360000000000014,-0.0004053083059402,63.399,63.547807956381256,0.1737946702648364,63.293,64.075,-0.6760000000000019,-0.0002102494482009,0.256,0.2684489095315024,0.0148221522838697,0.216,0.309,0.0259999999999999,5.66899699094894e-06,0.339,0.3741288368336026,0.0216445753430537,0.301,0.431,0.007,9.92251166303505e-06,0.665,0.7115567447495961,0.0697661894789404,0.428,1.06,-0.142,1.332736033208386e-06,2.5,1.997079967689822,0.1689598580414922,1.313,2.564,0.794,-3.494619387580965e-05,496.77,498.8402168820678,1.0803585417674648,493.037,503.689,-1.3460000000000036,2.6928374718488898e-05,3.643,4.39026211631664,0.4147942209258144,3.556,5.333,-0.0030000000000001,-1.3277678211287429e-05,210.0,210.0,0.0,210.0,210.0,0.0,5.884824024457251e-17,19.5,17.86914378029079,1.1148193245268658,16.5,21.000000000000004,1.5,-0.0006491983555214,13.5,12.357431340872374,0.76077299545732,10.500000000000002,13.5,2.9999999999999982,0.0005172545562811,15.0,12.913873182552503,0.8229090495237577,12.0,15.0,3.0,0.0005947965518339,10.500000000000002,9.563711631663974,0.7668113145529465,7.5,12.0,3.0000000000000018,0.0005141260530942,0.0,0.0,0.0,0.0,0.0,0.0,0.0,1.0,1.0,0.0,1.0,1.0,0.0,-4.338761513181931e-19,1.0,1.0,0.0,1.0,1.0,0.0,-4.338761513181931e-19,1.0,1.0,0.0,1.0,1.0,0.0,-4.338761513181931e-19,1.0,1.0,0.0,1.0,1.0,0.0,-4.338761513181931e-19,0.0,3.596930533117932,10.09373949575173,0.0,33.0,0.0,0.0002251059776872,6.787,6.699298869143781,0.3633637738733776,5.5,7.767,0.734,0.0001917430884527,3.393,3.349691841680129,0.1816922081757883,2.75,3.883,0.3659999999999996,9.59115476423336e-05,0.6977524,1,0.692888307468758,0.668606698513031
batch_dist_ternary_butan-1-ol+propan-2-ol+water__operating_point_003__train_normal_experiment_001,batch_dist_ternary_butan-1-ol+propan-2-ol+water,operating_point_003,train_normal_experiment_001,0.4,4044,168.48333333333332,0.6700350017604239,1.0,1.0,0.0,1.0,1.0,0.0,3.2701613512269607e-19,1.0,1.0,0.0,1.0,1.0,0.0,3.2701613512269607e-19,422.788,419.6266826162216,3.053347063798983,411.403,422.882,11.384999999999993,0.0023996375996746,83.775,82.01916617210684,0.8346168494843684,80.892,83.861,2.0290000000000106,0.0006443148166214,73.99,71.51851990603363,1.2830324501787018,69.411,74.012,4.536000000000001,0.001093949014407,78.92,76.94871290801186,0.8694257303331508,75.918,78.963,1.6700000000000017,0.0006130296215907,78.853,76.96663019287834,0.8422273173883366,76.02,78.874,2.343999999999994,0.0006484483969134,73.868,71.84468991097924,0.9285873031715252,70.739,73.911,2.1289999999999907,0.000711339384731,69.256,67.85876050939663,0.7902665395842009,66.098,69.743,1.399000000000001,0.0004247556287143,63.52,64.24532319485658,0.5491077967252074,63.395,65.283,-1.008000000000003,-0.0004022228435463,63.203,63.86586102868447,0.6472629803270159,63.182,65.297,-0.3810000000000002,-0.0004355343765443,63.399,63.98641184470821,0.9005042528781804,63.167,67.056,0.2319999999999993,-0.0005154102433421,0.264,0.2608469337289812,0.1354880152922333,0.004,1.517,-1.251,-2.0057623605590694e-05,0.165,0.3615451285855588,0.2843541896067164,0.004,2.016,0.159,2.974724309289024e-05,0.695,0.6548428536102869,0.0585977120748148,0.455,0.851,0.0739999999999999,8.973796702885e-06,1.622,2.0786106577645893,0.7865491267970145,-1.292,5.75,-4.128,-0.0001010968228856,498.188,499.0046374876361,0.8146353764883585,496.205,501.041,-1.3190000000000168,-0.0001481901047816,3.643,3.913038822947577,0.3471192168669116,2.874,4.888,-1.2300000000000004,-3.5697713852237115e-05,210.0,210.0,0.0,210.0,210.0,0.0,8.220241104122327e-17,16.5,16.79135756676558,0.9560081817951984,15.0,19.5,-3.0,-0.0005257039975965,12.0,11.793768545994066,0.8030416286894912,10.500000000000002,15.0,-3.0,-0.0001672403966181,13.5,12.500741839762613,0.7071719590340761,12.0,13.5,0.0,0.0002979809887386,10.500000000000002,9.74536350148368,0.7491506178880872,9.0,10.500000000000002,0.0,0.0003654708710433,0.0,0.0,0.0,0.0,0.0,0.0,0.0,1.0,1.0,0.0,1.0,1.0,0.0,3.2701613512269607e-19,1.0,1.0,0.0,1.0,1.0,0.0,3.2701613512269607e-19,1.0,1.0,0.0,1.0,1.0,0.0,3.2701613512269607e-19,1.0,1.0,0.0,1.0,1.0,0.0,3.2701613512269607e-19,0.0,3.429030662710188,9.906338475348974,0.0,33.0,0.0,-0.000906575430785,1.92,5.903359050445104,3.719144349151643,0.0,20.133,1.92,0.0006000266132557,3.0,3.191407764589515,1.8690328869211288,0.0,20.0,-17.0,-0.0001781267776424,0.6860643,1,0.692888307468758,0.668606698513031
batch_dist_ternary_butan-1-ol+propan-2-ol+water__operating_point_010__test_anormal_experiment_001,batch_dist_ternary_butan-1-ol+propan-2-ol+water,operating_point_010,test_anormal_experiment_001,0.4,2305,96.01666666666668,0.6667464410693288,1.0,0.9991323210412149,0.0294436086784505,0.0,1.0,0.0,1.7216318961695769e-06,1.0,1.0,0.0,1.0,1.0,0.0,5.416659836418936e-20,422.623,421.86829978308026,0.6075167549352591,420.038,422.623,2.444000000000017,0.0007985664053511,85.207,84.5844201735358,0.2783525743850429,84.096,85.228,0.9189999999999968,0.0004027452331864,75.147,74.32373015184382,0.4183013030225814,73.648,75.147,1.4780000000000086,0.0006265359558069,80.105,79.40551626898048,0.2995602120911171,79.026,80.147,0.6560000000000059,0.0003622258587817,80.174,79.47304859002169,0.2687462310146197,79.172,80.195,0.8100000000000023,0.0003559297990043,74.997,74.3841798264642,0.2451799447304337,74.039,75.019,0.7879999999999967,0.0003424020381652,72.416,71.877815835141,0.3377865722034582,70.825,72.437,1.5699999999999932,0.0004854971321355,68.728,68.2241913232104,0.1953736346203269,67.909,68.728,0.6929999999999978,0.0002843634561495,67.011,67.25210672451192,0.1442751164173993,66.969,67.498,-0.4240000000000066,-0.0002032223476521,67.098,67.33378394793927,0.1374482847429307,67.056,67.585,-0.4450000000000074,-0.0001903027373575,0.275,0.2767154013015184,0.010124599095007,0.246,0.298,0.014,8.902234198064833e-06,0.323,0.3137164859002169,0.010829570539188,0.238,0.336,0.018,1.1675995814621726e-05,0.707,0.6472464208242951,0.0421327569914601,0.476,0.798,0.0559999999999999,-7.582695947382164e-07,2.044,1.999364859002169,0.079393113328985,1.615,2.24,0.3349999999999999,8.967075147106823e-06,597.775,598.8629631236442,0.780544110338808,596.6,600.772,0.2690000000000054,3.931924362344626e-05,7.286,7.181703036876355,0.3926589731410378,6.217,8.212,-0.0070000000000005,-4.396819455079422e-05,210.0,210.0,0.0,210.0,210.0,0.0,1.1863803460365752e-16,18.0,17.490780911062906,0.7384296506527628,16.5,19.5,0.0,-0.0004025245433961,12.0,12.190347071583512,0.4990436504031419,12.0,13.5,0.0,0.0002953808841595,12.0,12.334164859002168,0.6332856912545527,10.500000000000002,13.5,0.0,0.0004671871560655,9.0,9.06832971800434,0.4309038421979572,7.5,10.500000000000002,0.0,0.0002806475562194,0.0,0.0,0.0,0.0,0.0,0.0,0.0,1.0,1.0,0.0,1.0,1.0,0.0,5.416659836418936e-20,1.0,1.0,0.0,1.0,1.0,0.0,5.416659836418936e-20,1.0,1.0,0.0,1.0,1.0,0.0,5.416659836418936e-20,1.0,1.0,0.0,1.0,1.0,0.0,5.416659836418936e-20,0.0,2.8850325379609543,9.61181561425374,0.0,35.0,0.0,0.0009486294634262,4.905,4.765238611713666,0.136592469475365,4.335,5.115,0.4599999999999999,0.0001265602399294,3.605,3.4649663774403474,0.1365587938730315,3.035,3.815,0.4599999999999999,0.0001262418311163,0.6233431,1,0.692888307468758,0.668606698513031
batch_dist_ternary_butan-1-ol+propan-2-ol+water__operating_point_010__train_normal_experiment_001,batch_dist_ternary_butan-1-ol+propan-2-ol+water,operating_point_010,train_normal_experiment_001,0.4,3208,133.61666666666667,0.6271217656332728,1.0,1.0,0.0,1.0,1.0,0.0,9.368431411780592e-20,1.0,1.0,0.0,1.0,1.0,0.0,9.368431411780592e-20,424.647,422.94406203241897,2.7033380376045666,415.06,425.165,9.539999999999964,0.0025163063575713,85.784,84.33417643391522,0.5483894897443745,83.775,85.784,1.51700000000001,0.000498543244426,75.768,73.81723659600998,0.9504861230678344,72.449,75.789,3.298000000000002,0.0010169557583896,80.57,79.47748768703242,0.5261251668253192,78.751,80.655,0.0629999999999881,9.86899303797639e-05,80.686,79.4471262468828,0.4971126061832605,78.831,80.686,1.1090000000000089,0.0003254814898899,75.445,74.42785193266833,0.6031032016509713,73.655,75.956,-0.5110000000000099,0.0001766429210977,74.305,72.58009523067332,0.8171300088850739,71.376,74.305,2.9070000000000107,0.0008729648034315,70.305,70.11157013715712,0.2389742788666419,69.611,70.473,0.4000000000000057,0.0001391881374329,69.743,70.10523472568579,0.4709139879264581,69.595,71.142,-0.2330000000000041,-0.0003135866854235,67.987,70.51703273067332,3.0887890110156198,67.331,77.288,0.6559999999999917,-0.0024903726938422,0.339,0.3382245947630922,0.0305072986518437,0.221,0.393,0.104,2.019843263954069e-05,0.247,0.2338723503740648,0.032572915890168,0.111,0.293,0.127,1.861765471446275e-05,0.717,0.6925830735660847,0.0455760070224925,0.472,0.853,0.0539999999999999,8.199276164544238e-06,2.101,2.041520417705736,0.2225333991804893,1.499,3.358,-1.2480000000000002,-6.066556386282356e-05,599.435,598.8923304239402,0.7429453394117801,596.779,601.015,-0.15300000000002,-5.736847476526927e-05,2.732,3.2947091645885287,0.4422645201137231,2.664,3.976,-0.1949999999999998,3.456394573342075e-05,210.0,210.0,0.0,210.0,210.0,0.0,5.3742146483274035e-17,21.000000000000004,20.60395885286783,1.1092629883662772,19.5,24.0,-2.9999999999999964,-0.0006746709947928,12.0,11.207216334164588,1.0572293640747368,10.500000000000002,15.0,-3.0,-0.0004913759572784,13.5,11.945059226932669,0.7761704195490464,10.500000000000002,13.5,0.0,0.0002789667355348,10.500000000000002,8.412951995012468,0.7452581488442197,7.5,10.500000000000002,3.0000000000000018,0.0005853558466374,0.0,0.0,0.0,0.0,0.0,0.0,0.0,1.0,1.0,0.0,1.0,1.0,0.0,9.368431411780592e-20,1.0,1.0,0.0,1.0,1.0,0.0,9.368431411780592e-20,1.0,1.0,0.0,1.0,1.0,0.0,9.368431411780592e-20,1.0,1.0,0.0,1.0,1.0,0.0,9.368431411780592e-20,0.0,1.944201995012469,6.897630790553306,0.0,27.0,0.0,-0.000442067476881,4.135,4.243323721945138,0.5015487211836306,2.5,5.2,1.2699999999999996,0.0002286105382428,4.16,4.209983634663342,0.4580077013731193,2.52,5.125,1.23,0.00019838161767,0.65996486,1,0.692888307468758,0.668606698513031
batch_dist_ternary_butan-1-ol+propan-2-ol+water__operating_point_014__test_anormal_experiment_001,batch_dist_ternary_butan-1-ol+propan-2-ol+water,operating_point_014,test_anormal_experiment_001,0.4,1221,50.85,0.6956401649231208,1.0,1.0,0.0,1.0,1.0,0.0,-3.3691283790326934e-19,1.0,1.0,0.0,1.0,1.0,0.0,-3.3691283790326934e-19,387.065,380.5887293202293,7.372571552343381,359.996,387.088,3.3449999999999704,0.0048616447321189,65.686,66.4351036036036,1.120054750779844,64.39,67.918,-1.891999999999996,-0.0016175881639955,57.268,57.75211425061425,1.2272556285529663,56.799,61.04,0.4480000000000004,0.0005812374133092,61.098,61.93043816543817,0.924022202668839,60.193,63.496,-1.5560000000000045,-0.0009003370690151,60.302,72.61056183456182,7.118143954558336,60.302,81.581,-17.357000000000006,-0.0190140372369706,56.238,57.35637674037674,0.8751155952657542,55.92,59.205,-1.546999999999997,-0.0001771351632182,54.112,53.83887346437347,1.3565385133634944,52.023,58.124,0.5489999999999995,0.0006462573271083,48.908,50.061524570024574,1.156625785139351,48.866,52.816,-1.713000000000001,-0.000392790054806,48.646,49.48722768222768,1.2135492581552496,48.624,52.774,-0.4209999999999994,-7.498603923439457e-06,48.833,49.60241441441441,1.1961618119080906,48.559,52.852,-0.2310000000000016,-4.596526127745168e-05,0.167,0.1422784602784602,0.1194133082775494,0.004,0.465,-0.298,3.916646236143959e-05,0.398,0.4066154791154791,0.2695286607032472,0.004,2.497,-0.258,5.847085179139585e-05,-0.08,-0.1048439803439803,0.3492834317996732,-0.637,2.146,-0.067,0.0001550695757357,1.875,2.2756998361998364,1.64653545481257,-0.857,7.095,-1.709,-0.0004338431163509,248.583,259.03739107289107,17.5852927737386,243.827,306.138,-0.9509999999999934,-1.372813673128005e-05,2.667,3.110635954135954,0.4099230824694126,1.951,3.91,-0.2600000000000002,3.3295710187932245e-05,175.0,171.91850941850942,20.112063818436937,0.0,175.0,0.0,0.0065978941981732,13.5,12.194717444717444,5.117208800016225,0.0,19.5,-1.5,-0.0008407805582552,0.0,5.302211302211302,8.676386096746914,0.0,19.5,-19.5,-0.0189705099715563,10.500000000000002,8.203316953316953,4.511005657777846,0.0,16.5,1.5000000000000018,3.559822185561884e-06,6.0,5.298525798525799,4.330865770043042,0.0,15.0,1.5,-0.0008718795604041,0.0,0.0,0.0,0.0,0.0,0.0,0.0,1.0,0.972972972972973,0.1621621621621621,0.0,1.0,0.0,5.6344074481499786e-05,1.0,0.968058968058968,0.1758431187723134,0.0,1.0,0.0,6.735974646682695e-05,1.0,0.9705159705159704,0.1691588646492236,0.0,1.0,0.0,6.182224528928433e-05,1.0,0.968058968058968,0.1758431187723134,0.0,1.0,0.0,6.735974646682695e-05,0.0,9.59009009009009,15.916190690894286,0.0,48.0,0.0,-0.0015209592991246,7.073,7.221790335790335,3.618281785228555,0.0,19.522,-3.8249999999999993,0.00040177441754,2.34,1.9422211302211303,1.4814271724649988,0.0,6.49,2.34,0.0017575056345722,0.6526656,1,0.692888307468758,0.668606698513031
batch_dist_ternary_butan-1-ol+propan-2-ol+water__operating_point_014__train_normal_experiment_002,batch_dist_ternary_butan-1-ol+propan-2-ol+water,operating_point_014,train_normal_experiment_002,0.4,2564,106.78333333333332,0.679784282051461,1.0,0.998439937597504,0.0394668038710562,0.0,1.0,0.0,-2.084482828971047e-06,1.0,1.0,0.0,1.0,1.0,0.0,-2.639184761981017e-22,381.771,380.2073790951638,1.4357236248110845,377.042,381.84,4.6370000000000005,0.0018744262554453,71.449,70.33578412636504,0.4828862091389411,69.683,71.449,1.5109999999999957,0.0006357842524747,61.403,60.212878315132606,0.6210388854212526,59.249,61.424,2.131999999999998,0.000836025886785,66.36,65.28771665366615,0.5299397466702903,64.57,66.403,1.641999999999996,0.0007043326422326,66.368,65.32651365054602,0.5038276892870118,64.67,66.389,1.5279999999999916,0.0006619391436163,61.263,60.21923751950078,0.4707029688116887,59.566,61.305,1.6759999999999948,0.0006244081911731,55.083,53.73698420436818,0.8427584182926163,52.087,55.589,2.9540000000000006,0.0009898786329094,48.762,48.8486238299532,0.1186555929581306,48.699,49.18,-0.4179999999999992,-0.0001425073239795,48.435,48.47571704368175,0.0618680073821513,48.372,48.709,-0.2319999999999993,-6.988693261102285e-05,48.664,48.68154797191888,0.0382836659601735,48.622,48.833,-0.1269999999999953,-4.150129066543988e-05,0.164,0.1557303042121685,0.0147569724307146,0.044,0.295,-0.1309999999999999,-2.8296208341752104e-06,0.418,0.4161969578783151,0.104155934408428,0.358,2.331,0.0379999999999999,1.0172756747015376e-05,-0.041,-0.0557609204368174,0.0791791446766564,-0.396,0.154,0.067,5.725523310108328e-06,1.858,2.005383190327613,0.095195988542562,1.638,2.744,0.151,-1.7569835594210652e-06,249.202,249.09713397035884,0.6176754104921692,247.093,250.593,-0.1610000000000013,-9.012020706349342e-06,6.829,6.704888845553822,0.3885802745963508,5.842,7.82,-0.4640000000000004,1.7260640511523893e-05,175.0,175.0,0.0,175.0,175.0,0.0,-8.496931671098469e-17,18.0,16.999609984399378,0.7063478640061956,16.5,18.0,1.5,0.0003454875447826,10.500000000000002,9.961778471138846,0.7191739091564656,9.0,10.500000000000002,1.5000000000000018,0.0002827031782628,10.500000000000002,10.034028861154448,0.6933474505286324,9.0,10.500000000000002,1.5000000000000018,0.0003686013304959,7.5,7.544754290171607,0.6077941964024519,6.0,9.0,0.0,0.0004109530666624,0.0,0.0,0.0,0.0,0.0,0.0,0.0,1.0,1.0,0.0,1.0,1.0,0.0,-2.639184761981017e-22,1.0,1.0,0.0,1.0,1.0,0.0,-2.639184761981017e-22,1.0,1.0,0.0,1.0,1.0,0.0,-2.639184761981017e-22,1.0,1.0,0.0,1.0,1.0,0.0,-2.639184761981017e-22,0.0,4.646060842433697,14.66938094171485,0.0,52.0,0.0,-0.0003181803213836,6.41,6.319770865834634,0.2238867455168507,5.367,7.505,0.7279999999999998,0.0001688935918252,2.17,2.140142550702028,0.0746523498728864,1.832,2.535,0.242,5.609217693416284e-05,0.66548514,1,0.692888307468758,0.668606698513031
batch_dist_ternary_butan-1-ol+propan-2-ol+water__operating_point_015__test_anormal_experiment_001,batch_dist_ternary_butan-1-ol+propan-2-ol+water,operating_point_015,test_anormal_experiment_001,0.4,2497,104.01666666666668,0.721089595799512,1.0,0.9971966359631558,0.0528725371712115,0.0,1.0,0.0,-1.887619580893075e-06,1.0,1.0,0.0,1.0,1.0,0.0,-3.556152097942856e-19,384.858,382.7294126952343,1.1469652990669503,380.426,384.997,4.386000000000024,0.0015352107037592,87.238,86.06964357228674,0.5551727520811134,85.079,87.281,2.094999999999999,0.0007423546809321,77.354,76.0606101321586,1.7260968712027702,67.2,84.955,2.379000000000005,0.0008870509522587,82.115,81.0687200640769,0.5525789950630203,80.168,82.115,1.9469999999999883,0.0007330658564311,82.243,81.12076892270724,0.5955374038854926,80.217,82.243,2.0049999999999955,0.0007624084981611,77.235,76.06009891870245,0.6038150723497631,75.061,77.235,2.131,0.0007929059507117,70.252,69.56201141369644,1.6553403824918227,59.288,78.5,1.399000000000001,0.0003755698822944,63.269,63.42312014417301,1.5996691711511029,53.139,73.607,-0.5450000000000017,-0.0003123758167527,62.97,63.07779315178214,1.6805424748505735,52.506,72.606,-0.4440000000000026,-0.0001710655314554,63.209,63.2842440929115,1.6938617764893242,54.094,72.595,-0.3170000000000001,-0.0001323393138897,0.172,0.1687715258309971,0.1541614915624896,0.004,2.995,0.118,2.3130123426549977e-05,0.389,0.386463556267521,0.1023403426236307,0.293,2.645,0.096,7.244066563438338e-06,0.461,0.6366954345214257,0.2840633243096384,-1.044,2.158,-0.178,2.0205079993880247e-05,2.015,2.0184321185422505,0.2865097892373518,0.445,3.707,-0.0029999999999996,-3.063547307455689e-05,496.941,498.10241469763713,1.2416780094965676,495.146,500.853,-1.41700000000003,-1.8102143447487823e-05,7.293,6.812326591910294,0.3953997674975079,5.842,7.812,0.918,-0.0001215114701354,175.0,175.0,0.0,175.0,175.0,0.0,-5.612502798959647e-17,19.5,18.964757709251103,4.673378652859754,0.0,40.5,0.0,9.796352531332806e-05,13.5,12.49199038846616,4.612517349850398,0.0,34.5,1.5,0.0002173541149545,13.5,13.165698838606328,4.602284113903526,0.0,34.5,0.0,0.0001827942591897,10.500000000000002,10.273227873448135,4.361523653453179,0.0,31.5,0.0,0.000202322335056,0.0,0.0,0.0,0.0,0.0,0.0,0.0,1.0,1.0,0.0,1.0,1.0,0.0,-3.556152097942856e-19,1.0,1.0,0.0,1.0,1.0,0.0,-3.556152097942856e-19,1.0,1.0,0.0,1.0,1.0,0.0,-3.556152097942856e-19,1.0,1.0,0.0,1.0,1.0,0.0,-3.556152097942856e-19,0.0,3.0865038045654787,10.93511857517738,0.0,42.0,0.0,-6.518183956610491e-05,5.93,5.829902282739287,0.4672067759232068,3.342,8.54,1.29,0.0001713913443067,2.01,1.9770875050060075,0.1555075064218017,1.148,2.88,0.4719999999999997,5.772284296430745e-05,0.6393311,1,0.692888307468758,0.668606698513031
batch_dist_ternary_butan-1-ol+propan-2-ol+water__operating_point_015__train_normal_experiment_001,batch_dist_ternary_butan-1-ol+propan-2-ol+water,operating_point_015,train_normal_experiment_001,0.4,2860,119.13333333333334,0.6844901545813868,1.0,1.0,0.0,1.0,1.0,0.0,-7.548465538464639e-20,1.0,1.0,0.0,1.0,1.0,0.0,-7.548465538464639e-20,397.261,392.7543167832167,3.332068874110531,388.576,397.308,8.406000000000006,0.0038576698127448,83.882,83.25983513986014,0.2745526447272529,82.857,83.904,0.6410000000000053,0.0002773914525519,73.755,72.98504405594406,0.368347868061195,72.428,73.755,1.3059999999999974,0.0004380079582559,78.793,78.14390157342656,0.2565056325414645,77.8,78.793,0.7610000000000099,0.0002834298711415,78.853,78.13549388111889,0.2562335354716877,77.809,78.853,0.6610000000000014,0.0002573656239566,73.826,73.05853444055944,0.3019042563796374,72.633,73.826,0.9369999999999976,0.0003372754776597,69.489,68.65785472027972,0.9432747794654648,66.437,71.079,2.1200000000000045,0.0006898097007947,63.332,63.332488286713286,0.0433036556605581,63.248,63.479,-0.0630000000000023,-1.921286116832437e-06,63.245,63.26208846153846,0.0281986188425271,63.182,63.351,-0.0850000000000008,-1.7854725360774404e-05,63.441,63.42813741258741,0.0190547563657598,63.378,63.505,-0.0210000000000007,-6.893323545288961e-06,0.12,0.1404937062937063,0.0877610051009747,0.004,0.618,-0.498,1.2791265571444584e-05,0.301,0.3975627622377622,0.1444864392022624,0.068,0.833,0.2329999999999999,-6.503599762272804e-06,0.662,0.6160118881118881,0.0576806923611376,0.437,0.843,0.036,5.324328750819568e-06,1.792,2.052279195804196,0.5405135576960114,0.715,4.22,-1.715,-0.0001064032312569,500.333,499.1778183566434,0.5934437464536901,497.075,500.647,2.010000000000048,8.82478780738171e-06,2.732,3.1243893356643357,0.4205299473486296,2.627,3.98,-0.9109999999999996,4.330313640787803e-05,175.0,175.0,0.0,175.0,175.0,0.0,3.9207704333292425e-17,15.0,16.538286713286713,0.7884231418867815,15.0,18.0,-3.0,-0.0005929835292069,10.500000000000002,11.193356643356644,0.7475949260828457,10.500000000000002,12.0,-1.4999999999999982,-0.0001390654114827,12.0,11.895104895104897,0.3825436894156038,10.500000000000002,12.0,0.0,-5.7285537747355526e-05,9.0,8.79256993006993,0.5176110437985582,7.5,9.0,0.0,3.6756700411604094e-05,0.0,0.0,0.0,0.0,0.0,0.0,0.0,1.0,1.0,0.0,1.0,1.0,0.0,-7.548465538464639e-20,1.0,1.0,0.0,1.0,1.0,0.0,-7.548465538464639e-20,1.0,1.0,0.0,1.0,1.0,0.0,-7.548465538464639e-20,1.0,1.0,0.0,1.0,1.0,0.0,-7.548465538464639e-20,31.0,2.7206293706293705,8.733021146496288,0.0,31.0,31.0,7.271869809385363e-05,5.062,6.28791993006993,1.971967877134145,2.715,12.727,2.0320000000000005,-0.0002601767296272,1.668,2.1107816433566438,1.294038101584279,0.0,4.84,0.6579999999999999,1.7967723445521742e-06,0.67631024,1,0.692888307468758,0.668606698513031
batch_dist_ternary_butan-1-ol+propan-2-ol+water__operating_point_031__test_anormal_experiment_001,batch_dist_ternary_butan-1-ol+propan-2-ol+water,operating_point_031,test_anormal_experiment_001,0.4,5074,211.36666666666667,0.8945504819808328,1.0,1.0,0.0,1.0,1.0,0.0,-2.010216582096632e-19,1.0,1.0,0.0,1.0,1.0,0.0,-2.010216582096632e-19,366.752,360.7851433780055,2.853307101045716,355.301,366.798,11.451000000000022,0.0017639304847812,99.13,93.96912258573116,2.313340341374754,90.898,99.13,8.189999999999998,0.0015491653585517,89.206,83.81657479306267,2.4383390052707523,80.334,89.206,8.872,0.0016381387723707,94.035,88.7688501182499,2.312780528117325,85.78,94.056,8.170000000000002,0.0015405626556286,93.975,88.81877197477336,2.298198465830883,85.828,93.996,8.082999999999998,0.0015318820539829,89.089,83.75949990145841,2.313980508773621,80.67,89.089,8.290999999999997,0.0015450590960203,79.299,76.838513992905,1.061512655765217,75.367,79.32,3.890000000000001,0.000709929162531,71.461,71.56883287347262,0.276758598052029,71.209,72.534,-1.0520000000000067,-0.0001320699878926,70.909,71.01151438707134,0.2181080186389032,70.591,71.926,-0.9539999999999936,-0.0001023228829406,71.162,71.2184974379188,0.1361125932828968,70.866,71.861,-0.6779999999999973,-5.931770966945541e-05,0.276,0.2706054394954671,0.0079323868482042,0.241,0.302,0.024,2.6788908613287653e-06,0.598,0.5881634804887662,0.0164073505339546,0.537,0.656,0.0539999999999999,5.956130686171934e-06,0.88,0.8913355340953883,0.0673695128523537,0.672,1.221,0.028,9.271622947921298e-06,2.181,2.0057101891998426,0.1815900365773357,1.391,2.445,-0.1320000000000001,-3.491267141221533e-06,699.768,698.743863125739,1.3745383005758212,688.99,700.62,-0.4479999999999791,-0.0001466646797728,5.854,4.7409959597950335,1.3788144439427743,0.0,5.958,1.279,-0.000178317936911,157.5,157.5,0.0,157.5,157.5,0.0,-3.754525484731641e-17,25.500000000000004,25.067057548285376,0.9718770335326482,24.0,27.0,-1.4999999999999964,-0.0004087343585196,16.5,14.669639337800552,1.08629849968934,13.5,16.5,1.5,0.0006129478490432,18.0,15.810011824990148,1.1322203063411074,13.5,18.0,3.0,0.0006648071445313,15.0,12.51985612928656,1.1320101517376278,10.500000000000002,15.0,4.499999999999998,0.0006314669714397,100.0,100.0,0.0,100.0,100.0,0.0,1.6478886121260018e-18,1.0,1.0,0.0,1.0,1.0,0.0,-2.010216582096632e-19,1.0,1.0,0.0,1.0,1.0,0.0,-2.010216582096632e-19,1.0,1.0,0.0,1.0,1.0,0.0,-2.010216582096632e-19,1.0,1.0,0.0,1.0,1.0,0.0,-2.010216582096632e-19,0.0,1.9038234134804888,6.31686254632816,0.0,23.0,0.0,-3.243988056217898e-05,10.095,9.646739357508867,0.3195097331233663,8.767,10.688,0.6820000000000004,8.228908425616305e-05,3.365,3.215560603074497,0.1065141105111838,2.922,3.562,0.2270000000000003,2.747431031256691e-05,0.7235737,1,0.692888307468758,0.668606698513031
batch_dist_ternary_butan-1-ol+propan-2-ol+water__operating_point_031__train_normal_experiment_001,batch_dist_ternary_butan-1-ol+propan-2-ol+water,operating_point_031,train_normal_experiment_001,0.4,5209,217.0,0.9094380882861072,1.0,1.0,0.0,1.0,1.0,0.0,1.0596853536925218e-19,1.0,1.0,0.0,1.0,1.0,0.0,1.0596853536925218e-19,366.729,363.8720187176041,3.36029382361115,353.875,366.821,12.83099999999996,0.0019348060254181,99.388,94.22973651372624,2.3275673565780592,91.176,99.388,8.105000000000004,0.0015235386964359,89.464,84.08710923401804,2.4885375385346453,80.613,89.464,8.828999999999994,0.0016314825238727,94.29,89.16562430408908,2.2116174516408145,86.649,94.29,7.068000000000012,0.0014163515279354,94.253,89.18696640430025,2.2302310568904278,86.64,94.274,7.165000000000006,0.0014359694770872,89.175,84.14282894989441,2.255887441667023,81.481,89.196,7.245999999999995,0.0014548487682782,80.277,77.0018217508159,1.5459707435711856,74.284,80.341,5.992999999999995,0.0010172143899154,71.63,71.43668228066807,0.1314918137264779,71.083,71.693,0.5259999999999962,8.587225871838658e-05,70.93,70.93279458629296,0.0191425636678228,70.888,71.015,0.0,5.151892123828355e-06,71.183,71.18886177769245,0.0160512562083576,71.12,71.226,0.0,3.5141911310268254e-06,0.263,0.2661155692071414,0.0057292268738084,0.244,0.281,0.008,-7.896514918974351e-08,0.605,0.6167459205221731,0.0114868189738688,0.558,0.642,0.031,5.990727035175574e-07,0.876,0.8916045306200805,0.0664416695796577,0.655,1.069,-0.033,7.111819584401804e-06,2.216,2.0000144941447493,0.1338570124435809,1.404,2.343,0.8120000000000003,-1.5065784326271665e-06,698.78,699.0978373008254,0.6937641924494125,696.77,700.602,-0.0450000000000727,-8.347701449177837e-05,5.464,5.065349107314264,0.4175048726179068,4.44,5.994,-0.3899999999999997,-7.669406088559659e-06,157.5,157.5,0.0,157.5,157.5,0.0,1.866096706348954e-17,22.5,23.123440199654443,0.8093928043739667,21.000000000000004,25.500000000000004,-3.000000000000004,-0.000320642577517,16.5,14.37022461124976,1.0626512370500132,13.5,16.5,3.0,0.0005766884896129,18.0,15.26924553657132,1.2997727945758186,13.5,18.0,4.5,0.0007388204844465,15.0,12.062056056824726,1.1747305707796347,10.500000000000002,15.0,4.499999999999998,0.0006487249945477,100.0,100.0,0.0,100.0,100.0,0.0,5.2619569702806095e-18,1.0,1.0,0.0,1.0,1.0,0.0,1.0596853536925218e-19,1.0,1.0,0.0,1.0,1.0,0.0,1.0596853536925218e-19,1.0,1.0,0.0,1.0,1.0,0.0,1.0596853536925218e-19,1.0,1.0,0.0,1.0,1.0,0.0,1.0596853536925218e-19,0.0,2.180360913803033,6.607286113035577,0.0,23.0,0.0,-6.692251470037831e-05,10.08,10.057826262238434,0.2279171946203999,8.97,10.552,1.0199999999999996,-1.7006609589139004e-06,3.36,3.3527112689575738,0.0759910843005152,2.99,3.517,0.3399999999999998,-6.167976201303738e-07,0.69379926,1,0.692888307468758,0.668606698513031
batch_dist_ternary_butan-1-ol+propan-2-ol+water__operating_point_035__train_normal_experiment_001,batch_dist_ternary_butan-1-ol+propan-2-ol+water,operating_point_035,train_normal_experiment_001,0.4,1723,71.75,0.6734789655266796,1.0,0.9988392338943702,0.0340502382910566,0.0,1.0,0.0,-3.777038711648823e-07,1.0,1.0,0.0,1.0,1.0,0.0,3.33149001294861e-19,445.9,445.1018862449217,2.134070055722193,442.1,447.6,3.099999999999966,0.0037826199315008,75.7,78.58360417875798,4.859635964266704,74.7,90.9,-5.200000000000003,-0.0080691701392236,81.9,81.3145966337783,0.3380369009556577,80.7,81.9,1.2000000000000028,0.0006756597927111,80.4,94.78070226349392,22.564573886728876,30.8,127.0,49.60000000000001,0.0050168207017342,75.5,92.04222286709228,21.828627177921085,33.2,128.8,42.3,-0.0040038611470296,88.3,98.3521474172954,22.017845833433345,35.8,127.3,52.5,0.0106465020626314,78.9,78.79071387115494,0.31709965179604,78.3,79.6,-0.1999999999999886,-0.0001221660884411,74.5,74.67426001160766,0.1432783626842003,74.5,75.1,-0.2000000000000028,-0.0002345051901695,74.2,74.28456181079511,0.0602246913302288,74.2,74.5,-0.0999999999999943,-8.57964900293746e-05,74.1,74.10966337782939,0.0316099703551112,74.0,74.2,0.0,-9.121313889941137e-06,0.6,0.2921067904817179,0.4598427980588707,0.0,2.2,0.5,4.6487370185466825e-05,0.9,0.3805571677307023,0.411390113364133,0.0,1.6,0.4,-7.53765551587306e-07,1.0,1.0342426001160767,0.0713019890790898,0.8,1.3,-0.1,-1.7736481132722128e-05,2.9,2.944457341845617,0.1469551035047688,2.4,3.3,-0.1,-5.570346194125159e-05,799.3,799.9795995356936,0.4938304354163357,798.2,801.5,-0.5,-7.443933344314204e-06,5.8,6.504120719674986,0.3683666501042925,5.8,7.3,-1.0,2.0445274765291794e-06,210.0,210.0,0.0,210.0,210.0,0.0,5.222211015566938e-17,0.0,1.4852002321532212,6.156706378697921,0.0,91.5,-91.5,-3.171304925726368e-05,0.0,26.02539175856065,47.05970881361164,0.0,136.5,-66.0,-0.0692620667155379,0.0,32.0937318630296,53.82484591618823,0.0,150.0,-69.0,-0.0822095859215569,0.0,29.61433546140453,49.618488488002846,0.0,139.5,-61.49999999999999,-0.0754374141612235,0.0,0.0,0.0,0.0,0.0,0.0,0.0,0.0,0.4706906558328497,0.4991402231282223,0.0,1.0,0.0,-1.891099941284143e-05,1.0,1.0,0.0,1.0,1.0,0.0,3.33149001294861e-19,1.0,1.0,0.0,1.0,1.0,0.0,3.33149001294861e-19,1.0,1.0,0.0,1.0,1.0,0.0,3.33149001294861e-19,0.0,8.47501450957632,3.978310455077685,0.0,19.8,-10.8,-0.0003239631790618,0.4,6.623969820081255,6.549037315069103,0.0,25.9,-0.6,0.0001591557311581,0.0,16.59680789320952,32.480926341429026,0.0,100.0,-4.1,0.0036805008865695,0.72762275,1,0.692888307468758,0.668606698513031
batch_dist_ternary_butan-1-ol+propan-2-ol+water__operating_point_002__test_anormal_experiment_001,batch_dist_ternary_butan-1-ol+propan-2-ol+water,operating_point_002,test_anormal_experiment_001,0.4,1584,65.98333333333333,0.6553497732854644,1.0,0.9968434343434344,0.0560945786134582,0.0,1.0,0.0,4.847593531380455e-06,1.0,1.0,0.0,1.0,1.0,0.0,-8.53975133941598e-19,442.8,440.20233585858585,1.913822223551766,436.1,442.9,6.699999999999989,0.0040927368646519,69.8,70.30871212121212,0.3398601286188086,69.7,70.8,-0.2999999999999971,-3.945919998978807e-05,70.7,70.45467171717172,0.1379536348259713,70.1,70.7,0.6000000000000085,0.0002833065908008,70.0,70.03005050505051,0.0931681301709042,69.8,70.3,0.0999999999999943,0.0001475727641753,70.0,70.03491161616162,0.075876143536647,69.9,70.3,-0.2999999999999971,-0.0001025263767361,70.0,69.99791666666665,0.0488706096739003,69.9,70.1,-0.0999999999999943,1.2815702737482335e-06,68.0,68.01502525252525,0.2538869536248277,67.8,69.0,-0.9000000000000057,-0.0002262318005396,63.3,63.616161616161605,0.5628807704647628,63.3,65.3,-1.7999999999999972,-0.0009291389013236,63.3,63.35239898989898,0.1169123059036438,63.3,63.9,-0.6000000000000014,-0.0001649135920604,63.3,63.28851010101009,0.0318900003165835,63.2,63.3,0.0,-1.7955872919223457e-05,0.1,0.113510101010101,0.1424685058196893,0.0,2.3,0.0,-4.388951701784686e-06,0.7,0.499179292929293,0.220806792402809,0.0,1.2,0.0999999999999999,1.3574318666275057e-05,0.6,0.5981060606060605,0.0503417498846719,0.4,0.8,0.0,-8.333754535013637e-06,3.0,3.007638888888889,0.0766138217267193,2.8,3.2,-0.2000000000000001,-2.5717306461450355e-05,500.3,499.9993055555556,0.391698287014309,498.7,501.2,0.1999999999999886,8.899432920323043e-06,6.4,6.505050505050505,0.3866127803030885,5.7,7.3,-0.3999999999999994,7.033011281621538e-06,210.0,210.0,0.0,210.0,210.0,0.0,-8.154883061481765e-18,24.0,8.252840909090908,10.615302681513356,0.0,31.5,9.0,-4.5999299627657705e-05,9.0,9.25378787878788,0.5623820149704006,9.0,10.500000000000002,0.0,-0.0003566627131076,10.500000000000002,10.398674242424242,0.5380046467667432,9.0,12.0,0.0,-0.0005058156629415,7.5,7.865530303030303,0.6439588900791955,7.5,9.0,0.0,1.0774610723596072e-05,0.0,0.0,0.0,0.0,0.0,0.0,0.0,1.0,0.5050505050505051,0.4999744917480639,0.0,1.0,0.0,3.979223615700278e-05,1.0,1.0,0.0,1.0,1.0,0.0,-8.53975133941598e-19,1.0,1.0,0.0,1.0,1.0,0.0,-8.53975133941598e-19,1.0,1.0,0.0,1.0,1.0,0.0,-8.53975133941598e-19,27.4,22.539583333333333,3.468098491914728,9.5,32.1,1.599999999999998,-0.0004784885810261,7.5,8.318686868686868,3.786708118761764,0.0,19.1,-7.0,0.0001783681928298,1.7,1.7782196969696968,0.8176781690230441,0.0,4.2,-1.2,0.0002110916382076,0.6800019,2,0.694341163307552,0.6675778031349182
batch_dist_ternary_butan-1-ol+propan-2-ol+water__operating_point_002__test_anormal_experiment_002,batch_dist_ternary_butan-1-ol+propan-2-ol+water,operating_point_002,test_anormal_experiment_002,0.4,598,24.866666666666667,0.6700755060336872,1.0,0.9983277591973244,0.0408588351935472,0.0,1.0,0.0,1.4954645478243923e-05,1.0,1.0,0.0,1.0,1.0,0.0,-3.0260241751047463e-19,437.6,436.9443143812708,0.3898710637055784,436.1,437.6,1.5,0.0021935883626928,69.8,70.28695652173913,0.3734908559982731,69.7,70.9,-0.7000000000000028,3.876423675934224e-05,69.2,69.19632107023412,0.0242584452251365,69.1,69.3,0.0,5.208032445898863e-05,70.1,70.02491638795986,0.0462425230220837,69.9,70.2,0.0999999999999943,0.0001860015596038,70.0,70.01939799331105,0.0439478118135256,69.9,70.1,-0.0999999999999943,-2.866353812494941e-05,70.0,70.00401337792643,0.0531667392470883,69.9,70.1,0.0,7.737696303918697e-05,67.8,67.78143812709031,0.0393076198860656,67.6,67.8,0.0,-5.372729948651244e-05,63.4,63.41505016722408,0.0413919291363781,63.3,63.6,-0.2000000000000028,-0.0001586146375565,63.4,63.380100334448144,0.0399245521716765,63.3,63.4,0.0,-2.6455413173462308e-05,63.3,63.30000000000001,1.4210854715202004e-14,63.3,63.3,0.0,-8.303905325788776e-17,0.1,0.1372909698996655,0.2550441347183723,0.0,2.7,-0.1,-0.000248216251693,0.5,0.4994983277591973,0.2307826204248929,0.0,1.2,-0.4,2.2190673749986418e-05,0.7,0.6239130434782608,0.0561895305334842,0.5,0.8,0.0999999999999999,-1.2252708593525992e-05,3.1,2.996822742474916,0.0778468955600137,2.8,3.2,0.0,-5.277615036508381e-06,499.8,499.9984949832776,0.3142880830364274,499.0,501.0,0.0,1.20675291186895e-05,6.8,6.630769230769229,0.3868962470002602,5.8,7.3,0.3999999999999994,-7.497524136391612e-05,210.0,210.0,0.0,210.0,210.0,0.0,-3.620139819912968e-16,31.5,10.58277591973244,12.25336296695545,0.0,34.5,31.5,-0.0017334903168951,9.0,9.12541806020067,0.4152076594627141,9.0,10.500000000000002,0.0,-0.0004663997594462,10.500000000000002,10.605351170568564,0.3833117356834724,10.500000000000002,12.0,0.0,-0.0006998942428795,7.5,7.926421404682274,0.6766068966927602,7.5,9.0,0.0,-0.0013797554334674,0.0,0.0,0.0,0.0,0.0,0.0,0.0,0.0,0.4866220735785953,0.499820999043321,0.0,1.0,0.0,6.70854734305464e-05,1.0,1.0,0.0,1.0,1.0,0.0,-3.0260241751047463e-19,1.0,1.0,0.0,1.0,1.0,0.0,-3.0260241751047463e-19,1.0,1.0,0.0,1.0,1.0,0.0,-3.0260241751047463e-19,21.8,23.558695652173917,2.625896815305188,15.0,30.3,-2.8999999999999986,9.677030441736889e-06,13.4,8.211036789297658,3.9695385183688257,0.0,20.0,2.3000000000000007,0.0004422029747174,2.8,1.758361204013378,0.8479891559814285,0.0,4.4,0.3999999999999999,0.0002266063681145,0.67002046,2,0.694341163307552,0.6675778031349182
batch_dist_ternary_butan-1-ol+propan-2-ol+water__operating_point_002__test_anormal_experiment_003,batch_dist_ternary_butan-1-ol+propan-2-ol+water,operating_point_002,test_anormal_experiment_003,0.4,1428,59.45,0.6751905551408042,1.0,0.9992997198879552,0.0264535388900897,0.0,1.0,0.0,2.482869467862313e-06,1.0,1.0,0.0,1.0,1.0,0.0,1.3427980357501416e-19,440.4,438.1567226890757,1.4919345397831008,434.8,440.4,5.599999999999966,0.0035861274677495,70.7,70.31064425770309,0.3579125235818698,69.7,70.9,-0.0999999999999943,-1.1403754217614845e-05,72.5,69.6812324929972,0.3742565279966762,69.4,72.5,3.0,0.00051324723775,70.0,70.05553221288515,0.0700454810141897,69.9,70.2,0.0,9.067501110810412e-05,70.1,70.04877450980393,0.0686777651695306,69.9,70.3,0.0999999999999943,7.729811399951549e-05,70.0,69.99936974789917,0.0403888034404787,69.9,70.1,-0.0999999999999943,3.885433158099863e-06,61.8,67.88872549019608,1.0204795380945064,61.8,68.3,-6.200000000000003,-0.0007776571764857,60.5,63.23795518207282,0.483018947157854,60.5,63.5,-3.0,-0.0005497905432772,62.0,63.31929271708682,0.2323362417379011,61.9,63.5,-1.3999999999999986,-0.0002371696325995,62.6,63.28739495798319,0.0782919428927199,62.6,63.4,-0.6999999999999957,-5.472079469357721e-05,0.0,0.105672268907563,0.1219130155013547,0.0,3.4,-0.1,-4.003498237391435e-07,0.0,0.6160714285714286,0.4089615964059876,0.0,3.0,-0.6,-0.0001796003719185,1.6,0.7422619047619047,0.2913217176432296,0.5,2.3,0.9000000000000001,0.0002951257126675,2.9,2.994187675070028,0.0736539228574947,2.7,3.3,-0.2000000000000001,-2.6069511270779383e-05,688.3,505.7826330532213,26.17499640302501,497.8,688.3,188.49999999999997,0.0235299103303895,7.3,6.750910364145658,0.3697307830156843,5.8,7.8,0.5,1.2171829715770808e-05,210.0,210.0,0.0,210.0,210.0,0.0,2.0913539605508184e-17,0.0,9.141806722689076,11.297744443421545,0.0,33.0,0.0,-0.0008124330086274,9.0,8.971113445378151,0.5079004192453893,7.5,10.500000000000002,0.0,-0.0005410239535831,10.500000000000002,10.392857142857142,0.584347143942583,9.0,12.0,0.0,-0.0007054233950351,7.5,7.93172268907563,0.6791167450083615,7.5,9.0,0.0,-0.0002297354818452,0.0,0.0,0.0,0.0,0.0,0.0,0.0,1.0,1.0,0.0,1.0,1.0,0.0,1.3427980357501416e-19,1.0,1.0,0.0,1.0,1.0,0.0,1.3427980357501416e-19,1.0,1.0,0.0,1.0,1.0,0.0,1.3427980357501416e-19,1.0,1.0,0.0,1.0,1.0,0.0,1.3427980357501416e-19,0.0,14.567752100840336,10.610501187887111,0.0,38.0,-5.2,-0.0021265804808621,5.0,8.903571428571428,3.6237034565063793,0.0,24.3,-10.8,-0.0014970590236013,1.0,1.94016106442577,0.7876061583527135,0.0,5.1,-2.5,-0.0002385640230818,0.6890824,2,0.694341163307552,0.6675778031349182
batch_dist_ternary_butan-1-ol+propan-2-ol+water__operating_point_002__test_anormal_experiment_004,batch_dist_ternary_butan-1-ol+propan-2-ol+water,operating_point_002,test_anormal_experiment_004,0.4,1963,81.75,0.6669373851913899,1.0,0.999490575649516,0.0225646811924096,0.0,1.0,0.0,8.74122016220659e-07,1.0,1.0,0.0,1.0,1.0,0.0,8.399754725605916e-19,438.4,438.1279164544064,0.6634440536912319,436.2,439.0,2.1999999999999886,0.0009716492849487,70.2,70.27957208354559,0.3288402880943228,69.7,70.8,-0.2999999999999971,2.3028911092296785e-05,69.9,69.67172694854814,0.1107121522891881,69.5,69.9,0.4000000000000057,0.0001864034264237,70.0,69.9970453387672,0.024754144796169,69.9,70.1,0.0,-5.014065416476444e-06,70.0,70.02638818135506,0.0683593193271598,69.9,70.3,-0.0999999999999943,-6.756566578300472e-05,69.9,69.99872643912379,0.0417816175471264,69.9,70.1,-0.0999999999999943,-2.15468697349504e-06,68.3,68.14712175241979,0.0789359894054629,68.0,68.3,0.2999999999999971,0.0001147474724476,63.3,63.335354049923566,0.0529632795798457,63.3,63.5,-0.2000000000000028,-5.731162755425409e-05,63.3,63.29938869077941,0.0230092943294686,63.2,63.4,-0.1000000000000014,-8.351434718660942e-06,63.2,63.21100356597047,0.0312934199629747,63.2,63.3,-0.0999999999999943,-1.1578547251162607e-05,0.1,0.1217524197656648,0.1804522135171045,0.0,2.6,0.0,1.789078697953914e-05,0.5,0.4993377483443709,0.2043454805761905,0.0,1.8,-0.0999999999999999,9.47668834137091e-06,0.6,0.5981151299032094,0.0579977777282643,0.4,0.8,0.0,3.045466487365754e-06,2.9,2.9994396332144677,0.0709781150450755,2.7,3.3,-0.1,-2.418827292435152e-06,499.2,499.8308201732043,0.8754957490954645,497.6,501.9,-1.1000000000000227,-2.750708101501671e-05,6.4,6.716403464085583,0.3861666886059916,5.8,7.8,-0.8999999999999995,4.281135522637504e-06,210.0,210.0,0.0,210.0,210.0,0.0,3.820151129750621e-17,6.0,8.764645950076414,10.752655287675497,0.0,31.5,6.0,-0.0008607143170915,9.0,8.741721854304636,0.5663122972346712,7.5,9.0,0.0,6.23751895349558e-05,10.500000000000002,9.994141619969437,0.7091508086427747,9.0,10.500000000000002,0.0,0.0003290403091167,9.0,7.918746816097809,0.6728828487594714,7.5,9.0,0.0,0.0001937290765767,0.0,0.0,0.0,0.0,0.0,0.0,0.0,1.0,1.0,0.0,1.0,1.0,0.0,8.399754725605916e-19,1.0,1.0,0.0,1.0,1.0,0.0,8.399754725605916e-19,1.0,1.0,0.0,1.0,1.0,0.0,8.399754725605916e-19,1.0,1.0,0.0,1.0,1.0,0.0,8.399754725605916e-19,0.4,12.748802852776365,11.233984914487932,0.0,36.7,-29.0,-0.0018151419705352,4.8,8.341467142129394,3.502797410171528,0.0,22.7,-2.7,0.0001089359095038,1.0,1.806826286296485,0.7608507075414939,0.0,4.8,-0.7,7.49079734335963e-06,0.6722967,2,0.694341163307552,0.6675778031349182
batch_dist_ternary_butan-1-ol+propan-2-ol+water__operating_point_002__test_anormal_experiment_005,batch_dist_ternary_butan-1-ol+propan-2-ol+water,operating_point_002,test_anormal_experiment_005,0.4,1533,63.85,0.4339862097948845,1.0,0.9993476842791912,0.0255321406272419,0.0,1.0,0.0,-8.027346484806573e-07,1.0,1.0,0.0,1.0,1.0,0.0,3.3120250377196736e-19,440.6,440.04481409001954,1.579597426979852,436.1,441.8,4.5,0.0028617187111073,70.7,70.29549902152641,0.3565425617449302,69.7,70.9,0.5,1.402787125341007e-05,69.7,69.50313111545988,0.1253955792756924,69.2,69.7,0.5,0.0002654566872995,70.0,70.01539465101109,0.105975068256955,69.9,70.3,0.0999999999999943,0.000176537004192,70.0,70.0191128506197,0.0417334244868727,69.9,70.2,-0.0999999999999943,-5.848171727867565e-05,70.0,69.99569471624265,0.0419018292246141,69.9,70.1,0.0,2.362704545867154e-05,67.1,67.40476190476191,0.4583324649901552,66.8,68.2,-1.1000000000000083,-0.0008557227962337,63.3,63.67338551859099,0.6276381394994106,63.2,65.3,-1.9000000000000057,-0.0011337177990407,63.3,62.88264840182648,0.9376165976594648,61.1,64.4,-1.1000000000000083,0.0001144706270432,63.2,62.68251793868232,0.9209355550986928,60.8,63.3,0.0,0.0003632127801538,0.1,0.1083496412263535,0.140572690818597,0.0,2.4,0.0,1.118399223736275e-05,0.8,0.4890410958904109,0.1885085667022317,0.0,1.2,0.4,1.2360115077108507e-05,0.7,0.626320939334638,0.0634435308230277,0.4,0.8,0.0999999999999999,1.1694444871718452e-05,3.1,3.0088388780169604,0.0679238916532254,2.8,3.2,0.1,-2.384704804591948e-05,500.3,499.8522831050228,0.8500343453144895,496.5,502.2,0.9000000000000341,1.4136956563301874e-05,6.8,6.869667318982385,0.354340829668154,5.9,7.8,0.0,-3.327151921249476e-05,210.0,210.0,0.0,210.0,210.0,0.0,6.551481463893054e-17,0.0,9.493150684931509,11.384038507253594,0.0,36.0,-9.0,-0.0015742858870901,9.0,9.21477495107632,0.525040207423861,9.0,10.500000000000002,-1.5000000000000018,-0.0003432864746586,10.500000000000002,10.33463796477495,0.479066500994093,9.0,12.0,0.0,-0.0004942963504864,7.5,7.796477495107632,0.5973418933543437,7.5,9.0,0.0,2.101932364829668e-05,0.0,0.0,0.0,0.0,0.0,0.0,0.0,1.0,1.0,0.0,1.0,1.0,0.0,3.3120250377196736e-19,1.0,1.0,0.0,1.0,1.0,0.0,3.3120250377196736e-19,1.0,1.0,0.0,1.0,1.0,0.0,3.3120250377196736e-19,1.0,1.0,0.0,1.0,1.0,0.0,3.3120250377196736e-19,32.3,15.548271363339856,13.03788618364619,0.0,39.1,32.3,-0.0033356629070328,12.1,8.217286366601435,3.40060927652508,0.0,19.0,5.6,0.0003124796172849,2.6,1.813796477495108,0.7519839836139185,0.0,4.3,1.2000000000000002,1.266072421414443e-05,0.6622022,2,0.694341163307552,0.6675778031349182
batch_dist_ternary_butan-1-ol+propan-2-ol+water__operating_point_002__test_anormal_experiment_006,batch_dist_ternary_butan-1-ol+propan-2-ol+water,operating_point_002,test_anormal_experiment_006,0.4,4478,186.56666666666663,0.6822258302481301,1.0,0.9995533720410896,0.0211288542608572,0.0,1.0,0.0,1.2521852705186508e-07,1.0,1.0,0.0,1.0,1.0,0.0,9.888932049361969e-20,443.5,441.8241067440822,0.9087584570301594,439.0,443.5,4.5,0.0006485648806614,70.0,70.27737829388118,0.3221669113927969,69.7,70.9,-0.2999999999999971,-6.871263102737916e-06,70.8,70.16573246985261,0.313480849261487,69.6,70.8,1.2000000000000028,0.0002409101793314,70.0,70.0001674854846,0.0186788661730584,69.9,70.1,0.0,-3.684692136970274e-07,70.0,70.01173514962038,0.0732253459699442,69.9,70.3,0.0,-2.0399905506658437e-05,70.0,70.00312639571237,0.0282203670366374,69.9,70.1,0.0,-6.929114863933973e-08,69.0,68.52912014292095,0.2540967298850095,68.1,69.0,0.7999999999999972,0.0001926653283995,63.3,63.32061188030371,0.0404378764380515,63.3,63.4,-0.1000000000000014,6.581656839276254e-08,63.4,63.33009155873158,0.0458473457401394,63.3,63.4,0.0,1.6364638244265226e-06,63.3,63.299196069673975,0.0089301023865747,63.2,63.3,0.0,2.0312930830898012e-09,0.1,0.1092340330504689,0.1290106240569127,0.0,2.3,0.1,9.453764926439608e-07,0.6,0.5093568557391692,0.1883337931158847,0.0,1.5,0.5,2.550435457019659e-06,0.6,0.621203662349263,0.0623784432206929,0.5,0.9,0.0,1.0574717973304226e-06,3.0,2.9984256364448414,0.0668075046948307,2.8,3.3,0.1,-5.019331869977992e-07,498.3,499.8981799910674,0.8831599881928511,497.4,502.2,-0.1999999999999886,1.3587924088669951e-05,7.3,6.965107190710138,0.3908884357662985,6.2,7.8,0.5,-1.7467079128305874e-05,210.0,210.0,0.0,210.0,210.0,0.0,-2.4957855330254776e-17,13.5,8.254187137114783,10.238743522167368,0.0,33.0,10.5,-0.0005441757473047,9.0,8.580783832067887,0.6728337195044205,7.5,9.0,0.0,-7.915082138323238e-05,9.0,9.667094685127289,0.7448136746675328,9.0,10.500000000000002,-1.5000000000000018,-6.72939164752445e-05,7.5,7.634993300580616,0.4280909328188672,7.5,9.0,0.0,-1.9337642797718453e-05,0.0,0.0,0.0,0.0,0.0,0.0,0.0,1.0,1.0,0.0,1.0,1.0,0.0,9.888932049361969e-20,1.0,1.0,0.0,1.0,1.0,0.0,9.888932049361969e-20,1.0,1.0,0.0,1.0,1.0,0.0,9.888932049361969e-20,1.0,1.0,0.0,1.0,1.0,0.0,9.888932049361969e-20,14.6,14.924966502903082,10.704159340525296,0.0,38.2,14.6,0.0007991496911503,8.1,8.518121929432782,3.360978787012796,0.0,22.8,5.8,6.571622317135911e-05,1.8,1.850234479678428,0.7286567471434922,0.0,5.0,1.3,-1.2031044856907694e-05,0.653215,2,0.694341163307552,0.6675778031349182
batch_dist_ternary_butan-1-ol+propan-2-ol+water__operating_point_004__test_anormal_experiment_002,batch_dist_ternary_butan-1-ol+propan-2-ol+water,operating_point_004,test_anormal_experiment_002,0.4,2815,117.25,0.9760909999802094,1.0,1.0,0.0,1.0,1.0,0.0,4.08131186848952e-19,1.0,1.0,0.0,1.0,1.0,0.0,4.08131186848952e-19,441.901,359.99766642984014,95.25747590052242,159.31,441.924,200.028,0.0997551613255534,101.664,85.25256198934281,9.460193476659535,69.832,101.707,24.739999999999995,0.0110829950172581,96.635,84.02431456483126,6.420611173999401,76.968,96.678,17.245000000000005,0.0072857170278512,90.467,74.7895056838366,8.777474234392415,60.929,90.467,22.989999999999995,0.010326064285172,93.418,77.58742877442273,9.167461780970504,62.57,93.418,24.587000000000003,0.0108233265748946,88.084,72.53282593250442,8.250159501057086,60.648,88.105,22.299000000000007,0.0097139013171481,95.756,80.42537211367673,8.91587825136248,65.844,95.756,20.41,0.0101541434392856,87.021,66.75841154529307,4.584119899516992,62.786,87.021,22.913,0.003964091909562,63.478,63.641644227353474,0.3664732868804806,62.843,65.085,-0.6769999999999996,-0.0001114137406136,63.146,63.3568918294849,0.3500080533378944,62.723,64.899,-0.9500000000000028,-0.0001750457886837,0.168,0.171928241563055,0.094558680421414,0.002,0.49,0.093,1.636609415538513e-05,0.246,0.2717785079928951,0.1357278140262494,0.002,0.807,0.0509999999999999,-8.889136174936052e-06,0.556,0.5034110124333925,0.1291074720292104,0.144,0.946,0.244,6.444254301790979e-05,0.87,0.6300891651865009,1.77119149403267,-2.166,6.924,-5.991,0.0006212205966961,499.193,503.93448436944936,9.85042226669414,496.411,543.827,-13.936000000000035,-0.0063133645478784,6.428,6.653797868561279,0.35035364548939,5.882,7.38,-0.455,1.065901996356145e-05,210.0,188.70159857904085,50.46222361662616,0.0,210.0,0.0,0.0299203549807075,24.0,21.587744227353465,7.396260979368072,0.0,39.0,1.5,0.0032885226431365,19.5,17.503907637655416,6.1179133717651935,0.0,36.0,-3.0,0.0014781102966087,21.000000000000004,17.770603907637657,5.812499096965295,0.0,31.5,3.000000000000004,0.002874096219139,15.0,13.944404973357017,4.600537358777289,0.0,24.0,1.5,0.002228877603617,0.0,0.0,0.0,0.0,0.0,0.0,0.0,1.0,1.0,0.0,1.0,1.0,0.0,4.08131186848952e-19,1.0,1.0,0.0,1.0,1.0,0.0,4.08131186848952e-19,1.0,0.7996447602131439,0.4002661835289205,0.0,1.0,0.0,0.0003105367863228,1.0,1.0,0.0,1.0,1.0,0.0,4.08131186848952e-19,0.0,4.62202486678508,8.417668014282292,0.0,33.0,-1.0,-0.0027522040454574,4.72,4.653986145648313,2.177160311074408,0.0,12.607,-3.3999999999999995,0.0003622651383567,2.36,2.101988454706927,1.2231953974122534,0.0,6.303,-1.6999999999999995,0.0004983899669965,0.7681355,2,0.694341163307552,0.6675778031349182
batch_dist_ternary_butan-1-ol+propan-2-ol+water__operating_point_004__train_normal_experiment_001,batch_dist_ternary_butan-1-ol+propan-2-ol+water,operating_point_004,train_normal_experiment_001,0.4,1536,63.98333333333333,0.6628950621746553,1.0,1.0,0.0,1.0,1.0,0.0,5.456243850418713e-20,1.0,1.0,0.0,1.0,1.0,0.0,5.456243850418713e-20,444.127,426.7123050130208,20.361535678993725,350.544,444.151,93.58300000000004,0.0388749614250167,91.69,85.31765462239582,3.0752121445099774,80.828,91.69,10.840000000000003,0.0068516577871712,87.335,82.28825553385417,2.5760587697344226,77.697,87.335,9.59599999999999,0.0057179049821093,80.549,74.84909309895833,3.134946804272193,70.007,80.549,10.521,0.0070395018642354,82.392,77.84534505208333,2.749600404694535,73.402,82.435,8.564999999999998,0.0061407897638647,77.384,72.14186588541666,2.866061184016996,67.783,77.427,9.579999999999998,0.0064164419068381,84.789,79.06953971354166,2.411463654117259,75.898,84.789,8.509,0.0052390404975983,63.835,64.54070963541666,0.6938272983857603,63.667,65.997,-1.3639999999999972,-0.0014116542031094,63.245,63.5734697265625,0.5220025276708128,63.224,65.276,-0.1910000000000025,-0.0007137924999509,63.209,63.46251236979166,0.4932260635010892,63.167,65.09,-0.1269999999999953,-0.00063811098926,0.155,0.1828404947916666,0.0498088986126493,0.004,0.304,0.0279999999999999,1.633107029854252e-05,0.409,0.3548053385416667,0.0794443401863581,0.11,0.595,0.1279999999999999,6.986743192881785e-05,0.426,0.5608089192708333,0.1103502964870032,0.326,0.99,0.0,-8.469550672844017e-05,0.556,1.0977376302083333,0.4681866196128294,0.099,2.466,-1.5670000000000002,-0.0003849801032988,498.699,504.2748238932292,11.871959593509295,495.029,544.302,-0.7090000000000032,-0.0147150316512389,6.422,6.780419596354167,0.3733426481877294,5.882,7.859,-0.9240000000000004,4.029756257297896e-05,210.0,210.0,0.0,210.0,210.0,0.0,-2.5569467526153145e-17,22.5,19.04638671875,4.0002955983134685,6.0,25.500000000000004,10.5,0.0065071573122214,16.5,13.625,3.925359507818997,1.5,22.5,13.5,0.0030791126824962,19.5,14.5556640625,3.85748652536804,4.5,21.000000000000004,13.5,0.0033989513419262,12.0,11.21484375,3.130734484603563,1.5,16.5,4.5,0.0036224365687101,0.0,0.0,0.0,0.0,0.0,0.0,0.0,1.0,1.0,0.0,1.0,1.0,0.0,5.456243850418713e-20,1.0,1.0,0.0,1.0,1.0,0.0,5.456243850418713e-20,1.0,1.0,0.0,1.0,1.0,0.0,5.456243850418713e-20,1.0,1.0,0.0,1.0,1.0,0.0,5.456243850418713e-20,0.0,5.575846354166667,10.62015557145043,0.0,31.0,0.0,-0.0054059804875503,7.153,6.134298828125,1.3380648793364731,2.06,9.08,1.9399999999999995,0.0009304511086733,1.937,2.310875325520833,0.5183055446489323,0.927,3.763,0.98,0.0001484341447537,0.77575547,2,0.694341163307552,0.6675778031349182
batch_dist_ternary_butan-1-ol+propan-2-ol+water__operating_point_009__test_anormal_experiment_001,batch_dist_ternary_butan-1-ol+propan-2-ol+water,operating_point_009,test_anormal_experiment_001,0.4,2942,122.53333333333332,0.7527630574755655,1.0,1.0,0.0,1.0,1.0,0.0,-6.511499515461711e-19,1.0,1.0,0.0,1.0,1.0,0.0,-6.511499515461711e-19,424.294,419.2195249830048,3.903240343583819,408.522,424.388,15.724999999999966,0.0044417018938147,80.145,77.49963511216859,1.3289864445369848,75.24,80.188,4.840999999999994,0.0015569017749267,70.203,67.65299694085655,1.1976872959709222,65.928,70.224,4.254000000000005,0.0013906356416711,75.116,72.70131050305915,1.0279466133212851,71.568,75.116,3.4210000000000065,0.0011477227109882,75.019,72.72276478585997,1.0700741909849232,71.381,75.04,3.616,0.0012292850182276,70.165,67.67876614547926,1.0535240832171104,66.465,70.186,3.63600000000001,0.0011850440158088,68.789,66.52296889870836,0.906118083890004,65.484,68.832,3.051000000000002,0.0010079369826556,62.891,64.2087409925221,1.0628666677487764,62.828,66.564,-3.652000000000008,-0.0011285462323411,62.315,63.4088468728756,1.2567650807288684,62.209,66.567,-4.251999999999995,-0.0013289809280652,61.287,62.67375407885792,1.291537296064834,61.266,65.597,-4.309999999999995,-0.0014103226788402,0.502,0.3710955132562882,0.1251156150041652,0.005,0.662,-0.0619999999999999,3.3330266731033075e-05,0.258,0.2333120326308633,0.1375825412644723,0.004,0.48,-0.0539999999999999,-8.764149892773033e-06,0.359,0.4952313052345343,0.0846428401165783,0.246,0.745,0.0169999999999999,-7.757716592741838e-08,2.09,2.075969578518015,0.826126878049647,-0.121,4.395,0.1829999999999998,-1.6566712955194484e-06,449.354,448.7029512236574,0.8455330140942955,446.016,450.772,-0.1709999999999922,-0.0001072137247144,2.735,3.2991939157036034,0.446241618361872,2.498,3.984,-0.8210000000000002,6.884927440597493e-06,210.0,210.0,0.0,210.0,210.0,0.0,-2.0342449757394334e-17,21.000000000000004,20.3512066621346,0.7409499791718389,19.5,21.000000000000004,1.5000000000000036,0.0003591635447941,10.500000000000002,9.661029911624745,0.7427761280491274,9.0,10.500000000000002,1.5000000000000018,0.0005535666961863,12.0,10.917063222297756,0.8420234818159889,9.0,12.0,1.4999999999999982,0.0007840091458381,9.0,7.768694765465669,0.8710585283762694,6.0,9.0,3.0,0.0007672748662422,0.0,0.0,0.0,0.0,0.0,0.0,0.0,1.0,1.0,0.0,1.0,1.0,0.0,-6.511499515461711e-19,1.0,1.0,0.0,1.0,1.0,0.0,-6.511499515461711e-19,1.0,1.0,0.0,1.0,1.0,0.0,-6.511499515461711e-19,1.0,1.0,0.0,1.0,1.0,0.0,-6.511499515461711e-19,36.0,2.363698164513936,8.834009026903548,0.0,37.0,36.0,-7.599552609380877e-05,4.5,4.544180829367777,2.2207850222746326,0.0,9.365,0.1749999999999998,-0.0002847099944232,4.5,4.799423861318831,2.0333624831998387,0.0,9.625,0.1749999999999998,0.000426686367087,0.66434324,2,0.694341163307552,0.6675778031349182
batch_dist_ternary_butan-1-ol+propan-2-ol+water__operating_point_009__test_anormal_experiment_002,batch_dist_ternary_butan-1-ol+propan-2-ol+water,operating_point_009,test_anormal_experiment_002,0.4,1828,76.11666666666666,0.607867836942207,1.0,1.0,0.0,1.0,1.0,0.0,-6.694286603768686e-19,1.0,1.0,0.0,1.0,1.0,0.0,-6.694286603768686e-19,425.353,423.2476556345733,1.5184286807841811,420.508,425.447,4.775000000000034,0.0028573447899287,83.54,82.6517147155361,0.3912736727230284,82.002,83.583,1.4950000000000043,0.0007100617445013,73.519,72.17868845733041,0.6979163209852742,71.101,73.541,2.3970000000000056,0.0013176004112782,78.518,77.42262718818381,0.4668616381879849,76.933,78.561,1.3529999999999944,0.0007903968167758,78.512,77.54438484682711,0.4362324419859896,77.042,78.554,1.406000000000006,0.0007822085138449,73.442,72.34615043763675,0.4464120603680415,71.803,73.442,1.340999999999994,0.0007753136542458,66.035,65.39672757111597,0.3556294019278281,64.468,66.035,1.566999999999993,0.0006668769932847,64.087,62.67051832603938,0.7051750745324431,61.717,64.087,2.3290000000000006,0.0013209763554974,61.005,60.95029403719912,0.0316498399044402,60.857,61.026,0.0429999999999992,-1.193421570542061e-05,61.055,61.06483315098468,0.0436214639557457,60.97,61.203,-0.1049999999999968,-6.440702050915307e-05,0.278,0.3017828227571116,0.0162218579853214,0.219,0.439,-0.002,1.1721643168778898e-05,0.308,0.3368063457330416,0.0496465100017645,0.285,2.125,0.001,1.7242515775606102e-05,0.561,0.5163944201312911,0.0749764263575323,0.286,0.725,0.0,-5.113163484209499e-06,1.993,1.9979130196936543,0.1914232770334501,1.315,4.383,0.399,-3.333004102195638e-05,448.61,448.5370385667396,1.0342931518037748,446.142,450.7,0.242999999999995,-3.167099327900325e-06,6.369,6.670591083150984,0.3916723535569492,5.843,7.805,0.0,-2.698613133428628e-05,210.0,210.0,0.0,210.0,210.0,0.0,5.32390880971601e-17,18.0,17.679978118161927,0.7222386480444415,16.5,19.5,-1.5,-0.0003441589085133,12.0,11.840809628008753,0.4619999820910805,10.500000000000002,12.0,0.0,7.360994528470382e-05,12.0,12.432439824945297,0.6785460056824006,12.0,13.5,0.0,0.0007005556914369,10.500000000000002,9.151394967177245,0.6671668202942845,7.5,10.500000000000002,3.0000000000000018,0.0007506041187068,0.0,0.0,0.0,0.0,0.0,0.0,0.0,1.0,1.0,0.0,1.0,1.0,0.0,-6.694286603768686e-19,1.0,1.0,0.0,1.0,1.0,0.0,-6.694286603768686e-19,1.0,1.0,0.0,1.0,1.0,0.0,-6.694286603768686e-19,1.0,1.0,0.0,1.0,1.0,0.0,-6.694286603768686e-19,42.0,3.4808533916849016,11.568848466964692,0.0,42.0,42.0,-0.0001334791709992,4.93,5.125834245076586,0.2474976822563029,4.44,7.72,0.3700000000000001,0.0001777131149016,3.63,3.825730306345733,0.2470328848415182,3.14,6.42,0.3700000000000001,0.0001779968677838,0.6333695,2,0.694341163307552,0.6675778031349182
batch_dist_ternary_butan-1-ol+propan-2-ol+water__operating_point_013__train_normal_experiment_001,batch_dist_ternary_butan-1-ol+propan-2-ol+water,operating_point_013,train_normal_experiment_001,0.4,1610,67.05,0.6950454537431681,1.0,0.9987577639751553,0.0352234705062306,0.0,1.0,0.0,-2.4354947393052744e-06,1.0,1.0,0.0,1.0,1.0,0.0,1.8564347554610265e-19,495.9,493.5349689440994,1.7720220372750235,489.732,495.972,6.1440000000000055,0.0036387223535498,85.699,85.47602732919253,0.107277766237426,85.186,85.763,0.3640000000000043,0.0002019214989581,75.382,74.52695776397516,0.4523773071560768,73.819,75.404,1.5420000000000016,0.0009695343100429,80.359,80.03168664596274,0.2223617305914125,79.745,80.74,-0.2960000000000065,-0.0001395852202936,80.515,80.07435652173913,0.1549733674906107,79.897,80.515,0.1920000000000072,9.619769022945592e-05,75.466,74.96187422360248,0.1948827076456595,74.72,75.487,0.3189999999999884,0.0002964689265628,72.607,72.05648509316771,0.3622665379224026,71.461,72.713,0.6370000000000005,0.0007571404726871,70.052,69.33575124223603,0.3548033985588236,68.833,70.115,1.156000000000006,0.0007539937955124,67.668,67.79624006211179,0.1156002723190777,67.625,68.112,-0.4019999999999868,-0.0002267574026478,67.416,67.60098291925465,0.1398886875146939,67.373,67.923,-0.402000000000001,-0.0002877228636733,0.44,0.4026677018633541,0.0170424154911933,0.327,0.44,0.1129999999999999,3.1344830234335535e-05,0.434,0.4066142857142857,0.0124553231761152,0.351,0.434,0.0369999999999999,2.200796577868224e-05,0.761,0.7756891304347826,0.0501305789310711,0.584,1.003,-0.022,4.229034615389405e-06,2.266,2.0194062111801245,0.0945384303135065,1.644,2.3,0.5389999999999999,1.526232395382571e-05,597.093,598.3192909937889,1.0882479231250424,595.433,601.086,-1.6159999999999854,-0.0003961630613472,4.878,5.000730124223602,0.4015595289277237,4.359,5.859,-0.5860000000000003,3.779271269926124e-05,280.0,280.0,0.0,280.0,280.0,0.0,1.5776013632883782e-16,16.5,18.418788819875772,1.2864726530633972,16.5,21.000000000000004,-4.500000000000004,-0.0023156842849191,12.0,12.1444099378882,0.4424485017167814,12.0,13.5,-1.5,6.1231702006906e-05,12.0,12.033540372670808,0.6678922161136498,10.500000000000002,13.5,1.4999999999999982,0.0008878327218825,9.0,9.609316770186336,0.7362129251006273,9.0,10.500000000000002,0.0,0.0003436419817557,0.0,0.0,0.0,0.0,0.0,0.0,0.0,1.0,1.0,0.0,1.0,1.0,0.0,1.8564347554610265e-19,1.0,1.0,0.0,1.0,1.0,0.0,1.8564347554610265e-19,1.0,1.0,0.0,1.0,1.0,0.0,1.8564347554610265e-19,1.0,1.0,0.0,1.0,1.0,0.0,1.8564347554610265e-19,0.0,2.0586956521739133,8.4357345223885,0.0,37.0,0.0,-0.0001400416663692,6.76,6.224981366459627,0.2548450076294624,5.485,6.845,1.125,0.0004806521904108,5.46,4.925687888198758,0.255253596848773,4.185,5.545,1.125,0.000481234347696,0.58587235,2,0.694341163307552,0.6675778031349182
batch_dist_ternary_butan-1-ol+propan-2-ol+water__operating_point_018__test_anormal_experiment_001,batch_dist_ternary_butan-1-ol+propan-2-ol+water,operating_point_018,test_anormal_experiment_001,0.4,3544,147.63333333333333,0.678697259715983,1.0,1.0,0.0,1.0,1.0,0.0,-1.7518894966004936e-19,1.0,1.0,0.0,1.0,1.0,0.0,-1.7518894966004936e-19,393.463,391.33751735327314,1.4136691518839792,388.25,393.579,5.165999999999997,0.0013692622007197,77.265,76.63016281038375,0.4436622442265591,75.709,77.372,1.2360000000000042,0.0004021807483527,67.039,66.51313346501128,0.3189629899077368,65.949,67.103,1.0679999999999978,0.0003109749204761,72.075,71.55009170428893,0.2842225263212406,71.125,72.138,0.8440000000000083,0.0002730071257943,72.019,71.56480516365689,0.2649456318624156,71.19,72.126,0.722999999999999,0.0002512619529577,67.06,66.53632590293454,0.2920532380298343,66.04,67.145,0.9140000000000016,0.0002817203803482,63.071,60.85229655756208,0.4646616617291833,60.449,63.685,2.600999999999999,0.0002934164767449,57.818,58.04277976862303,0.3887438167216778,56.562,58.405,-0.2730000000000032,-0.0001613836898316,57.478,57.92957054176073,0.3802656280837965,56.444,58.343,-0.5060000000000002,-0.0001554339168774,57.215,58.201678188487584,0.3810212608874977,56.73,58.564,-1.032999999999994,-0.0001542296513831,0.091,0.0998040349887133,0.0270831460146887,0.005,1.015,-0.007,-1.8345982987767853e-06,0.517,0.5325464164785553,0.0713158928891765,0.142,1.484,0.014,9.294609803110122e-06,0.251,0.3931481376975169,0.0725102277904941,0.117,1.116,-0.091,-2.5344119653909597e-05,1.734,2.0035228555304743,0.1376457837353102,1.423,2.653,-0.5110000000000001,-5.205351358731932e-06,397.838,399.2875266647856,0.8283065237577883,397.129,412.725,-2.5569999999999595,7.785444009864871e-06,3.902,3.7945579853273146,0.3172724064000384,2.727,4.878,0.266,1.8258904731807545e-05,175.0,175.0,0.0,175.0,175.0,0.0,-5.0776718255946925e-17,16.5,18.21522291196388,1.2897900882527171,16.5,21.000000000000004,-3.0,-0.0009989255998408,9.0,9.51530756207675,0.7117765553693913,9.0,10.500000000000002,0.0,-1.3624627489399131e-06,9.0,10.040984762979685,0.6906766775456747,9.0,10.500000000000002,-1.5000000000000018,5.565403041612471e-06,6.0,7.344032167042889,0.4573287959810238,6.0,7.5,-1.5,2.8649931790124368e-05,0.0,0.0,0.0,0.0,0.0,0.0,0.0,1.0,1.0,0.0,1.0,1.0,0.0,-1.7518894966004936e-19,1.0,1.0,0.0,1.0,1.0,0.0,-1.7518894966004936e-19,1.0,1.0,0.0,1.0,1.0,0.0,-1.7518894966004936e-19,1.0,1.0,0.0,1.0,1.0,0.0,-1.7518894966004936e-19,0.0,7.272573363431151,14.79953226385268,0.0,39.0,0.0,0.0012151302173359,8.794,8.90881066591422,0.3424554715401965,8.091,10.911,-0.0769999999999999,0.0001525164155548,1.466,1.4847744074492095,0.0569225392661921,1.349,1.819,-0.0130000000000001,2.535437551297649e-05,0.6859828,2,0.694341163307552,0.6675778031349182
batch_dist_ternary_butan-1-ol+propan-2-ol+water__operating_point_018__train_normal_experiment_001,batch_dist_ternary_butan-1-ol+propan-2-ol+water,operating_point_018,train_normal_experiment_001,0.4,2814,117.21666666666668,0.6821390035930127,1.0,1.0,0.0,1.0,1.0,0.0,1.5765252843783057e-19,1.0,1.0,0.0,1.0,1.0,0.0,1.5765252843783057e-19,382.792,377.72292892679457,5.965682375780767,358.384,382.792,24.40799999999996,0.0064212440259861,76.008,75.76604530916843,0.1956342563319677,75.027,76.071,0.9380000000000024,0.0001821114987727,65.971,65.72593212508883,0.1452241742284846,65.437,66.014,0.4909999999999996,0.0001770047315863,70.999,71.0400934612651,0.247587141171016,70.767,71.737,-0.6540000000000106,-0.0002140126589917,71.041,70.99524964463396,0.0666007684469725,70.85,71.233,-0.0220000000000055,-2.7280588375024432e-05,66.019,65.9574264392324,0.1568762847538355,65.721,66.401,-0.2759999999999962,-0.0001098542974898,60.364,60.41060732054015,0.2672883981902434,60.047,61.612,-1.2260000000000062,-0.0001453592232919,58.279,58.34721624022743,0.0935700410534104,58.258,58.908,-0.6289999999999978,-6.892477093244338e-05,58.153,58.216340085287854,0.0209574613865356,58.132,58.301,-0.0850000000000008,-7.00769358959719e-06,58.438,58.46698507462687,0.0253131831249984,58.417,58.543,-0.0210000000000007,-1.8709277848997128e-06,0.075,0.0758059701492537,0.0362955596095558,0.005,0.24,0.0079999999999999,-1.4449080665248976e-07,0.479,0.4731698649609097,0.0602163677656671,0.273,0.645,0.0459999999999999,1.0681481528732403e-05,0.146,0.1804635749822317,0.0546094032962354,-0.037,0.375,0.071,1.121083053906053e-05,1.843,1.9942857142857144,0.334671913558406,0.987,2.917,-0.4620000000000002,2.337785550628861e-05,397.757,398.9644815209666,0.7451081399406324,396.949,400.647,-2.423000000000002,3.870066647517943e-06,2.667,3.3532409381663117,0.4514320169200122,2.664,3.98,-0.068,-6.87167914717967e-05,175.0,175.0,0.0,175.0,175.0,0.0,-4.278349930321923e-17,13.5,14.145255863539443,0.8662693513671548,13.5,16.5,-3.0,-0.0005161316933726,9.0,8.98134328358209,0.584695998738687,7.5,10.500000000000002,-1.5000000000000018,-0.0003178670922797,9.0,9.413113006396587,0.6679885074446786,9.0,10.500000000000002,-1.5000000000000018,-1.5581122284310057e-05,6.0,7.079690831556503,0.6723131079161363,6.0,7.5,-1.5,3.010262162456261e-05,0.0,0.0,0.0,0.0,0.0,0.0,0.0,1.0,1.0,0.0,1.0,1.0,0.0,1.5765252843783057e-19,1.0,1.0,0.0,1.0,1.0,0.0,1.5765252843783057e-19,1.0,1.0,0.0,1.0,1.0,0.0,1.5765252843783057e-19,1.0,1.0,0.0,1.0,1.0,0.0,1.5765252843783057e-19,0.0,3.3528784648187635,10.58701870509296,0.0,37.0,0.0,3.2179794941682235e-05,9.36,8.345859808102345,1.1596563777751905,4.809,11.451,1.5169999999999997,0.0001271420788743,1.079,1.317160092395167,0.2485816225575395,0.774,1.904,-0.2270000000000001,4.212472630833341e-05,0.6767639,2,0.694341163307552,0.6675778031349182
batch_dist_ternary_butan-1-ol+propan-2-ol+water__operating_point_019__train_normal_experiment_001,batch_dist_ternary_butan-1-ol+propan-2-ol+water,operating_point_019,train_normal_experiment_001,0.4,2086,86.9,0.6843396585895098,1.0,0.9990412272291468,0.0309492088045426,0.0,1.0,0.0,2.694279292502276e-06,1.0,1.0,0.0,1.0,1.0,0.0,4.072184623191944e-19,431.763,425.15936936721,2.965309617613142,420.202,431.763,11.56099999999998,0.0046999745848031,76.199,76.07079290508149,0.0911457248671104,75.88,76.327,0.0639999999999929,-3.540843990063121e-05,65.928,65.63221500479386,0.1458914464650137,65.33,65.949,0.5769999999999982,0.0002386143285243,70.935,71.075006232023,0.2685872728992627,70.809,71.906,-0.9080000000000013,-0.000359343069665,70.978,71.08291634707574,0.1758262608216381,70.807,71.509,-0.5100000000000051,-0.0002531608561183,65.934,65.91108317353788,0.1445211749180996,65.7,66.465,-0.5100000000000051,-0.0001536715519328,60.681,60.57032310642378,0.2050853641296397,60.131,61.146,-0.0420000000000015,-0.0001120332320181,58.468,58.634934084372006,0.1732608260624522,58.426,59.096,-0.5859999999999985,-0.0002642818396066,58.322,58.4794081975072,0.1479627759377133,58.301,58.871,-0.5279999999999987,-0.0002243764942124,58.607,58.72492281879195,0.1173455341639354,58.564,59.071,-0.4429999999999978,-0.0001716578462675,0.142,0.1225496164908916,0.1422877279115613,0.004,1.906,0.0239999999999999,-1.1149374886056324e-05,0.526,0.5739192233940557,0.1860822772887554,0.046,1.094,0.001,-1.1747092418363506e-05,0.155,0.2288549856184084,0.0507640419915894,0.106,0.458,-0.104,2.688988232982931e-06,1.675,2.225513902205177,0.5818412294171681,1.159,3.796,-1.868,-0.0001494291834516,399.13,399.0692782837968,0.6532168113571664,396.985,400.647,0.5289999999999964,-7.543336773461291e-05,3.902,4.02279410354746,0.3950061320430574,2.927,4.975,0.0,4.1052156187066006e-05,210.0,210.0,0.0,210.0,210.0,0.0,1.1189324880829309e-16,16.5,17.30500958772771,0.8747688777919169,16.5,19.5,-3.0,-0.0011393246822664,9.0,9.71332694151486,0.7487427976934015,9.0,10.500000000000002,-1.5000000000000018,-0.0007220070289291,10.500000000000002,10.008149568552254,0.7018710295735654,9.0,10.500000000000002,0.0,-0.0001333479861761,7.5,7.665747842761266,0.4699784696346021,7.5,9.0,0.0,-7.896928640254502e-06,0.0,0.0,0.0,0.0,0.0,0.0,0.0,1.0,1.0,0.0,1.0,1.0,0.0,4.072184623191944e-19,1.0,1.0,0.0,1.0,1.0,0.0,4.072184623191944e-19,1.0,1.0,0.0,1.0,1.0,0.0,4.072184623191944e-19,1.0,1.0,0.0,1.0,1.0,0.0,4.072184623191944e-19,0.0,2.865771812080537,9.73878429346112,0.0,37.0,0.0,-5.523933560249152e-05,5.539,9.280456375838924,2.968489501123273,1.601,18.253,-2.555,-0.0002688318338378,1.855,1.4239693192713323,0.5325467831467025,0.206,2.575,0.6990000000000001,0.000285495768162,0.6940964,2,0.694341163307552,0.6675778031349182
batch_dist_ternary_butan-1-ol+propan-2-ol+water__operating_point_020__train_normal_experiment_001,batch_dist_ternary_butan-1-ol+propan-2-ol+water,operating_point_020,train_normal_experiment_001,0.4,8031,334.5833333333333,0.6924323198414503,1.0,1.0,0.0,1.0,1.0,0.0,1.079342376274108e-19,1.0,1.0,0.0,1.0,1.0,0.0,1.079342376274108e-19,304.986,304.92648393724323,1.5131409692692457,299.517,306.502,5.242999999999995,0.0004212430828789,96.534,96.31975787573155,0.1233836673898853,95.976,96.62,0.2360000000000042,4.232033991719028e-05,86.54,86.28279118416138,0.1535593047301659,85.959,86.561,0.5380000000000109,6.516530489970918e-05,91.55,91.3034868634043,0.1292803374882446,91.04,91.614,0.296999999999997,5.2114903859504674e-05,91.471,91.32812009712366,0.1124308987774967,91.086,91.642,0.1290000000000049,3.601583564705497e-05,86.523,86.2945775743992,0.1419184556275491,85.945,86.587,0.3849999999999909,5.807773893191518e-05,82.064,82.12679062383265,0.545116716791149,80.447,83.341,0.9359999999999928,2.221303955019805e-05,78.22,78.20852203959656,0.0245252014474514,78.115,78.241,0.0840000000000031,6.015633685214129e-06,78.165,78.15209139584111,0.0284543138823406,78.038,78.229,0.0420000000000015,7.948883556743617e-06,78.391,78.36913491470551,0.0295022725043054,78.243,78.434,0.1480000000000103,7.91151663210225e-06,0.045,0.0364007595567177,0.015501968678793,0.005,0.087,-0.0419999999999999,-7.383407127369085e-07,0.279,0.2656738264226124,0.0314591982228102,0.182,0.349,-0.0039999999999999,3.5536971460687003e-06,0.61,0.641292304818827,0.0640657013615888,0.421,0.89,-0.0899999999999999,-3.060857430379552e-06,2.445,2.2199239820694805,1.1332425722944084,0.58,6.438,1.4459999999999995,-2.279005286649932e-05,948.987,949.6102929274062,0.3800870334370285,947.919,950.665,-0.9420000000000072,-1.9562163676554596e-05,4.554,3.93189247914332,0.3538857940940537,2.918,4.975,0.0,-4.3536544633048895e-06,105.0,105.0,0.0,105.0,105.0,0.0,4.380687828523036e-19,18.0,17.111038475905865,0.7361106670173604,16.5,18.0,0.0,-4.760412359181407e-05,13.5,12.68873739260366,0.7470719664918787,12.0,13.5,0.0,-2.36500795825454e-05,13.5,13.78819574150168,0.5907255390362979,13.5,15.0,0.0,-2.3695933139314024e-05,12.0,11.450410907732536,0.7221945832414652,10.500000000000002,12.0,0.0,5.334372397363287e-06,0.0,0.0,0.0,0.0,0.0,0.0,0.0,1.0,1.0,0.0,1.0,1.0,0.0,1.079342376274108e-19,1.0,1.0,0.0,1.0,1.0,0.0,1.079342376274108e-19,1.0,1.0,0.0,1.0,1.0,0.0,1.079342376274108e-19,1.0,1.0,0.0,1.0,1.0,0.0,1.079342376274108e-19,0.0,1.253455360478147,2.828027397893415,0.0,8.0,0.0,-3.532286494659208e-05,5.0,4.798045075333084,0.4917649960260386,3.5,6.0,0.0,6.414011274548751e-05,1.0,0.9585730295106464,0.1107654663430979,0.4,1.2,0.1999999999999999,1.6154697455616937e-05,0.75860155,2,0.694341163307552,0.6675778031349182
batch_dist_ternary_butan-1-ol+propan-2-ol+water__operating_point_007__test_anormal_experiment_001,batch_dist_ternary_butan-1-ol+propan-2-ol+water,operating_point_007,test_anormal_experiment_001,0.4,2149,89.51666666666667,0.7207174072292262,1.0,0.993485342019544,0.0804500914347131,0.0,1.0,0.0,-4.268220024688381e-07,1.0,1.0,0.0,1.0,1.0,0.0,2.420188056092473e-20,401.088,416.3515732899023,5.740083225032224,400.995,419.45,-17.891999999999996,-0.0064288540270564,61.821,61.63147673336436,0.1305145556988337,61.312,61.885,0.3389999999999986,0.0001318585389762,51.542,51.52890134946487,0.0948209207930913,51.308,51.712,0.2130000000000009,0.0001090770451802,56.641,56.53975244299675,0.0752631255268096,56.326,56.725,0.189,8.509601651134317e-05,56.575,56.54882456956724,0.1069608513177779,56.321,56.786,0.1060000000000016,5.979003078012063e-05,51.623,51.53527524429968,0.0688573746064307,51.369,51.687,0.1689999999999969,7.50264469432148e-05,47.472,47.46888157282457,0.1343084074297697,47.029,47.787,0.1060000000000016,6.592414308985084e-05,44.128,44.28314285714286,0.0467629918287209,44.066,44.4,-0.2090000000000031,-3.604955500178832e-05,43.891,44.0497168450442,0.0477927872378604,43.87,44.144,-0.1900000000000048,-2.5631641850650506e-05,44.125,44.26902442996742,0.0379945164385361,44.104,44.335,-0.1469999999999984,-1.6471606391768642e-05,0.12,0.1390369939506747,0.0186592701238456,0.005,0.258,-0.0219999999999999,-3.61808547600296e-06,0.535,0.5607675663099116,0.0477711683695822,0.464,0.809,-0.0339999999999999,-1.295779607013576e-07,0.022,0.2657412750116333,0.1471078790626809,-0.071,1.396,-0.314,-3.520967328589405e-05,0.075,1.5177833876221496,0.9028973349437642,-0.811,2.316,-1.999,-0.0010326309525875,198.852,199.0055623545835,0.7366765501408666,195.307,201.158,0.9070000000000108,-0.000111614271646,5.46,5.25147184737087,0.4149388513633801,4.44,6.381,-0.0140000000000002,-7.451172802273471e-05,189.0,205.0260586319218,8.928195562181772,189.0,210.0,-21.0,-0.0105979782300223,13.5,15.13366682177757,0.5780886275922654,13.5,16.5,-3.0,-0.0004140530116554,7.5,7.233015355979525,0.5735280431129518,6.0,7.5,0.0,-5.8261203336967886e-05,7.5,7.367729176361098,0.4250281343878765,6.0,7.5,0.0,1.523682001165044e-05,4.5,4.43438808748255,0.3067783331853432,3.0,4.5,0.0,-9.458399757257068e-06,0.0,0.0,0.0,0.0,0.0,0.0,0.0,1.0,1.0,0.0,1.0,1.0,0.0,2.420188056092473e-20,1.0,1.0,0.0,1.0,1.0,0.0,2.420188056092473e-20,1.0,1.0,0.0,1.0,1.0,0.0,2.420188056092473e-20,1.0,1.0,0.0,1.0,1.0,0.0,2.420188056092473e-20,0.0,3.44253140995812,13.1668985920678,0.0,54.0,0.0,-7.835146107641541e-06,8.317,8.619751279664962,0.6011101650916729,7.425,12.242,-0.2750000000000003,-2.8543755875221942e-05,1.963,2.023493950674732,0.1195993951464019,1.812,2.748,-0.0549999999999997,-6.113685309941176e-06,0.68322164,3,0.689095923794722,0.6671839952468872
batch_dist_ternary_butan-1-ol+propan-2-ol+water__operating_point_008__test_anormal_experiment_001,batch_dist_ternary_butan-1-ol+propan-2-ol+water,operating_point_008,test_anormal_experiment_001,0.4,3452,143.78333333333333,0.6431476053470059,1.0,1.0,0.0,1.0,1.0,0.0,-1.153956323962843e-19,1.0,1.0,0.0,1.0,1.0,0.0,-1.153956323962843e-19,415.506,413.0235563441483,2.911635269646678,404.499,415.834,10.98399999999998,0.0026606208786104,62.224,60.78387804171494,0.9047741774514544,59.275,62.288,2.8429999999999964,0.0008938044870931,52.414,50.45210718424102,1.070108457001255,48.715,52.606,3.5930000000000035,0.0010470141703406,57.44,55.71414629200464,0.7350190486772871,54.478,57.503,1.8699999999999972,0.0006517969559867,57.506,55.71993511008111,0.8084619923090397,54.459,57.527,2.3909999999999982,0.0007471944580456,52.575,50.66405388180765,0.8094464991510113,49.361,52.618,2.200000000000003,0.000726408910613,51.011,48.52413731170336,1.9443126025665,44.525,51.159,5.7080000000000055,0.0018599260077697,46.966,44.97420451911936,1.4014148637704422,42.481,47.196,3.8590000000000018,0.0013571782472301,44.543,44.16147870799537,0.9118792590458108,42.357,45.7,1.8909999999999985,0.0007925967866129,43.935,43.72740396871379,0.4245751456360785,42.571,44.419,1.1750000000000045,0.0002894717140863,0.69,0.3393638470451912,0.1839853178717924,0.004,2.233,0.625,4.341640985609225e-05,0.314,0.3784765353418308,0.2187999091214735,0.004,2.053,-0.325,-0.000112509954617,-0.148,0.1742119061413673,0.5283549459784924,-0.388,3.916,-0.564,-1.302883746989049e-05,2.565,2.066415266512167,0.8411457178259161,-0.091,4.474,0.565,1.4453209536540874e-05,198.313,196.12974044032447,2.7237695028373934,188.057,202.459,5.49199999999999,-0.0004038061886686,3.643,3.846942641946698,0.3182197436157216,2.732,4.883,-0.2590000000000003,-6.574760234787627e-05,210.0,210.0,0.0,210.0,210.0,0.0,-1.2489435906901548e-17,16.5,17.111384704519118,1.960108583933279,13.5,21.000000000000004,-3.0,-0.0015577632566672,6.0,6.857111819235226,0.863380120891807,6.0,9.0,-1.5,-3.4951592933355915e-05,7.5,7.139774044032445,0.8823350104197945,6.0,9.0,0.0,0.0003389277398456,4.5,4.757242178447277,0.9456468455048804,3.0,7.5,0.0,0.0003397622101251,0.0,0.0,0.0,0.0,0.0,0.0,0.0,1.0,1.0,0.0,1.0,1.0,0.0,-1.153956323962843e-19,1.0,1.0,0.0,1.0,1.0,0.0,-1.153956323962843e-19,1.0,1.0,0.0,1.0,1.0,0.0,-1.153956323962843e-19,1.0,1.0,0.0,1.0,1.0,0.0,-1.153956323962843e-19,0.0,3.466106604866744,12.925033809557585,0.0,53.0,0.0,-0.0017669356085272,10.33,6.817891077636153,3.167080388145891,0.0,13.04,-0.08,-0.0014595755176207,4.925,3.870915411355736,3.381861367228897,0.0,10.865,4.925,0.0017665744321119,0.65569836,3,0.689095923794722,0.6671839952468872
batch_dist_ternary_butan-1-ol+propan-2-ol+water__operating_point_008__test_anormal_experiment_002,batch_dist_ternary_butan-1-ol+propan-2-ol+water,operating_point_008,test_anormal_experiment_002,0.4,2524,105.11666666666666,0.4951805548141248,1.0,0.9980190174326464,0.0444641234639934,0.0,1.0,0.0,9.914591410903615e-07,1.0,1.0,0.0,1.0,1.0,0.0,2.2158071807098255e-19,417.008,411.7628248811411,6.933891518974656,385.857,417.102,7.572999999999979,0.0070698602656444,61.567,61.36179179873216,2.0413977464588617,58.427,67.238,0.9129999999999968,0.0004850698397513,51.585,51.87518442947702,2.626254741127072,49.926,61.439,1.6159999999999997,-0.0003156108527349,55.969,56.40975515055468,2.6732984039664154,53.366,63.265,0.0840000000000031,-0.0002030122215343,56.173,56.50675336767037,2.908345639712075,53.19,64.097,0.3389999999999986,-0.0002461604705538,49.656,51.77593839144215,3.35061551451924,48.008,59.354,-1.0790000000000006,-0.0006869955653566,49.241,48.43243819334389,0.4928624095402102,47.114,49.304,2.0009999999999977,0.0006345700435937,47.488,45.77554516640254,0.8650356809627913,44.65,47.509,2.588000000000001,0.0011567616810034,44.312,44.2324720681458,0.0455240104914094,44.06,44.333,0.0,4.901944709586793e-06,44.398,44.41098355784469,0.0372381165574013,44.251,44.545,-0.1469999999999984,-2.3883615421240988e-05,0.337,0.3184805863708399,0.0544204429168225,0.018,2.014,0.001,2.236744210874e-05,0.36,0.3542131537242471,0.0765375991918614,0.183,2.343,0.064,-2.3264098053629208e-06,0.224,0.1825790412044374,0.1196663861341023,-0.111,0.778,-0.0239999999999999,2.373523238494382e-05,2.002,1.98216263866878,0.2293935969905526,0.827,2.475,0.2049999999999998,4.912270792007328e-05,198.726,199.08242234548337,0.6471837408996243,196.895,200.44,-0.3590000000000088,-5.368102192167428e-05,7.111,7.317490689381933,0.4022169091044933,6.222,8.212,0.2879999999999993,-7.194358940784772e-05,210.0,207.50396196513472,22.758246449369015,0.0,210.0,0.0,0.0051953653072625,12.0,13.712757527733755,7.017876743063164,0.0,31.5,-3.0,-0.0012791423732901,7.5,6.91283676703645,5.5394850882627695,0.0,19.5,0.0,-0.0009754077273101,7.5,7.070027733755943,6.184576282559173,0.0,21.000000000000004,0.0,-0.0007684279445128,4.5,4.165114896988906,5.721766308895642,0.0,16.5,0.0,-0.0017742074572466,0.0,0.0,0.0,0.0,0.0,0.0,0.0,1.0,1.0,0.0,1.0,1.0,0.0,2.2158071807098255e-19,1.0,1.0,0.0,1.0,1.0,0.0,2.2158071807098255e-19,1.0,1.0,0.0,1.0,1.0,0.0,2.2158071807098255e-19,1.0,1.0,0.0,1.0,1.0,0.0,2.2158071807098255e-19,0.0,2.9845483359746434,12.30412937179634,0.0,54.0,0.0,4.166031456793108e-05,5.7,5.51763470681458,0.9057916755571288,3.875,13.32,0.6900000000000004,4.9964144964163176e-05,4.4,4.072527733755943,0.5633939754877947,0.0,4.745,0.6900000000000004,0.0003513853346625,0.64694893,3,0.689095923794722,0.6671839952468872
batch_dist_ternary_butan-1-ol+propan-2-ol+water__operating_point_011__test_anormal_experiment_001,batch_dist_ternary_butan-1-ol+propan-2-ol+water,operating_point_011,test_anormal_experiment_001,0.4,2863,119.25,0.6808066894701099,1.0,1.0,0.0,1.0,1.0,0.0,-1.6147039243017811e-19,1.0,1.0,0.0,1.0,1.0,0.0,-1.6147039243017811e-19,421.683,418.8076942018861,1.1749716247974678,416.468,421.753,3.641999999999996,0.0012491631224364,85.164,84.15795249738036,0.41990308748326,83.54,85.228,1.195999999999998,0.0004793068680294,75.104,73.8976674816626,0.6670613381322493,72.727,75.104,2.355000000000004,0.0008065079386351,80.041,79.2056837233671,0.370966311802458,78.645,80.084,0.6340000000000003,0.000379561293826,80.11,79.21038229130284,0.3739801179909465,78.725,80.153,1.2360000000000042,0.0004316205353434,74.997,74.16791914076144,0.3131994969900263,73.677,75.04,0.6170000000000044,0.0003173332513702,73.668,72.59966451274886,0.5591267568120832,71.631,73.689,2.0160000000000053,0.0006747118216532,69.485,69.9277184771219,0.4069273203866237,69.359,70.809,-0.2309999999999945,-0.0003596190262017,67.668,69.21542822214461,1.2500704116389063,67.646,71.545,-2.1599999999999966,-0.0014388706991376,67.606,69.03280562347187,1.751224322492994,67.564,74.298,-4.551000000000002,-0.0018011057178742,0.271,0.2581007684247293,0.0452425302673389,0.179,0.446,-0.1699999999999999,2.527627368614251e-06,0.347,0.3631346489696123,0.0739992998777951,0.236,0.7,-0.346,5.96951088205314e-06,0.728,0.6823400279427174,0.0396816300240856,0.452,0.851,0.0589999999999999,1.0138152991466852e-05,2.078,2.0059259517988126,0.5788465530044874,0.628,5.692,-3.374,1.0657368397970227e-05,598.071,598.638435033182,0.8713009531735328,595.927,600.638,1.1750000000000682,-7.247875431575594e-05,2.732,3.351732099196647,0.4368585176974753,2.664,4.174,-0.9109999999999996,-1.369356923719713e-05,210.0,210.0,0.0,210.0,210.0,0.0,3.645372674077686e-17,19.5,20.266765630457563,0.7457400850468625,19.5,21.000000000000004,-1.5000000000000036,-4.334870104248919e-05,12.0,11.424729304924904,0.7269340890519694,10.500000000000002,12.0,0.0,-4.934950723912662e-05,13.5,13.06776108976598,0.6761697277521354,12.0,13.5,1.5,0.0004495231649788,9.0,8.79671673070206,0.6134948064125276,7.5,10.500000000000002,1.5,0.0003868090450765,0.0,0.0,0.0,0.0,0.0,0.0,0.0,1.0,1.0,0.0,1.0,1.0,0.0,-1.6147039243017811e-19,1.0,1.0,0.0,1.0,1.0,0.0,-1.6147039243017811e-19,1.0,1.0,0.0,1.0,1.0,0.0,-1.6147039243017811e-19,1.0,1.0,0.0,1.0,1.0,0.0,-1.6147039243017811e-19,0.0,1.4991267900803351,6.19480159681908,0.0,28.0,0.0,-3.67186801273807e-05,5.693,5.810814006287112,1.164498788297194,3.64,10.76,-4.58,0.0003587197566679,3.413,3.0883232623122603,0.611560046283131,1.84,5.637,-2.1570000000000005,0.000202311193664,0.66455483,3,0.689095923794722,0.6671839952468872
batch_dist_ternary_butan-1-ol+propan-2-ol+water__operating_point_011__test_anormal_experiment_002,batch_dist_ternary_butan-1-ol+propan-2-ol+water,operating_point_011,test_anormal_experiment_002,0.4,2201,91.68333333333334,0.6827161962808894,1.0,0.9986369831894594,0.036893888324692,0.0,1.0,0.0,5.345825984695959e-07,1.0,1.0,0.0,1.0,1.0,0.0,-1.0896867849751302e-18,418.722,402.7663071331213,30.198263584527787,300.94,421.213,-0.4460000000000264,-0.0051185003450025,83.775,82.95785733757383,1.5025855209052583,79.441,84.395,-0.5559999999999974,-0.0010119597044017,74.526,74.15732348932302,0.4774010427779093,73.626,75.811,0.8569999999999993,0.0004475066966317,78.963,78.19110926851432,1.1933510908441585,75.031,79.153,-0.1480000000000103,-0.0005180989955811,78.874,78.30020331667424,1.2862942145979863,74.551,79.3,-0.4050000000000011,-0.0006022782312226,73.975,73.42349818264424,0.9802396511078304,70.633,74.401,0.0210000000000007,-0.0002277138378225,71.886,71.7558575647433,0.6490736184299424,70.676,74.008,0.6580000000000013,0.0004807605039571,67.425,67.60867105860972,0.3908933554770861,66.942,69.022,-0.0840000000000031,0.0001510749201192,67.117,67.27303793730124,0.3964021266146106,66.694,68.811,-0.1059999999999945,5.347393437149358e-05,67.352,67.45231076783281,0.3833253011462483,66.908,68.96,0.0,6.594510489461458e-05,0.208,0.1964186733303044,0.0828729143746859,0.004,0.469,0.0129999999999999,-8.887553870451888e-07,0.39,0.3679695592912312,0.1432655060680101,0.01,0.844,0.013,-1.1911411897918796e-06,0.625,0.6933116765106769,0.1789238739964848,0.294,1.473,0.0,2.7631132830045127e-05,2.043,2.1741269877328486,1.1026773669068533,-0.674,6.163,0.181,-2.9433017757033465e-05,598.359,602.4178496138119,11.590504871519764,588.649,646.995,-1.2469999999999573,0.0024740798629264,7.286,6.014007269422989,1.4095633265191736,0.0,8.197,1.8219999999999992,0.0013641201198095,210.0,203.94139027714675,28.662583860446983,0.0,210.0,0.0,0.0017759903086364,16.5,16.134029986369832,3.269249051393372,0.0,22.5,0.0,0.0005913566772236,12.0,11.766924125397546,2.452397840477028,0.0,16.5,0.0,0.000278660464308,13.5,12.363243980009086,2.626320657063112,0.0,18.0,1.5,0.0006960670589414,10.500000000000002,9.313834620626988,2.3083753952942923,0.0,13.5,1.5000000000000018,0.0003852615802689,0.0,0.0,0.0,0.0,0.0,0.0,0.0,1.0,0.9422989550204453,0.2331772595855396,0.0,1.0,0.0,1.9724409727962366e-05,1.0,0.9200363471149478,0.2712369206106188,0.0,1.0,0.0,2.248173049901776e-05,1.0,0.943207632894139,0.231445445287597,0.0,1.0,0.0,1.9554468733501536e-05,1.0,0.9200363471149478,0.2712369206106188,0.0,1.0,0.0,2.248173049901776e-05,0.0,3.988641526578828,9.996289998713296,0.0,35.0,0.0,0.0017238375557668,6.113,5.792995910949569,1.936441582435041,0.0,12.727,0.5,2.1969108553693777e-05,2.757,2.6054211721944567,0.9512517149885028,0.0,6.063,0.25,8.794595021042508e-06,0.6651714,3,0.689095923794722,0.6671839952468872
batch_dist_ternary_butan-1-ol+propan-2-ol+water__operating_point_021__test_anormal_experiment_001,batch_dist_ternary_butan-1-ol+propan-2-ol+water,operating_point_021,test_anormal_experiment_001,0.4,3251,135.41666666666666,0.6810379391813758,1.0,1.0,0.0,1.0,1.0,0.0,1.9797392785916172e-19,1.0,1.0,0.0,1.0,1.0,0.0,1.9797392785916172e-19,298.659,296.727014610889,1.5441747598753142,294.801,298.907,3.248999999999967,0.0015132965511256,86.169,85.6540256844048,0.3133700779980164,85.164,86.233,1.0049999999999957,0.0003117349264267,76.196,75.65081805598278,0.2795465750887265,75.147,76.196,1.0279999999999916,0.0002960065830963,81.142,80.66103814211013,0.2804598114989099,80.147,81.184,0.953000000000003,0.000296736208069,81.155,80.65279298677329,0.2803899760314262,80.11,81.219,0.9380000000000024,0.0002939282702857,76.105,75.65457259304829,0.2853687245324223,75.104,76.233,0.8310000000000031,0.0002976321002738,73.371,72.5195,0.6845457048691144,69.235,73.583,0.7849999999999966,0.0002665817676746,67.278,67.32024869270994,0.0492497704549214,67.236,67.509,-0.1889999999999929,-4.1832565066758266e-05,67.202,67.22420685942787,0.0314136267398524,67.138,67.329,-0.1060000000000087,-2.122428427226372e-05,67.437,67.46449815441403,0.0241135743734492,67.395,67.564,-0.0840000000000031,-9.755142481981968e-06,0.089,0.0898608120578283,0.026925879826789,0.005,0.159,-0.005,3.135866577178407e-06,0.225,0.2402325438326668,0.0767269577955291,0.004,0.731,-0.007,6.318695101392027e-07,0.679,0.6217486927099354,0.0662851078910486,0.394,0.794,-0.002,4.882071002760594e-06,2.073,2.0555318363580435,0.4160568149744235,0.482,3.999,0.0179999999999997,-2.098752889239584e-05,597.856,598.9204358658874,0.733273658249854,596.869,600.539,-1.6960000000000264,-3.3653848293023734e-05,3.902,3.939589049523224,0.3505281147556242,2.921,4.883,-0.6520000000000001,-4.3315459257789565e-06,105.0,105.0,0.0,105.0,105.0,0.0,-1.927071926244625e-18,16.5,15.90133804983082,0.7337476602199586,15.0,16.5,1.5,3.188023196513561e-05,12.0,11.210089203322054,0.7484751389114074,10.500000000000002,12.0,1.4999999999999982,-6.035846696398332e-05,13.5,12.08605044601661,0.3480688419123405,12.0,13.5,1.5,-8.123564329602415e-05,10.500000000000002,9.69301753306675,0.7464427066037703,9.0,10.500000000000002,1.5000000000000018,-7.473549264039808e-05,0.0,0.0,0.0,0.0,0.0,0.0,0.0,1.0,1.0,0.0,1.0,1.0,0.0,1.9797392785916172e-19,1.0,1.0,0.0,1.0,1.0,0.0,1.9797392785916172e-19,1.0,1.0,0.0,1.0,1.0,0.0,1.9797392785916172e-19,1.0,1.0,0.0,1.0,1.0,0.0,1.9797392785916172e-19,0.0,1.8146724084896957,6.739645443890621,0.0,27.0,0.0,2.9849458752969824e-05,4.695,4.728928175945863,1.0076079372948716,0.0,12.31,0.1580000000000003,1.632554519568385e-05,1.565,1.4331236542602277,0.4359012745917436,0.0,2.18,0.052,6.539376682979643e-05,0.67915475,3,0.689095923794722,0.6671839952468872
batch_dist_ternary_butan-1-ol+propan-2-ol+water__operating_point_021__train_normal_experiment_001,batch_dist_ternary_butan-1-ol+propan-2-ol+water,operating_point_021,train_normal_experiment_001,0.4,2634,109.73333333333332,0.6865506494627645,1.0,0.9996203492786636,0.0194809287937243,0.0,1.0,0.0,-4.0810802026358245e-07,1.0,1.0,0.0,1.0,1.0,0.0,-1.1687160664948046e-20,300.51,297.06924449506454,2.188909888033098,294.666,301.053,5.212999999999965,0.0026906897970954,85.378,85.24822513287776,0.1174852411548759,85.015,85.506,-0.0639999999999929,6.551976055501509e-05,75.361,74.92088059984815,0.2422921066764813,74.461,75.404,0.9000000000000057,0.0003146187040938,80.422,80.25384757023538,0.0950119953052179,80.105,80.57,-0.1060000000000087,2.1177186960598378e-05,80.43,80.26805656795747,0.1368197920407275,80.025,80.515,0.0,-4.742598088122488e-05,75.445,75.11332858769931,0.1477337489406579,74.891,75.466,0.191999999999993,0.0001059415205601,72.267,72.6799280561883,0.5997191943245171,71.016,73.605,-0.76400000000001,0.0002528788794214,67.278,67.31376537585422,0.0600805805464559,67.236,67.53,-0.0210000000000007,-4.0533377548656665e-05,67.202,67.20148063781322,0.0270309274240883,67.096,67.286,0.0429999999999921,2.267384367025113e-05,67.479,67.44239350797267,0.046141710752218,67.289,67.543,0.1689999999999969,5.186885967849343e-05,0.096,0.114708807896735,0.0635477542281985,0.005,1.116,-0.018,-6.7815690584214105e-06,0.205,0.2097524677296887,0.0771571029157833,0.004,0.411,0.1989999999999999,1.0043508829428885e-06,0.606,0.6445922551252847,0.0599138938015624,0.414,0.85,-0.072,1.158659053505826e-07,2.733,2.031804859529233,0.4141503197593779,1.047,3.514,-0.6360000000000001,-4.976590088370538e-05,597.362,598.7672591116174,0.8468623939892469,595.999,600.458,-1.2300000000000182,-5.9681118510962735e-05,2.924,3.353892938496583,0.4558865004100622,2.5,4.023,-0.9780000000000002,2.2313036453047847e-05,105.0,105.0,0.0,105.0,105.0,0.0,-1.504164938286607e-17,15.0,14.822892938496585,0.6955028432283693,13.5,16.5,0.0,-0.000516304745251,10.500000000000002,11.017084282460136,0.7265653400431695,10.500000000000002,13.5,-1.4999999999999982,-0.0006373493214011,12.0,11.714407744874716,0.623614858753756,10.500000000000002,13.5,0.0,-0.0003585105015312,9.0,9.095671981776766,0.3665444646534095,9.0,10.500000000000002,0.0,-5.116847195011708e-05,0.0,0.0,0.0,0.0,0.0,0.0,0.0,1.0,1.0,0.0,1.0,1.0,0.0,-1.1687160664948046e-20,1.0,1.0,0.0,1.0,1.0,0.0,-1.1687160664948046e-20,1.0,1.0,0.0,1.0,1.0,0.0,-1.1687160664948046e-20,1.0,1.0,0.0,1.0,1.0,0.0,-1.1687160664948046e-20,0.0,1.7911921032649962,6.835332846063549,0.0,28.0,0.0,-0.0001454394546807,4.44,4.379023728170084,1.2111174232012751,1.095,7.957,1.5220000000000002,2.078972106373416e-05,1.467,1.6609255884586185,0.5881938102327361,0.395,2.688,0.4940000000000001,3.825811787879768e-05,0.67299086,3,0.689095923794722,0.6671839952468872
batch_dist_ternary_butan-1-ol+propan-2-ol+water__operating_point_027__test_anormal_experiment_001,batch_dist_ternary_butan-1-ol+propan-2-ol+water,operating_point_027,test_anormal_experiment_001,0.4,1730,72.03333333333333,0.6868156592785594,1.0,1.0,0.0,1.0,1.0,0.0,-2.8788426328410055e-19,1.0,1.0,0.0,1.0,1.0,0.0,-2.8788426328410055e-19,404.125,404.8390684971098,0.3554629027359135,404.055,405.575,-1.3559999999999943,-0.0006359012806432,90.063,89.44979104046243,0.2876644211528145,88.821,90.106,1.1350000000000051,0.0004951907100522,80.055,79.25766936416184,0.4489934007498738,78.49,80.077,1.565000000000012,0.000897211978209,85.038,84.30349682080924,0.3185461965322346,83.937,85.102,0.953000000000003,0.0005928481693045,85.06,84.46435953757225,0.2977568720227634,84.056,85.06,0.8760000000000048,0.0005728185737026,79.901,79.29974999999999,0.2774077346223852,78.899,79.923,0.8960000000000008,0.0005458048026267,72.904,72.41083005780347,0.3878007783166538,71.779,73.413,0.911999999999992,0.0007133245513517,67.594,67.55461127167631,0.0347317285120498,67.488,67.636,0.0849999999999937,5.878990541714452e-05,67.308,67.3193465317919,0.0131409654713996,67.265,67.371,0.0,8.75830605496973e-06,67.627,67.5898190751445,0.0216920161989306,67.543,67.627,0.0420000000000015,2.054662461186081e-05,0.159,0.1548609826589595,0.0078356424545789,0.076,0.207,0.002,-2.695623314952103e-07,0.485,0.4676341040462428,0.0109400332834735,0.41,0.485,0.016,1.2433070696835113e-06,0.747,0.7759641618497111,0.0574704813802516,0.515,0.938,-0.018,1.844046708269428e-05,2.037,2.0032601156069365,0.0876545882914382,1.363,2.285,0.0030000000000001,8.857642339995389e-06,600.521,599.1383817919075,0.6526483673262864,597.129,600.979,1.274000000000001,4.578909087058657e-05,3.902,4.255192196531792,0.441691573231776,3.552,5.013,0.0030000000000001,-4.0629401585462285e-05,192.50000000000003,192.50000000000003,0.0,192.50000000000003,192.50000000000003,0.0,1.9546074845066596e-17,21.000000000000004,20.58294797687861,0.7660977485278084,19.5,22.5,0.0,0.0001577102944866,13.5,13.00014450867052,0.7068257071395418,12.0,13.5,0.0,5.233688719233127e-05,13.5,13.732803468208092,0.5616866132895328,12.0,15.0,1.5,0.0005319704457213,10.500000000000002,10.539884393063584,0.347366622533117,9.0,12.0,0.0,0.0002236600391508,0.0,0.0,0.0,0.0,0.0,0.0,0.0,1.0,1.0,0.0,1.0,1.0,0.0,-2.8788426328410055e-19,1.0,1.0,0.0,1.0,1.0,0.0,-2.8788426328410055e-19,1.0,1.0,0.0,1.0,1.0,0.0,-2.8788426328410055e-19,1.0,1.0,0.0,1.0,1.0,0.0,-2.8788426328410055e-19,0.0,2.69971098265896,7.928482708990288,0.0,27.0,0.0,-0.0001185528689761,8.312,7.999593063583815,0.1912067451055307,6.816,8.392,0.3999999999999994,4.010250644779717e-06,2.082,1.9999531791907517,0.0477835147493385,1.704,2.098,0.1039999999999998,9.202927838872964e-07,0.6914591,3,0.689095923794722,0.6671839952468872
batch_dist_ternary_butan-1-ol+propan-2-ol+water__operating_point_027__train_normal_experiment_001,batch_dist_ternary_butan-1-ol+propan-2-ol+water,operating_point_027,train_normal_experiment_001,0.4,1424,59.3,0.6885324241890521,1.0,0.9964887640449438,0.0591515610708973,0.0,1.0,0.0,7.750510848012433e-07,1.0,1.0,0.0,1.0,1.0,0.0,-8.916443945738286e-20,401.1348876953125,400.92516421200185,0.5278369120846006,399.2675476074219,401.6953430175781,1.867340087890625,0.0010532172123157,89.46337890625,89.23487144373776,0.1472305586458965,88.6073989868164,89.48477935791016,0.8559799194335938,0.0001853515012862,79.26171112060547,78.75656596998151,0.2823624635099351,78.23250579833984,79.26171112060547,1.029205322265625,0.0006829084297953,84.33909606933594,84.03809925411524,0.1270800639721628,83.83069610595703,84.40265655517578,0.3389434814453125,0.0002550417631,84.37642669677734,84.18415329429541,0.0901848472734636,84.01356506347656,84.46180725097656,0.2774810791015625,0.000113380903445,79.09062957763672,79.01745744769492,0.0567623345678796,78.89864349365234,79.15462493896484,0.106658935546875,9.527422499722396e-05,73.43470001220703,73.20554206612405,0.1902829092921629,72.56452178955078,73.60453033447266,0.87017822265625,0.0002048231784474,67.38343048095703,67.38508869289012,0.0336008767119625,67.29940032958984,67.50946807861328,-0.12603759765625,-4.279944236295234e-05,67.22291564941406,67.16850241918242,0.0295571943477066,67.09589385986328,67.22291564941406,0.0211715698242187,-9.475932443547916e-06,67.41570281982422,67.41346888327867,0.017533070954872,67.35224151611328,67.4580078125,0.0,5.923586668642016e-06,0.1594773679971695,0.1468120678694227,0.0102611164640293,0.023961991071701,0.2544278800487518,0.0159746557474136,-1.4523815349479074e-07,0.4571101367473602,0.4308461733371689,0.0211412469189961,0.3415541052818298,0.4587250649929046,0.1083786189556121,2.683465081941865e-05,0.6954727172851562,0.6858644539050842,0.0415587363651177,0.5184402465820312,0.8920574188232422,-0.0086898803710937,-2.247816970112895e-06,2.0265674591064453,2.0236141869191373,0.1103709513477233,1.6393890380859375,2.337615966796875,0.3132228851318359,-4.149516306858577e-05,600.0186157226562,598.3679242080517,1.0478414640705758,595.2627563476562,600.6288452148438,2.03692626953125,0.0001095315518132,6.829268455505371,6.751016634903597,0.3635281098425885,5.842258930206299,7.804878234863281,-0.0066690444946289,5.3461385500812735e-06,192.50000000000003,192.50000000000003,0.0,192.50000000000003,192.50000000000003,0.0,-1.0271409619213678e-16,19.5,20.494908707865168,0.913633699361822,19.5,22.5,-3.0,-0.001111418580364,12.0,12.955933988764045,0.7187044356807851,12.0,13.5,-1.5,-0.0004016047713225,13.5,13.799157303370787,0.5967250208735582,13.5,15.0,0.0,0.0001209142028838,10.500000000000002,10.437851123595506,0.2989328214974072,9.0,10.500000000000002,0.0,0.0001564242176659,0.0,0.0,0.0,0.0,0.0,0.0,0.0,1.0,1.0,0.0,1.0,1.0,0.0,-8.916443945738286e-20,1.0,1.0,0.0,1.0,1.0,0.0,-8.916443945738286e-20,1.0,1.0,0.0,1.0,1.0,0.0,-8.916443945738286e-20,1.0,1.0,0.0,1.0,1.0,0.0,-8.916443945738286e-20,0.0,2.052317415730337,8.15743751213675,0.0,35.0,0.0,-0.0001624334609293,7.0879998207092285,6.792676965842087,0.3222222698128038,5.328000068664551,7.368000030517578,1.615999698638916,0.0004170233024857,1.972000002861023,1.8980007004620651,0.0811723659764645,1.531999945640564,2.0439999103546143,0.4040000438690185,0.000104996892495,0.6856231,3,0.689095923794722,0.6671839952468872
batch_dist_ternary_butan-1-ol+propan-2-ol+water__operating_point_028__test_anormal_experiment_002,batch_dist_ternary_butan-1-ol+propan-2-ol+water,operating_point_028,test_anormal_experiment_002,0.4,6409,267.0,0.7279524080613684,1.0,1.0,0.0,1.0,1.0,0.0,-8.055244157984101e-20,1.0,1.0,0.0,1.0,1.0,0.0,-8.055244157984101e-20,296.492,294.27842182867846,1.0671106214351938,292.209,296.899,3.066000000000031,0.0003321523283932,100.182,94.66281315337808,2.386957990422537,91.283,100.182,8.823999999999998,0.001256942685552,90.389,84.84788328912467,2.5447562600434166,81.278,90.389,9.099999999999994,0.0013461804461193,95.31,89.75363356217818,2.491870464895748,86.267,95.31,9.010500000000008,0.0013151582564658,95.259,89.7527442658761,2.505140612086315,86.298,95.281,8.918500000000009,0.0013212309370967,90.245,84.7600789514745,2.491892741836114,81.289,90.288,8.913499999999999,0.0013150640581312,82.468,78.83957762521455,1.590319107564211,75.579,83.426,4.753500000000017,0.0007062200454378,70.83,71.37880488375721,0.365457476312695,70.788,72.324,-1.2830000000000013,-0.0001729216068157,70.697,71.02899040411921,0.2979871289425499,70.697,71.778,-1.081000000000003,-0.0001428026481544,70.993,71.1647895147449,0.2264505597087711,70.929,71.861,-0.8365000000000009,-9.859832518057993e-05,0.141,0.1429114526447183,0.0330382219047505,0.063,0.301,-0.001,4.360459989427693e-06,0.179,0.1806812295209861,0.052170930749577,0.133,0.432,0.0189999999999999,7.510180435478255e-06,0.881,0.694867920112342,0.0840291526401833,0.411,0.985,0.2079999999999999,2.91355524585868e-06,1.837,2.002163364019348,0.2341761207397347,0.559,3.275,-0.2594999999999998,-2.5352562294027773e-06,698.341,699.1970998595724,0.6460593645043025,696.806,703.348,-1.5880000000000791,-2.2162734653004472e-05,5.469,5.207642065844905,0.4214633458691587,4.44,5.958,0.2649999999999997,-1.2715072930469104e-05,105.0,105.0,0.0,105.0,105.0,0.0,1.162858772237651e-17,25.500000000000004,20.74547511312217,2.458827568716899,18.0,25.500000000000004,7.5000000000000036,0.0011384452005014,16.5,14.326415977531596,1.302730834054105,12.0,16.5,4.5,0.0006162494146596,18.0,15.5342097051022,1.3376654618544974,13.5,18.0,4.5,0.000622971838672,13.5,12.35422842877204,1.2439665850238883,10.500000000000002,15.0,2.9999999999999982,0.0005587985216881,0.0,0.0,0.0,0.0,0.0,0.0,0.0,1.0,1.0,0.0,1.0,1.0,0.0,-8.055244157984101e-20,1.0,1.0,0.0,1.0,1.0,0.0,-8.055244157984101e-20,1.0,1.0,0.0,1.0,1.0,0.0,-8.055244157984101e-20,1.0,1.0,0.0,1.0,1.0,0.0,-8.055244157984101e-20,0.0,2.405055390856608,6.674567256253537,0.0,21.0,-21.0,-2.7082788988793877e-05,3.72,4.08106802933375,0.7725882303655435,3.193,7.893,-0.1399999999999996,0.0001190411106427,1.86,2.04054930566391,0.3862624051625705,1.597,3.947,-0.0699999999999998,5.950045331393656e-05,0.8840033,3,0.689095923794722,0.6671839952468872
batch_dist_ternary_butan-1-ol+propan-2-ol+water__operating_point_028__train_normal_experiment_001,batch_dist_ternary_butan-1-ol+propan-2-ol+water,operating_point_028,train_normal_experiment_001,0.4,8196,341.46666666666664,0.698567173084311,1.0,1.0,0.0,1.0,1.0,0.0,1.4642151366385803e-20,1.0,1.0,0.0,1.0,1.0,0.0,1.4642151366385803e-20,300.736,296.0344407027818,1.3704950439194243,293.99,300.804,6.656000000000006,0.0004881407678221,102.523,95.40183815275743,2.983482287453457,91.647,102.566,10.789999999999992,0.0012265582955785,92.434,85.4378335773548,3.0976424745693563,81.278,92.434,11.134,0.0012829468757787,97.16,90.40470619814543,2.9804142351455467,86.819,97.181,10.214,0.0012262297920903,97.23,90.42420949243534,2.9605238473733766,86.853,97.23,10.206000000000005,0.0012191154377084,92.386,85.39664934114204,3.0148090212022405,81.609,92.407,10.670000000000002,0.0012426918402794,90.033,82.93232357247437,2.9564606540278477,78.767,90.076,10.820000000000007,0.0012107562882449,72.303,71.33791837481698,0.3752404211233066,70.851,72.324,1.4099999999999966,0.0001493614348922,70.76,70.7424479624207,0.029218820183238,70.633,70.824,0.0630000000000023,6.714846194557566e-06,70.993,70.99104398487067,0.0272592872256482,70.865,71.077,0.0849999999999937,5.672611424346202e-06,0.141,0.1436850292825768,0.0112142205456588,0.01,0.261,-0.016,-8.943859427584096e-07,0.184,0.1823263787213274,0.0137964749288974,0.126,0.212,0.008,1.9875292867129016e-06,0.632,0.7117900805270864,0.0804704752500118,0.429,0.928,-0.037,3.416912197372476e-06,2.096,1.9990811981454368,0.1678258142548018,1.404,2.394,0.2430000000000001,6.939549955716194e-07,698.816,698.784827659834,0.8738427058267061,695.729,700.485,-1.4180000000000064,-6.491598182999382e-05,3.899,4.071741337237676,0.4610053908891532,2.732,5.464,-0.0070000000000001,-0.0001044914619239,105.0,105.0,0.0,105.0,105.0,0.0,8.715815790016868e-18,24.0,22.589037335285504,1.5740220613313394,21.000000000000004,27.0,1.5,0.0005676697125909,18.0,14.725475841874085,1.274339446695688,13.5,18.0,4.5,0.0004710739081546,18.0,15.74661420204978,1.330381304306982,13.5,18.0,3.0,0.0004945922042476,15.0,12.471266471449487,1.2696471215762224,10.500000000000002,15.0,4.499999999999998,0.0004531911976772,0.0,0.0,0.0,0.0,0.0,0.0,0.0,1.0,1.0,0.0,1.0,1.0,0.0,1.4642151366385803e-20,1.0,1.0,0.0,1.0,1.0,0.0,1.4642151366385803e-20,1.0,1.0,0.0,1.0,1.0,0.0,1.4642151366385803e-20,1.0,1.0,0.0,1.0,1.0,0.0,1.4642151366385803e-20,0.0,1.4799902391410444,5.597430195409896,0.0,23.0,0.0,-2.5844469440726335e-05,3.927,3.7857177891654463,0.2336088417163509,3.073,4.28,0.08,1.307289396405253e-06,1.963,1.8929570522205956,0.1168493236776389,1.537,2.14,0.04,6.17359362584057e-07,0.8848853,3,0.689095923794722,0.6671839952468872
batch_dist_ternary_butan-1-ol+propan-2-ol+water__operating_point_030__test_anormal_experiment_001,batch_dist_ternary_butan-1-ol+propan-2-ol+water,operating_point_030,test_anormal_experiment_001,0.4,2173,90.5,0.4914092846637076,1.0,1.0,0.0,1.0,1.0,0.0,4.2344437142716807e-19,1.0,1.0,0.0,1.0,1.0,0.0,4.2344437142716807e-19,361.885,357.64731109065804,2.568455536402585,352.404,361.885,9.411999999999978,0.0040767616477356,95.14,90.5901224114128,2.107487114896865,87.666,95.14,7.430999999999997,0.0033044409450406,85.465,80.54932834790613,2.385049724424395,76.989,85.487,8.454000000000008,0.0037692765040362,89.831,85.5464608835711,2.039133698598909,82.856,89.894,6.953000000000003,0.0031844266606338,90.038,85.62152600092038,2.008715167558974,82.904,90.081,7.090999999999994,0.0031503721759685,85.026,80.50497653014267,2.1049192007849062,77.683,85.069,7.278999999999996,0.0032932473978725,78.257,74.7774183156926,1.5437007905712865,72.756,78.257,5.480000000000004,0.0024107061999641,68.161,68.5036893695352,0.2787771566942669,68.119,69.17,-0.965999999999994,-0.0004289699364676,67.456,67.82407432121492,0.3573080327341993,67.435,68.748,-1.269999999999996,-0.0005227074376,67.733,67.86064450069028,0.1908789044287113,67.67,68.474,-0.7409999999999997,-0.0002581412338973,0.343,0.3359576622181316,0.0101504808661971,0.318,0.438,0.024,7.5811321255264146e-06,0.521,0.5176375977910723,0.0324443830694432,0.201,1.2,0.048,1.598260432113303e-05,0.893,0.8959261389783709,0.0477808498865334,0.693,1.014,0.0949999999999999,2.818419071237349e-05,2.012,2.0144049700874365,0.2011596730162603,1.45,5.31,-0.205,-2.371435468301461e-05,599.157,599.160839392545,0.6622144702269819,597.398,600.701,-0.0629999999999881,-5.2856752586649416e-05,4.869,5.102079153244362,0.4252599009787016,4.44,5.952,-0.0910000000000001,1.2111364912193115e-05,157.5,157.5,0.0,157.5,157.5,0.0,1.2118489112808267e-16,24.0,22.746088357109983,1.0529507878947733,21.000000000000004,24.0,2.9999999999999964,0.0014282210999458,16.5,13.95041417395306,1.1996115775806564,12.0,16.5,4.5,0.0015906153765875,18.0,14.69661757938334,1.287271332073582,12.0,18.0,4.5,0.0018783408480397,13.5,11.585135757017948,1.2177973229614572,9.0,13.5,4.5,0.0017532429695177,100.0,100.0,0.0,100.0,100.0,0.0,1.3494709294491037e-17,1.0,1.0,0.0,1.0,1.0,0.0,4.2344437142716807e-19,1.0,1.0,0.0,1.0,1.0,0.0,4.2344437142716807e-19,1.0,1.0,0.0,1.0,1.0,0.0,4.2344437142716807e-19,1.0,1.0,0.0,1.0,1.0,0.0,4.2344437142716807e-19,0.0,3.2305568338702253,8.558439668869779,0.0,26.0,0.0,-0.0006123692984665,9.073,8.813619880349746,0.3448430717620371,8.18,13.647,0.7059999999999995,0.0002643640629145,4.537,4.407070409572021,0.1723984594498425,4.09,6.823,0.3540000000000001,0.0001320827828599,0.7294436,3,0.689095923794722,0.6671839952468872
batch_dist_ternary_butan-1-ol+propan-2-ol+water__operating_point_030__test_anormal_experiment_002,batch_dist_ternary_butan-1-ol+propan-2-ol+water,operating_point_030,test_anormal_experiment_002,0.4,2456,102.3,0.7482780850605174,1.0,1.0,0.0,1.0,1.0,0.0,4.0974382794678954e-19,1.0,1.0,0.0,1.0,1.0,0.0,4.0974382794678954e-19,360.341,358.2972062296417,1.468808885962764,355.002,360.433,5.338999999999999,0.0020388754561097,87.709,87.64071966612379,1.3108891013547028,84.224,89.314,0.0430000000000063,-0.0007363534641026,80.527,78.4341815960912,1.0958585880464558,76.732,80.527,3.7950000000000017,0.0015403249109708,83.577,82.83502239413681,0.8877935031652047,80.295,84.148,0.4449999999999932,-0.0003714231503636,83.821,82.99532878664495,0.9255996838467968,80.11,84.248,0.9599999999999936,-0.00024121203595,78.984,77.93279845276874,0.6923211407898616,75.914,79.048,1.1729999999999876,3.500237089078119e-05,74.369,73.08069686482085,0.7846629929118506,71.546,75.516,2.8229999999999933,0.0010188519704443,68.056,68.10697373778503,0.0829797988055389,67.888,68.329,-0.1890000000000071,-7.041971812678672e-05,67.329,67.44728623778502,0.0966431641169543,67.308,67.752,-0.402000000000001,-0.0001160441886819,67.606,67.64002972312703,0.0623689304169705,67.521,67.86,-0.2540000000000049,-6.83408012806345e-05,0.341,0.3313931188925081,0.0467363359192663,0.004,0.438,0.03,4.52498437813946e-06,0.516,0.5137589576547232,0.0844216861499393,0.005,0.729,0.029,3.5104925208218435e-06,0.751,0.7984564332247557,0.0637582779908581,0.503,1.033,-0.0759999999999999,1.6068906065058416e-05,2.08,2.283531962540717,0.9299172597779636,1.122,5.921,0.4599999999999999,0.0003345137575693,598.691,599.1432420602606,0.7606847868928693,596.761,602.765,0.3410000000000082,-9.799620084790942e-05,4.558,5.127254682410424,0.4118219248899876,4.44,5.964,0.008,-2.569055011703238e-05,157.5,157.5,0.0,157.5,157.5,0.0,-3.019060098154412e-17,21.000000000000004,22.345175081433226,5.981847381568869,0.0,27.0,-4.5,-0.004138276243748,15.0,12.893526058631922,3.187735560966426,0.0,16.5,1.5,-0.0003361736635584,16.5,13.50946661237785,3.46191719781872,0.0,16.5,3.0,0.0001820332655661,12.0,10.397394136807817,2.69805985928135,0.0,13.5,1.4999999999999982,0.0003154488735334,100.0,100.0,0.0,100.0,100.0,0.0,4.4066213205712665e-17,1.0,1.0,0.0,1.0,1.0,0.0,4.0974382794678954e-19,1.0,1.0,0.0,1.0,1.0,0.0,4.0974382794678954e-19,1.0,1.0,0.0,1.0,1.0,0.0,4.0974382794678954e-19,1.0,1.0,0.0,1.0,1.0,0.0,4.0974382794678954e-19,0.0,2.1056596091205213,7.21521847056242,0.0,28.0,0.0,-0.0005809889161355,8.933,8.834188110749185,1.1694320858159504,0.0,11.92,0.5800000000000001,0.000101962799336,4.467,4.417120114006515,0.5846609041039166,0.0,5.96,0.29,5.093817431962976e-05,0.6964251,3,0.689095923794722,0.6671839952468872
batch_dist_ternary_butan-1-ol+propan-2-ol+water__operating_point_030__train_normal_experiment_001,batch_dist_ternary_butan-1-ol+propan-2-ol+water,operating_point_030,train_normal_experiment_001,0.4,2236,93.15,0.8727910974666653,1.0,1.0,0.0,1.0,1.0,0.0,-2.4869511069820533e-19,1.0,1.0,0.0,1.0,1.0,0.0,-2.4869511069820533e-19,360.2489624023437,357.25347843750217,2.236758740959156,352.4501342773437,360.3411254882813,7.798828125,0.0033953115586446,93.14663696289062,90.67563607654331,1.0490328440322254,89.16375732421875,93.21090698242188,3.961479187011719,0.0015864281630105,83.85423278808594,80.50719108820388,1.6824925970585185,78.01811981201172,83.8757095336914,5.836112976074219,0.0025875505811053,88.60005950927734,85.63307349797012,1.2955830241857542,84.0636978149414,88.68490600585938,4.430442810058594,0.0019467151401085,88.62689971923828,85.72756796787378,1.3026347756887795,84.16297149658203,88.66964721679688,4.31451416015625,0.0019632018155654,83.74431610107422,80.61599909896714,1.4097094432708228,78.83464813232422,83.80840301513672,4.739021301269531,0.0021300621592841,78.34173583984375,76.20229569914515,1.1747654363742477,74.28388214111328,78.34173583984375,4.057853698730469,0.0018156421931234,67.71955871582031,67.76886687679666,0.0278208735243589,67.69854736328125,67.8246078491211,0.0210113525390625,1.184389850509188e-05,67.22291564941406,67.26049972561476,0.0296170804086835,67.20174407958984,67.32877349853516,-0.0635147094726562,-2.3759163190500014e-05,67.4580078125,67.47345449246319,0.018303277135603,67.41570281982422,67.5214614868164,-0.021148681640625,-7.844736027636484e-06,0.3201214373111725,0.3149210999591512,0.0080271430753372,0.2863771915435791,0.3287369906902313,0.0304236710071563,8.423097791726874e-06,0.5281664133071899,0.5203356231647762,0.0275786026256285,0.4782834351062774,1.4518966674804688,0.0475502908229828,1.398028203054161e-05,0.7986545562744141,0.8060083559885861,0.0569339405887877,0.6237926483154297,0.9995841979980468,-0.0119457244873046,4.578609440928044e-06,1.978715896606445,2.009357361119634,0.0675143257577402,1.637216567993164,2.197317123413086,0.0195808410644531,-1.591694309008837e-05,598.6905517578125,598.8755481835981,0.7960855083659799,597.0843505859375,600.6109008789062,-0.8345947265625,-7.667812762459999e-05,6.375227928161621,6.575379138129342,0.3939674761809858,5.736137390136719,7.299270153045654,-0.45404052734375,-6.081744719256116e-05,157.5,157.5,0.0,157.5,157.5,0.0,3.335719919139364e-17,27.0,23.1554114490161,1.769062358585196,21.000000000000004,27.0,4.5,0.0022128670958051,16.5,15.04662343470483,0.9340871408183647,13.5,16.5,3.0,0.0010613285603624,16.5,15.663461538461538,0.9948446736693238,13.5,18.0,3.0,0.0012881902969605,13.5,12.159995527728086,0.969878203618771,10.500000000000002,13.5,2.9999999999999982,0.001222577663105,100.0,100.0,0.0,100.0,100.0,0.0,-2.0122450462633644e-17,1.0,1.0,0.0,1.0,1.0,0.0,-2.4869511069820533e-19,1.0,1.0,0.0,1.0,1.0,0.0,-2.4869511069820533e-19,1.0,1.0,0.0,1.0,1.0,0.0,-2.4869511069820533e-19,1.0,1.0,0.0,1.0,1.0,0.0,-2.4869511069820533e-19,0.0,3.39087656529517,10.162419234891567,0.0,34.0,0.0,-8.545530221887363e-05,8.213333129882812,8.167483626943154,0.1711740610025617,7.440000057220459,8.520000457763672,0.7733330726623535,0.0001592359688034,3.806666612625122,3.783946005410926,0.0857766832252193,3.4200000762939453,3.9600000381469727,0.3866665363311767,7.988563574290617e-05,0.71311957,3,0.689095923794722,0.6671839952468872
batch_dist_ternary_butan-1-ol+propan-2-ol+water__operating_point_032__test_anormal_experiment_001,batch_dist_ternary_butan-1-ol+propan-2-ol+water,operating_point_032,test_anormal_experiment_001,0.4,1748,72.78333333333333,0.9870150890941936,1.0,0.9937070938215103,0.0790778446236266,0.0,1.0,0.0,-3.703787441362644e-06,1.0,1.0,0.0,1.0,1.0,0.0,-2.9645794877034347e-19,422.835,425.29642906178486,1.4973311065433164,422.623,427.001,-2.612000000000023,-0.0021359718077808,91.454,90.03561956521739,1.130543536758918,87.837,91.54,1.8189999999999884,0.0021115114607888,81.664,81.74176830663616,0.1164252718074532,81.514,81.965,0.0640000000000071,9.5114590453989e-05,86.67,85.30846109839817,1.0782979192518491,83.174,86.713,1.8440000000000083,0.0020382476176676,86.683,85.42635955377573,1.0465964182996903,83.032,86.683,2.0930000000000035,0.0019272563266952,81.716,80.7140998283753,0.8981913920710822,78.749,81.716,1.4089999999999918,0.0016242006337546,80.66,80.77736441647596,0.1071753716039063,80.553,81.0,0.0,1.752565825424489e-05,80.434,80.54530720823797,0.1317831815479046,80.307,80.814,0.1059999999999945,6.811756696224898e-05,80.269,80.38314216247139,0.1321390899248589,80.099,80.651,0.0640000000000071,5.294294255125412e-05,75.973,74.32808895881006,2.2211284684352286,69.32,80.387,-4.244,-0.0018441584392464,0.124,0.1087334096109839,0.2777025311479798,0.004,6.306,-0.042,-5.554392756275199e-05,0.134,0.1644076086956521,0.0810400123254812,0.132,2.156,-0.176,-5.749386942295054e-05,0.435,0.4435223112128146,0.0971328242325925,0.195,0.88,0.016,3.652197288356984e-06,-1.112,-0.9192231121281466,0.6214322673640363,-1.933,1.714,-2.813,-0.0007973743986757,491.718,493.8930283180778,3.317016727878429,487.321,500.853,2.261000000000024,0.0007101071851145,4.878,5.191312929061786,0.4254451164348765,4.44,6.222,-0.5960000000000001,-8.327348089966902e-05,210.0,210.0,0.0,210.0,210.0,0.0,6.201263602781194e-17,15.0,15.424771167048055,1.7837313704977331,6.0,16.5,9.0,0.0021243428420045,12.0,12.365131578947368,1.1024188792981442,6.0,13.5,6.0,0.0004235351712205,12.0,13.21724828375286,1.3275298512127318,6.0,15.0,6.0,0.001002635312729,9.0,9.756864988558352,1.175750799646894,4.5,12.0,4.5,0.0001045553244593,0.0,0.0,0.0,0.0,0.0,0.0,0.0,1.0,1.0,0.0,1.0,1.0,0.0,-2.9645794877034347e-19,1.0,1.0,0.0,1.0,1.0,0.0,-2.9645794877034347e-19,1.0,1.0,0.0,1.0,1.0,0.0,-2.9645794877034347e-19,1.0,1.0,0.0,1.0,1.0,0.0,-2.9645794877034347e-19,0.0,0.7148169336384439,5.786612925894538,0.0,49.0,0.0,-3.448611427620609e-05,3.3,3.424942791762013,0.3035426734776419,3.3,5.0,-1.7000000000000002,-0.0002904727598094,1.6,1.6306636155606409,0.0845516855657402,1.5,2.0,-0.3999999999999999,-9.073886047956798e-05,0.6549359,3,0.689095923794722,0.6671839952468872
batch_dist_ternary_butan-1-ol+propan-2-ol+water__operating_point_012__test_anormal_experiment_001,batch_dist_ternary_butan-1-ol+propan-2-ol+water,operating_point_012,test_anormal_experiment_001,0.4,5554,231.36666666666667,0.6847629577536862,1.0,1.0,0.0,1.0,1.0,0.0,-4.0130985837140844e-20,1.0,1.0,0.0,1.0,1.0,0.0,-4.0130985837140844e-20,423.741,423.67250180050416,0.8665291929199915,420.766,424.717,2.9039999999999964,0.0003113263425927,90.6945,89.98510397911416,0.3228215693084051,89.442,90.705,0.5245000000000033,0.0001625098440436,80.72,79.82233903492977,0.4716801195146367,79.069,80.742,1.6509999999999962,0.000292789831554,85.6315,84.95238962909616,0.3593646386692241,84.403,85.759,0.275500000000008,0.0001751306388149,85.68950000000001,84.99727718761253,0.3346932518500096,84.526,85.743,0.3525000000000062,0.0001417903491437,80.6805,79.93819166366582,0.3636102141977426,79.389,80.776,0.4804999999999921,0.0001877868303916,78.724,78.1000726503421,0.3001249274561984,77.577,78.746,1.0840000000000032,0.0001823859477932,71.987,72.40191537630537,0.2176892908171885,71.903,72.681,-0.6940000000000026,-0.0001249542901201,71.8415,72.2691210839035,0.2112997833774585,71.757,72.541,-0.6145000000000067,-0.0001198676505966,71.89250000000001,72.34852097587324,0.2201392166835735,71.84,72.624,-0.646499999999989,-0.000124606860301,0.148,0.1076248649621894,0.0231894397978875,0.053,0.164,0.046,4.093065566679014e-06,0.5125,0.5296666366582643,0.0583176857539046,0.388,0.711,-0.0105,2.819596256445604e-06,1.0655,1.0728938602808786,0.0487106270290823,0.836,1.219,-0.0325000000000001,7.929525841228909e-06,2.115,2.010429870363702,0.3177190508749705,1.208,2.781,0.1330000000000002,-9.76806248164894e-07,751.024,748.8342915916456,0.9164123188193094,745.299,751.67,3.34699999999998,0.000100408597042,3.771,3.734088044652503,0.3257311746729084,2.732,4.57,-0.1280000000000001,-6.049498599888023e-06,210.0,210.0,0.0,210.0,210.0,0.0,-1.1982782962574309e-17,22.5,21.698280518545197,0.7461135745594609,21.000000000000004,24.0,0.0,-0.0001134635139307,13.5,12.617662945624774,0.7357587125909151,12.0,13.5,0.0,1.8845949263666096e-05,15.0,14.527367662945624,0.6940595089402305,13.5,15.0,1.5,0.0001737021179865,10.500000000000002,10.009137558516384,0.7004196191876538,9.0,10.500000000000002,1.5000000000000018,0.0001303477038423,0.0,0.0,0.0,0.0,0.0,0.0,0.0,1.0,1.0,0.0,1.0,1.0,0.0,-4.0130985837140844e-20,1.0,1.0,0.0,1.0,1.0,0.0,-4.0130985837140844e-20,1.0,1.0,0.0,1.0,1.0,0.0,-4.0130985837140844e-20,1.0,1.0,0.0,1.0,1.0,0.0,-4.0130985837140844e-20,10.5,2.259362621534029,6.4105593782363615,0.0,22.0,10.5,0.0005793528788769,8.521,8.752507021966151,1.0610842561947444,5.933,11.758,-0.2539999999999995,4.472282296213871e-05,2.1545,1.720724702916817,0.2643610575292499,1.145,2.293,0.3945000000000001,3.600349603125277e-05,0.77661276,4,0.6962255665553588,0.6662235260009766
batch_dist_ternary_butan-1-ol+propan-2-ol+water__operating_point_012__test_anormal_experiment_002,batch_dist_ternary_butan-1-ol+propan-2-ol+water,operating_point_012,test_anormal_experiment_002,0.4,2602,108.4,0.6934751622305062,1.0,0.9992313604919292,0.0277136915869637,0.0,1.0,0.0,-3.869080531106695e-07,1.0,1.0,0.0,1.0,1.0,0.0,2.841233673407714e-19,426.907,425.43383762490384,1.269701932791594,422.482,426.954,4.353999999999985,0.0016080694735274,89.485,89.45771848578018,0.2627674279504834,88.907,90.084,-0.3419999999999987,-0.0001867754491286,79.905,79.58749615680244,0.1799346233029361,79.219,79.905,0.6430000000000007,0.0002379717730691,84.805,84.61776037663336,0.1438730215424699,84.254,85.038,-0.1489999999999867,1.16129890171334e-06,84.867,84.77576518063029,0.1060242728603905,84.59,85.145,-0.2569999999999908,-9.041500006734676e-06,79.88,79.68340488086088,0.084111984776814,79.517,79.923,0.0429999999999921,6.583742840001423e-05,76.79,76.62838278247501,0.0848946259819834,76.45,76.833,0.2330000000000041,9.331562351637296e-05,72.576,72.63319965411223,0.0991308113907199,72.492,72.997,-0.4000000000000057,-0.0001079446055947,72.35,72.3996931206764,0.0589537241065734,72.287,72.626,-0.1700000000000017,-6.243924153541964e-05,72.539,72.56269946195235,0.0341355021271888,72.475,72.687,-0.1269999999999953,-3.261137731311237e-05,0.117,0.1181925441967717,0.0057096186006357,0.108,0.137,-0.016,2.128648221212906e-06,0.485,0.47956571867794,0.0142705043778535,0.374,0.51,0.0369999999999999,9.576035620343776e-06,0.969,1.0748180245964642,0.0494869414395211,0.868,1.243,-0.1250000000000001,-1.0575470380034966e-05,2.058,2.0076821675634124,0.0899290461459936,1.65,2.276,0.0409999999999999,-8.979519107696093e-06,749.938,748.7584071867793,0.8512645913189162,746.026,751.185,2.314999999999941,9.145543652214052e-05,6.387,6.68579573405073,0.3942673849349726,5.753,7.797,0.0119999999999995,-1.1878198309560996e-05,210.0,210.0,0.0,210.0,210.0,0.0,7.933772038060588e-18,24.0,21.400365103766333,1.7990391740349363,18.0,24.0,4.5,0.0022267305195876,13.5,12.778823981552652,0.7494459140508087,12.0,13.5,1.5,7.350060950845074e-06,15.0,13.835511145272868,0.8440228808714748,12.0,15.0,3.0,0.0008113696879503,10.500000000000002,10.29390853189854,0.5157663902805623,9.0,10.500000000000002,0.0,0.0001913531941622,0.0,0.0,0.0,0.0,0.0,0.0,0.0,1.0,1.0,0.0,1.0,1.0,0.0,2.841233673407714e-19,1.0,1.0,0.0,1.0,1.0,0.0,2.841233673407714e-19,1.0,1.0,0.0,1.0,1.0,0.0,2.841233673407714e-19,1.0,1.0,0.0,1.0,1.0,0.0,2.841233673407714e-19,0.0,1.7863182167563412,6.798776649025511,0.0,28.0,0.0,-2.8695226488278967e-05,7.417,7.266438700999231,0.2454393967794732,6.475,7.925,0.7249999999999996,0.0001835125114915,1.783,1.7533355111452729,0.0491425325799017,1.595,1.885,0.125,3.6678446800984445e-05,0.6941125,4,0.6962255665553588,0.6662235260009766
batch_dist_ternary_butan-1-ol+propan-2-ol+water__operating_point_016__test_anormal_experiment_001,batch_dist_ternary_butan-1-ol+propan-2-ol+water,operating_point_016,test_anormal_experiment_001,0.4,1262,52.55,0.6868716597635698,1.0,1.0,0.0,1.0,1.0,0.0,-7.425992404833932e-19,1.0,1.0,0.0,1.0,1.0,0.0,-7.425992404833932e-19,386.74,386.21173335974646,0.7007891657651713,385.044,387.088,1.5570000000000164,0.0017930144515837,96.083,95.8680499207607,0.6133138842760645,94.261,96.534,1.8220000000000027,0.0012171340005997,86.685,85.1715059429477,0.7473666117652572,82.343,88.347,2.2510000000000048,0.0009837517420247,90.786,90.33616917591128,0.3134879737593043,89.725,90.849,0.9980000000000048,0.0008106073855148,90.829,90.5762848652932,0.2104821249264919,90.081,90.915,0.7059999999999889,0.0004772135521245,85.732,85.28066323296355,0.2148759719911732,84.877,85.774,0.769999999999996,0.0005793711873452,82.212,80.93196473851029,0.7972116527743599,77.637,84.311,1.7010000000000076,0.0003782311564141,73.117,72.91386014263074,0.8553286319267236,69.831,76.103,-1.3109999999999928,-0.0011257954711414,73.232,72.3718236925515,0.6659835942411866,69.27,75.06,0.4789999999999992,-0.0002346457445489,71.899,72.51351148969889,0.6182928461883587,70.029,75.626,-0.6189999999999998,-2.0360557842768643e-08,0.156,0.1447052297939778,0.0174992267314637,0.108,0.387,-0.099,9.397917633615832e-07,0.378,0.3582943740095087,0.0205606614767353,0.282,0.414,0.0489999999999999,2.2433936034999256e-05,0.777,1.0492420760697307,0.1429020776620387,0.333,1.7,-0.271,7.92192869269515e-06,1.865,2.012721870047544,0.2009251835362363,0.976,2.927,-0.07,-1.159069045145706e-05,748.278,747.8296430269414,1.5558740711077863,742.472,751.706,0.3590000000000373,0.0007827347625368,5.333,6.130471870047543,0.4138568375346206,5.329,6.944,-1.4959999999999996,-4.051012909615123e-05,175.0,175.0,0.0,175.0,175.0,0.0,-1.745519880294931e-16,13.5,19.72880348652932,2.4647467657081266,12.0,25.500000000000004,-10.5,-0.0051807096746824,9.0,14.691561014263074,1.3088757787207883,9.0,21.000000000000004,-6.0,-0.0005567584900608,10.500000000000002,15.547345483359749,1.418579624709048,9.0,22.5,-5.999999999999998,-0.0003805928721581,7.5,12.136687797147385,1.298709085675917,7.5,18.0,-4.5,0.0003731440514225,0.0,0.0,0.0,0.0,0.0,0.0,0.0,1.0,1.0,0.0,1.0,1.0,0.0,-7.425992404833932e-19,1.0,1.0,0.0,1.0,1.0,0.0,-7.425992404833932e-19,1.0,1.0,0.0,1.0,1.0,0.0,-7.425992404833932e-19,1.0,1.0,0.0,1.0,1.0,0.0,-7.425992404833932e-19,29.0,1.5166402535657686,6.404370941709542,0.0,29.0,29.0,-4.423768138714366e-05,5.825,5.623428684627575,0.3652261907765831,3.98,7.182,0.6600000000000001,0.0004039172859422,1.975,1.908080824088748,0.1219706073032088,1.36,2.428,0.217,0.0001390736668922,0.7545889,4,0.6962255665553588,0.6662235260009766
batch_dist_ternary_butan-1-ol+propan-2-ol+water__operating_point_016__train_normal_experiment_001,batch_dist_ternary_butan-1-ol+propan-2-ol+water,operating_point_016,train_normal_experiment_001,0.4,2505,104.33333333333331,0.6853377264416467,1.0,1.0,0.0,1.0,1.0,0.0,-7.780201389594414e-20,1.0,1.0,0.0,1.0,1.0,0.0,-7.780201389594414e-20,397.005,396.3219616766467,0.1681920633918461,395.956,397.005,0.9329999999999928,0.0001452778827935,94.561,93.71627225548902,0.426424368024872,92.997,94.604,1.5,0.000584367807862,84.52,83.63095209580838,0.4940370872853292,82.824,84.52,1.695999999999998,0.0006822334022077,89.534,88.62565289421158,0.4930611351653923,87.709,89.555,1.740000000000009,0.0006792350197066,89.332,88.5901497005988,0.4374012460485449,87.729,89.332,1.559999999999988,0.0006035188154654,84.492,83.53715489021957,0.5480354713022031,82.719,84.535,1.730000000000004,0.0007537654134677,80.596,79.78219201596806,0.4716985820960512,78.427,80.702,1.7010000000000076,0.0005956128593016,72.66,72.63910059880239,0.0189088120540173,72.555,72.681,0.0630000000000023,1.5332553519677587e-05,72.541,72.56040319361277,0.0224041072515081,72.499,72.626,0.0,4.35881740569704e-06,72.772,72.72835528942116,0.0212629933732715,72.687,72.772,0.0430000000000063,4.423259557279784e-06,0.151,0.1529526946107784,0.0049856938772527,0.131,0.178,-0.0259999999999999,-1.1345115851588302e-06,0.362,0.3589365269461078,0.0100539643283801,0.315,0.389,-0.027,4.601348720370437e-06,0.951,1.0822453093812374,0.0626846557844299,0.883,1.265,-0.1730000000000001,-9.73322345515292e-06,1.985,1.990107984031936,0.0976436646466962,1.561,2.303,0.2390000000000001,2.738954889203688e-05,749.543,749.0260890219562,0.69773221909277,747.129,750.835,1.6059999999999943,-3.081064323393875e-05,3.643,3.141205988023952,0.4275434026642773,2.5,3.972,0.9109999999999996,-1.9897710093736683e-05,175.0,175.0,0.0,175.0,175.0,0.0,-3.100528280772404e-17,16.5,17.448502994011974,0.7226329343279803,16.5,18.0,-1.5,-0.0002666585215856,13.5,13.390718562874252,0.3889808099299283,12.0,13.5,0.0,0.0001451800635716,13.5,14.476946107784432,0.7137391735599723,13.5,15.0,-1.5,0.0002673078022094,12.0,10.883233532934131,0.6538602731773916,10.500000000000002,12.0,1.4999999999999982,0.0002883120876447,0.0,0.0,0.0,0.0,0.0,0.0,0.0,1.0,1.0,0.0,1.0,1.0,0.0,-7.780201389594414e-20,1.0,1.0,0.0,1.0,1.0,0.0,-7.780201389594414e-20,1.0,1.0,0.0,1.0,1.0,0.0,-7.780201389594414e-20,1.0,1.0,0.0,1.0,1.0,0.0,-7.780201389594414e-20,0.0,1.532335329341317,5.296380748893987,0.0,20.0,0.0,6.225612565541438e-06,6.443,6.383813173652694,0.1673225601878364,5.588,6.81,-0.157,3.784112520721184e-05,2.148,2.1265269461077843,0.0558780088113173,1.862,2.27,-0.052,1.2254429739003307e-05,0.7167107,4,0.6962255665553588,0.6662235260009766
batch_dist_ternary_butan-1-ol+propan-2-ol+water__operating_point_017__test_anormal_experiment_001,batch_dist_ternary_butan-1-ol+propan-2-ol+water,operating_point_017,test_anormal_experiment_001,0.4,4209,175.33333333333334,0.6789549894914293,1.0,0.9995248277500594,0.0217932664204678,0.0,1.0,0.0,-1.4596602468370798e-07,1.0,1.0,0.0,1.0,1.0,0.0,8.996724350733625e-20,386.438,385.96490449037776,1.4044444134189622,381.353,387.623,5.062000000000012,0.0007348424672381,71.236,70.32958826324541,0.7811279895637319,69.279,72.003,1.4040000000000106,0.0005398810668348,61.275,60.19684651936327,0.6032635950878783,59.441,61.296,1.7479999999999976,0.0004715386416742,66.192,65.27136564504632,0.454810902270399,64.717,66.297,0.8219999999999885,0.0003011225061688,66.198,65.33618888096935,0.498425232828628,64.755,66.41,1.0189999999999912,0.0003287629290412,61.305,60.23802993585174,0.5319444629584468,59.757,61.369,1.1240000000000023,0.0003605840752264,58.842,58.19944084105489,0.7757865192145121,57.363,60.131,1.268000000000001,0.0005373754274929,52.377,52.54532264195771,0.4669607318624359,52.294,54.929,-0.0419999999999944,9.988578528713652e-05,52.268,52.30217201235449,0.072148836527505,52.205,52.816,-0.0420000000000015,1.2537872872638978e-05,52.558,52.57289130434784,0.0298174636886949,52.452,52.642,0.0,3.821592496874446e-06,0.216,0.085647659776669,0.0525246720008109,0.005,1.275,0.153,-1.0932865629007757e-05,0.538,0.5058726538370159,0.1088721278997433,0.004,1.631,0.02,-1.8496760735497504e-06,-0.194,-0.1630450225706818,0.0718712918296766,-0.426,0.101,-0.071,-1.882762081321472e-06,2.067,1.9995686623901163,0.1062489195020813,1.523,2.355,0.4750000000000001,5.145541194351762e-06,298.753,298.5043020907579,0.8561652245299205,296.519,300.566,0.1259999999999763,-1.308488553899582e-05,3.906,3.443306367308149,0.4279055880123131,2.664,4.44,0.979,-2.2088253887722043e-05,175.0,175.0,0.0,175.0,175.0,0.0,5.461770807058138e-17,16.5,17.208838203848895,1.6328517542102725,13.5,19.5,-1.5,-0.000938596501364,9.0,8.454918032786885,0.7208141955259223,7.5,9.0,0.0,3.899284402127101e-05,9.0,8.833392729864576,0.6466885055728833,7.5,10.500000000000002,0.0,0.0001830879849915,6.0,6.151461154668567,0.5178148510623322,4.5,7.5,0.0,0.0001678063319437,0.0,0.0,0.0,0.0,0.0,0.0,0.0,1.0,1.0,0.0,1.0,1.0,0.0,8.996724350733625e-20,1.0,1.0,0.0,1.0,1.0,0.0,8.996724350733625e-20,1.0,1.0,0.0,1.0,1.0,0.0,8.996724350733625e-20,1.0,1.0,0.0,1.0,1.0,0.0,8.996724350733625e-20,0.0,1.9308624376336423,8.892649025608009,0.0,43.0,0.0,-4.816396016259343e-06,9.135,8.920084461867425,0.3413537787786782,7.21,10.019,0.8230000000000004,5.537671854716706e-05,1.305,1.2742716797339038,0.0487844731856557,1.03,1.431,0.1169999999999999,7.93233572244886e-06,0.66591156,4,0.6962255665553588,0.6662235260009766
batch_dist_ternary_butan-1-ol+propan-2-ol+water__operating_point_017__train_normal_experiment_001,batch_dist_ternary_butan-1-ol+propan-2-ol+water,operating_point_017,train_normal_experiment_001,0.4,978,40.71666666666667,0.6724500963647279,1.0,1.0,0.0,1.0,1.0,0.0,-1.5208410499193885e-18,1.0,1.0,0.0,1.0,1.0,0.0,-1.5208410499193885e-18,374.796,369.0200286298568,4.587791386153179,357.647,374.842,17.149,0.0156511173100162,68.96,68.54224386503068,0.1823113182357064,68.194,68.96,0.7439999999999998,0.0006313828731536,59.058,59.02479345603272,0.0305159078518584,58.93,59.1,0.1280000000000001,7.997509844484542e-05,64.212,64.35917484662576,0.1119217728252118,64.128,64.612,-0.1689999999999969,-0.0003312660802473,64.118,64.16127147239264,0.0541001936696349,64.033,64.309,0.0420000000000015,-5.314758736304595e-05,59.142,59.27317586912065,0.044937513426949,59.142,59.354,-0.0849999999999937,2.3467229563836813e-05,54.154,54.18041666666666,0.1573139468435853,53.859,54.534,-0.3799999999999954,-0.0003012121336982,52.419,52.41281595092024,0.0164442222362315,52.377,52.482,-0.0210000000000007,-9.141946657165986e-06,52.331,52.30950920245399,0.016455924809233,52.247,52.353,0.0630000000000023,1.5904047348697624e-05,52.6,52.57443507157464,0.0232049776728742,52.515,52.642,0.0210000000000007,4.154621510908985e-05,0.021,0.0762776073619631,0.116201412563707,0.004,1.344,-0.0379999999999999,4.3851638372837614e-05,0.575,0.5005966257668711,0.144353242104211,0.149,0.796,0.1779999999999999,8.558328165553335e-05,-0.144,-0.1561467280163599,0.0658829382207474,-0.335,-0.005,-0.0229999999999999,5.320562526842583e-06,1.395,1.948121165644172,0.3828755042176629,0.618,2.736,-0.312,1.1388587980700856e-05,298.636,299.4100429447853,0.4458872650861089,298.125,300.557,-0.73599999999999,-0.0001074349010301,4.184,3.765633946830266,0.3404679197055653,2.924,4.566,0.282,3.45527741782052e-05,175.0,175.0,0.0,175.0,175.0,0.0,-5.113344712786223e-17,15.0,15.0,0.0,15.0,15.0,0.0,-4.475704967213188e-18,7.5,7.809815950920245,0.6072380117678341,7.5,9.0,-1.5,-0.0007354589550781,7.5,8.082822085889571,0.7303432332028685,7.5,9.0,-1.5,-0.0009311432606606,6.0,5.830521472392638,0.4742569627499953,4.5,6.0,0.0,-0.0006574459656581,0.0,0.0,0.0,0.0,0.0,0.0,0.0,1.0,1.0,0.0,1.0,1.0,0.0,-1.5208410499193885e-18,1.0,1.0,0.0,1.0,1.0,0.0,-1.5208410499193885e-18,1.0,1.0,0.0,1.0,1.0,0.0,-1.5208410499193885e-18,1.0,1.0,0.0,1.0,1.0,0.0,-1.5208410499193885e-18,0.0,4.335378323108385,12.434614096137334,0.0,40.0,0.0,-0.0002432223435333,9.459,8.723231083844581,2.1636308923469474,2.852,13.248,3.098,0.0038199441090191,0.59,1.0192484662576689,0.2758599162201591,0.567,1.745,-1.0739999999999998,-0.0002381327941271,0.6791145,4,0.6962255665553588,0.6662235260009766
batch_dist_ternary_butan-1-ol+propan-2-ol+water__operating_point_022__test_anormal_experiment_001,batch_dist_ternary_butan-1-ol+propan-2-ol+water,operating_point_022,test_anormal_experiment_001,0.4,3559,148.25,0.6832104934548542,1.0,1.0,0.0,1.0,1.0,0.0,5.2007708417668615e-20,1.0,1.0,0.0,1.0,1.0,0.0,5.2007708417668615e-20,344.03,342.56863753863445,1.1698310071354945,340.343,344.465,3.617999999999995,0.0011309329140247,75.709,75.80966254565888,0.2608238962706208,75.134,76.455,-0.3619999999999947,8.496307801434632e-05,66.078,65.90314891823546,0.1118580502152554,65.715,66.12,0.3209999999999979,0.0001072623051275,71.083,70.99694099466143,0.0856426085236762,70.809,71.315,-0.1899999999999977,8.534652976903097e-06,71.084,71.06221972464175,0.1171684763986062,70.85,71.403,-0.2759999999999962,4.991478775948166e-05,66.04,65.9754483000843,0.0777347002014018,65.785,66.231,-0.1489999999999867,2.9936793357285933e-05,63.241,63.28301475133465,0.0733496908625806,63.05,63.473,-0.2319999999999993,-4.098506634682671e-05,58.363,58.3720396178702,0.0157307164751183,58.321,58.468,-0.0420000000000015,-1.490961724500125e-06,58.259,58.28428083731386,0.0262285599465794,58.217,58.343,-0.0630000000000023,7.224109566097824e-06,58.586,58.55899564484406,0.0242625002614431,58.48,58.649,0.0,1.1810024325657412e-05,0.005,0.0648197527395335,0.0793292947831039,0.005,1.48,-0.049,-2.899474961695164e-06,0.467,0.4645977802753582,0.0932261847077458,0.045,1.93,0.032,1.2091153725566102e-05,0.152,0.1701496206799662,0.0526467938722398,-0.046,0.351,-0.0579999999999999,8.368134485047239e-06,1.682,2.00224079797696,0.1605219571200615,1.612,2.418,-0.326,7.482171043509095e-06,398.771,399.1629294745716,0.6176131612445062,397.201,400.673,-0.7899999999999636,-7.247175931387453e-05,3.902,3.721242062377073,0.3276198614122974,2.732,4.57,0.0780000000000002,-8.015815248519287e-06,140.0,140.0,0.0,140.0,140.0,0.0,-1.441370508075066e-17,21.000000000000004,19.25955324529362,0.9134427663828518,18.0,21.000000000000004,3.000000000000004,0.0003126206139023,9.0,9.03856420342793,0.5155340686808613,7.5,10.500000000000002,0.0,-0.0002125535161241,10.500000000000002,9.505338578252315,0.7083025403202439,9.0,10.500000000000002,0.0,-0.000133482091622,6.0,6.734616465299242,0.7485764801885801,6.0,7.5,0.0,-6.207583975120202e-05,0.0,0.0,0.0,0.0,0.0,0.0,0.0,1.0,1.0,0.0,1.0,1.0,0.0,5.2007708417668615e-20,1.0,1.0,0.0,1.0,1.0,0.0,5.2007708417668615e-20,1.0,1.0,0.0,1.0,1.0,0.0,5.2007708417668615e-20,1.0,1.0,0.0,1.0,1.0,0.0,5.2007708417668615e-20,0.0,3.6004495644844057,10.812247840588462,0.0,37.0,-36.0,-0.0003163248284411,7.761,7.826072070806406,0.3796781967522292,6.843,8.925,-0.1659999999999994,0.0002358105978021,1.109,1.1180144703568418,0.0542123295956233,0.978,1.275,-0.024,3.3672587353140746e-05,0.67098355,4,0.6962255665553588,0.6662235260009766
batch_dist_ternary_butan-1-ol+propan-2-ol+water__operating_point_022__train_normal_experiment_001,batch_dist_ternary_butan-1-ol+propan-2-ol+water,operating_point_022,train_normal_experiment_001,0.4,2212,92.11666666666666,0.6811837097008695,1.0,1.0,0.0,1.0,1.0,0.0,2.7091092037567268e-20,1.0,1.0,0.0,1.0,1.0,0.0,2.7091092037567268e-20,346.436,344.30921541591323,1.1977991436271456,341.648,346.482,4.787999999999954,0.0018608839106876,75.965,75.85652509041591,0.1118724891269281,75.667,76.093,0.213000000000008,0.0001611683705579,65.843,65.74074163652803,0.0698712038285193,65.522,65.864,0.3209999999999979,0.000103389528012,70.851,70.82893490054249,0.0478717966821395,70.724,71.02,-0.1479999999999961,-9.671488240708374e-06,70.978,70.91629272151899,0.0718522969893632,70.786,71.084,-0.0210000000000007,8.434705461933209e-05,65.955,65.80324999999999,0.0517116835375327,65.7,65.976,0.0639999999999929,2.551722792851943e-05,60.427,60.40157866184449,0.0552605443647595,60.237,60.597,0.1049999999999968,3.917230366376197e-05,58.405,58.43176265822785,0.0270142484302326,58.279,58.489,0.1050000000000039,1.3759952764028666e-05,58.343,58.33044371609404,0.0170830428736146,58.195,58.385,0.1480000000000032,6.474128934609618e-06,58.586,58.603527124773954,0.0240298128247251,58.48,58.649,0.0850000000000008,9.879525429187404e-06,0.039,0.0726446654611211,0.0786795889393536,0.005,0.9,-0.222,-1.0591828184639992e-05,0.436,0.452118670886076,0.063165407586695,0.011,1.397,-0.09,1.3349477198622242e-05,0.111,0.1436781193490054,0.0541199058090589,-0.073,0.339,0.062,1.6226436139716742e-05,2.049,2.004707504520796,0.1826707977993115,1.547,2.488,-0.02,2.6073431418117897e-06,399.094,399.0839649638336,0.607475516155312,397.434,400.431,1.4449999999999932,-6.557985848031707e-05,3.646,4.129348779385172,0.4280163897710168,3.339,4.975,-0.9080000000000004,-5.971629020800629e-06,140.0,140.0,0.0,140.0,140.0,0.0,3.588356916729525e-17,16.5,16.483047016274863,0.3701780173327609,15.0,18.0,0.0,-0.0001912102638927,9.0,8.97762206148282,0.3643482948324137,7.5,10.500000000000002,0.0,-0.0001910572590935,10.500000000000002,9.43501356238698,0.6800887146925975,9.0,10.500000000000002,1.5000000000000018,-9.926144771901456e-05,6.0,6.68625678119349,0.7466053998148401,6.0,7.5,0.0,-4.9887048475589006e-05,0.0,0.0,0.0,0.0,0.0,0.0,0.0,1.0,1.0,0.0,1.0,1.0,0.0,2.7091092037567268e-20,1.0,1.0,0.0,1.0,1.0,0.0,2.7091092037567268e-20,1.0,1.0,0.0,1.0,1.0,0.0,2.7091092037567268e-20,1.0,1.0,0.0,1.0,1.0,0.0,2.7091092037567268e-20,0.0,2.4249547920434,8.990665806967105,0.0,36.0,0.0,-5.787572840000188e-06,7.919,7.8024084538878835,0.3591860450017664,6.904,8.767,0.0439999999999995,0.0001891742099039,1.131,1.1145574141048824,0.0513610711833013,0.986,1.253,0.0069999999999998,2.69417430778825e-05,0.66909856,4,0.6962255665553588,0.6662235260009766
batch_dist_ternary_butan-1-ol+propan-2-ol+water__operating_point_026__test_anormal_experiment_001,batch_dist_ternary_butan-1-ol+propan-2-ol+water,operating_point_026,test_anormal_experiment_001,0.4,3074,128.03333333333333,0.676670446781282,1.0,1.0,0.0,1.0,1.0,0.0,-4.661573741494097e-20,1.0,0.9973975276512688,0.0509480076784694,0.0,1.0,0.0,-4.570277966873457e-06,338.124,338.16778480806767,0.5834861956388944,336.387,338.97,1.6690000000000396,0.0005279832648219,72.386,71.90540631099545,0.25978712008312,71.385,72.514,0.8299999999999983,0.0002180934024584,61.958,61.92277618737801,0.298457560509282,61.36,62.918,0.5120000000000005,0.0003219161279736,67.498,67.03991655823032,0.1862079087440991,66.634,67.519,0.5480000000000018,0.0001746491451609,67.472,67.03540029277814,0.191610597506212,66.622,67.493,0.4249999999999971,0.0001834507529956,62.6,61.96828220559531,0.2256174452462171,61.602,62.6,0.9130000000000038,0.0002404559686761,56.856,56.14950130123618,0.2635974614139693,55.336,56.898,0.0420000000000015,-0.0002109385949145,52.335,52.88383425504229,0.1991600614883521,52.315,53.632,-1.1300000000000026,-0.0001567496756708,52.058,52.599486824983735,0.1405635178229027,52.015,53.364,-0.8430000000000035,-7.70845554250859e-05,52.347,52.86627472348731,0.1166190082528848,51.947,53.126,-0.7579999999999956,-7.99646082309484e-05,0.087,0.0774528301886792,0.0428158121925494,0.005,0.963,0.0119999999999999,-6.940955674020201e-06,0.475,0.4235232595966168,0.0583596431303697,0.005,1.059,0.061,-6.810529037609801e-07,-0.467,-0.3880946649316851,0.0814378192060744,-0.695,0.271,-0.043,1.4906866308179248e-05,3.287,1.993438028627196,0.4504238634673891,-1.269,4.089,0.981,-2.1482685876514463e-05,291.368,298.3904022446324,2.0161442885088108,291.26,317.032,-6.262999999999977,0.0002680917087436,4.55,4.014700227716331,0.3907981945430575,2.924,4.95,0.907,-4.207962054836602e-05,140.0,140.0,0.0,140.0,140.0,0.0,-2.6013039232729907e-17,18.0,18.30985686402082,0.9577928054839836,16.5,21.000000000000004,0.0,0.00067702060324,6.0,8.274154196486663,0.7730452189303139,6.0,10.500000000000002,-1.5,-2.599100307340796e-05,7.5,8.63597918022121,0.6706350476717989,7.5,10.500000000000002,-1.5,4.998759599996432e-05,4.5,6.202992843201041,0.5542561603586916,4.5,9.0,-1.5,9.173852906008531e-05,0.0,0.0,0.0,0.0,0.0,0.0,0.0,1.0,1.0,0.0,1.0,1.0,0.0,-4.661573741494097e-20,1.0,1.0,0.0,1.0,1.0,0.0,-4.661573741494097e-20,1.0,1.0,0.0,1.0,1.0,0.0,-4.661573741494097e-20,1.0,1.0,0.0,1.0,1.0,0.0,-4.661573741494097e-20,0.0,0.8160377358490566,5.798425384142323,0.0,43.0,0.0,0.0013219698395839,8.726,7.615308392973326,0.9617043837777352,0.351,12.429,0.7630000000000008,-6.502752089257237e-05,1.454,1.2691951854261547,0.1603249038199853,0.059,2.071,0.127,-1.0794070356616168e-05,0.6962809,4,0.6962255665553588,0.6662235260009766
batch_dist_ternary_butan-1-ol+propan-2-ol+water__operating_point_026__test_anormal_experiment_002,batch_dist_ternary_butan-1-ol+propan-2-ol+water,operating_point_026,test_anormal_experiment_002,0.4,2447,101.93333333333334,0.6789898851018339,1.0,0.9995913363302004,0.0202113003986567,0.0,1.0,0.0,-3.251396375647454e-07,1.0,1.0,0.0,1.0,1.0,0.0,3.049448019089816e-19,339.702,339.4748173273396,0.3575339706799325,338.902,340.229,0.4569999999999936,-1.9765247167071852e-05,71.492,71.036086636698,1.0212168149095238,69.045,72.109,-0.5959999999999894,-0.0008429679832754,62.128,61.90752431548835,0.1620692755047018,61.638,62.235,0.4690000000000012,0.0002178635602173,66.971,66.38953146710257,0.5680353763931395,65.033,67.035,0.3580000000000041,-0.0002149643199623,66.707,66.4289818144667,0.5243422549667155,65.285,66.962,0.0849999999999937,-0.0002492703469322,61.793,61.47902349816102,0.4206873580800931,60.584,61.963,0.1910000000000025,-0.0002088741118028,56.772,56.968298324478944,0.4314211069542087,56.117,59.328,0.1689999999999969,2.703861553581296e-05,52.398,52.60931405803024,0.1675054792318829,52.21,53.046,-0.6280000000000001,-0.0002121658041997,52.205,52.36005006129955,0.1173331090823002,51.994,52.648,-0.4430000000000049,-0.0001353557150647,52.473,52.61815038823049,0.0966695553153085,52.305,52.831,-0.3370000000000033,-0.0001083432687652,0.077,0.0960841847159787,0.0683662779440998,0.005,1.182,-0.116,-1.8590720766338147e-05,0.448,0.4144125459746628,0.0939622786107922,0.005,0.774,0.029,6.732471964560466e-06,-0.266,-0.2644464650592562,0.0790598258492346,-0.573,0.058,-0.015,4.760791214220506e-06,2.036,2.121248058847568,0.5807730145356829,0.571,4.716,0.4040000000000001,6.725946895239436e-05,298.26,298.70477073968124,1.2756218426979156,293.674,301.804,-1.785000000000025,-0.0006086692417267,4.558,3.722466080915408,0.3263336765412339,2.73,4.566,0.915,-7.0146931699662495e-06,140.0,140.0,0.0,140.0,140.0,0.0,-4.749820254212189e-17,10.500000000000002,15.594605639558644,6.255907671196581,0.0,31.5,-5.999999999999998,-6.302999767453027e-05,6.0,8.359419697588883,3.4170068764123607,0.0,16.5,-3.0,9.1792570726028e-05,4.5,8.963833265222721,3.868023492594276,0.0,18.0,-4.5,0.00038972346692,4.5,6.443195749897834,2.5894582280248617,0.0,13.5,-3.0,0.0002007501801896,0.0,0.0,0.0,0.0,0.0,0.0,0.0,1.0,1.0,0.0,1.0,1.0,0.0,3.049448019089816e-19,1.0,1.0,0.0,1.0,1.0,0.0,3.049448019089816e-19,1.0,1.0,0.0,1.0,1.0,0.0,3.049448019089816e-19,1.0,1.0,0.0,1.0,1.0,0.0,3.049448019089816e-19,0.0,2.1279117286473235,9.07595123032064,0.0,41.0,0.0,-0.0008099506828852,7.911,7.371227217000409,1.5536556720685493,0.0,12.976,0.6339999999999995,0.0001265797511249,1.319,1.303042705353494,0.380826099013635,0.0,3.212,0.1059999999999998,3.332516790587592e-05,0.69761544,4,0.6962255665553588,0.6662235260009766
batch_dist_ternary_butan-1-ol+propan-2-ol+water__operating_point_026__train_normal_experiment_001,batch_dist_ternary_butan-1-ol+propan-2-ol+water,operating_point_026,train_normal_experiment_001,0.4,2174,90.56666666666666,0.681401563038853,1.0,0.9949402023919044,0.0709520687243211,0.0,1.0,0.0,3.323236954838792e-06,1.0,1.0,0.0,1.0,1.0,0.0,-4.2565649201282824e-19,332.2754211425781,332.8841880791321,0.4130504110418322,332.1612548828125,333.5995178222656,-0.456512451171875,-0.0004226852372871,71.34290313720703,70.91534669835741,0.2845744653068876,70.30011749267578,71.38548278808594,0.5746307373046875,0.0004319393885277,61.42440032958984,61.02337174384881,0.2377473165020095,60.5073356628418,61.44573593139648,0.8317642211913991,0.000375660897274,66.3814926147461,66.04355793823972,0.1689736112988366,65.7494888305664,66.40254974365234,0.442413330078125,0.0002257928993928,66.36768341064453,66.04389037313874,0.119607045907285,65.7945556640625,66.388916015625,0.2971878051757812,0.0001755332932551,61.36882400512695,61.01868592343861,0.2238772185263812,60.5838737487793,61.45369720458984,0.5303916931152344,0.0003433150529495,56.13825225830078,55.87734400951873,0.3290962465164502,55.04046249389648,56.41275405883789,0.7811622619628906,0.0003470798059609,52.29365921020508,52.44724380980968,0.1345470688709895,52.27275466918945,52.816436767578125,-0.5018692016601562,-0.0002019809904771,52.09966278076172,52.21153742168185,0.1099475456335126,52.078590393066406,52.52116012573242,-0.3582687377929687,-0.0001605351428541,52.3470344543457,52.41088518881425,0.0871074008575905,52.30492782592773,52.662899017333984,-0.3158645629882812,-0.0001240176404232,0.0881298705935478,0.0899910729488986,0.0197475259904048,0.004128283355385,0.2502996027469635,0.0105002000927924,3.358089289029915e-06,0.3430793285369873,0.3831585032082306,0.1448167125938707,0.2903254926204681,2.479789018630981,-0.0729402601718902,9.501453435451283e-06,-0.2222747802734375,-0.2481373507930471,0.0672669943020486,-0.4666481018066406,-0.0734825134277343,-0.0206298828125,-2.8200900307260067e-06,1.9656620025634768,1.991364851498012,0.0948419880749339,1.621990203857422,2.265832901000977,0.1022300720214848,3.081495693875989e-06,299.6683349609375,299.05804935374607,0.6196520997328204,297.63134765625,300.4490051269531,0.574310302734375,-2.1431578191949744e-05,5.853658676147461,6.381960184615801,0.3856926929372126,5.454545497894287,7.292616367340088,-0.5099778175354004,3.306378784047601e-05,140.0,140.0,0.0,140.0,140.0,0.0,2.946177027682817e-17,16.5,16.348551057957682,0.4516391162945543,15.0,16.5,1.5,0.0003373746828059,9.0,9.039328426862925,0.3241203646965875,7.5,10.500000000000002,1.5,0.0001472393680541,10.500000000000002,9.321872125114997,0.6155873480636496,9.0,10.500000000000002,1.5000000000000018,0.0003260910933351,7.5,6.767939282428703,0.749785424068742,6.0,7.5,1.5,0.0002739883612837,0.0,0.0,0.0,0.0,0.0,0.0,0.0,1.0,1.0,0.0,1.0,1.0,0.0,-4.2565649201282824e-19,1.0,1.0,0.0,1.0,1.0,0.0,-4.2565649201282824e-19,1.0,1.0,0.0,1.0,1.0,0.0,-4.2565649201282824e-19,1.0,1.0,0.0,1.0,1.0,0.0,-4.2565649201282824e-19,0.0,3.7092916283348663,12.776046186827235,0.0,48.0,0.0,-4.5183409351186754e-05,5.565714359283447,5.844743069641724,0.2085286329628818,5.137142658233643,6.405714511871338,-0.4542856216430664,7.590222415853778e-05,1.2942856550216677,1.3407027860409422,0.0346111287055555,1.222857117652893,1.4342857599258425,-0.0757143497467038,1.2613289534292594e-05,0.68645763,4,0.6962255665553588,0.6662235260009766
batch_dist_ternary_butan-1-ol+propan-2-ol+water__operating_point_029__test_anormal_experiment_001,batch_dist_ternary_butan-1-ol+propan-2-ol+water,operating_point_029,test_anormal_experiment_001,0.4,3072,127.95,0.6924970709609258,1.0,0.9996744791666666,0.0180392591178351,0.0,1.0,0.0,3.479007586267371e-07,1.0,1.0,0.0,1.0,1.0,0.0,2.7674167663748024e-19,428.556,413.1561526692708,17.173751949527297,373.199,428.603,8.188999999999965,0.0040978790234183,93.725,88.69354329427084,3.1704806330807616,82.579,93.768,4.089999999999989,0.0009837744421621,84.176,80.29920524088543,1.834838692489412,77.954,84.198,5.558000000000007,0.0016471652044704,88.791,83.83254817708332,3.337104060319024,77.06,88.833,3.477000000000004,0.0010575394047755,89.674,84.45028515624999,2.468478875816558,79.748,89.674,4.679000000000002,0.0010351462422135,84.214,79.97717301432291,1.9171581360061865,76.255,84.214,4.269999999999996,0.000937052897958,78.129,74.10082519531251,2.6794564468312334,67.497,78.257,4.332999999999998,0.0013873971726222,65.472,65.01365478515625,0.9433380807464938,62.996,65.85,-0.3150000000000119,4.5145702778998586e-05,65.107,64.70300227864584,0.8824874818340284,62.505,65.424,-0.2109999999999985,0.0001377358905393,65.407,64.96979117838542,0.8988721907278996,62.765,65.682,-0.1689999999999969,0.0001441626890896,0.228,0.1669052734375,0.0840078914451222,0.006,0.285,0.036,2.608827633104337e-05,0.478,0.4727724609374999,0.1765322876531314,0.004,1.398,0.0869999999999999,-2.2329893052765228e-05,0.97,0.9424423828125,0.1849895714277714,0.401,1.416,-0.1080000000000001,1.647627072943829e-05,2.066,1.9656233723958327,0.9714224361188788,-0.989,6.141,0.0869999999999997,2.4254807254188217e-05,545.819,534.5309527994792,20.700346390862904,482.242,552.406,-3.302000000000021,0.0031643592843892,3.64,4.006639973958333,0.3847203336546473,2.921,4.888,-0.262,-4.975926451318158e-06,210.0,198.87451171875,21.4548746272122,157.5,210.0,0.0,0.0057506707071313,37.5,21.35791015625,8.6786333983988,0.0,39.0,13.5,0.0016341012461027,31.5,13.8427734375,6.132513848097445,0.0,36.0,16.5,0.0013572758260131,27.0,14.435791015625,6.694138480737777,0.0,30.0,13.5,0.0022895138342825,9.0,11.560791015625,4.730805508685918,0.0,24.0,-1.5000000000000018,0.0012956068982164,0.0,0.0,0.0,0.0,0.0,0.0,0.0,1.0,1.0,0.0,1.0,1.0,0.0,2.7674167663748024e-19,1.0,1.0,0.0,1.0,1.0,0.0,2.7674167663748024e-19,1.0,1.0,0.0,1.0,1.0,0.0,2.7674167663748024e-19,1.0,1.0,0.0,1.0,1.0,0.0,2.7674167663748024e-19,0.0,2.890625,8.613278002172478,0.0,39.0,-28.0,-0.0011310582730302,8.25,8.110738932291667,2.524170404831041,0.0,21.4,1.0199999999999996,-0.0002761979757939,2.755,1.96971435546875,1.076770726279116,0.0,2.98,0.3449999999999997,0.0003108716519479,0.6125306,4,0.6962255665553588,0.6662235260009766
batch_dist_ternary_butan-1-ol+propan-2-ol+water__operating_point_029__train_normal_experiment_001,batch_dist_ternary_butan-1-ol+propan-2-ol+water,operating_point_029,train_normal_experiment_001,0.4,2958,123.21666666666668,0.7360743665816829,1.0,0.9996619337390128,0.0183834700802197,0.0,1.0,0.0,1.397893556953155e-07,1.0,1.0,0.0,1.0,1.0,0.0,3.0318894100731893e-19,427.566,424.5528902974983,1.3915810469487668,420.696,427.566,6.84699999999998,0.0015318920116591,92.418,90.01754344151453,1.0166622738465327,88.757,92.418,3.661000000000002,0.0011424793977248,82.48,79.6955104800541,1.4695310744685324,77.268,82.545,5.212000000000003,0.0017172885141019,87.54,84.96987373225153,1.0522886775093607,83.725,87.54,3.5400000000000063,0.0011846974979403,87.516,85.02613167680865,1.113438910337113,83.715,87.516,3.695000000000008,0.0012627087164645,82.377,79.88999019607844,1.1534350359200087,78.451,82.377,3.712999999999994,0.0013260761560276,77.98,75.52675033806626,1.1917587952218898,73.52,78.023,4.439000000000007,0.0013881550699337,66.102,66.42243103448276,0.4640482575170481,65.913,67.467,-1.3649999999999949,-0.0005055721992607,65.339,65.60116954022989,0.3616969014068931,65.212,66.651,-1.269999999999996,-0.0003717908299999,65.618,65.74238793103449,0.2375149214907209,65.491,66.485,-0.8460000000000036,-0.0002333990238366,0.236,0.2144526707234618,0.0098723063169306,0.169,0.237,0.0529999999999999,7.636898360554356e-06,0.499,0.4610532454361055,0.0209884088865139,0.371,0.511,0.1159999999999999,1.4353096616670356e-05,1.066,1.0206100405679512,0.0641780227522881,0.808,1.232,0.15,1.3229291271775206e-05,2.422,2.008548681541582,0.1760811507987685,1.403,2.501,1.0160000000000002,-4.885262428036876e-06,549.121,548.464498816768,1.078425369290066,544.787,551.643,1.7849999999999682,-0.0001316282547846,4.554,4.105347025016903,0.4225789633108431,3.339,4.897,0.2960000000000002,-1.7997791800634604e-05,210.0,210.0,0.0,210.0,210.0,0.0,-1.6898374508160004e-18,24.0,23.501267748478703,0.909821280242528,22.5,25.500000000000004,0.0,0.0006377845886732,15.0,14.136663286004056,0.7412588124189798,13.5,15.0,0.0,0.0003265053374002,15.0,14.770030425963489,0.8982414073338574,13.5,16.5,1.5,0.0006960002483604,12.0,11.536257606490873,0.8280952082967308,10.500000000000002,13.5,1.4999999999999982,0.000682281766093,0.0,0.0,0.0,0.0,0.0,0.0,0.0,1.0,1.0,0.0,1.0,1.0,0.0,3.0318894100731893e-19,1.0,1.0,0.0,1.0,1.0,0.0,3.0318894100731893e-19,1.0,1.0,0.0,1.0,1.0,0.0,3.0318894100731893e-19,1.0,1.0,0.0,1.0,1.0,0.0,3.0318894100731893e-19,0.0,2.126943881000676,7.660202081797211,0.0,30.0,0.0,-7.504752677556054e-05,8.715,8.043623732251522,0.3567724489966704,6.57,9.0,2.047,0.0002100649340358,2.905,2.680639959432048,0.1185737811134653,2.19,3.0,0.6819999999999999,7.008352468944749e-05,0.67457896,4,0.6962255665553588,0.6662235260009766
batch_dist_ternary_butan-1-ol+propan-2-ol+water__operating_point_033__train_normal_experiment_001,batch_dist_ternary_butan-1-ol+propan-2-ol+water,operating_point_033,train_normal_experiment_001,0.4,2216,92.31666666666666,0.6032216753142463,1.0,0.9941335740072202,0.0763676046426167,0.0,1.0,0.0,-3.3242016024778824e-06,1.0,1.0,0.0,1.0,1.0,0.0,4.820935139146836e-19,423.729,423.12043253610113,0.4906974008016532,422.106,423.847,1.5289999999999964,0.0006842790778789,85.015,84.38451331227435,0.6471665437580846,83.412,85.25,1.3889999999999958,0.0009215646876895,75.061,74.37729309566787,0.5256002947569001,73.519,75.104,1.477000000000004,0.0008054097025268,79.999,79.3738059566787,0.4909057127394798,78.73,80.063,1.1839999999999975,0.0007234228879898,79.982,79.5391714801444,0.4042105547050864,78.959,80.259,1.022999999999996,0.0006111360036903,74.976,74.4291838898917,0.5010776567132612,73.741,75.147,1.1929999999999978,0.000750799564218,73.286,72.50129490072202,0.401696180358054,71.758,73.35,1.4639999999999986,0.0006170786503342,73.081,72.24669381768953,0.4781839227184837,71.272,73.187,1.683000000000007,0.0007363934548063,72.859,71.89374526173285,0.5720637869033603,70.57,72.944,2.2680000000000007,0.0008801506973782,64.963,65.24343027978338,0.5436661192939589,64.625,66.866,-1.818000000000012,-0.0006989997794966,0.111,0.112764214801444,0.0261496151050371,0.004,0.654,-0.526,2.1213404380639678e-06,0.376,0.3793260379061371,0.0191030089065508,0.307,0.428,0.064,6.343161935351849e-06,0.459,0.5277660198555957,0.1397040570995668,0.182,1.091,-0.064,9.929164952507471e-06,1.652,2.006215252707581,0.1540941473206365,1.434,2.503,0.1139999999999998,-7.903583465067318e-06,495.164,495.0182606046931,3.020539303838596,485.517,503.393,-2.459000000000003,-0.0013801243932338,5.854,5.093297608303249,0.4318372979840907,4.44,5.958,1.2999999999999998,-7.92649696781972e-06,210.0,210.0,0.0,210.0,210.0,0.0,-5.697957052306555e-17,21.000000000000004,21.558438628158846,0.7633239460376607,19.5,22.5,0.0,-0.000475197348349,12.0,11.613492779783394,0.6560281998857521,10.500000000000002,12.0,0.0,-0.000171003954868,13.5,12.337093862815884,0.6592821294467357,10.500000000000002,13.5,1.5,0.000183352682881,9.0,9.130979241877256,0.4231541861698545,9.0,10.500000000000002,0.0,-1.4299332461282049e-05,0.0,0.0,0.0,0.0,0.0,0.0,0.0,1.0,1.0,0.0,1.0,1.0,0.0,4.820935139146836e-19,1.0,1.0,0.0,1.0,1.0,0.0,4.820935139146836e-19,1.0,1.0,0.0,1.0,1.0,0.0,4.820935139146836e-19,1.0,1.0,0.0,1.0,1.0,0.0,4.820935139146836e-19,0.0,1.4677346570397112,7.571498637596376,0.0,41.0,0.0,-0.0002164565810584,5.186,5.441687274368231,0.2926108797224073,4.293,6.357,0.8929999999999998,0.000163139675166,1.574,1.6768348375451263,0.1169190020752539,1.217,2.074,0.357,6.540889626041837e-05,0.65950024,4,0.6962255665553588,0.6662235260009766
