run_id,operating_point,final_v002_purity,prediction,true_outcome,stop,learner,seed,stop_quantile,round
batch_dist_ternary_butan-1-ol+propan-2-ol+water__operating_point_015__test_anormal_experiment_001,operating_point_015,0.721089595799512,0.7228348,0.721089595799512,False,oracle_all_endpoints,0,0.2,1
batch_dist_ternary_butan-1-ol+propan-2-ol+water__operating_point_015__train_normal_experiment_001,operating_point_015,0.6844901545813868,0.6498695,0.6844901545813868,True,oracle_all_endpoints,0,0.2,1
batch_dist_ternary_butan-1-ol+propan-2-ol+water__operating_point_016__test_anormal_experiment_001,operating_point_016,0.6868716597635698,0.9519573,0.6868716597635698,False,oracle_all_endpoints,0,0.2,1
batch_dist_ternary_butan-1-ol+propan-2-ol+water__operating_point_016__train_normal_experiment_001,operating_point_016,0.6853377264416467,0.9347624,0.6853377264416467,False,oracle_all_endpoints,0,0.2,1
batch_dist_ternary_butan-1-ol+propan-2-ol+water__operating_point_022__test_anormal_experiment_001,operating_point_022,0.6832104934548542,0.698306,0.6832104934548542,False,oracle_all_endpoints,0,0.2,1
batch_dist_ternary_butan-1-ol+propan-2-ol+water__operating_point_022__train_normal_experiment_001,operating_point_022,0.6811837097008695,0.69100314,0.6811837097008695,False,oracle_all_endpoints,0,0.2,1
batch_dist_ternary_butan-1-ol+propan-2-ol+water__operating_point_026__test_anormal_experiment_001,operating_point_026,0.676670446781282,0.68517894,0.676670446781282,False,oracle_all_endpoints,0,0.2,1
batch_dist_ternary_butan-1-ol+propan-2-ol+water__operating_point_026__test_anormal_experiment_002,operating_point_026,0.6789898851018339,0.6843315,0.6789898851018339,False,oracle_all_endpoints,0,0.2,1
batch_dist_ternary_butan-1-ol+propan-2-ol+water__operating_point_026__train_normal_experiment_001,operating_point_026,0.681401563038853,0.6713821,0.681401563038853,False,oracle_all_endpoints,0,0.2,1
batch_dist_ternary_butan-1-ol+propan-2-ol+water__operating_point_015__test_anormal_experiment_001,operating_point_015,0.721089595799512,0.7376749,0.721089595799512,False,completed_only,0,0.2,1
batch_dist_ternary_butan-1-ol+propan-2-ol+water__operating_point_015__train_normal_experiment_001,operating_point_015,0.6844901545813868,0.6421092,0.6844901545813868,True,completed_only,0,0.2,1
batch_dist_ternary_butan-1-ol+propan-2-ol+water__operating_point_016__test_anormal_experiment_001,operating_point_016,0.6868716597635698,0.9494337,0.6868716597635698,False,completed_only,0,0.2,1
batch_dist_ternary_butan-1-ol+propan-2-ol+water__operating_point_016__train_normal_experiment_001,operating_point_016,0.6853377264416467,0.93753576,0.6853377264416467,False,completed_only,0,0.2,1
batch_dist_ternary_butan-1-ol+propan-2-ol+water__operating_point_022__test_anormal_experiment_001,operating_point_022,0.6832104934548542,0.6939194,0.6832104934548542,False,completed_only,0,0.2,1
batch_dist_ternary_butan-1-ol+propan-2-ol+water__operating_point_022__train_normal_experiment_001,operating_point_022,0.6811837097008695,0.69042,0.6811837097008695,False,completed_only,0,0.2,1
batch_dist_ternary_butan-1-ol+propan-2-ol+water__operating_point_026__test_anormal_experiment_001,operating_point_026,0.676670446781282,0.69357604,0.676670446781282,False,completed_only,0,0.2,1
batch_dist_ternary_butan-1-ol+propan-2-ol+water__operating_point_026__test_anormal_experiment_002,operating_point_026,0.6789898851018339,0.6751352,0.6789898851018339,False,completed_only,0,0.2,1
batch_dist_ternary_butan-1-ol+propan-2-ol+water__operating_point_026__train_normal_experiment_001,operating_point_026,0.681401563038853,0.6827984,0.681401563038853,False,completed_only,0,0.2,1
batch_dist_ternary_butan-1-ol+propan-2-ol+water__operating_point_015__test_anormal_experiment_001,operating_point_015,0.721089595799512,0.72953314,0.721089595799512,False,static_initial,0,0.2,1
batch_dist_ternary_butan-1-ol+propan-2-ol+water__operating_point_015__train_normal_experiment_001,operating_point_015,0.6844901545813868,0.6362975,0.6844901545813868,True,static_initial,0,0.2,1
batch_dist_ternary_butan-1-ol+propan-2-ol+water__operating_point_016__test_anormal_experiment_001,operating_point_016,0.6868716597635698,0.9553215,0.6868716597635698,False,static_initial,0,0.2,1
batch_dist_ternary_butan-1-ol+propan-2-ol+water__operating_point_016__train_normal_experiment_001,operating_point_016,0.6853377264416467,0.9359033,0.6853377264416467,False,static_initial,0,0.2,1
batch_dist_ternary_butan-1-ol+propan-2-ol+water__operating_point_022__test_anormal_experiment_001,operating_point_022,0.6832104934548542,0.6917888,0.6832104934548542,False,static_initial,0,0.2,1
batch_dist_ternary_butan-1-ol+propan-2-ol+water__operating_point_022__train_normal_experiment_001,operating_point_022,0.6811837097008695,0.70108217,0.6811837097008695,False,static_initial,0,0.2,1
batch_dist_ternary_butan-1-ol+propan-2-ol+water__operating_point_026__test_anormal_experiment_001,operating_point_026,0.676670446781282,0.69515306,0.676670446781282,False,static_initial,0,0.2,1
batch_dist_ternary_butan-1-ol+propan-2-ol+water__operating_point_026__test_anormal_experiment_002,operating_point_026,0.6789898851018339,0.68727523,0.6789898851018339,False,static_initial,0,0.2,1
batch_dist_ternary_butan-1-ol+propan-2-ol+water__operating_point_026__train_normal_experiment_001,operating_point_026,0.681401563038853,0.67907685,0.681401563038853,False,static_initial,0,0.2,1
batch_dist_ternary_butan-1-ol+propan-2-ol+water__operating_point_008__test_anormal_experiment_001,operating_point_008,0.6431476053470059,0.6385524,0.6431476053470059,True,oracle_all_endpoints,0,0.2,2
batch_dist_ternary_butan-1-ol+propan-2-ol+water__operating_point_008__test_anormal_experiment_002,operating_point_008,0.4951805548141248,0.6107025,0.4951805548141248,True,oracle_all_endpoints,0,0.2,2
batch_dist_ternary_butan-1-ol+propan-2-ol+water__operating_point_010__test_anormal_experiment_001,operating_point_010,0.6667464410693288,0.61462176,0.6667464410693288,True,oracle_all_endpoints,0,0.2,2
batch_dist_ternary_butan-1-ol+propan-2-ol+water__operating_point_010__train_normal_experiment_001,operating_point_010,0.6271217656332728,0.6705794,0.6271217656332728,False,oracle_all_endpoints,0,0.2,2
batch_dist_ternary_butan-1-ol+propan-2-ol+water__operating_point_017__test_anormal_experiment_001,operating_point_017,0.6789549894914293,0.6843162,0.6789549894914293,False,oracle_all_endpoints,0,0.2,2
batch_dist_ternary_butan-1-ol+propan-2-ol+water__operating_point_017__train_normal_experiment_001,operating_point_017,0.6724500963647279,0.68086016,0.6724500963647279,False,oracle_all_endpoints,0,0.2,2
batch_dist_ternary_butan-1-ol+propan-2-ol+water__operating_point_020__train_normal_experiment_001,operating_point_020,0.6924323198414503,0.7091365,0.6924323198414503,False,oracle_all_endpoints,0,0.2,2
batch_dist_ternary_butan-1-ol+propan-2-ol+water__operating_point_028__test_anormal_experiment_002,operating_point_028,0.7279524080613684,0.77805847,0.7279524080613684,False,oracle_all_endpoints,0,0.2,2
batch_dist_ternary_butan-1-ol+propan-2-ol+water__operating_point_028__train_normal_experiment_001,operating_point_028,0.698567173084311,0.7983605,0.698567173084311,False,oracle_all_endpoints,0,0.2,2
batch_dist_ternary_butan-1-ol+propan-2-ol+water__operating_point_008__test_anormal_experiment_001,operating_point_008,0.6431476053470059,0.6450792,0.6431476053470059,True,completed_only,0,0.2,2
batch_dist_ternary_butan-1-ol+propan-2-ol+water__operating_point_008__test_anormal_experiment_002,operating_point_008,0.4951805548141248,0.614601,0.4951805548141248,True,completed_only,0,0.2,2
batch_dist_ternary_butan-1-ol+propan-2-ol+water__operating_point_010__test_anormal_experiment_001,operating_point_010,0.6667464410693288,0.60832244,0.6667464410693288,True,completed_only,0,0.2,2
batch_dist_ternary_butan-1-ol+propan-2-ol+water__operating_point_010__train_normal_experiment_001,operating_point_010,0.6271217656332728,0.6448811,0.6271217656332728,True,completed_only,0,0.2,2
batch_dist_ternary_butan-1-ol+propan-2-ol+water__operating_point_017__test_anormal_experiment_001,operating_point_017,0.6789549894914293,0.6759966,0.6789549894914293,False,completed_only,0,0.2,2
batch_dist_ternary_butan-1-ol+propan-2-ol+water__operating_point_017__train_normal_experiment_001,operating_point_017,0.6724500963647279,0.68921834,0.6724500963647279,False,completed_only,0,0.2,2
batch_dist_ternary_butan-1-ol+propan-2-ol+water__operating_point_020__train_normal_experiment_001,operating_point_020,0.6924323198414503,0.6892205,0.6924323198414503,False,completed_only,0,0.2,2
batch_dist_ternary_butan-1-ol+propan-2-ol+water__operating_point_028__test_anormal_experiment_002,operating_point_028,0.7279524080613684,0.80881256,0.7279524080613684,False,completed_only,0,0.2,2
batch_dist_ternary_butan-1-ol+propan-2-ol+water__operating_point_028__train_normal_experiment_001,operating_point_028,0.698567173084311,0.7768636,0.698567173084311,False,completed_only,0,0.2,2
batch_dist_ternary_butan-1-ol+propan-2-ol+water__operating_point_008__test_anormal_experiment_001,operating_point_008,0.6431476053470059,0.64346015,0.6431476053470059,True,static_initial,0,0.2,2
batch_dist_ternary_butan-1-ol+propan-2-ol+water__operating_point_008__test_anormal_experiment_002,operating_point_008,0.4951805548141248,0.6277517,0.4951805548141248,True,static_initial,0,0.2,2
batch_dist_ternary_butan-1-ol+propan-2-ol+water__operating_point_010__test_anormal_experiment_001,operating_point_010,0.6667464410693288,0.6204844,0.6667464410693288,True,static_initial,0,0.2,2
batch_dist_ternary_butan-1-ol+propan-2-ol+water__operating_point_010__train_normal_experiment_001,operating_point_010,0.6271217656332728,0.6672176,0.6271217656332728,False,static_initial,0,0.2,2
batch_dist_ternary_butan-1-ol+propan-2-ol+water__operating_point_017__test_anormal_experiment_001,operating_point_017,0.6789549894914293,0.68146634,0.6789549894914293,False,static_initial,0,0.2,2
batch_dist_ternary_butan-1-ol+propan-2-ol+water__operating_point_017__train_normal_experiment_001,operating_point_017,0.6724500963647279,0.6879257,0.6724500963647279,False,static_initial,0,0.2,2
batch_dist_ternary_butan-1-ol+propan-2-ol+water__operating_point_020__train_normal_experiment_001,operating_point_020,0.6924323198414503,0.91889745,0.6924323198414503,False,static_initial,0,0.2,2
batch_dist_ternary_butan-1-ol+propan-2-ol+water__operating_point_028__test_anormal_experiment_002,operating_point_028,0.7279524080613684,0.87562066,0.7279524080613684,False,static_initial,0,0.2,2
batch_dist_ternary_butan-1-ol+propan-2-ol+water__operating_point_028__train_normal_experiment_001,operating_point_028,0.698567173084311,0.9630127,0.698567173084311,False,static_initial,0,0.2,2
batch_dist_ternary_butan-1-ol+propan-2-ol+water__operating_point_002__test_anormal_experiment_001,operating_point_002,0.6553497732854644,0.6937123,0.6553497732854644,False,oracle_all_endpoints,0,0.2,3
batch_dist_ternary_butan-1-ol+propan-2-ol+water__operating_point_002__test_anormal_experiment_002,operating_point_002,0.6700755060336872,0.696491,0.6700755060336872,False,oracle_all_endpoints,0,0.2,3
batch_dist_ternary_butan-1-ol+propan-2-ol+water__operating_point_002__test_anormal_experiment_003,operating_point_002,0.6751905551408042,0.71243834,0.6751905551408042,False,oracle_all_endpoints,0,0.2,3
batch_dist_ternary_butan-1-ol+propan-2-ol+water__operating_point_002__test_anormal_experiment_004,operating_point_002,0.6669373851913899,0.67254335,0.6669373851913899,False,oracle_all_endpoints,0,0.2,3
batch_dist_ternary_butan-1-ol+propan-2-ol+water__operating_point_002__test_anormal_experiment_005,operating_point_002,0.4339862097948845,0.664736,0.4339862097948845,False,oracle_all_endpoints,0,0.2,3
batch_dist_ternary_butan-1-ol+propan-2-ol+water__operating_point_002__test_anormal_experiment_006,operating_point_002,0.6822258302481301,0.6495265,0.6822258302481301,True,oracle_all_endpoints,0,0.2,3
batch_dist_ternary_butan-1-ol+propan-2-ol+water__operating_point_012__test_anormal_experiment_001,operating_point_012,0.6847629577536862,0.7104815,0.6847629577536862,False,oracle_all_endpoints,0,0.2,3
batch_dist_ternary_butan-1-ol+propan-2-ol+water__operating_point_012__test_anormal_experiment_002,operating_point_012,0.6934751622305062,0.6913611,0.6934751622305062,False,oracle_all_endpoints,0,0.2,3
batch_dist_ternary_butan-1-ol+propan-2-ol+water__operating_point_030__test_anormal_experiment_001,operating_point_030,0.4914092846637076,0.72847944,0.4914092846637076,False,oracle_all_endpoints,0,0.2,3
batch_dist_ternary_butan-1-ol+propan-2-ol+water__operating_point_030__test_anormal_experiment_002,operating_point_030,0.7482780850605174,0.71317166,0.7482780850605174,False,oracle_all_endpoints,0,0.2,3
batch_dist_ternary_butan-1-ol+propan-2-ol+water__operating_point_030__train_normal_experiment_001,operating_point_030,0.8727910974666653,0.7520279,0.8727910974666653,False,oracle_all_endpoints,0,0.2,3
batch_dist_ternary_butan-1-ol+propan-2-ol+water__operating_point_033__train_normal_experiment_001,operating_point_033,0.6032216753142463,0.66977996,0.6032216753142463,False,oracle_all_endpoints,0,0.2,3
batch_dist_ternary_butan-1-ol+propan-2-ol+water__operating_point_002__test_anormal_experiment_001,operating_point_002,0.6553497732854644,0.6701955,0.6553497732854644,False,completed_only,0,0.2,3
batch_dist_ternary_butan-1-ol+propan-2-ol+water__operating_point_002__test_anormal_experiment_002,operating_point_002,0.6700755060336872,0.64881456,0.6700755060336872,True,completed_only,0,0.2,3
batch_dist_ternary_butan-1-ol+propan-2-ol+water__operating_point_002__test_anormal_experiment_003,operating_point_002,0.6751905551408042,0.6991201,0.6751905551408042,False,completed_only,0,0.2,3
batch_dist_ternary_butan-1-ol+propan-2-ol+water__operating_point_002__test_anormal_experiment_004,operating_point_002,0.6669373851913899,0.62671345,0.6669373851913899,True,completed_only,0,0.2,3
batch_dist_ternary_butan-1-ol+propan-2-ol+water__operating_point_002__test_anormal_experiment_005,operating_point_002,0.4339862097948845,0.662615,0.4339862097948845,True,completed_only,0,0.2,3
batch_dist_ternary_butan-1-ol+propan-2-ol+water__operating_point_002__test_anormal_experiment_006,operating_point_002,0.6822258302481301,0.6182888,0.6822258302481301,True,completed_only,0,0.2,3
batch_dist_ternary_butan-1-ol+propan-2-ol+water__operating_point_012__test_anormal_experiment_001,operating_point_012,0.6847629577536862,0.70044005,0.6847629577536862,False,completed_only,0,0.2,3
batch_dist_ternary_butan-1-ol+propan-2-ol+water__operating_point_012__test_anormal_experiment_002,operating_point_012,0.6934751622305062,0.68045294,0.6934751622305062,False,completed_only,0,0.2,3
batch_dist_ternary_butan-1-ol+propan-2-ol+water__operating_point_030__test_anormal_experiment_001,operating_point_030,0.4914092846637076,0.73321676,0.4914092846637076,False,completed_only,0,0.2,3
batch_dist_ternary_butan-1-ol+propan-2-ol+water__operating_point_030__test_anormal_experiment_002,operating_point_030,0.7482780850605174,0.6969578,0.7482780850605174,False,completed_only,0,0.2,3
batch_dist_ternary_butan-1-ol+propan-2-ol+water__operating_point_030__train_normal_experiment_001,operating_point_030,0.8727910974666653,0.72736585,0.8727910974666653,False,completed_only,0,0.2,3
batch_dist_ternary_butan-1-ol+propan-2-ol+water__operating_point_033__train_normal_experiment_001,operating_point_033,0.6032216753142463,0.70191824,0.6032216753142463,False,completed_only,0,0.2,3
batch_dist_ternary_butan-1-ol+propan-2-ol+water__operating_point_002__test_anormal_experiment_001,operating_point_002,0.6553497732854644,0.67178565,0.6553497732854644,False,static_initial,0,0.2,3
batch_dist_ternary_butan-1-ol+propan-2-ol+water__operating_point_002__test_anormal_experiment_002,operating_point_002,0.6700755060336872,0.6563806,0.6700755060336872,True,static_initial,0,0.2,3
batch_dist_ternary_butan-1-ol+propan-2-ol+water__operating_point_002__test_anormal_experiment_003,operating_point_002,0.6751905551408042,0.6614282,0.6751905551408042,True,static_initial,0,0.2,3
batch_dist_ternary_butan-1-ol+propan-2-ol+water__operating_point_002__test_anormal_experiment_004,operating_point_002,0.6669373851913899,0.62633085,0.6669373851913899,True,static_initial,0,0.2,3
batch_dist_ternary_butan-1-ol+propan-2-ol+water__operating_point_002__test_anormal_experiment_005,operating_point_002,0.4339862097948845,0.6610461,0.4339862097948845,True,static_initial,0,0.2,3
batch_dist_ternary_butan-1-ol+propan-2-ol+water__operating_point_002__test_anormal_experiment_006,operating_point_002,0.6822258302481301,0.62503487,0.6822258302481301,True,static_initial,0,0.2,3
batch_dist_ternary_butan-1-ol+propan-2-ol+water__operating_point_012__test_anormal_experiment_001,operating_point_012,0.6847629577536862,0.733952,0.6847629577536862,False,static_initial,0,0.2,3
batch_dist_ternary_butan-1-ol+propan-2-ol+water__operating_point_012__test_anormal_experiment_002,operating_point_012,0.6934751622305062,0.6946306,0.6934751622305062,False,static_initial,0,0.2,3
batch_dist_ternary_butan-1-ol+propan-2-ol+water__operating_point_030__test_anormal_experiment_001,operating_point_030,0.4914092846637076,0.76806515,0.4914092846637076,False,static_initial,0,0.2,3
batch_dist_ternary_butan-1-ol+propan-2-ol+water__operating_point_030__test_anormal_experiment_002,operating_point_030,0.7482780850605174,0.67804265,0.7482780850605174,False,static_initial,0,0.2,3
batch_dist_ternary_butan-1-ol+propan-2-ol+water__operating_point_030__train_normal_experiment_001,operating_point_030,0.8727910974666653,0.7515552,0.8727910974666653,False,static_initial,0,0.2,3
batch_dist_ternary_butan-1-ol+propan-2-ol+water__operating_point_033__train_normal_experiment_001,operating_point_033,0.6032216753142463,0.72440034,0.6032216753142463,False,static_initial,0,0.2,3
batch_dist_ternary_butan-1-ol+propan-2-ol+water__operating_point_018__test_anormal_experiment_001,operating_point_018,0.678697259715983,0.6869349,0.678697259715983,False,oracle_all_endpoints,0,0.2,4
batch_dist_ternary_butan-1-ol+propan-2-ol+water__operating_point_018__train_normal_experiment_001,operating_point_018,0.6821390035930127,0.69263756,0.6821390035930127,False,oracle_all_endpoints,0,0.2,4
batch_dist_ternary_butan-1-ol+propan-2-ol+water__operating_point_018__test_anormal_experiment_001,operating_point_018,0.678697259715983,0.6855217,0.678697259715983,False,completed_only,0,0.2,4
batch_dist_ternary_butan-1-ol+propan-2-ol+water__operating_point_018__train_normal_experiment_001,operating_point_018,0.6821390035930127,0.6829193,0.6821390035930127,False,completed_only,0,0.2,4
batch_dist_ternary_butan-1-ol+propan-2-ol+water__operating_point_018__test_anormal_experiment_001,operating_point_018,0.678697259715983,0.6933525,0.678697259715983,False,static_initial,0,0.2,4
batch_dist_ternary_butan-1-ol+propan-2-ol+water__operating_point_018__train_normal_experiment_001,operating_point_018,0.6821390035930127,0.7212267,0.6821390035930127,False,static_initial,0,0.2,4
batch_dist_ternary_butan-1-ol+propan-2-ol+water__operating_point_015__test_anormal_experiment_001,operating_point_015,0.721089595799512,0.7228348,0.721089595799512,False,oracle_all_endpoints,0,0.3,1
batch_dist_ternary_butan-1-ol+propan-2-ol+water__operating_point_015__train_normal_experiment_001,operating_point_015,0.6844901545813868,0.6498695,0.6844901545813868,True,oracle_all_endpoints,0,0.3,1
batch_dist_ternary_butan-1-ol+propan-2-ol+water__operating_point_016__test_anormal_experiment_001,operating_point_016,0.6868716597635698,0.9519573,0.6868716597635698,False,oracle_all_endpoints,0,0.3,1
batch_dist_ternary_butan-1-ol+propan-2-ol+water__operating_point_016__train_normal_experiment_001,operating_point_016,0.6853377264416467,0.9347624,0.6853377264416467,False,oracle_all_endpoints,0,0.3,1
batch_dist_ternary_butan-1-ol+propan-2-ol+water__operating_point_022__test_anormal_experiment_001,operating_point_022,0.6832104934548542,0.698306,0.6832104934548542,False,oracle_all_endpoints,0,0.3,1
batch_dist_ternary_butan-1-ol+propan-2-ol+water__operating_point_022__train_normal_experiment_001,operating_point_022,0.6811837097008695,0.69100314,0.6811837097008695,False,oracle_all_endpoints,0,0.3,1
batch_dist_ternary_butan-1-ol+propan-2-ol+water__operating_point_026__test_anormal_experiment_001,operating_point_026,0.676670446781282,0.68517894,0.676670446781282,False,oracle_all_endpoints,0,0.3,1
batch_dist_ternary_butan-1-ol+propan-2-ol+water__operating_point_026__test_anormal_experiment_002,operating_point_026,0.6789898851018339,0.6843315,0.6789898851018339,False,oracle_all_endpoints,0,0.3,1
batch_dist_ternary_butan-1-ol+propan-2-ol+water__operating_point_026__train_normal_experiment_001,operating_point_026,0.681401563038853,0.6713821,0.681401563038853,False,oracle_all_endpoints,0,0.3,1
batch_dist_ternary_butan-1-ol+propan-2-ol+water__operating_point_015__test_anormal_experiment_001,operating_point_015,0.721089595799512,0.7376749,0.721089595799512,False,completed_only,0,0.3,1
batch_dist_ternary_butan-1-ol+propan-2-ol+water__operating_point_015__train_normal_experiment_001,operating_point_015,0.6844901545813868,0.6421092,0.6844901545813868,True,completed_only,0,0.3,1
batch_dist_ternary_butan-1-ol+propan-2-ol+water__operating_point_016__test_anormal_experiment_001,operating_point_016,0.6868716597635698,0.9494337,0.6868716597635698,False,completed_only,0,0.3,1
batch_dist_ternary_butan-1-ol+propan-2-ol+water__operating_point_016__train_normal_experiment_001,operating_point_016,0.6853377264416467,0.93753576,0.6853377264416467,False,completed_only,0,0.3,1
batch_dist_ternary_butan-1-ol+propan-2-ol+water__operating_point_022__test_anormal_experiment_001,operating_point_022,0.6832104934548542,0.6939194,0.6832104934548542,False,completed_only,0,0.3,1
batch_dist_ternary_butan-1-ol+propan-2-ol+water__operating_point_022__train_normal_experiment_001,operating_point_022,0.6811837097008695,0.69042,0.6811837097008695,False,completed_only,0,0.3,1
batch_dist_ternary_butan-1-ol+propan-2-ol+water__operating_point_026__test_anormal_experiment_001,operating_point_026,0.676670446781282,0.69357604,0.676670446781282,False,completed_only,0,0.3,1
batch_dist_ternary_butan-1-ol+propan-2-ol+water__operating_point_026__test_anormal_experiment_002,operating_point_026,0.6789898851018339,0.6751352,0.6789898851018339,False,completed_only,0,0.3,1
batch_dist_ternary_butan-1-ol+propan-2-ol+water__operating_point_026__train_normal_experiment_001,operating_point_026,0.681401563038853,0.6827984,0.681401563038853,False,completed_only,0,0.3,1
batch_dist_ternary_butan-1-ol+propan-2-ol+water__operating_point_015__test_anormal_experiment_001,operating_point_015,0.721089595799512,0.72953314,0.721089595799512,False,static_initial,0,0.3,1
batch_dist_ternary_butan-1-ol+propan-2-ol+water__operating_point_015__train_normal_experiment_001,operating_point_015,0.6844901545813868,0.6362975,0.6844901545813868,True,static_initial,0,0.3,1
batch_dist_ternary_butan-1-ol+propan-2-ol+water__operating_point_016__test_anormal_experiment_001,operating_point_016,0.6868716597635698,0.9553215,0.6868716597635698,False,static_initial,0,0.3,1
batch_dist_ternary_butan-1-ol+propan-2-ol+water__operating_point_016__train_normal_experiment_001,operating_point_016,0.6853377264416467,0.9359033,0.6853377264416467,False,static_initial,0,0.3,1
batch_dist_ternary_butan-1-ol+propan-2-ol+water__operating_point_022__test_anormal_experiment_001,operating_point_022,0.6832104934548542,0.6917888,0.6832104934548542,False,static_initial,0,0.3,1
batch_dist_ternary_butan-1-ol+propan-2-ol+water__operating_point_022__train_normal_experiment_001,operating_point_022,0.6811837097008695,0.70108217,0.6811837097008695,False,static_initial,0,0.3,1
batch_dist_ternary_butan-1-ol+propan-2-ol+water__operating_point_026__test_anormal_experiment_001,operating_point_026,0.676670446781282,0.69515306,0.676670446781282,False,static_initial,0,0.3,1
batch_dist_ternary_butan-1-ol+propan-2-ol+water__operating_point_026__test_anormal_experiment_002,operating_point_026,0.6789898851018339,0.68727523,0.6789898851018339,False,static_initial,0,0.3,1
batch_dist_ternary_butan-1-ol+propan-2-ol+water__operating_point_026__train_normal_experiment_001,operating_point_026,0.681401563038853,0.67907685,0.681401563038853,False,static_initial,0,0.3,1
batch_dist_ternary_butan-1-ol+propan-2-ol+water__operating_point_008__test_anormal_experiment_001,operating_point_008,0.6431476053470059,0.6385524,0.6431476053470059,True,oracle_all_endpoints,0,0.3,2
batch_dist_ternary_butan-1-ol+propan-2-ol+water__operating_point_008__test_anormal_experiment_002,operating_point_008,0.4951805548141248,0.6107025,0.4951805548141248,True,oracle_all_endpoints,0,0.3,2
batch_dist_ternary_butan-1-ol+propan-2-ol+water__operating_point_010__test_anormal_experiment_001,operating_point_010,0.6667464410693288,0.61462176,0.6667464410693288,True,oracle_all_endpoints,0,0.3,2
batch_dist_ternary_butan-1-ol+propan-2-ol+water__operating_point_010__train_normal_experiment_001,operating_point_010,0.6271217656332728,0.6705794,0.6271217656332728,False,oracle_all_endpoints,0,0.3,2
batch_dist_ternary_butan-1-ol+propan-2-ol+water__operating_point_017__test_anormal_experiment_001,operating_point_017,0.6789549894914293,0.6843162,0.6789549894914293,False,oracle_all_endpoints,0,0.3,2
batch_dist_ternary_butan-1-ol+propan-2-ol+water__operating_point_017__train_normal_experiment_001,operating_point_017,0.6724500963647279,0.68086016,0.6724500963647279,False,oracle_all_endpoints,0,0.3,2
batch_dist_ternary_butan-1-ol+propan-2-ol+water__operating_point_020__train_normal_experiment_001,operating_point_020,0.6924323198414503,0.7091365,0.6924323198414503,False,oracle_all_endpoints,0,0.3,2
batch_dist_ternary_butan-1-ol+propan-2-ol+water__operating_point_028__test_anormal_experiment_002,operating_point_028,0.7279524080613684,0.77805847,0.7279524080613684,False,oracle_all_endpoints,0,0.3,2
batch_dist_ternary_butan-1-ol+propan-2-ol+water__operating_point_028__train_normal_experiment_001,operating_point_028,0.698567173084311,0.7983605,0.698567173084311,False,oracle_all_endpoints,0,0.3,2
batch_dist_ternary_butan-1-ol+propan-2-ol+water__operating_point_008__test_anormal_experiment_001,operating_point_008,0.6431476053470059,0.6450792,0.6431476053470059,True,completed_only,0,0.3,2
batch_dist_ternary_butan-1-ol+propan-2-ol+water__operating_point_008__test_anormal_experiment_002,operating_point_008,0.4951805548141248,0.614601,0.4951805548141248,True,completed_only,0,0.3,2
batch_dist_ternary_butan-1-ol+propan-2-ol+water__operating_point_010__test_anormal_experiment_001,operating_point_010,0.6667464410693288,0.60832244,0.6667464410693288,True,completed_only,0,0.3,2
batch_dist_ternary_butan-1-ol+propan-2-ol+water__operating_point_010__train_normal_experiment_001,operating_point_010,0.6271217656332728,0.6448811,0.6271217656332728,True,completed_only,0,0.3,2
batch_dist_ternary_butan-1-ol+propan-2-ol+water__operating_point_017__test_anormal_experiment_001,operating_point_017,0.6789549894914293,0.6759966,0.6789549894914293,False,completed_only,0,0.3,2
batch_dist_ternary_butan-1-ol+propan-2-ol+water__operating_point_017__train_normal_experiment_001,operating_point_017,0.6724500963647279,0.68921834,0.6724500963647279,False,completed_only,0,0.3,2
batch_dist_ternary_butan-1-ol+propan-2-ol+water__operating_point_020__train_normal_experiment_001,operating_point_020,0.6924323198414503,0.6892205,0.6924323198414503,False,completed_only,0,0.3,2
batch_dist_ternary_butan-1-ol+propan-2-ol+water__operating_point_028__test_anormal_experiment_002,operating_point_028,0.7279524080613684,0.80881256,0.7279524080613684,False,completed_only,0,0.3,2
batch_dist_ternary_butan-1-ol+propan-2-ol+water__operating_point_028__train_normal_experiment_001,operating_point_028,0.698567173084311,0.7768636,0.698567173084311,False,completed_only,0,0.3,2
batch_dist_ternary_butan-1-ol+propan-2-ol+water__operating_point_008__test_anormal_experiment_001,operating_point_008,0.6431476053470059,0.64346015,0.6431476053470059,True,static_initial,0,0.3,2
batch_dist_ternary_butan-1-ol+propan-2-ol+water__operating_point_008__test_anormal_experiment_002,operating_point_008,0.4951805548141248,0.6277517,0.4951805548141248,True,static_initial,0,0.3,2
batch_dist_ternary_butan-1-ol+propan-2-ol+water__operating_point_010__test_anormal_experiment_001,operating_point_010,0.6667464410693288,0.6204844,0.6667464410693288,True,static_initial,0,0.3,2
batch_dist_ternary_butan-1-ol+propan-2-ol+water__operating_point_010__train_normal_experiment_001,operating_point_010,0.6271217656332728,0.6672176,0.6271217656332728,True,static_initial,0,0.3,2
batch_dist_ternary_butan-1-ol+propan-2-ol+water__operating_point_017__test_anormal_experiment_001,operating_point_017,0.6789549894914293,0.68146634,0.6789549894914293,False,static_initial,0,0.3,2
batch_dist_ternary_butan-1-ol+propan-2-ol+water__operating_point_017__train_normal_experiment_001,operating_point_017,0.6724500963647279,0.6879257,0.6724500963647279,False,static_initial,0,0.3,2
batch_dist_ternary_butan-1-ol+propan-2-ol+water__operating_point_020__train_normal_experiment_001,operating_point_020,0.6924323198414503,0.91889745,0.6924323198414503,False,static_initial,0,0.3,2
batch_dist_ternary_butan-1-ol+propan-2-ol+water__operating_point_028__test_anormal_experiment_002,operating_point_028,0.7279524080613684,0.87562066,0.7279524080613684,False,static_initial,0,0.3,2
batch_dist_ternary_butan-1-ol+propan-2-ol+water__operating_point_028__train_normal_experiment_001,operating_point_028,0.698567173084311,0.9630127,0.698567173084311,False,static_initial,0,0.3,2
batch_dist_ternary_butan-1-ol+propan-2-ol+water__operating_point_002__test_anormal_experiment_001,operating_point_002,0.6553497732854644,0.6937123,0.6553497732854644,False,oracle_all_endpoints,0,0.3,3
batch_dist_ternary_butan-1-ol+propan-2-ol+water__operating_point_002__test_anormal_experiment_002,operating_point_002,0.6700755060336872,0.696491,0.6700755060336872,False,oracle_all_endpoints,0,0.3,3
batch_dist_ternary_butan-1-ol+propan-2-ol+water__operating_point_002__test_anormal_experiment_003,operating_point_002,0.6751905551408042,0.71243834,0.6751905551408042,False,oracle_all_endpoints,0,0.3,3
batch_dist_ternary_butan-1-ol+propan-2-ol+water__operating_point_002__test_anormal_experiment_004,operating_point_002,0.6669373851913899,0.67254335,0.6669373851913899,False,oracle_all_endpoints,0,0.3,3
batch_dist_ternary_butan-1-ol+propan-2-ol+water__operating_point_002__test_anormal_experiment_005,operating_point_002,0.4339862097948845,0.664736,0.4339862097948845,True,oracle_all_endpoints,0,0.3,3
batch_dist_ternary_butan-1-ol+propan-2-ol+water__operating_point_002__test_anormal_experiment_006,operating_point_002,0.6822258302481301,0.6495265,0.6822258302481301,True,oracle_all_endpoints,0,0.3,3
batch_dist_ternary_butan-1-ol+propan-2-ol+water__operating_point_012__test_anormal_experiment_001,operating_point_012,0.6847629577536862,0.7104815,0.6847629577536862,False,oracle_all_endpoints,0,0.3,3
batch_dist_ternary_butan-1-ol+propan-2-ol+water__operating_point_012__test_anormal_experiment_002,operating_point_012,0.6934751622305062,0.6913611,0.6934751622305062,False,oracle_all_endpoints,0,0.3,3
batch_dist_ternary_butan-1-ol+propan-2-ol+water__operating_point_030__test_anormal_experiment_001,operating_point_030,0.4914092846637076,0.72847944,0.4914092846637076,False,oracle_all_endpoints,0,0.3,3
batch_dist_ternary_butan-1-ol+propan-2-ol+water__operating_point_030__test_anormal_experiment_002,operating_point_030,0.7482780850605174,0.71317166,0.7482780850605174,False,oracle_all_endpoints,0,0.3,3
batch_dist_ternary_butan-1-ol+propan-2-ol+water__operating_point_030__train_normal_experiment_001,operating_point_030,0.8727910974666653,0.7520279,0.8727910974666653,False,oracle_all_endpoints,0,0.3,3
batch_dist_ternary_butan-1-ol+propan-2-ol+water__operating_point_033__train_normal_experiment_001,operating_point_033,0.6032216753142463,0.66977996,0.6032216753142463,False,oracle_all_endpoints,0,0.3,3
batch_dist_ternary_butan-1-ol+propan-2-ol+water__operating_point_002__test_anormal_experiment_001,operating_point_002,0.6553497732854644,0.6701955,0.6553497732854644,False,completed_only,0,0.3,3
batch_dist_ternary_butan-1-ol+propan-2-ol+water__operating_point_002__test_anormal_experiment_002,operating_point_002,0.6700755060336872,0.64881456,0.6700755060336872,True,completed_only,0,0.3,3
batch_dist_ternary_butan-1-ol+propan-2-ol+water__operating_point_002__test_anormal_experiment_003,operating_point_002,0.6751905551408042,0.6991201,0.6751905551408042,False,completed_only,0,0.3,3
batch_dist_ternary_butan-1-ol+propan-2-ol+water__operating_point_002__test_anormal_experiment_004,operating_point_002,0.6669373851913899,0.62671345,0.6669373851913899,True,completed_only,0,0.3,3
batch_dist_ternary_butan-1-ol+propan-2-ol+water__operating_point_002__test_anormal_experiment_005,operating_point_002,0.4339862097948845,0.662615,0.4339862097948845,True,completed_only,0,0.3,3
batch_dist_ternary_butan-1-ol+propan-2-ol+water__operating_point_002__test_anormal_experiment_006,operating_point_002,0.6822258302481301,0.6182888,0.6822258302481301,True,completed_only,0,0.3,3
batch_dist_ternary_butan-1-ol+propan-2-ol+water__operating_point_012__test_anormal_experiment_001,operating_point_012,0.6847629577536862,0.70044005,0.6847629577536862,False,completed_only,0,0.3,3
batch_dist_ternary_butan-1-ol+propan-2-ol+water__operating_point_012__test_anormal_experiment_002,operating_point_012,0.6934751622305062,0.68045294,0.6934751622305062,False,completed_only,0,0.3,3
batch_dist_ternary_butan-1-ol+propan-2-ol+water__operating_point_030__test_anormal_experiment_001,operating_point_030,0.4914092846637076,0.73321676,0.4914092846637076,False,completed_only,0,0.3,3
batch_dist_ternary_butan-1-ol+propan-2-ol+water__operating_point_030__test_anormal_experiment_002,operating_point_030,0.7482780850605174,0.6969578,0.7482780850605174,False,completed_only,0,0.3,3
batch_dist_ternary_butan-1-ol+propan-2-ol+water__operating_point_030__train_normal_experiment_001,operating_point_030,0.8727910974666653,0.72736585,0.8727910974666653,False,completed_only,0,0.3,3
batch_dist_ternary_butan-1-ol+propan-2-ol+water__operating_point_033__train_normal_experiment_001,operating_point_033,0.6032216753142463,0.70191824,0.6032216753142463,False,completed_only,0,0.3,3
batch_dist_ternary_butan-1-ol+propan-2-ol+water__operating_point_002__test_anormal_experiment_001,operating_point_002,0.6553497732854644,0.67178565,0.6553497732854644,False,static_initial,0,0.3,3
batch_dist_ternary_butan-1-ol+propan-2-ol+water__operating_point_002__test_anormal_experiment_002,operating_point_002,0.6700755060336872,0.6563806,0.6700755060336872,True,static_initial,0,0.3,3
batch_dist_ternary_butan-1-ol+propan-2-ol+water__operating_point_002__test_anormal_experiment_003,operating_point_002,0.6751905551408042,0.6614282,0.6751905551408042,True,static_initial,0,0.3,3
batch_dist_ternary_butan-1-ol+propan-2-ol+water__operating_point_002__test_anormal_experiment_004,operating_point_002,0.6669373851913899,0.62633085,0.6669373851913899,True,static_initial,0,0.3,3
batch_dist_ternary_butan-1-ol+propan-2-ol+water__operating_point_002__test_anormal_experiment_005,operating_point_002,0.4339862097948845,0.6610461,0.4339862097948845,True,static_initial,0,0.3,3
batch_dist_ternary_butan-1-ol+propan-2-ol+water__operating_point_002__test_anormal_experiment_006,operating_point_002,0.6822258302481301,0.62503487,0.6822258302481301,True,static_initial,0,0.3,3
batch_dist_ternary_butan-1-ol+propan-2-ol+water__operating_point_012__test_anormal_experiment_001,operating_point_012,0.6847629577536862,0.733952,0.6847629577536862,False,static_initial,0,0.3,3
batch_dist_ternary_butan-1-ol+propan-2-ol+water__operating_point_012__test_anormal_experiment_002,operating_point_012,0.6934751622305062,0.6946306,0.6934751622305062,False,static_initial,0,0.3,3
batch_dist_ternary_butan-1-ol+propan-2-ol+water__operating_point_030__test_anormal_experiment_001,operating_point_030,0.4914092846637076,0.76806515,0.4914092846637076,False,static_initial,0,0.3,3
batch_dist_ternary_butan-1-ol+propan-2-ol+water__operating_point_030__test_anormal_experiment_002,operating_point_030,0.7482780850605174,0.67804265,0.7482780850605174,False,static_initial,0,0.3,3
batch_dist_ternary_butan-1-ol+propan-2-ol+water__operating_point_030__train_normal_experiment_001,operating_point_030,0.8727910974666653,0.7515552,0.8727910974666653,False,static_initial,0,0.3,3
batch_dist_ternary_butan-1-ol+propan-2-ol+water__operating_point_033__train_normal_experiment_001,operating_point_033,0.6032216753142463,0.72440034,0.6032216753142463,False,static_initial,0,0.3,3
batch_dist_ternary_butan-1-ol+propan-2-ol+water__operating_point_018__test_anormal_experiment_001,operating_point_018,0.678697259715983,0.6869349,0.678697259715983,False,oracle_all_endpoints,0,0.3,4
batch_dist_ternary_butan-1-ol+propan-2-ol+water__operating_point_018__train_normal_experiment_001,operating_point_018,0.6821390035930127,0.69263756,0.6821390035930127,False,oracle_all_endpoints,0,0.3,4
batch_dist_ternary_butan-1-ol+propan-2-ol+water__operating_point_018__test_anormal_experiment_001,operating_point_018,0.678697259715983,0.6855217,0.678697259715983,False,completed_only,0,0.3,4
batch_dist_ternary_butan-1-ol+propan-2-ol+water__operating_point_018__train_normal_experiment_001,operating_point_018,0.6821390035930127,0.6829193,0.6821390035930127,False,completed_only,0,0.3,4
batch_dist_ternary_butan-1-ol+propan-2-ol+water__operating_point_018__test_anormal_experiment_001,operating_point_018,0.678697259715983,0.6933525,0.678697259715983,False,static_initial,0,0.3,4
batch_dist_ternary_butan-1-ol+propan-2-ol+water__operating_point_018__train_normal_experiment_001,operating_point_018,0.6821390035930127,0.7212267,0.6821390035930127,False,static_initial,0,0.3,4
batch_dist_ternary_butan-1-ol+propan-2-ol+water__operating_point_015__test_anormal_experiment_001,operating_point_015,0.721089595799512,0.7228348,0.721089595799512,False,oracle_all_endpoints,0,0.4,1
batch_dist_ternary_butan-1-ol+propan-2-ol+water__operating_point_015__train_normal_experiment_001,operating_point_015,0.6844901545813868,0.6498695,0.6844901545813868,True,oracle_all_endpoints,0,0.4,1
batch_dist_ternary_butan-1-ol+propan-2-ol+water__operating_point_016__test_anormal_experiment_001,operating_point_016,0.6868716597635698,0.9519573,0.6868716597635698,False,oracle_all_endpoints,0,0.4,1
batch_dist_ternary_butan-1-ol+propan-2-ol+water__operating_point_016__train_normal_experiment_001,operating_point_016,0.6853377264416467,0.9347624,0.6853377264416467,False,oracle_all_endpoints,0,0.4,1
batch_dist_ternary_butan-1-ol+propan-2-ol+water__operating_point_022__test_anormal_experiment_001,operating_point_022,0.6832104934548542,0.698306,0.6832104934548542,False,oracle_all_endpoints,0,0.4,1
batch_dist_ternary_butan-1-ol+propan-2-ol+water__operating_point_022__train_normal_experiment_001,operating_point_022,0.6811837097008695,0.69100314,0.6811837097008695,False,oracle_all_endpoints,0,0.4,1
batch_dist_ternary_butan-1-ol+propan-2-ol+water__operating_point_026__test_anormal_experiment_001,operating_point_026,0.676670446781282,0.68517894,0.676670446781282,False,oracle_all_endpoints,0,0.4,1
batch_dist_ternary_butan-1-ol+propan-2-ol+water__operating_point_026__test_anormal_experiment_002,operating_point_026,0.6789898851018339,0.6843315,0.6789898851018339,False,oracle_all_endpoints,0,0.4,1
batch_dist_ternary_butan-1-ol+propan-2-ol+water__operating_point_026__train_normal_experiment_001,operating_point_026,0.681401563038853,0.6713821,0.681401563038853,True,oracle_all_endpoints,0,0.4,1
batch_dist_ternary_butan-1-ol+propan-2-ol+water__operating_point_015__test_anormal_experiment_001,operating_point_015,0.721089595799512,0.7376749,0.721089595799512,False,completed_only,0,0.4,1
batch_dist_ternary_butan-1-ol+propan-2-ol+water__operating_point_015__train_normal_experiment_001,operating_point_015,0.6844901545813868,0.6421092,0.6844901545813868,True,completed_only,0,0.4,1
batch_dist_ternary_butan-1-ol+propan-2-ol+water__operating_point_016__test_anormal_experiment_001,operating_point_016,0.6868716597635698,0.9494337,0.6868716597635698,False,completed_only,0,0.4,1
batch_dist_ternary_butan-1-ol+propan-2-ol+water__operating_point_016__train_normal_experiment_001,operating_point_016,0.6853377264416467,0.93753576,0.6853377264416467,False,completed_only,0,0.4,1
batch_dist_ternary_butan-1-ol+propan-2-ol+water__operating_point_022__test_anormal_experiment_001,operating_point_022,0.6832104934548542,0.6939194,0.6832104934548542,False,completed_only,0,0.4,1
batch_dist_ternary_butan-1-ol+propan-2-ol+water__operating_point_022__train_normal_experiment_001,operating_point_022,0.6811837097008695,0.69042,0.6811837097008695,False,completed_only,0,0.4,1
batch_dist_ternary_butan-1-ol+propan-2-ol+water__operating_point_026__test_anormal_experiment_001,operating_point_026,0.676670446781282,0.69357604,0.676670446781282,False,completed_only,0,0.4,1
batch_dist_ternary_butan-1-ol+propan-2-ol+water__operating_point_026__test_anormal_experiment_002,operating_point_026,0.6789898851018339,0.6751352,0.6789898851018339,False,completed_only,0,0.4,1
batch_dist_ternary_butan-1-ol+propan-2-ol+water__operating_point_026__train_normal_experiment_001,operating_point_026,0.681401563038853,0.6827984,0.681401563038853,False,completed_only,0,0.4,1
batch_dist_ternary_butan-1-ol+propan-2-ol+water__operating_point_015__test_anormal_experiment_001,operating_point_015,0.721089595799512,0.72953314,0.721089595799512,False,static_initial,0,0.4,1
batch_dist_ternary_butan-1-ol+propan-2-ol+water__operating_point_015__train_normal_experiment_001,operating_point_015,0.6844901545813868,0.6362975,0.6844901545813868,True,static_initial,0,0.4,1
batch_dist_ternary_butan-1-ol+propan-2-ol+water__operating_point_016__test_anormal_experiment_001,operating_point_016,0.6868716597635698,0.9553215,0.6868716597635698,False,static_initial,0,0.4,1
batch_dist_ternary_butan-1-ol+propan-2-ol+water__operating_point_016__train_normal_experiment_001,operating_point_016,0.6853377264416467,0.9359033,0.6853377264416467,False,static_initial,0,0.4,1
batch_dist_ternary_butan-1-ol+propan-2-ol+water__operating_point_022__test_anormal_experiment_001,operating_point_022,0.6832104934548542,0.6917888,0.6832104934548542,False,static_initial,0,0.4,1
batch_dist_ternary_butan-1-ol+propan-2-ol+water__operating_point_022__train_normal_experiment_001,operating_point_022,0.6811837097008695,0.70108217,0.6811837097008695,False,static_initial,0,0.4,1
batch_dist_ternary_butan-1-ol+propan-2-ol+water__operating_point_026__test_anormal_experiment_001,operating_point_026,0.676670446781282,0.69515306,0.676670446781282,False,static_initial,0,0.4,1
batch_dist_ternary_butan-1-ol+propan-2-ol+water__operating_point_026__test_anormal_experiment_002,operating_point_026,0.6789898851018339,0.68727523,0.6789898851018339,False,static_initial,0,0.4,1
batch_dist_ternary_butan-1-ol+propan-2-ol+water__operating_point_026__train_normal_experiment_001,operating_point_026,0.681401563038853,0.67907685,0.681401563038853,False,static_initial,0,0.4,1
batch_dist_ternary_butan-1-ol+propan-2-ol+water__operating_point_008__test_anormal_experiment_001,operating_point_008,0.6431476053470059,0.6385524,0.6431476053470059,True,oracle_all_endpoints,0,0.4,2
batch_dist_ternary_butan-1-ol+propan-2-ol+water__operating_point_008__test_anormal_experiment_002,operating_point_008,0.4951805548141248,0.6107025,0.4951805548141248,True,oracle_all_endpoints,0,0.4,2
batch_dist_ternary_butan-1-ol+propan-2-ol+water__operating_point_010__test_anormal_experiment_001,operating_point_010,0.6667464410693288,0.61462176,0.6667464410693288,True,oracle_all_endpoints,0,0.4,2
batch_dist_ternary_butan-1-ol+propan-2-ol+water__operating_point_010__train_normal_experiment_001,operating_point_010,0.6271217656332728,0.6705794,0.6271217656332728,True,oracle_all_endpoints,0,0.4,2
batch_dist_ternary_butan-1-ol+propan-2-ol+water__operating_point_017__test_anormal_experiment_001,operating_point_017,0.6789549894914293,0.6843162,0.6789549894914293,False,oracle_all_endpoints,0,0.4,2
batch_dist_ternary_butan-1-ol+propan-2-ol+water__operating_point_017__train_normal_experiment_001,operating_point_017,0.6724500963647279,0.68086016,0.6724500963647279,False,oracle_all_endpoints,0,0.4,2
batch_dist_ternary_butan-1-ol+propan-2-ol+water__operating_point_020__train_normal_experiment_001,operating_point_020,0.6924323198414503,0.7091365,0.6924323198414503,False,oracle_all_endpoints,0,0.4,2
batch_dist_ternary_butan-1-ol+propan-2-ol+water__operating_point_028__test_anormal_experiment_002,operating_point_028,0.7279524080613684,0.77805847,0.7279524080613684,False,oracle_all_endpoints,0,0.4,2
batch_dist_ternary_butan-1-ol+propan-2-ol+water__operating_point_028__train_normal_experiment_001,operating_point_028,0.698567173084311,0.7983605,0.698567173084311,False,oracle_all_endpoints,0,0.4,2
batch_dist_ternary_butan-1-ol+propan-2-ol+water__operating_point_008__test_anormal_experiment_001,operating_point_008,0.6431476053470059,0.6450792,0.6431476053470059,True,completed_only,0,0.4,2
batch_dist_ternary_butan-1-ol+propan-2-ol+water__operating_point_008__test_anormal_experiment_002,operating_point_008,0.4951805548141248,0.614601,0.4951805548141248,True,completed_only,0,0.4,2
batch_dist_ternary_butan-1-ol+propan-2-ol+water__operating_point_010__test_anormal_experiment_001,operating_point_010,0.6667464410693288,0.60832244,0.6667464410693288,True,completed_only,0,0.4,2
batch_dist_ternary_butan-1-ol+propan-2-ol+water__operating_point_010__train_normal_experiment_001,operating_point_010,0.6271217656332728,0.6448811,0.6271217656332728,True,completed_only,0,0.4,2
batch_dist_ternary_butan-1-ol+propan-2-ol+water__operating_point_017__test_anormal_experiment_001,operating_point_017,0.6789549894914293,0.6759966,0.6789549894914293,False,completed_only,0,0.4,2
batch_dist_ternary_butan-1-ol+propan-2-ol+water__operating_point_017__train_normal_experiment_001,operating_point_017,0.6724500963647279,0.68921834,0.6724500963647279,False,completed_only,0,0.4,2
batch_dist_ternary_butan-1-ol+propan-2-ol+water__operating_point_020__train_normal_experiment_001,operating_point_020,0.6924323198414503,0.6892205,0.6924323198414503,False,completed_only,0,0.4,2
batch_dist_ternary_butan-1-ol+propan-2-ol+water__operating_point_028__test_anormal_experiment_002,operating_point_028,0.7279524080613684,0.80881256,0.7279524080613684,False,completed_only,0,0.4,2
batch_dist_ternary_butan-1-ol+propan-2-ol+water__operating_point_028__train_normal_experiment_001,operating_point_028,0.698567173084311,0.7768636,0.698567173084311,False,completed_only,0,0.4,2
batch_dist_ternary_butan-1-ol+propan-2-ol+water__operating_point_008__test_anormal_experiment_001,operating_point_008,0.6431476053470059,0.64346015,0.6431476053470059,True,static_initial,0,0.4,2
batch_dist_ternary_butan-1-ol+propan-2-ol+water__operating_point_008__test_anormal_experiment_002,operating_point_008,0.4951805548141248,0.6277517,0.4951805548141248,True,static_initial,0,0.4,2
batch_dist_ternary_butan-1-ol+propan-2-ol+water__operating_point_010__test_anormal_experiment_001,operating_point_010,0.6667464410693288,0.6204844,0.6667464410693288,True,static_initial,0,0.4,2
batch_dist_ternary_butan-1-ol+propan-2-ol+water__operating_point_010__train_normal_experiment_001,operating_point_010,0.6271217656332728,0.6672176,0.6271217656332728,True,static_initial,0,0.4,2
batch_dist_ternary_butan-1-ol+propan-2-ol+water__operating_point_017__test_anormal_experiment_001,operating_point_017,0.6789549894914293,0.68146634,0.6789549894914293,False,static_initial,0,0.4,2
batch_dist_ternary_butan-1-ol+propan-2-ol+water__operating_point_017__train_normal_experiment_001,operating_point_017,0.6724500963647279,0.6879257,0.6724500963647279,False,static_initial,0,0.4,2
batch_dist_ternary_butan-1-ol+propan-2-ol+water__operating_point_020__train_normal_experiment_001,operating_point_020,0.6924323198414503,0.91889745,0.6924323198414503,False,static_initial,0,0.4,2
batch_dist_ternary_butan-1-ol+propan-2-ol+water__operating_point_028__test_anormal_experiment_002,operating_point_028,0.7279524080613684,0.87562066,0.7279524080613684,False,static_initial,0,0.4,2
batch_dist_ternary_butan-1-ol+propan-2-ol+water__operating_point_028__train_normal_experiment_001,operating_point_028,0.698567173084311,0.9630127,0.698567173084311,False,static_initial,0,0.4,2
batch_dist_ternary_butan-1-ol+propan-2-ol+water__operating_point_002__test_anormal_experiment_001,operating_point_002,0.6553497732854644,0.6937123,0.6553497732854644,False,oracle_all_endpoints,0,0.4,3
batch_dist_ternary_butan-1-ol+propan-2-ol+water__operating_point_002__test_anormal_experiment_002,operating_point_002,0.6700755060336872,0.696491,0.6700755060336872,False,oracle_all_endpoints,0,0.4,3
batch_dist_ternary_butan-1-ol+propan-2-ol+water__operating_point_002__test_anormal_experiment_003,operating_point_002,0.6751905551408042,0.71243834,0.6751905551408042,False,oracle_all_endpoints,0,0.4,3
batch_dist_ternary_butan-1-ol+propan-2-ol+water__operating_point_002__test_anormal_experiment_004,operating_point_002,0.6669373851913899,0.67254335,0.6669373851913899,False,oracle_all_endpoints,0,0.4,3
batch_dist_ternary_butan-1-ol+propan-2-ol+water__operating_point_002__test_anormal_experiment_005,operating_point_002,0.4339862097948845,0.664736,0.4339862097948845,True,oracle_all_endpoints,0,0.4,3
batch_dist_ternary_butan-1-ol+propan-2-ol+water__operating_point_002__test_anormal_experiment_006,operating_point_002,0.6822258302481301,0.6495265,0.6822258302481301,True,oracle_all_endpoints,0,0.4,3
batch_dist_ternary_butan-1-ol+propan-2-ol+water__operating_point_012__test_anormal_experiment_001,operating_point_012,0.6847629577536862,0.7104815,0.6847629577536862,False,oracle_all_endpoints,0,0.4,3
batch_dist_ternary_butan-1-ol+propan-2-ol+water__operating_point_012__test_anormal_experiment_002,operating_point_012,0.6934751622305062,0.6913611,0.6934751622305062,False,oracle_all_endpoints,0,0.4,3
batch_dist_ternary_butan-1-ol+propan-2-ol+water__operating_point_030__test_anormal_experiment_001,operating_point_030,0.4914092846637076,0.72847944,0.4914092846637076,False,oracle_all_endpoints,0,0.4,3
batch_dist_ternary_butan-1-ol+propan-2-ol+water__operating_point_030__test_anormal_experiment_002,operating_point_030,0.7482780850605174,0.71317166,0.7482780850605174,False,oracle_all_endpoints,0,0.4,3
batch_dist_ternary_butan-1-ol+propan-2-ol+water__operating_point_030__train_normal_experiment_001,operating_point_030,0.8727910974666653,0.7520279,0.8727910974666653,False,oracle_all_endpoints,0,0.4,3
batch_dist_ternary_butan-1-ol+propan-2-ol+water__operating_point_033__train_normal_experiment_001,operating_point_033,0.6032216753142463,0.66977996,0.6032216753142463,True,oracle_all_endpoints,0,0.4,3
batch_dist_ternary_butan-1-ol+propan-2-ol+water__operating_point_002__test_anormal_experiment_001,operating_point_002,0.6553497732854644,0.6701955,0.6553497732854644,True,completed_only,0,0.4,3
batch_dist_ternary_butan-1-ol+propan-2-ol+water__operating_point_002__test_anormal_experiment_002,operating_point_002,0.6700755060336872,0.64881456,0.6700755060336872,True,completed_only,0,0.4,3
batch_dist_ternary_butan-1-ol+propan-2-ol+water__operating_point_002__test_anormal_experiment_003,operating_point_002,0.6751905551408042,0.6991201,0.6751905551408042,False,completed_only,0,0.4,3
batch_dist_ternary_butan-1-ol+propan-2-ol+water__operating_point_002__test_anormal_experiment_004,operating_point_002,0.6669373851913899,0.62671345,0.6669373851913899,True,completed_only,0,0.4,3
batch_dist_ternary_butan-1-ol+propan-2-ol+water__operating_point_002__test_anormal_experiment_005,operating_point_002,0.4339862097948845,0.662615,0.4339862097948845,True,completed_only,0,0.4,3
batch_dist_ternary_butan-1-ol+propan-2-ol+water__operating_point_002__test_anormal_experiment_006,operating_point_002,0.6822258302481301,0.6182888,0.6822258302481301,True,completed_only,0,0.4,3
batch_dist_ternary_butan-1-ol+propan-2-ol+water__operating_point_012__test_anormal_experiment_001,operating_point_012,0.6847629577536862,0.70044005,0.6847629577536862,False,completed_only,0,0.4,3
batch_dist_ternary_butan-1-ol+propan-2-ol+water__operating_point_012__test_anormal_experiment_002,operating_point_012,0.6934751622305062,0.68045294,0.6934751622305062,False,completed_only,0,0.4,3
batch_dist_ternary_butan-1-ol+propan-2-ol+water__operating_point_030__test_anormal_experiment_001,operating_point_030,0.4914092846637076,0.73321676,0.4914092846637076,False,completed_only,0,0.4,3
batch_dist_ternary_butan-1-ol+propan-2-ol+water__operating_point_030__test_anormal_experiment_002,operating_point_030,0.7482780850605174,0.6969578,0.7482780850605174,False,completed_only,0,0.4,3
batch_dist_ternary_butan-1-ol+propan-2-ol+water__operating_point_030__train_normal_experiment_001,operating_point_030,0.8727910974666653,0.72736585,0.8727910974666653,False,completed_only,0,0.4,3
batch_dist_ternary_butan-1-ol+propan-2-ol+water__operating_point_033__train_normal_experiment_001,operating_point_033,0.6032216753142463,0.70191824,0.6032216753142463,False,completed_only,0,0.4,3
batch_dist_ternary_butan-1-ol+propan-2-ol+water__operating_point_002__test_anormal_experiment_001,operating_point_002,0.6553497732854644,0.67178565,0.6553497732854644,True,static_initial,0,0.4,3
batch_dist_ternary_butan-1-ol+propan-2-ol+water__operating_point_002__test_anormal_experiment_002,operating_point_002,0.6700755060336872,0.6563806,0.6700755060336872,True,static_initial,0,0.4,3
batch_dist_ternary_butan-1-ol+propan-2-ol+water__operating_point_002__test_anormal_experiment_003,operating_point_002,0.6751905551408042,0.6614282,0.6751905551408042,True,static_initial,0,0.4,3
batch_dist_ternary_butan-1-ol+propan-2-ol+water__operating_point_002__test_anormal_experiment_004,operating_point_002,0.6669373851913899,0.62633085,0.6669373851913899,True,static_initial,0,0.4,3
batch_dist_ternary_butan-1-ol+propan-2-ol+water__operating_point_002__test_anormal_experiment_005,operating_point_002,0.4339862097948845,0.6610461,0.4339862097948845,True,static_initial,0,0.4,3
batch_dist_ternary_butan-1-ol+propan-2-ol+water__operating_point_002__test_anormal_experiment_006,operating_point_002,0.6822258302481301,0.62503487,0.6822258302481301,True,static_initial,0,0.4,3
batch_dist_ternary_butan-1-ol+propan-2-ol+water__operating_point_012__test_anormal_experiment_001,operating_point_012,0.6847629577536862,0.733952,0.6847629577536862,False,static_initial,0,0.4,3
batch_dist_ternary_butan-1-ol+propan-2-ol+water__operating_point_012__test_anormal_experiment_002,operating_point_012,0.6934751622305062,0.6946306,0.6934751622305062,False,static_initial,0,0.4,3
batch_dist_ternary_butan-1-ol+propan-2-ol+water__operating_point_030__test_anormal_experiment_001,operating_point_030,0.4914092846637076,0.76806515,0.4914092846637076,False,static_initial,0,0.4,3
batch_dist_ternary_butan-1-ol+propan-2-ol+water__operating_point_030__test_anormal_experiment_002,operating_point_030,0.7482780850605174,0.67804265,0.7482780850605174,False,static_initial,0,0.4,3
batch_dist_ternary_butan-1-ol+propan-2-ol+water__operating_point_030__train_normal_experiment_001,operating_point_030,0.8727910974666653,0.7515552,0.8727910974666653,False,static_initial,0,0.4,3
batch_dist_ternary_butan-1-ol+propan-2-ol+water__operating_point_033__train_normal_experiment_001,operating_point_033,0.6032216753142463,0.72440034,0.6032216753142463,False,static_initial,0,0.4,3
batch_dist_ternary_butan-1-ol+propan-2-ol+water__operating_point_018__test_anormal_experiment_001,operating_point_018,0.678697259715983,0.6869349,0.678697259715983,False,oracle_all_endpoints,0,0.4,4
batch_dist_ternary_butan-1-ol+propan-2-ol+water__operating_point_018__train_normal_experiment_001,operating_point_018,0.6821390035930127,0.69263756,0.6821390035930127,False,oracle_all_endpoints,0,0.4,4
batch_dist_ternary_butan-1-ol+propan-2-ol+water__operating_point_018__test_anormal_experiment_001,operating_point_018,0.678697259715983,0.6801032,0.678697259715983,False,completed_only,0,0.4,4
batch_dist_ternary_butan-1-ol+propan-2-ol+water__operating_point_018__train_normal_experiment_001,operating_point_018,0.6821390035930127,0.6817984,0.6821390035930127,False,completed_only,0,0.4,4
batch_dist_ternary_butan-1-ol+propan-2-ol+water__operating_point_018__test_anormal_experiment_001,operating_point_018,0.678697259715983,0.6933525,0.678697259715983,False,static_initial,0,0.4,4
batch_dist_ternary_butan-1-ol+propan-2-ol+water__operating_point_018__train_normal_experiment_001,operating_point_018,0.6821390035930127,0.7212267,0.6821390035930127,False,static_initial,0,0.4,4
batch_dist_ternary_butan-1-ol+propan-2-ol+water__operating_point_003__test_anormal_experiment_001,operating_point_003,0.6798616082775178,0.5891155,0.6798616082775178,True,oracle_all_endpoints,1,0.2,1
batch_dist_ternary_butan-1-ol+propan-2-ol+water__operating_point_003__test_anormal_experiment_002,operating_point_003,0.6791228505010427,0.6197533,0.6791228505010427,True,oracle_all_endpoints,1,0.2,1
batch_dist_ternary_butan-1-ol+propan-2-ol+water__operating_point_003__test_anormal_experiment_003,operating_point_003,0.4978361788418457,0.6561076,0.4978361788418457,True,oracle_all_endpoints,1,0.2,1
batch_dist_ternary_butan-1-ol+propan-2-ol+water__operating_point_003__test_anormal_experiment_004,operating_point_003,0.6483102124519635,0.5608105,0.6483102124519635,True,oracle_all_endpoints,1,0.2,1
batch_dist_ternary_butan-1-ol+propan-2-ol+water__operating_point_003__test_anormal_experiment_009,operating_point_003,0.6782545548418413,0.7015081,0.6782545548418413,False,oracle_all_endpoints,1,0.2,1
batch_dist_ternary_butan-1-ol+propan-2-ol+water__operating_point_003__train_normal_experiment_001,operating_point_003,0.6700350017604239,0.64829934,0.6700350017604239,True,oracle_all_endpoints,1,0.2,1
batch_dist_ternary_butan-1-ol+propan-2-ol+water__operating_point_015__test_anormal_experiment_001,operating_point_015,0.721089595799512,0.6868031,0.721089595799512,False,oracle_all_endpoints,1,0.2,1
batch_dist_ternary_butan-1-ol+propan-2-ol+water__operating_point_015__train_normal_experiment_001,operating_point_015,0.6844901545813868,0.65011585,0.6844901545813868,True,oracle_all_endpoints,1,0.2,1
batch_dist_ternary_butan-1-ol+propan-2-ol+water__operating_point_020__train_normal_experiment_001,operating_point_020,0.6924323198414503,0.9148729,0.6924323198414503,False,oracle_all_endpoints,1,0.2,1
batch_dist_ternary_butan-1-ol+propan-2-ol+water__operating_point_003__test_anormal_experiment_001,operating_point_003,0.6798616082775178,0.56847346,0.6798616082775178,True,completed_only,1,0.2,1
batch_dist_ternary_butan-1-ol+propan-2-ol+water__operating_point_003__test_anormal_experiment_002,operating_point_003,0.6791228505010427,0.62160534,0.6791228505010427,True,completed_only,1,0.2,1
batch_dist_ternary_butan-1-ol+propan-2-ol+water__operating_point_003__test_anormal_experiment_003,operating_point_003,0.4978361788418457,0.6630478,0.4978361788418457,True,completed_only,1,0.2,1
batch_dist_ternary_butan-1-ol+propan-2-ol+water__operating_point_003__test_anormal_experiment_004,operating_point_003,0.6483102124519635,0.52649534,0.6483102124519635,True,completed_only,1,0.2,1
batch_dist_ternary_butan-1-ol+propan-2-ol+water__operating_point_003__test_anormal_experiment_009,operating_point_003,0.6782545548418413,0.6863126,0.6782545548418413,False,completed_only,1,0.2,1
batch_dist_ternary_butan-1-ol+propan-2-ol+water__operating_point_003__train_normal_experiment_001,operating_point_003,0.6700350017604239,0.63210744,0.6700350017604239,True,completed_only,1,0.2,1
batch_dist_ternary_butan-1-ol+propan-2-ol+water__operating_point_015__test_anormal_experiment_001,operating_point_015,0.721089595799512,0.72315055,0.721089595799512,False,completed_only,1,0.2,1
batch_dist_ternary_butan-1-ol+propan-2-ol+water__operating_point_015__train_normal_experiment_001,operating_point_015,0.6844901545813868,0.6421242,0.6844901545813868,True,completed_only,1,0.2,1
batch_dist_ternary_butan-1-ol+propan-2-ol+water__operating_point_020__train_normal_experiment_001,operating_point_020,0.6924323198414503,0.9156285,0.6924323198414503,False,completed_only,1,0.2,1
batch_dist_ternary_butan-1-ol+propan-2-ol+water__operating_point_003__test_anormal_experiment_001,operating_point_003,0.6798616082775178,0.5941865,0.6798616082775178,True,static_initial,1,0.2,1
batch_dist_ternary_butan-1-ol+propan-2-ol+water__operating_point_003__test_anormal_experiment_002,operating_point_003,0.6791228505010427,0.616425,0.6791228505010427,True,static_initial,1,0.2,1
batch_dist_ternary_butan-1-ol+propan-2-ol+water__operating_point_003__test_anormal_experiment_003,operating_point_003,0.4978361788418457,0.64751,0.4978361788418457,True,static_initial,1,0.2,1
batch_dist_ternary_butan-1-ol+propan-2-ol+water__operating_point_003__test_anormal_experiment_004,operating_point_003,0.6483102124519635,0.5583061,0.6483102124519635,True,static_initial,1,0.2,1
batch_dist_ternary_butan-1-ol+propan-2-ol+water__operating_point_003__test_anormal_experiment_009,operating_point_003,0.6782545548418413,0.66914654,0.6782545548418413,False,static_initial,1,0.2,1
batch_dist_ternary_butan-1-ol+propan-2-ol+water__operating_point_003__train_normal_experiment_001,operating_point_003,0.6700350017604239,0.64265233,0.6700350017604239,True,static_initial,1,0.2,1
batch_dist_ternary_butan-1-ol+propan-2-ol+water__operating_point_015__test_anormal_experiment_001,operating_point_015,0.721089595799512,0.6857928,0.721089595799512,False,static_initial,1,0.2,1
batch_dist_ternary_butan-1-ol+propan-2-ol+water__operating_point_015__train_normal_experiment_001,operating_point_015,0.6844901545813868,0.64495534,0.6844901545813868,True,static_initial,1,0.2,1
batch_dist_ternary_butan-1-ol+propan-2-ol+water__operating_point_020__train_normal_experiment_001,operating_point_020,0.6924323198414503,0.9115339,0.6924323198414503,False,static_initial,1,0.2,1
batch_dist_ternary_butan-1-ol+propan-2-ol+water__operating_point_001__test_anormal_experiment_001,operating_point_001,0.6738020637083357,0.60718614,0.6738020637083357,True,oracle_all_endpoints,1,0.2,2
batch_dist_ternary_butan-1-ol+propan-2-ol+water__operating_point_001__test_anormal_experiment_002,operating_point_001,0.667959927704737,0.59308326,0.667959927704737,True,oracle_all_endpoints,1,0.2,2
batch_dist_ternary_butan-1-ol+propan-2-ol+water__operating_point_001__test_anormal_experiment_003,operating_point_001,0.6674175757881148,0.530245,0.6674175757881148,True,oracle_all_endpoints,1,0.2,2
batch_dist_ternary_butan-1-ol+propan-2-ol+water__operating_point_001__test_anormal_experiment_004,operating_point_001,0.6662193696072443,0.5697653,0.6662193696072443,True,oracle_all_endpoints,1,0.2,2
batch_dist_ternary_butan-1-ol+propan-2-ol+water__operating_point_001__test_anormal_experiment_005,operating_point_001,0.7145540591367534,0.5445451,0.7145540591367534,True,oracle_all_endpoints,1,0.2,2
batch_dist_ternary_butan-1-ol+propan-2-ol+water__operating_point_001__test_anormal_experiment_006,operating_point_001,0.6672744411612288,0.6306201,0.6672744411612288,True,oracle_all_endpoints,1,0.2,2
batch_dist_ternary_butan-1-ol+propan-2-ol+water__operating_point_001__test_anormal_experiment_007,operating_point_001,0.6711836773475024,0.67041934,0.6711836773475024,False,oracle_all_endpoints,1,0.2,2
batch_dist_ternary_butan-1-ol+propan-2-ol+water__operating_point_001__test_anormal_experiment_008,operating_point_001,0.6612130623870466,0.5722012,0.6612130623870466,True,oracle_all_endpoints,1,0.2,2
batch_dist_ternary_butan-1-ol+propan-2-ol+water__operating_point_001__test_anormal_experiment_009,operating_point_001,0.6668634244298469,0.6111517,0.6668634244298469,True,oracle_all_endpoints,1,0.2,2
batch_dist_ternary_butan-1-ol+propan-2-ol+water__operating_point_001__test_anormal_experiment_010,operating_point_001,0.6634705933239367,0.57135934,0.6634705933239367,True,oracle_all_endpoints,1,0.2,2
batch_dist_ternary_butan-1-ol+propan-2-ol+water__operating_point_001__test_anormal_experiment_011,operating_point_001,0.6606866212413348,0.6568138,0.6606866212413348,True,oracle_all_endpoints,1,0.2,2
batch_dist_ternary_butan-1-ol+propan-2-ol+water__operating_point_001__test_anormal_experiment_012,operating_point_001,0.6734308158533022,0.58659047,0.6734308158533022,True,oracle_all_endpoints,1,0.2,2
batch_dist_ternary_butan-1-ol+propan-2-ol+water__operating_point_001__test_anormal_experiment_013,operating_point_001,0.5704059976630891,0.6356564,0.5704059976630891,True,oracle_all_endpoints,1,0.2,2
batch_dist_ternary_butan-1-ol+propan-2-ol+water__operating_point_001__train_normal_experiment_001,operating_point_001,0.6293049651149618,0.5676903,0.6293049651149618,True,oracle_all_endpoints,1,0.2,2
batch_dist_ternary_butan-1-ol+propan-2-ol+water__operating_point_007__test_anormal_experiment_001,operating_point_007,0.7207174072292262,0.68977755,0.7207174072292262,False,oracle_all_endpoints,1,0.2,2
batch_dist_ternary_butan-1-ol+propan-2-ol+water__operating_point_008__test_anormal_experiment_001,operating_point_008,0.6431476053470059,0.6409403,0.6431476053470059,True,oracle_all_endpoints,1,0.2,2
batch_dist_ternary_butan-1-ol+propan-2-ol+water__operating_point_008__test_anormal_experiment_002,operating_point_008,0.4951805548141248,0.62861747,0.4951805548141248,True,oracle_all_endpoints,1,0.2,2
batch_dist_ternary_butan-1-ol+propan-2-ol+water__operating_point_011__test_anormal_experiment_001,operating_point_011,0.6808066894701099,0.6470748,0.6808066894701099,True,oracle_all_endpoints,1,0.2,2
batch_dist_ternary_butan-1-ol+propan-2-ol+water__operating_point_011__test_anormal_experiment_002,operating_point_011,0.6827161962808894,0.65455484,0.6827161962808894,True,oracle_all_endpoints,1,0.2,2
batch_dist_ternary_butan-1-ol+propan-2-ol+water__operating_point_013__train_normal_experiment_001,operating_point_013,0.6950454537431681,0.5923492,0.6950454537431681,True,oracle_all_endpoints,1,0.2,2
batch_dist_ternary_butan-1-ol+propan-2-ol+water__operating_point_001__test_anormal_experiment_001,operating_point_001,0.6738020637083357,0.6410123,0.6738020637083357,True,completed_only,1,0.2,2
batch_dist_ternary_butan-1-ol+propan-2-ol+water__operating_point_001__test_anormal_experiment_002,operating_point_001,0.667959927704737,0.6010445,0.667959927704737,True,completed_only,1,0.2,2
batch_dist_ternary_butan-1-ol+propan-2-ol+water__operating_point_001__test_anormal_experiment_003,operating_point_001,0.6674175757881148,0.5893123,0.6674175757881148,True,completed_only,1,0.2,2
batch_dist_ternary_butan-1-ol+propan-2-ol+water__operating_point_001__test_anormal_experiment_004,operating_point_001,0.6662193696072443,0.6643297,0.6662193696072443,True,completed_only,1,0.2,2
batch_dist_ternary_butan-1-ol+propan-2-ol+water__operating_point_001__test_anormal_experiment_005,operating_point_001,0.7145540591367534,0.5798342,0.7145540591367534,True,completed_only,1,0.2,2
batch_dist_ternary_butan-1-ol+propan-2-ol+water__operating_point_001__test_anormal_experiment_006,operating_point_001,0.6672744411612288,0.64557785,0.6672744411612288,True,completed_only,1,0.2,2
batch_dist_ternary_butan-1-ol+propan-2-ol+water__operating_point_001__test_anormal_experiment_007,operating_point_001,0.6711836773475024,0.67116505,0.6711836773475024,False,completed_only,1,0.2,2
batch_dist_ternary_butan-1-ol+propan-2-ol+water__operating_point_001__test_anormal_experiment_008,operating_point_001,0.6612130623870466,0.6390375,0.6612130623870466,True,completed_only,1,0.2,2
batch_dist_ternary_butan-1-ol+propan-2-ol+water__operating_point_001__test_anormal_experiment_009,operating_point_001,0.6668634244298469,0.6667642,0.6668634244298469,False,completed_only,1,0.2,2
batch_dist_ternary_butan-1-ol+propan-2-ol+water__operating_point_001__test_anormal_experiment_010,operating_point_001,0.6634705933239367,0.65957004,0.6634705933239367,True,completed_only,1,0.2,2
batch_dist_ternary_butan-1-ol+propan-2-ol+water__operating_point_001__test_anormal_experiment_011,operating_point_001,0.6606866212413348,0.6697545,0.6606866212413348,False,completed_only,1,0.2,2
batch_dist_ternary_butan-1-ol+propan-2-ol+water__operating_point_001__test_anormal_experiment_012,operating_point_001,0.6734308158533022,0.6285691,0.6734308158533022,True,completed_only,1,0.2,2
batch_dist_ternary_butan-1-ol+propan-2-ol+water__operating_point_001__test_anormal_experiment_013,operating_point_001,0.5704059976630891,0.676653,0.5704059976630891,False,completed_only,1,0.2,2
batch_dist_ternary_butan-1-ol+propan-2-ol+water__operating_point_001__train_normal_experiment_001,operating_point_001,0.6293049651149618,0.5770619,0.6293049651149618,True,completed_only,1,0.2,2
batch_dist_ternary_butan-1-ol+propan-2-ol+water__operating_point_007__test_anormal_experiment_001,operating_point_007,0.7207174072292262,0.6757417,0.7207174072292262,False,completed_only,1,0.2,2
batch_dist_ternary_butan-1-ol+propan-2-ol+water__operating_point_008__test_anormal_experiment_001,operating_point_008,0.6431476053470059,0.6397689,0.6431476053470059,True,completed_only,1,0.2,2
batch_dist_ternary_butan-1-ol+propan-2-ol+water__operating_point_008__test_anormal_experiment_002,operating_point_008,0.4951805548141248,0.6768611,0.4951805548141248,False,completed_only,1,0.2,2
batch_dist_ternary_butan-1-ol+propan-2-ol+water__operating_point_011__test_anormal_experiment_001,operating_point_011,0.6808066894701099,0.60852784,0.6808066894701099,True,completed_only,1,0.2,2
batch_dist_ternary_butan-1-ol+propan-2-ol+water__operating_point_011__test_anormal_experiment_002,operating_point_011,0.6827161962808894,0.6552673,0.6827161962808894,True,completed_only,1,0.2,2
batch_dist_ternary_butan-1-ol+propan-2-ol+water__operating_point_013__train_normal_experiment_001,operating_point_013,0.6950454537431681,0.5782565,0.6950454537431681,True,completed_only,1,0.2,2
batch_dist_ternary_butan-1-ol+propan-2-ol+water__operating_point_001__test_anormal_experiment_001,operating_point_001,0.6738020637083357,0.63016313,0.6738020637083357,True,static_initial,1,0.2,2
batch_dist_ternary_butan-1-ol+propan-2-ol+water__operating_point_001__test_anormal_experiment_002,operating_point_001,0.667959927704737,0.5989927,0.667959927704737,True,static_initial,1,0.2,2
batch_dist_ternary_butan-1-ol+propan-2-ol+water__operating_point_001__test_anormal_experiment_003,operating_point_001,0.6674175757881148,0.5986229,0.6674175757881148,True,static_initial,1,0.2,2
batch_dist_ternary_butan-1-ol+propan-2-ol+water__operating_point_001__test_anormal_experiment_004,operating_point_001,0.6662193696072443,0.63081807,0.6662193696072443,True,static_initial,1,0.2,2
batch_dist_ternary_butan-1-ol+propan-2-ol+water__operating_point_001__test_anormal_experiment_005,operating_point_001,0.7145540591367534,0.58182085,0.7145540591367534,True,static_initial,1,0.2,2
batch_dist_ternary_butan-1-ol+propan-2-ol+water__operating_point_001__test_anormal_experiment_006,operating_point_001,0.6672744411612288,0.6494515,0.6672744411612288,True,static_initial,1,0.2,2
batch_dist_ternary_butan-1-ol+propan-2-ol+water__operating_point_001__test_anormal_experiment_007,operating_point_001,0.6711836773475024,0.6515078,0.6711836773475024,True,static_initial,1,0.2,2
batch_dist_ternary_butan-1-ol+propan-2-ol+water__operating_point_001__test_anormal_experiment_008,operating_point_001,0.6612130623870466,0.6355512,0.6612130623870466,True,static_initial,1,0.2,2
batch_dist_ternary_butan-1-ol+propan-2-ol+water__operating_point_001__test_anormal_experiment_009,operating_point_001,0.6668634244298469,0.666016,0.6668634244298469,False,static_initial,1,0.2,2
batch_dist_ternary_butan-1-ol+propan-2-ol+water__operating_point_001__test_anormal_experiment_010,operating_point_001,0.6634705933239367,0.6522536,0.6634705933239367,True,static_initial,1,0.2,2
batch_dist_ternary_butan-1-ol+propan-2-ol+water__operating_point_001__test_anormal_experiment_011,operating_point_001,0.6606866212413348,0.66502726,0.6606866212413348,True,static_initial,1,0.2,2
batch_dist_ternary_butan-1-ol+propan-2-ol+water__operating_point_001__test_anormal_experiment_012,operating_point_001,0.6734308158533022,0.62027913,0.6734308158533022,True,static_initial,1,0.2,2
batch_dist_ternary_butan-1-ol+propan-2-ol+water__operating_point_001__test_anormal_experiment_013,operating_point_001,0.5704059976630891,0.6552646,0.5704059976630891,True,static_initial,1,0.2,2
batch_dist_ternary_butan-1-ol+propan-2-ol+water__operating_point_001__train_normal_experiment_001,operating_point_001,0.6293049651149618,0.56208795,0.6293049651149618,True,static_initial,1,0.2,2
batch_dist_ternary_butan-1-ol+propan-2-ol+water__operating_point_007__test_anormal_experiment_001,operating_point_007,0.7207174072292262,0.6730918,0.7207174072292262,False,static_initial,1,0.2,2
batch_dist_ternary_butan-1-ol+propan-2-ol+water__operating_point_008__test_anormal_experiment_001,operating_point_008,0.6431476053470059,0.6255517,0.6431476053470059,True,static_initial,1,0.2,2
batch_dist_ternary_butan-1-ol+propan-2-ol+water__operating_point_008__test_anormal_experiment_002,operating_point_008,0.4951805548141248,0.672388,0.4951805548141248,False,static_initial,1,0.2,2
batch_dist_ternary_butan-1-ol+propan-2-ol+water__operating_point_011__test_anormal_experiment_001,operating_point_011,0.6808066894701099,0.6238345,0.6808066894701099,True,static_initial,1,0.2,2
batch_dist_ternary_butan-1-ol+propan-2-ol+water__operating_point_011__test_anormal_experiment_002,operating_point_011,0.6827161962808894,0.6549369,0.6827161962808894,True,static_initial,1,0.2,2
batch_dist_ternary_butan-1-ol+propan-2-ol+water__operating_point_013__train_normal_experiment_001,operating_point_013,0.6950454537431681,0.5998069,0.6950454537431681,True,static_initial,1,0.2,2
batch_dist_ternary_butan-1-ol+propan-2-ol+water__operating_point_012__test_anormal_experiment_001,operating_point_012,0.6847629577536862,0.70217055,0.6847629577536862,False,oracle_all_endpoints,1,0.2,3
batch_dist_ternary_butan-1-ol+propan-2-ol+water__operating_point_012__test_anormal_experiment_002,operating_point_012,0.6934751622305062,0.7063517,0.6934751622305062,False,oracle_all_endpoints,1,0.2,3
batch_dist_ternary_butan-1-ol+propan-2-ol+water__operating_point_017__test_anormal_experiment_001,operating_point_017,0.6789549894914293,0.6759249,0.6789549894914293,False,oracle_all_endpoints,1,0.2,3
batch_dist_ternary_butan-1-ol+propan-2-ol+water__operating_point_017__train_normal_experiment_001,operating_point_017,0.6724500963647279,0.6334231,0.6724500963647279,True,oracle_all_endpoints,1,0.2,3
batch_dist_ternary_butan-1-ol+propan-2-ol+water__operating_point_021__test_anormal_experiment_001,operating_point_021,0.6810379391813758,0.6663387,0.6810379391813758,False,oracle_all_endpoints,1,0.2,3
batch_dist_ternary_butan-1-ol+propan-2-ol+water__operating_point_021__train_normal_experiment_001,operating_point_021,0.6865506494627645,0.68377316,0.6865506494627645,False,oracle_all_endpoints,1,0.2,3
batch_dist_ternary_butan-1-ol+propan-2-ol+water__operating_point_028__test_anormal_experiment_002,operating_point_028,0.7279524080613684,0.8004413,0.7279524080613684,False,oracle_all_endpoints,1,0.2,3
batch_dist_ternary_butan-1-ol+propan-2-ol+water__operating_point_028__train_normal_experiment_001,operating_point_028,0.698567173084311,0.84074634,0.698567173084311,False,oracle_all_endpoints,1,0.2,3
batch_dist_ternary_butan-1-ol+propan-2-ol+water__operating_point_012__test_anormal_experiment_001,operating_point_012,0.6847629577536862,0.71740335,0.6847629577536862,False,completed_only,1,0.2,3
batch_dist_ternary_butan-1-ol+propan-2-ol+water__operating_point_012__test_anormal_experiment_002,operating_point_012,0.6934751622305062,0.71877104,0.6934751622305062,False,completed_only,1,0.2,3
batch_dist_ternary_butan-1-ol+propan-2-ol+water__operating_point_017__test_anormal_experiment_001,operating_point_017,0.6789549894914293,0.66443104,0.6789549894914293,True,completed_only,1,0.2,3
batch_dist_ternary_butan-1-ol+propan-2-ol+water__operating_point_017__train_normal_experiment_001,operating_point_017,0.6724500963647279,0.64050376,0.6724500963647279,True,completed_only,1,0.2,3
batch_dist_ternary_butan-1-ol+propan-2-ol+water__operating_point_021__test_anormal_experiment_001,operating_point_021,0.6810379391813758,0.66734076,0.6810379391813758,False,completed_only,1,0.2,3
batch_dist_ternary_butan-1-ol+propan-2-ol+water__operating_point_021__train_normal_experiment_001,operating_point_021,0.6865506494627645,0.6666844,0.6865506494627645,False,completed_only,1,0.2,3
batch_dist_ternary_butan-1-ol+propan-2-ol+water__operating_point_028__test_anormal_experiment_002,operating_point_028,0.7279524080613684,0.7999039,0.7279524080613684,False,completed_only,1,0.2,3
batch_dist_ternary_butan-1-ol+propan-2-ol+water__operating_point_028__train_normal_experiment_001,operating_point_028,0.698567173084311,0.83738863,0.698567173084311,False,completed_only,1,0.2,3
batch_dist_ternary_butan-1-ol+propan-2-ol+water__operating_point_012__test_anormal_experiment_001,operating_point_012,0.6847629577536862,0.74380976,0.6847629577536862,False,static_initial,1,0.2,3
batch_dist_ternary_butan-1-ol+propan-2-ol+water__operating_point_012__test_anormal_experiment_002,operating_point_012,0.6934751622305062,0.73435056,0.6934751622305062,False,static_initial,1,0.2,3
batch_dist_ternary_butan-1-ol+propan-2-ol+water__operating_point_017__test_anormal_experiment_001,operating_point_017,0.6789549894914293,0.6827628,0.6789549894914293,False,static_initial,1,0.2,3
batch_dist_ternary_butan-1-ol+propan-2-ol+water__operating_point_017__train_normal_experiment_001,operating_point_017,0.6724500963647279,0.66661525,0.6724500963647279,False,static_initial,1,0.2,3
batch_dist_ternary_butan-1-ol+propan-2-ol+water__operating_point_021__test_anormal_experiment_001,operating_point_021,0.6810379391813758,0.666543,0.6810379391813758,False,static_initial,1,0.2,3
batch_dist_ternary_butan-1-ol+propan-2-ol+water__operating_point_021__train_normal_experiment_001,operating_point_021,0.6865506494627645,0.6625304,0.6865506494627645,True,static_initial,1,0.2,3
batch_dist_ternary_butan-1-ol+propan-2-ol+water__operating_point_028__test_anormal_experiment_002,operating_point_028,0.7279524080613684,0.84469134,0.7279524080613684,False,static_initial,1,0.2,3
batch_dist_ternary_butan-1-ol+propan-2-ol+water__operating_point_028__train_normal_experiment_001,operating_point_028,0.698567173084311,0.93207324,0.698567173084311,False,static_initial,1,0.2,3
batch_dist_ternary_butan-1-ol+propan-2-ol+water__operating_point_009__test_anormal_experiment_001,operating_point_009,0.7527630574755655,0.6028984,0.7527630574755655,True,oracle_all_endpoints,1,0.2,4
batch_dist_ternary_butan-1-ol+propan-2-ol+water__operating_point_009__test_anormal_experiment_002,operating_point_009,0.607867836942207,0.6923004,0.607867836942207,False,oracle_all_endpoints,1,0.2,4
batch_dist_ternary_butan-1-ol+propan-2-ol+water__operating_point_016__test_anormal_experiment_001,operating_point_016,0.6868716597635698,0.763979,0.6868716597635698,False,oracle_all_endpoints,1,0.2,4
batch_dist_ternary_butan-1-ol+propan-2-ol+water__operating_point_016__train_normal_experiment_001,operating_point_016,0.6853377264416467,0.72227764,0.6853377264416467,False,oracle_all_endpoints,1,0.2,4
batch_dist_ternary_butan-1-ol+propan-2-ol+water__operating_point_022__test_anormal_experiment_001,operating_point_022,0.6832104934548542,0.68598026,0.6832104934548542,False,oracle_all_endpoints,1,0.2,4
batch_dist_ternary_butan-1-ol+propan-2-ol+water__operating_point_022__train_normal_experiment_001,operating_point_022,0.6811837097008695,0.6737409,0.6811837097008695,False,oracle_all_endpoints,1,0.2,4
batch_dist_ternary_butan-1-ol+propan-2-ol+water__operating_point_033__train_normal_experiment_001,operating_point_033,0.6032216753142463,0.72385025,0.6032216753142463,False,oracle_all_endpoints,1,0.2,4
batch_dist_ternary_butan-1-ol+propan-2-ol+water__operating_point_009__test_anormal_experiment_001,operating_point_009,0.7527630574755655,0.57219344,0.7527630574755655,True,completed_only,1,0.2,4
batch_dist_ternary_butan-1-ol+propan-2-ol+water__operating_point_009__test_anormal_experiment_002,operating_point_009,0.607867836942207,0.66771173,0.607867836942207,False,completed_only,1,0.2,4
batch_dist_ternary_butan-1-ol+propan-2-ol+water__operating_point_016__test_anormal_experiment_001,operating_point_016,0.6868716597635698,0.69653904,0.6868716597635698,False,completed_only,1,0.2,4
batch_dist_ternary_butan-1-ol+propan-2-ol+water__operating_point_016__train_normal_experiment_001,operating_point_016,0.6853377264416467,0.70364976,0.6853377264416467,False,completed_only,1,0.2,4
batch_dist_ternary_butan-1-ol+propan-2-ol+water__operating_point_022__test_anormal_experiment_001,operating_point_022,0.6832104934548542,0.67285717,0.6832104934548542,False,completed_only,1,0.2,4
batch_dist_ternary_butan-1-ol+propan-2-ol+water__operating_point_022__train_normal_experiment_001,operating_point_022,0.6811837097008695,0.6631629,0.6811837097008695,True,completed_only,1,0.2,4
batch_dist_ternary_butan-1-ol+propan-2-ol+water__operating_point_033__train_normal_experiment_001,operating_point_033,0.6032216753142463,0.70834684,0.6032216753142463,False,completed_only,1,0.2,4
batch_dist_ternary_butan-1-ol+propan-2-ol+water__operating_point_009__test_anormal_experiment_001,operating_point_009,0.7527630574755655,0.57650787,0.7527630574755655,True,static_initial,1,0.2,4
batch_dist_ternary_butan-1-ol+propan-2-ol+water__operating_point_009__test_anormal_experiment_002,operating_point_009,0.607867836942207,0.6615581,0.607867836942207,True,static_initial,1,0.2,4
batch_dist_ternary_butan-1-ol+propan-2-ol+water__operating_point_016__test_anormal_experiment_001,operating_point_016,0.6868716597635698,0.9092366,0.6868716597635698,False,static_initial,1,0.2,4
batch_dist_ternary_butan-1-ol+propan-2-ol+water__operating_point_016__train_normal_experiment_001,operating_point_016,0.6853377264416467,0.9124939,0.6853377264416467,False,static_initial,1,0.2,4
batch_dist_ternary_butan-1-ol+propan-2-ol+water__operating_point_022__test_anormal_experiment_001,operating_point_022,0.6832104934548542,0.6502192,0.6832104934548542,True,static_initial,1,0.2,4
batch_dist_ternary_butan-1-ol+propan-2-ol+water__operating_point_022__train_normal_experiment_001,operating_point_022,0.6811837097008695,0.6526957,0.6811837097008695,True,static_initial,1,0.2,4
batch_dist_ternary_butan-1-ol+propan-2-ol+water__operating_point_033__train_normal_experiment_001,operating_point_033,0.6032216753142463,0.6755907,0.6032216753142463,False,static_initial,1,0.2,4
batch_dist_ternary_butan-1-ol+propan-2-ol+water__operating_point_003__test_anormal_experiment_001,operating_point_003,0.6798616082775178,0.5891155,0.6798616082775178,True,oracle_all_endpoints,1,0.3,1
batch_dist_ternary_butan-1-ol+propan-2-ol+water__operating_point_003__test_anormal_experiment_002,operating_point_003,0.6791228505010427,0.6197533,0.6791228505010427,True,oracle_all_endpoints,1,0.3,1
batch_dist_ternary_butan-1-ol+propan-2-ol+water__operating_point_003__test_anormal_experiment_003,operating_point_003,0.4978361788418457,0.6561076,0.4978361788418457,True,oracle_all_endpoints,1,0.3,1
batch_dist_ternary_butan-1-ol+propan-2-ol+water__operating_point_003__test_anormal_experiment_004,operating_point_003,0.6483102124519635,0.5608105,0.6483102124519635,True,oracle_all_endpoints,1,0.3,1
batch_dist_ternary_butan-1-ol+propan-2-ol+water__operating_point_003__test_anormal_experiment_009,operating_point_003,0.6782545548418413,0.7015081,0.6782545548418413,False,oracle_all_endpoints,1,0.3,1
batch_dist_ternary_butan-1-ol+propan-2-ol+water__operating_point_003__train_normal_experiment_001,operating_point_003,0.6700350017604239,0.64829934,0.6700350017604239,True,oracle_all_endpoints,1,0.3,1
batch_dist_ternary_butan-1-ol+propan-2-ol+water__operating_point_015__test_anormal_experiment_001,operating_point_015,0.721089595799512,0.6868031,0.721089595799512,False,oracle_all_endpoints,1,0.3,1
batch_dist_ternary_butan-1-ol+propan-2-ol+water__operating_point_015__train_normal_experiment_001,operating_point_015,0.6844901545813868,0.65011585,0.6844901545813868,True,oracle_all_endpoints,1,0.3,1
batch_dist_ternary_butan-1-ol+propan-2-ol+water__operating_point_020__train_normal_experiment_001,operating_point_020,0.6924323198414503,0.9148729,0.6924323198414503,False,oracle_all_endpoints,1,0.3,1
batch_dist_ternary_butan-1-ol+propan-2-ol+water__operating_point_003__test_anormal_experiment_001,operating_point_003,0.6798616082775178,0.56847346,0.6798616082775178,True,completed_only,1,0.3,1
batch_dist_ternary_butan-1-ol+propan-2-ol+water__operating_point_003__test_anormal_experiment_002,operating_point_003,0.6791228505010427,0.62160534,0.6791228505010427,True,completed_only,1,0.3,1
batch_dist_ternary_butan-1-ol+propan-2-ol+water__operating_point_003__test_anormal_experiment_003,operating_point_003,0.4978361788418457,0.6630478,0.4978361788418457,True,completed_only,1,0.3,1
batch_dist_ternary_butan-1-ol+propan-2-ol+water__operating_point_003__test_anormal_experiment_004,operating_point_003,0.6483102124519635,0.52649534,0.6483102124519635,True,completed_only,1,0.3,1
batch_dist_ternary_butan-1-ol+propan-2-ol+water__operating_point_003__test_anormal_experiment_009,operating_point_003,0.6782545548418413,0.6863126,0.6782545548418413,False,completed_only,1,0.3,1
batch_dist_ternary_butan-1-ol+propan-2-ol+water__operating_point_003__train_normal_experiment_001,operating_point_003,0.6700350017604239,0.63210744,0.6700350017604239,True,completed_only,1,0.3,1
batch_dist_ternary_butan-1-ol+propan-2-ol+water__operating_point_015__test_anormal_experiment_001,operating_point_015,0.721089595799512,0.72315055,0.721089595799512,False,completed_only,1,0.3,1
batch_dist_ternary_butan-1-ol+propan-2-ol+water__operating_point_015__train_normal_experiment_001,operating_point_015,0.6844901545813868,0.6421242,0.6844901545813868,True,completed_only,1,0.3,1
batch_dist_ternary_butan-1-ol+propan-2-ol+water__operating_point_020__train_normal_experiment_001,operating_point_020,0.6924323198414503,0.9156285,0.6924323198414503,False,completed_only,1,0.3,1
batch_dist_ternary_butan-1-ol+propan-2-ol+water__operating_point_003__test_anormal_experiment_001,operating_point_003,0.6798616082775178,0.5941865,0.6798616082775178,True,static_initial,1,0.3,1
batch_dist_ternary_butan-1-ol+propan-2-ol+water__operating_point_003__test_anormal_experiment_002,operating_point_003,0.6791228505010427,0.616425,0.6791228505010427,True,static_initial,1,0.3,1
batch_dist_ternary_butan-1-ol+propan-2-ol+water__operating_point_003__test_anormal_experiment_003,operating_point_003,0.4978361788418457,0.64751,0.4978361788418457,True,static_initial,1,0.3,1
batch_dist_ternary_butan-1-ol+propan-2-ol+water__operating_point_003__test_anormal_experiment_004,operating_point_003,0.6483102124519635,0.5583061,0.6483102124519635,True,static_initial,1,0.3,1
batch_dist_ternary_butan-1-ol+propan-2-ol+water__operating_point_003__test_anormal_experiment_009,operating_point_003,0.6782545548418413,0.66914654,0.6782545548418413,True,static_initial,1,0.3,1
batch_dist_ternary_butan-1-ol+propan-2-ol+water__operating_point_003__train_normal_experiment_001,operating_point_003,0.6700350017604239,0.64265233,0.6700350017604239,True,static_initial,1,0.3,1
batch_dist_ternary_butan-1-ol+propan-2-ol+water__operating_point_015__test_anormal_experiment_001,operating_point_015,0.721089595799512,0.6857928,0.721089595799512,False,static_initial,1,0.3,1
batch_dist_ternary_butan-1-ol+propan-2-ol+water__operating_point_015__train_normal_experiment_001,operating_point_015,0.6844901545813868,0.64495534,0.6844901545813868,True,static_initial,1,0.3,1
batch_dist_ternary_butan-1-ol+propan-2-ol+water__operating_point_020__train_normal_experiment_001,operating_point_020,0.6924323198414503,0.9115339,0.6924323198414503,False,static_initial,1,0.3,1
batch_dist_ternary_butan-1-ol+propan-2-ol+water__operating_point_001__test_anormal_experiment_001,operating_point_001,0.6738020637083357,0.60718614,0.6738020637083357,True,oracle_all_endpoints,1,0.3,2
batch_dist_ternary_butan-1-ol+propan-2-ol+water__operating_point_001__test_anormal_experiment_002,operating_point_001,0.667959927704737,0.59308326,0.667959927704737,True,oracle_all_endpoints,1,0.3,2
batch_dist_ternary_butan-1-ol+propan-2-ol+water__operating_point_001__test_anormal_experiment_003,operating_point_001,0.6674175757881148,0.530245,0.6674175757881148,True,oracle_all_endpoints,1,0.3,2
batch_dist_ternary_butan-1-ol+propan-2-ol+water__operating_point_001__test_anormal_experiment_004,operating_point_001,0.6662193696072443,0.5697653,0.6662193696072443,True,oracle_all_endpoints,1,0.3,2
batch_dist_ternary_butan-1-ol+propan-2-ol+water__operating_point_001__test_anormal_experiment_005,operating_point_001,0.7145540591367534,0.5445451,0.7145540591367534,True,oracle_all_endpoints,1,0.3,2
batch_dist_ternary_butan-1-ol+propan-2-ol+water__operating_point_001__test_anormal_experiment_006,operating_point_001,0.6672744411612288,0.6306201,0.6672744411612288,True,oracle_all_endpoints,1,0.3,2
batch_dist_ternary_butan-1-ol+propan-2-ol+water__operating_point_001__test_anormal_experiment_007,operating_point_001,0.6711836773475024,0.67041934,0.6711836773475024,True,oracle_all_endpoints,1,0.3,2
batch_dist_ternary_butan-1-ol+propan-2-ol+water__operating_point_001__test_anormal_experiment_008,operating_point_001,0.6612130623870466,0.5722012,0.6612130623870466,True,oracle_all_endpoints,1,0.3,2
batch_dist_ternary_butan-1-ol+propan-2-ol+water__operating_point_001__test_anormal_experiment_009,operating_point_001,0.6668634244298469,0.6111517,0.6668634244298469,True,oracle_all_endpoints,1,0.3,2
batch_dist_ternary_butan-1-ol+propan-2-ol+water__operating_point_001__test_anormal_experiment_010,operating_point_001,0.6634705933239367,0.57135934,0.6634705933239367,True,oracle_all_endpoints,1,0.3,2
batch_dist_ternary_butan-1-ol+propan-2-ol+water__operating_point_001__test_anormal_experiment_011,operating_point_001,0.6606866212413348,0.6568138,0.6606866212413348,True,oracle_all_endpoints,1,0.3,2
batch_dist_ternary_butan-1-ol+propan-2-ol+water__operating_point_001__test_anormal_experiment_012,operating_point_001,0.6734308158533022,0.58659047,0.6734308158533022,True,oracle_all_endpoints,1,0.3,2
batch_dist_ternary_butan-1-ol+propan-2-ol+water__operating_point_001__test_anormal_experiment_013,operating_point_001,0.5704059976630891,0.6356564,0.5704059976630891,True,oracle_all_endpoints,1,0.3,2
batch_dist_ternary_butan-1-ol+propan-2-ol+water__operating_point_001__train_normal_experiment_001,operating_point_001,0.6293049651149618,0.5676903,0.6293049651149618,True,oracle_all_endpoints,1,0.3,2
batch_dist_ternary_butan-1-ol+propan-2-ol+water__operating_point_007__test_anormal_experiment_001,operating_point_007,0.7207174072292262,0.68977755,0.7207174072292262,False,oracle_all_endpoints,1,0.3,2
batch_dist_ternary_butan-1-ol+propan-2-ol+water__operating_point_008__test_anormal_experiment_001,operating_point_008,0.6431476053470059,0.6409403,0.6431476053470059,True,oracle_all_endpoints,1,0.3,2
batch_dist_ternary_butan-1-ol+propan-2-ol+water__operating_point_008__test_anormal_experiment_002,operating_point_008,0.4951805548141248,0.62861747,0.4951805548141248,True,oracle_all_endpoints,1,0.3,2
batch_dist_ternary_butan-1-ol+propan-2-ol+water__operating_point_011__test_anormal_experiment_001,operating_point_011,0.6808066894701099,0.6470748,0.6808066894701099,True,oracle_all_endpoints,1,0.3,2
batch_dist_ternary_butan-1-ol+propan-2-ol+water__operating_point_011__test_anormal_experiment_002,operating_point_011,0.6827161962808894,0.65455484,0.6827161962808894,True,oracle_all_endpoints,1,0.3,2
batch_dist_ternary_butan-1-ol+propan-2-ol+water__operating_point_013__train_normal_experiment_001,operating_point_013,0.6950454537431681,0.5923492,0.6950454537431681,True,oracle_all_endpoints,1,0.3,2
batch_dist_ternary_butan-1-ol+propan-2-ol+water__operating_point_001__test_anormal_experiment_001,operating_point_001,0.6738020637083357,0.6410123,0.6738020637083357,True,completed_only,1,0.3,2
batch_dist_ternary_butan-1-ol+propan-2-ol+water__operating_point_001__test_anormal_experiment_002,operating_point_001,0.667959927704737,0.6010445,0.667959927704737,True,completed_only,1,0.3,2
batch_dist_ternary_butan-1-ol+propan-2-ol+water__operating_point_001__test_anormal_experiment_003,operating_point_001,0.6674175757881148,0.5893123,0.6674175757881148,True,completed_only,1,0.3,2
batch_dist_ternary_butan-1-ol+propan-2-ol+water__operating_point_001__test_anormal_experiment_004,operating_point_001,0.6662193696072443,0.6643297,0.6662193696072443,True,completed_only,1,0.3,2
batch_dist_ternary_butan-1-ol+propan-2-ol+water__operating_point_001__test_anormal_experiment_005,operating_point_001,0.7145540591367534,0.5798342,0.7145540591367534,True,completed_only,1,0.3,2
batch_dist_ternary_butan-1-ol+propan-2-ol+water__operating_point_001__test_anormal_experiment_006,operating_point_001,0.6672744411612288,0.64557785,0.6672744411612288,True,completed_only,1,0.3,2
batch_dist_ternary_butan-1-ol+propan-2-ol+water__operating_point_001__test_anormal_experiment_007,operating_point_001,0.6711836773475024,0.67116505,0.6711836773475024,True,completed_only,1,0.3,2
batch_dist_ternary_butan-1-ol+propan-2-ol+water__operating_point_001__test_anormal_experiment_008,operating_point_001,0.6612130623870466,0.6390375,0.6612130623870466,True,completed_only,1,0.3,2
batch_dist_ternary_butan-1-ol+propan-2-ol+water__operating_point_001__test_anormal_experiment_009,operating_point_001,0.6668634244298469,0.6667642,0.6668634244298469,True,completed_only,1,0.3,2
batch_dist_ternary_butan-1-ol+propan-2-ol+water__operating_point_001__test_anormal_experiment_010,operating_point_001,0.6634705933239367,0.65957004,0.6634705933239367,True,completed_only,1,0.3,2
batch_dist_ternary_butan-1-ol+propan-2-ol+water__operating_point_001__test_anormal_experiment_011,operating_point_001,0.6606866212413348,0.6697545,0.6606866212413348,True,completed_only,1,0.3,2
batch_dist_ternary_butan-1-ol+propan-2-ol+water__operating_point_001__test_anormal_experiment_012,operating_point_001,0.6734308158533022,0.6285691,0.6734308158533022,True,completed_only,1,0.3,2
batch_dist_ternary_butan-1-ol+propan-2-ol+water__operating_point_001__test_anormal_experiment_013,operating_point_001,0.5704059976630891,0.676653,0.5704059976630891,False,completed_only,1,0.3,2
batch_dist_ternary_butan-1-ol+propan-2-ol+water__operating_point_001__train_normal_experiment_001,operating_point_001,0.6293049651149618,0.5770619,0.6293049651149618,True,completed_only,1,0.3,2
batch_dist_ternary_butan-1-ol+propan-2-ol+water__operating_point_007__test_anormal_experiment_001,operating_point_007,0.7207174072292262,0.6757417,0.7207174072292262,False,completed_only,1,0.3,2
batch_dist_ternary_butan-1-ol+propan-2-ol+water__operating_point_008__test_anormal_experiment_001,operating_point_008,0.6431476053470059,0.6397689,0.6431476053470059,True,completed_only,1,0.3,2
batch_dist_ternary_butan-1-ol+propan-2-ol+water__operating_point_008__test_anormal_experiment_002,operating_point_008,0.4951805548141248,0.6768611,0.4951805548141248,False,completed_only,1,0.3,2
batch_dist_ternary_butan-1-ol+propan-2-ol+water__operating_point_011__test_anormal_experiment_001,operating_point_011,0.6808066894701099,0.60852784,0.6808066894701099,True,completed_only,1,0.3,2
batch_dist_ternary_butan-1-ol+propan-2-ol+water__operating_point_011__test_anormal_experiment_002,operating_point_011,0.6827161962808894,0.6552673,0.6827161962808894,True,completed_only,1,0.3,2
batch_dist_ternary_butan-1-ol+propan-2-ol+water__operating_point_013__train_normal_experiment_001,operating_point_013,0.6950454537431681,0.5782565,0.6950454537431681,True,completed_only,1,0.3,2
batch_dist_ternary_butan-1-ol+propan-2-ol+water__operating_point_001__test_anormal_experiment_001,operating_point_001,0.6738020637083357,0.63016313,0.6738020637083357,True,static_initial,1,0.3,2
batch_dist_ternary_butan-1-ol+propan-2-ol+water__operating_point_001__test_anormal_experiment_002,operating_point_001,0.667959927704737,0.5989927,0.667959927704737,True,static_initial,1,0.3,2
batch_dist_ternary_butan-1-ol+propan-2-ol+water__operating_point_001__test_anormal_experiment_003,operating_point_001,0.6674175757881148,0.5986229,0.6674175757881148,True,static_initial,1,0.3,2
batch_dist_ternary_butan-1-ol+propan-2-ol+water__operating_point_001__test_anormal_experiment_004,operating_point_001,0.6662193696072443,0.63081807,0.6662193696072443,True,static_initial,1,0.3,2
batch_dist_ternary_butan-1-ol+propan-2-ol+water__operating_point_001__test_anormal_experiment_005,operating_point_001,0.7145540591367534,0.58182085,0.7145540591367534,True,static_initial,1,0.3,2
batch_dist_ternary_butan-1-ol+propan-2-ol+water__operating_point_001__test_anormal_experiment_006,operating_point_001,0.6672744411612288,0.6494515,0.6672744411612288,True,static_initial,1,0.3,2
batch_dist_ternary_butan-1-ol+propan-2-ol+water__operating_point_001__test_anormal_experiment_007,operating_point_001,0.6711836773475024,0.6515078,0.6711836773475024,True,static_initial,1,0.3,2
batch_dist_ternary_butan-1-ol+propan-2-ol+water__operating_point_001__test_anormal_experiment_008,operating_point_001,0.6612130623870466,0.6355512,0.6612130623870466,True,static_initial,1,0.3,2
batch_dist_ternary_butan-1-ol+propan-2-ol+water__operating_point_001__test_anormal_experiment_009,operating_point_001,0.6668634244298469,0.666016,0.6668634244298469,True,static_initial,1,0.3,2
batch_dist_ternary_butan-1-ol+propan-2-ol+water__operating_point_001__test_anormal_experiment_010,operating_point_001,0.6634705933239367,0.6522536,0.6634705933239367,True,static_initial,1,0.3,2
batch_dist_ternary_butan-1-ol+propan-2-ol+water__operating_point_001__test_anormal_experiment_011,operating_point_001,0.6606866212413348,0.66502726,0.6606866212413348,True,static_initial,1,0.3,2
batch_dist_ternary_butan-1-ol+propan-2-ol+water__operating_point_001__test_anormal_experiment_012,operating_point_001,0.6734308158533022,0.62027913,0.6734308158533022,True,static_initial,1,0.3,2
batch_dist_ternary_butan-1-ol+propan-2-ol+water__operating_point_001__test_anormal_experiment_013,operating_point_001,0.5704059976630891,0.6552646,0.5704059976630891,True,static_initial,1,0.3,2
batch_dist_ternary_butan-1-ol+propan-2-ol+water__operating_point_001__train_normal_experiment_001,operating_point_001,0.6293049651149618,0.56208795,0.6293049651149618,True,static_initial,1,0.3,2
batch_dist_ternary_butan-1-ol+propan-2-ol+water__operating_point_007__test_anormal_experiment_001,operating_point_007,0.7207174072292262,0.6730918,0.7207174072292262,False,static_initial,1,0.3,2
batch_dist_ternary_butan-1-ol+propan-2-ol+water__operating_point_008__test_anormal_experiment_001,operating_point_008,0.6431476053470059,0.6255517,0.6431476053470059,True,static_initial,1,0.3,2
batch_dist_ternary_butan-1-ol+propan-2-ol+water__operating_point_008__test_anormal_experiment_002,operating_point_008,0.4951805548141248,0.672388,0.4951805548141248,True,static_initial,1,0.3,2
batch_dist_ternary_butan-1-ol+propan-2-ol+water__operating_point_011__test_anormal_experiment_001,operating_point_011,0.6808066894701099,0.6238345,0.6808066894701099,True,static_initial,1,0.3,2
batch_dist_ternary_butan-1-ol+propan-2-ol+water__operating_point_011__test_anormal_experiment_002,operating_point_011,0.6827161962808894,0.6549369,0.6827161962808894,True,static_initial,1,0.3,2
batch_dist_ternary_butan-1-ol+propan-2-ol+water__operating_point_013__train_normal_experiment_001,operating_point_013,0.6950454537431681,0.5998069,0.6950454537431681,True,static_initial,1,0.3,2
batch_dist_ternary_butan-1-ol+propan-2-ol+water__operating_point_012__test_anormal_experiment_001,operating_point_012,0.6847629577536862,0.70217055,0.6847629577536862,False,oracle_all_endpoints,1,0.3,3
batch_dist_ternary_butan-1-ol+propan-2-ol+water__operating_point_012__test_anormal_experiment_002,operating_point_012,0.6934751622305062,0.7063517,0.6934751622305062,False,oracle_all_endpoints,1,0.3,3
batch_dist_ternary_butan-1-ol+propan-2-ol+water__operating_point_017__test_anormal_experiment_001,operating_point_017,0.6789549894914293,0.6759249,0.6789549894914293,False,oracle_all_endpoints,1,0.3,3
batch_dist_ternary_butan-1-ol+propan-2-ol+water__operating_point_017__train_normal_experiment_001,operating_point_017,0.6724500963647279,0.6334231,0.6724500963647279,True,oracle_all_endpoints,1,0.3,3
batch_dist_ternary_butan-1-ol+propan-2-ol+water__operating_point_021__test_anormal_experiment_001,operating_point_021,0.6810379391813758,0.6663387,0.6810379391813758,True,oracle_all_endpoints,1,0.3,3
batch_dist_ternary_butan-1-ol+propan-2-ol+water__operating_point_021__train_normal_experiment_001,operating_point_021,0.6865506494627645,0.68377316,0.6865506494627645,False,oracle_all_endpoints,1,0.3,3
batch_dist_ternary_butan-1-ol+propan-2-ol+water__operating_point_028__test_anormal_experiment_002,operating_point_028,0.7279524080613684,0.8004413,0.7279524080613684,False,oracle_all_endpoints,1,0.3,3
batch_dist_ternary_butan-1-ol+propan-2-ol+water__operating_point_028__train_normal_experiment_001,operating_point_028,0.698567173084311,0.84074634,0.698567173084311,False,oracle_all_endpoints,1,0.3,3
batch_dist_ternary_butan-1-ol+propan-2-ol+water__operating_point_012__test_anormal_experiment_001,operating_point_012,0.6847629577536862,0.71652937,0.6847629577536862,False,completed_only,1,0.3,3
batch_dist_ternary_butan-1-ol+propan-2-ol+water__operating_point_012__test_anormal_experiment_002,operating_point_012,0.6934751622305062,0.7249081,0.6934751622305062,False,completed_only,1,0.3,3
batch_dist_ternary_butan-1-ol+propan-2-ol+water__operating_point_017__test_anormal_experiment_001,operating_point_017,0.6789549894914293,0.6623268,0.6789549894914293,True,completed_only,1,0.3,3
batch_dist_ternary_butan-1-ol+propan-2-ol+water__operating_point_017__train_normal_experiment_001,operating_point_017,0.6724500963647279,0.65946454,0.6724500963647279,True,completed_only,1,0.3,3
batch_dist_ternary_butan-1-ol+propan-2-ol+water__operating_point_021__test_anormal_experiment_001,operating_point_021,0.6810379391813758,0.65863216,0.6810379391813758,True,completed_only,1,0.3,3
batch_dist_ternary_butan-1-ol+propan-2-ol+water__operating_point_021__train_normal_experiment_001,operating_point_021,0.6865506494627645,0.66762286,0.6865506494627645,True,completed_only,1,0.3,3
batch_dist_ternary_butan-1-ol+propan-2-ol+water__operating_point_028__test_anormal_experiment_002,operating_point_028,0.7279524080613684,0.79958934,0.7279524080613684,False,completed_only,1,0.3,3
batch_dist_ternary_butan-1-ol+propan-2-ol+water__operating_point_028__train_normal_experiment_001,operating_point_028,0.698567173084311,0.8573408,0.698567173084311,False,completed_only,1,0.3,3
batch_dist_ternary_butan-1-ol+propan-2-ol+water__operating_point_012__test_anormal_experiment_001,operating_point_012,0.6847629577536862,0.74380976,0.6847629577536862,False,static_initial,1,0.3,3
batch_dist_ternary_butan-1-ol+propan-2-ol+water__operating_point_012__test_anormal_experiment_002,operating_point_012,0.6934751622305062,0.73435056,0.6934751622305062,False,static_initial,1,0.3,3
batch_dist_ternary_butan-1-ol+propan-2-ol+water__operating_point_017__test_anormal_experiment_001,operating_point_017,0.6789549894914293,0.6827628,0.6789549894914293,False,static_initial,1,0.3,3
batch_dist_ternary_butan-1-ol+propan-2-ol+water__operating_point_017__train_normal_experiment_001,operating_point_017,0.6724500963647279,0.66661525,0.6724500963647279,True,static_initial,1,0.3,3
batch_dist_ternary_butan-1-ol+propan-2-ol+water__operating_point_021__test_anormal_experiment_001,operating_point_021,0.6810379391813758,0.666543,0.6810379391813758,True,static_initial,1,0.3,3
batch_dist_ternary_butan-1-ol+propan-2-ol+water__operating_point_021__train_normal_experiment_001,operating_point_021,0.6865506494627645,0.6625304,0.6865506494627645,True,static_initial,1,0.3,3
batch_dist_ternary_butan-1-ol+propan-2-ol+water__operating_point_028__test_anormal_experiment_002,operating_point_028,0.7279524080613684,0.84469134,0.7279524080613684,False,static_initial,1,0.3,3
batch_dist_ternary_butan-1-ol+propan-2-ol+water__operating_point_028__train_normal_experiment_001,operating_point_028,0.698567173084311,0.93207324,0.698567173084311,False,static_initial,1,0.3,3
batch_dist_ternary_butan-1-ol+propan-2-ol+water__operating_point_009__test_anormal_experiment_001,operating_point_009,0.7527630574755655,0.6028984,0.7527630574755655,True,oracle_all_endpoints,1,0.3,4
batch_dist_ternary_butan-1-ol+propan-2-ol+water__operating_point_009__test_anormal_experiment_002,operating_point_009,0.607867836942207,0.6923004,0.607867836942207,False,oracle_all_endpoints,1,0.3,4
batch_dist_ternary_butan-1-ol+propan-2-ol+water__operating_point_016__test_anormal_experiment_001,operating_point_016,0.6868716597635698,0.763979,0.6868716597635698,False,oracle_all_endpoints,1,0.3,4
batch_dist_ternary_butan-1-ol+propan-2-ol+water__operating_point_016__train_normal_experiment_001,operating_point_016,0.6853377264416467,0.72227764,0.6853377264416467,False,oracle_all_endpoints,1,0.3,4
batch_dist_ternary_butan-1-ol+propan-2-ol+water__operating_point_022__test_anormal_experiment_001,operating_point_022,0.6832104934548542,0.68598026,0.6832104934548542,False,oracle_all_endpoints,1,0.3,4
batch_dist_ternary_butan-1-ol+propan-2-ol+water__operating_point_022__train_normal_experiment_001,operating_point_022,0.6811837097008695,0.6737409,0.6811837097008695,False,oracle_all_endpoints,1,0.3,4
batch_dist_ternary_butan-1-ol+propan-2-ol+water__operating_point_033__train_normal_experiment_001,operating_point_033,0.6032216753142463,0.72385025,0.6032216753142463,False,oracle_all_endpoints,1,0.3,4
batch_dist_ternary_butan-1-ol+propan-2-ol+water__operating_point_009__test_anormal_experiment_001,operating_point_009,0.7527630574755655,0.5592348,0.7527630574755655,True,completed_only,1,0.3,4
batch_dist_ternary_butan-1-ol+propan-2-ol+water__operating_point_009__test_anormal_experiment_002,operating_point_009,0.607867836942207,0.6645405,0.607867836942207,True,completed_only,1,0.3,4
batch_dist_ternary_butan-1-ol+propan-2-ol+water__operating_point_016__test_anormal_experiment_001,operating_point_016,0.6868716597635698,0.7109566,0.6868716597635698,False,completed_only,1,0.3,4
batch_dist_ternary_butan-1-ol+propan-2-ol+water__operating_point_016__train_normal_experiment_001,operating_point_016,0.6853377264416467,0.7172347,0.6853377264416467,False,completed_only,1,0.3,4
batch_dist_ternary_butan-1-ol+propan-2-ol+water__operating_point_022__test_anormal_experiment_001,operating_point_022,0.6832104934548542,0.6694013,0.6832104934548542,True,completed_only,1,0.3,4
batch_dist_ternary_butan-1-ol+propan-2-ol+water__operating_point_022__train_normal_experiment_001,operating_point_022,0.6811837097008695,0.66014177,0.6811837097008695,True,completed_only,1,0.3,4
batch_dist_ternary_butan-1-ol+propan-2-ol+water__operating_point_033__train_normal_experiment_001,operating_point_033,0.6032216753142463,0.679496,0.6032216753142463,False,completed_only,1,0.3,4
batch_dist_ternary_butan-1-ol+propan-2-ol+water__operating_point_009__test_anormal_experiment_001,operating_point_009,0.7527630574755655,0.57650787,0.7527630574755655,True,static_initial,1,0.3,4
batch_dist_ternary_butan-1-ol+propan-2-ol+water__operating_point_009__test_anormal_experiment_002,operating_point_009,0.607867836942207,0.6615581,0.607867836942207,True,static_initial,1,0.3,4
batch_dist_ternary_butan-1-ol+propan-2-ol+water__operating_point_016__test_anormal_experiment_001,operating_point_016,0.6868716597635698,0.9092366,0.6868716597635698,False,static_initial,1,0.3,4
batch_dist_ternary_butan-1-ol+propan-2-ol+water__operating_point_016__train_normal_experiment_001,operating_point_016,0.6853377264416467,0.9124939,0.6853377264416467,False,static_initial,1,0.3,4
batch_dist_ternary_butan-1-ol+propan-2-ol+water__operating_point_022__test_anormal_experiment_001,operating_point_022,0.6832104934548542,0.6502192,0.6832104934548542,True,static_initial,1,0.3,4
batch_dist_ternary_butan-1-ol+propan-2-ol+water__operating_point_022__train_normal_experiment_001,operating_point_022,0.6811837097008695,0.6526957,0.6811837097008695,True,static_initial,1,0.3,4
batch_dist_ternary_butan-1-ol+propan-2-ol+water__operating_point_033__train_normal_experiment_001,operating_point_033,0.6032216753142463,0.6755907,0.6032216753142463,False,static_initial,1,0.3,4
batch_dist_ternary_butan-1-ol+propan-2-ol+water__operating_point_003__test_anormal_experiment_001,operating_point_003,0.6798616082775178,0.5891155,0.6798616082775178,True,oracle_all_endpoints,1,0.4,1
batch_dist_ternary_butan-1-ol+propan-2-ol+water__operating_point_003__test_anormal_experiment_002,operating_point_003,0.6791228505010427,0.6197533,0.6791228505010427,True,oracle_all_endpoints,1,0.4,1
batch_dist_ternary_butan-1-ol+propan-2-ol+water__operating_point_003__test_anormal_experiment_003,operating_point_003,0.4978361788418457,0.6561076,0.4978361788418457,True,oracle_all_endpoints,1,0.4,1
batch_dist_ternary_butan-1-ol+propan-2-ol+water__operating_point_003__test_anormal_experiment_004,operating_point_003,0.6483102124519635,0.5608105,0.6483102124519635,True,oracle_all_endpoints,1,0.4,1
batch_dist_ternary_butan-1-ol+propan-2-ol+water__operating_point_003__test_anormal_experiment_009,operating_point_003,0.6782545548418413,0.7015081,0.6782545548418413,False,oracle_all_endpoints,1,0.4,1
batch_dist_ternary_butan-1-ol+propan-2-ol+water__operating_point_003__train_normal_experiment_001,operating_point_003,0.6700350017604239,0.64829934,0.6700350017604239,True,oracle_all_endpoints,1,0.4,1
batch_dist_ternary_butan-1-ol+propan-2-ol+water__operating_point_015__test_anormal_experiment_001,operating_point_015,0.721089595799512,0.6868031,0.721089595799512,False,oracle_all_endpoints,1,0.4,1
batch_dist_ternary_butan-1-ol+propan-2-ol+water__operating_point_015__train_normal_experiment_001,operating_point_015,0.6844901545813868,0.65011585,0.6844901545813868,True,oracle_all_endpoints,1,0.4,1
batch_dist_ternary_butan-1-ol+propan-2-ol+water__operating_point_020__train_normal_experiment_001,operating_point_020,0.6924323198414503,0.9148729,0.6924323198414503,False,oracle_all_endpoints,1,0.4,1
batch_dist_ternary_butan-1-ol+propan-2-ol+water__operating_point_003__test_anormal_experiment_001,operating_point_003,0.6798616082775178,0.56847346,0.6798616082775178,True,completed_only,1,0.4,1
batch_dist_ternary_butan-1-ol+propan-2-ol+water__operating_point_003__test_anormal_experiment_002,operating_point_003,0.6791228505010427,0.62160534,0.6791228505010427,True,completed_only,1,0.4,1
batch_dist_ternary_butan-1-ol+propan-2-ol+water__operating_point_003__test_anormal_experiment_003,operating_point_003,0.4978361788418457,0.6630478,0.4978361788418457,True,completed_only,1,0.4,1
batch_dist_ternary_butan-1-ol+propan-2-ol+water__operating_point_003__test_anormal_experiment_004,operating_point_003,0.6483102124519635,0.52649534,0.6483102124519635,True,completed_only,1,0.4,1
batch_dist_ternary_butan-1-ol+propan-2-ol+water__operating_point_003__test_anormal_experiment_009,operating_point_003,0.6782545548418413,0.6863126,0.6782545548418413,False,completed_only,1,0.4,1
batch_dist_ternary_butan-1-ol+propan-2-ol+water__operating_point_003__train_normal_experiment_001,operating_point_003,0.6700350017604239,0.63210744,0.6700350017604239,True,completed_only,1,0.4,1
batch_dist_ternary_butan-1-ol+propan-2-ol+water__operating_point_015__test_anormal_experiment_001,operating_point_015,0.721089595799512,0.72315055,0.721089595799512,False,completed_only,1,0.4,1
batch_dist_ternary_butan-1-ol+propan-2-ol+water__operating_point_015__train_normal_experiment_001,operating_point_015,0.6844901545813868,0.6421242,0.6844901545813868,True,completed_only,1,0.4,1
batch_dist_ternary_butan-1-ol+propan-2-ol+water__operating_point_020__train_normal_experiment_001,operating_point_020,0.6924323198414503,0.9156285,0.6924323198414503,False,completed_only,1,0.4,1
batch_dist_ternary_butan-1-ol+propan-2-ol+water__operating_point_003__test_anormal_experiment_001,operating_point_003,0.6798616082775178,0.5941865,0.6798616082775178,True,static_initial,1,0.4,1
batch_dist_ternary_butan-1-ol+propan-2-ol+water__operating_point_003__test_anormal_experiment_002,operating_point_003,0.6791228505010427,0.616425,0.6791228505010427,True,static_initial,1,0.4,1
batch_dist_ternary_butan-1-ol+propan-2-ol+water__operating_point_003__test_anormal_experiment_003,operating_point_003,0.4978361788418457,0.64751,0.4978361788418457,True,static_initial,1,0.4,1
batch_dist_ternary_butan-1-ol+propan-2-ol+water__operating_point_003__test_anormal_experiment_004,operating_point_003,0.6483102124519635,0.5583061,0.6483102124519635,True,static_initial,1,0.4,1
batch_dist_ternary_butan-1-ol+propan-2-ol+water__operating_point_003__test_anormal_experiment_009,operating_point_003,0.6782545548418413,0.66914654,0.6782545548418413,True,static_initial,1,0.4,1
batch_dist_ternary_butan-1-ol+propan-2-ol+water__operating_point_003__train_normal_experiment_001,operating_point_003,0.6700350017604239,0.64265233,0.6700350017604239,True,static_initial,1,0.4,1
batch_dist_ternary_butan-1-ol+propan-2-ol+water__operating_point_015__test_anormal_experiment_001,operating_point_015,0.721089595799512,0.6857928,0.721089595799512,False,static_initial,1,0.4,1
batch_dist_ternary_butan-1-ol+propan-2-ol+water__operating_point_015__train_normal_experiment_001,operating_point_015,0.6844901545813868,0.64495534,0.6844901545813868,True,static_initial,1,0.4,1
batch_dist_ternary_butan-1-ol+propan-2-ol+water__operating_point_020__train_normal_experiment_001,operating_point_020,0.6924323198414503,0.9115339,0.6924323198414503,False,static_initial,1,0.4,1
batch_dist_ternary_butan-1-ol+propan-2-ol+water__operating_point_001__test_anormal_experiment_001,operating_point_001,0.6738020637083357,0.60718614,0.6738020637083357,True,oracle_all_endpoints,1,0.4,2
batch_dist_ternary_butan-1-ol+propan-2-ol+water__operating_point_001__test_anormal_experiment_002,operating_point_001,0.667959927704737,0.59308326,0.667959927704737,True,oracle_all_endpoints,1,0.4,2
batch_dist_ternary_butan-1-ol+propan-2-ol+water__operating_point_001__test_anormal_experiment_003,operating_point_001,0.6674175757881148,0.530245,0.6674175757881148,True,oracle_all_endpoints,1,0.4,2
batch_dist_ternary_butan-1-ol+propan-2-ol+water__operating_point_001__test_anormal_experiment_004,operating_point_001,0.6662193696072443,0.5697653,0.6662193696072443,True,oracle_all_endpoints,1,0.4,2
batch_dist_ternary_butan-1-ol+propan-2-ol+water__operating_point_001__test_anormal_experiment_005,operating_point_001,0.7145540591367534,0.5445451,0.7145540591367534,True,oracle_all_endpoints,1,0.4,2
batch_dist_ternary_butan-1-ol+propan-2-ol+water__operating_point_001__test_anormal_experiment_006,operating_point_001,0.6672744411612288,0.6306201,0.6672744411612288,True,oracle_all_endpoints,1,0.4,2
batch_dist_ternary_butan-1-ol+propan-2-ol+water__operating_point_001__test_anormal_experiment_007,operating_point_001,0.6711836773475024,0.67041934,0.6711836773475024,True,oracle_all_endpoints,1,0.4,2
batch_dist_ternary_butan-1-ol+propan-2-ol+water__operating_point_001__test_anormal_experiment_008,operating_point_001,0.6612130623870466,0.5722012,0.6612130623870466,True,oracle_all_endpoints,1,0.4,2
batch_dist_ternary_butan-1-ol+propan-2-ol+water__operating_point_001__test_anormal_experiment_009,operating_point_001,0.6668634244298469,0.6111517,0.6668634244298469,True,oracle_all_endpoints,1,0.4,2
batch_dist_ternary_butan-1-ol+propan-2-ol+water__operating_point_001__test_anormal_experiment_010,operating_point_001,0.6634705933239367,0.57135934,0.6634705933239367,True,oracle_all_endpoints,1,0.4,2
batch_dist_ternary_butan-1-ol+propan-2-ol+water__operating_point_001__test_anormal_experiment_011,operating_point_001,0.6606866212413348,0.6568138,0.6606866212413348,True,oracle_all_endpoints,1,0.4,2
batch_dist_ternary_butan-1-ol+propan-2-ol+water__operating_point_001__test_anormal_experiment_012,operating_point_001,0.6734308158533022,0.58659047,0.6734308158533022,True,oracle_all_endpoints,1,0.4,2
batch_dist_ternary_butan-1-ol+propan-2-ol+water__operating_point_001__test_anormal_experiment_013,operating_point_001,0.5704059976630891,0.6356564,0.5704059976630891,True,oracle_all_endpoints,1,0.4,2
batch_dist_ternary_butan-1-ol+propan-2-ol+water__operating_point_001__train_normal_experiment_001,operating_point_001,0.6293049651149618,0.5676903,0.6293049651149618,True,oracle_all_endpoints,1,0.4,2
batch_dist_ternary_butan-1-ol+propan-2-ol+water__operating_point_007__test_anormal_experiment_001,operating_point_007,0.7207174072292262,0.68977755,0.7207174072292262,False,oracle_all_endpoints,1,0.4,2
batch_dist_ternary_butan-1-ol+propan-2-ol+water__operating_point_008__test_anormal_experiment_001,operating_point_008,0.6431476053470059,0.6409403,0.6431476053470059,True,oracle_all_endpoints,1,0.4,2
batch_dist_ternary_butan-1-ol+propan-2-ol+water__operating_point_008__test_anormal_experiment_002,operating_point_008,0.4951805548141248,0.62861747,0.4951805548141248,True,oracle_all_endpoints,1,0.4,2
batch_dist_ternary_butan-1-ol+propan-2-ol+water__operating_point_011__test_anormal_experiment_001,operating_point_011,0.6808066894701099,0.6470748,0.6808066894701099,True,oracle_all_endpoints,1,0.4,2
batch_dist_ternary_butan-1-ol+propan-2-ol+water__operating_point_011__test_anormal_experiment_002,operating_point_011,0.6827161962808894,0.65455484,0.6827161962808894,True,oracle_all_endpoints,1,0.4,2
batch_dist_ternary_butan-1-ol+propan-2-ol+water__operating_point_013__train_normal_experiment_001,operating_point_013,0.6950454537431681,0.5923492,0.6950454537431681,True,oracle_all_endpoints,1,0.4,2
batch_dist_ternary_butan-1-ol+propan-2-ol+water__operating_point_001__test_anormal_experiment_001,operating_point_001,0.6738020637083357,0.6410123,0.6738020637083357,True,completed_only,1,0.4,2
batch_dist_ternary_butan-1-ol+propan-2-ol+water__operating_point_001__test_anormal_experiment_002,operating_point_001,0.667959927704737,0.6010445,0.667959927704737,True,completed_only,1,0.4,2
batch_dist_ternary_butan-1-ol+propan-2-ol+water__operating_point_001__test_anormal_experiment_003,operating_point_001,0.6674175757881148,0.5893123,0.6674175757881148,True,completed_only,1,0.4,2
batch_dist_ternary_butan-1-ol+propan-2-ol+water__operating_point_001__test_anormal_experiment_004,operating_point_001,0.6662193696072443,0.6643297,0.6662193696072443,True,completed_only,1,0.4,2
batch_dist_ternary_butan-1-ol+propan-2-ol+water__operating_point_001__test_anormal_experiment_005,operating_point_001,0.7145540591367534,0.5798342,0.7145540591367534,True,completed_only,1,0.4,2
batch_dist_ternary_butan-1-ol+propan-2-ol+water__operating_point_001__test_anormal_experiment_006,operating_point_001,0.6672744411612288,0.64557785,0.6672744411612288,True,completed_only,1,0.4,2
batch_dist_ternary_butan-1-ol+propan-2-ol+water__operating_point_001__test_anormal_experiment_007,operating_point_001,0.6711836773475024,0.67116505,0.6711836773475024,True,completed_only,1,0.4,2
batch_dist_ternary_butan-1-ol+propan-2-ol+water__operating_point_001__test_anormal_experiment_008,operating_point_001,0.6612130623870466,0.6390375,0.6612130623870466,True,completed_only,1,0.4,2
batch_dist_ternary_butan-1-ol+propan-2-ol+water__operating_point_001__test_anormal_experiment_009,operating_point_001,0.6668634244298469,0.6667642,0.6668634244298469,True,completed_only,1,0.4,2
batch_dist_ternary_butan-1-ol+propan-2-ol+water__operating_point_001__test_anormal_experiment_010,operating_point_001,0.6634705933239367,0.65957004,0.6634705933239367,True,completed_only,1,0.4,2
batch_dist_ternary_butan-1-ol+propan-2-ol+water__operating_point_001__test_anormal_experiment_011,operating_point_001,0.6606866212413348,0.6697545,0.6606866212413348,True,completed_only,1,0.4,2
batch_dist_ternary_butan-1-ol+propan-2-ol+water__operating_point_001__test_anormal_experiment_012,operating_point_001,0.6734308158533022,0.6285691,0.6734308158533022,True,completed_only,1,0.4,2
batch_dist_ternary_butan-1-ol+propan-2-ol+water__operating_point_001__test_anormal_experiment_013,operating_point_001,0.5704059976630891,0.676653,0.5704059976630891,True,completed_only,1,0.4,2
batch_dist_ternary_butan-1-ol+propan-2-ol+water__operating_point_001__train_normal_experiment_001,operating_point_001,0.6293049651149618,0.5770619,0.6293049651149618,True,completed_only,1,0.4,2
batch_dist_ternary_butan-1-ol+propan-2-ol+water__operating_point_007__test_anormal_experiment_001,operating_point_007,0.7207174072292262,0.6757417,0.7207174072292262,True,completed_only,1,0.4,2
batch_dist_ternary_butan-1-ol+propan-2-ol+water__operating_point_008__test_anormal_experiment_001,operating_point_008,0.6431476053470059,0.6397689,0.6431476053470059,True,completed_only,1,0.4,2
batch_dist_ternary_butan-1-ol+propan-2-ol+water__operating_point_008__test_anormal_experiment_002,operating_point_008,0.4951805548141248,0.6768611,0.4951805548141248,True,completed_only,1,0.4,2
batch_dist_ternary_butan-1-ol+propan-2-ol+water__operating_point_011__test_anormal_experiment_001,operating_point_011,0.6808066894701099,0.60852784,0.6808066894701099,True,completed_only,1,0.4,2
batch_dist_ternary_butan-1-ol+propan-2-ol+water__operating_point_011__test_anormal_experiment_002,operating_point_011,0.6827161962808894,0.6552673,0.6827161962808894,True,completed_only,1,0.4,2
batch_dist_ternary_butan-1-ol+propan-2-ol+water__operating_point_013__train_normal_experiment_001,operating_point_013,0.6950454537431681,0.5782565,0.6950454537431681,True,completed_only,1,0.4,2
batch_dist_ternary_butan-1-ol+propan-2-ol+water__operating_point_001__test_anormal_experiment_001,operating_point_001,0.6738020637083357,0.63016313,0.6738020637083357,True,static_initial,1,0.4,2
batch_dist_ternary_butan-1-ol+propan-2-ol+water__operating_point_001__test_anormal_experiment_002,operating_point_001,0.667959927704737,0.5989927,0.667959927704737,True,static_initial,1,0.4,2
batch_dist_ternary_butan-1-ol+propan-2-ol+water__operating_point_001__test_anormal_experiment_003,operating_point_001,0.6674175757881148,0.5986229,0.6674175757881148,True,static_initial,1,0.4,2
batch_dist_ternary_butan-1-ol+propan-2-ol+water__operating_point_001__test_anormal_experiment_004,operating_point_001,0.6662193696072443,0.63081807,0.6662193696072443,True,static_initial,1,0.4,2
batch_dist_ternary_butan-1-ol+propan-2-ol+water__operating_point_001__test_anormal_experiment_005,operating_point_001,0.7145540591367534,0.58182085,0.7145540591367534,True,static_initial,1,0.4,2
batch_dist_ternary_butan-1-ol+propan-2-ol+water__operating_point_001__test_anormal_experiment_006,operating_point_001,0.6672744411612288,0.6494515,0.6672744411612288,True,static_initial,1,0.4,2
batch_dist_ternary_butan-1-ol+propan-2-ol+water__operating_point_001__test_anormal_experiment_007,operating_point_001,0.6711836773475024,0.6515078,0.6711836773475024,True,static_initial,1,0.4,2
batch_dist_ternary_butan-1-ol+propan-2-ol+water__operating_point_001__test_anormal_experiment_008,operating_point_001,0.6612130623870466,0.6355512,0.6612130623870466,True,static_initial,1,0.4,2
batch_dist_ternary_butan-1-ol+propan-2-ol+water__operating_point_001__test_anormal_experiment_009,operating_point_001,0.6668634244298469,0.666016,0.6668634244298469,True,static_initial,1,0.4,2
batch_dist_ternary_butan-1-ol+propan-2-ol+water__operating_point_001__test_anormal_experiment_010,operating_point_001,0.6634705933239367,0.6522536,0.6634705933239367,True,static_initial,1,0.4,2
batch_dist_ternary_butan-1-ol+propan-2-ol+water__operating_point_001__test_anormal_experiment_011,operating_point_001,0.6606866212413348,0.66502726,0.6606866212413348,True,static_initial,1,0.4,2
batch_dist_ternary_butan-1-ol+propan-2-ol+water__operating_point_001__test_anormal_experiment_012,operating_point_001,0.6734308158533022,0.62027913,0.6734308158533022,True,static_initial,1,0.4,2
batch_dist_ternary_butan-1-ol+propan-2-ol+water__operating_point_001__test_anormal_experiment_013,operating_point_001,0.5704059976630891,0.6552646,0.5704059976630891,True,static_initial,1,0.4,2
batch_dist_ternary_butan-1-ol+propan-2-ol+water__operating_point_001__train_normal_experiment_001,operating_point_001,0.6293049651149618,0.56208795,0.6293049651149618,True,static_initial,1,0.4,2
batch_dist_ternary_butan-1-ol+propan-2-ol+water__operating_point_007__test_anormal_experiment_001,operating_point_007,0.7207174072292262,0.6730918,0.7207174072292262,True,static_initial,1,0.4,2
batch_dist_ternary_butan-1-ol+propan-2-ol+water__operating_point_008__test_anormal_experiment_001,operating_point_008,0.6431476053470059,0.6255517,0.6431476053470059,True,static_initial,1,0.4,2
batch_dist_ternary_butan-1-ol+propan-2-ol+water__operating_point_008__test_anormal_experiment_002,operating_point_008,0.4951805548141248,0.672388,0.4951805548141248,True,static_initial,1,0.4,2
batch_dist_ternary_butan-1-ol+propan-2-ol+water__operating_point_011__test_anormal_experiment_001,operating_point_011,0.6808066894701099,0.6238345,0.6808066894701099,True,static_initial,1,0.4,2
batch_dist_ternary_butan-1-ol+propan-2-ol+water__operating_point_011__test_anormal_experiment_002,operating_point_011,0.6827161962808894,0.6549369,0.6827161962808894,True,static_initial,1,0.4,2
batch_dist_ternary_butan-1-ol+propan-2-ol+water__operating_point_013__train_normal_experiment_001,operating_point_013,0.6950454537431681,0.5998069,0.6950454537431681,True,static_initial,1,0.4,2
batch_dist_ternary_butan-1-ol+propan-2-ol+water__operating_point_012__test_anormal_experiment_001,operating_point_012,0.6847629577536862,0.70217055,0.6847629577536862,False,oracle_all_endpoints,1,0.4,3
batch_dist_ternary_butan-1-ol+propan-2-ol+water__operating_point_012__test_anormal_experiment_002,operating_point_012,0.6934751622305062,0.7063517,0.6934751622305062,False,oracle_all_endpoints,1,0.4,3
batch_dist_ternary_butan-1-ol+propan-2-ol+water__operating_point_017__test_anormal_experiment_001,operating_point_017,0.6789549894914293,0.6759249,0.6789549894914293,True,oracle_all_endpoints,1,0.4,3
batch_dist_ternary_butan-1-ol+propan-2-ol+water__operating_point_017__train_normal_experiment_001,operating_point_017,0.6724500963647279,0.6334231,0.6724500963647279,True,oracle_all_endpoints,1,0.4,3
batch_dist_ternary_butan-1-ol+propan-2-ol+water__operating_point_021__test_anormal_experiment_001,operating_point_021,0.6810379391813758,0.6663387,0.6810379391813758,True,oracle_all_endpoints,1,0.4,3
batch_dist_ternary_butan-1-ol+propan-2-ol+water__operating_point_021__train_normal_experiment_001,operating_point_021,0.6865506494627645,0.68377316,0.6865506494627645,False,oracle_all_endpoints,1,0.4,3
batch_dist_ternary_butan-1-ol+propan-2-ol+water__operating_point_028__test_anormal_experiment_002,operating_point_028,0.7279524080613684,0.8004413,0.7279524080613684,False,oracle_all_endpoints,1,0.4,3
batch_dist_ternary_butan-1-ol+propan-2-ol+water__operating_point_028__train_normal_experiment_001,operating_point_028,0.698567173084311,0.84074634,0.698567173084311,False,oracle_all_endpoints,1,0.4,3
batch_dist_ternary_butan-1-ol+propan-2-ol+water__operating_point_012__test_anormal_experiment_001,operating_point_012,0.6847629577536862,0.7034567,0.6847629577536862,False,completed_only,1,0.4,3
batch_dist_ternary_butan-1-ol+propan-2-ol+water__operating_point_012__test_anormal_experiment_002,operating_point_012,0.6934751622305062,0.6892105,0.6934751622305062,False,completed_only,1,0.4,3
batch_dist_ternary_butan-1-ol+propan-2-ol+water__operating_point_017__test_anormal_experiment_001,operating_point_017,0.6789549894914293,0.6565378,0.6789549894914293,True,completed_only,1,0.4,3
batch_dist_ternary_butan-1-ol+propan-2-ol+water__operating_point_017__train_normal_experiment_001,operating_point_017,0.6724500963647279,0.6391171,0.6724500963647279,True,completed_only,1,0.4,3
batch_dist_ternary_butan-1-ol+propan-2-ol+water__operating_point_021__test_anormal_experiment_001,operating_point_021,0.6810379391813758,0.65388596,0.6810379391813758,True,completed_only,1,0.4,3
batch_dist_ternary_butan-1-ol+propan-2-ol+water__operating_point_021__train_normal_experiment_001,operating_point_021,0.6865506494627645,0.64532286,0.6865506494627645,True,completed_only,1,0.4,3
batch_dist_ternary_butan-1-ol+propan-2-ol+water__operating_point_028__test_anormal_experiment_002,operating_point_028,0.7279524080613684,0.8217242,0.7279524080613684,False,completed_only,1,0.4,3
batch_dist_ternary_butan-1-ol+propan-2-ol+water__operating_point_028__train_normal_experiment_001,operating_point_028,0.698567173084311,0.86634094,0.698567173084311,False,completed_only,1,0.4,3
batch_dist_ternary_butan-1-ol+propan-2-ol+water__operating_point_012__test_anormal_experiment_001,operating_point_012,0.6847629577536862,0.74380976,0.6847629577536862,False,static_initial,1,0.4,3
batch_dist_ternary_butan-1-ol+propan-2-ol+water__operating_point_012__test_anormal_experiment_002,operating_point_012,0.6934751622305062,0.73435056,0.6934751622305062,False,static_initial,1,0.4,3
batch_dist_ternary_butan-1-ol+propan-2-ol+water__operating_point_017__test_anormal_experiment_001,operating_point_017,0.6789549894914293,0.6827628,0.6789549894914293,False,static_initial,1,0.4,3
batch_dist_ternary_butan-1-ol+propan-2-ol+water__operating_point_017__train_normal_experiment_001,operating_point_017,0.6724500963647279,0.66661525,0.6724500963647279,True,static_initial,1,0.4,3
batch_dist_ternary_butan-1-ol+propan-2-ol+water__operating_point_021__test_anormal_experiment_001,operating_point_021,0.6810379391813758,0.666543,0.6810379391813758,True,static_initial,1,0.4,3
batch_dist_ternary_butan-1-ol+propan-2-ol+water__operating_point_021__train_normal_experiment_001,operating_point_021,0.6865506494627645,0.6625304,0.6865506494627645,True,static_initial,1,0.4,3
batch_dist_ternary_butan-1-ol+propan-2-ol+water__operating_point_028__test_anormal_experiment_002,operating_point_028,0.7279524080613684,0.84469134,0.7279524080613684,False,static_initial,1,0.4,3
batch_dist_ternary_butan-1-ol+propan-2-ol+water__operating_point_028__train_normal_experiment_001,operating_point_028,0.698567173084311,0.93207324,0.698567173084311,False,static_initial,1,0.4,3
batch_dist_ternary_butan-1-ol+propan-2-ol+water__operating_point_009__test_anormal_experiment_001,operating_point_009,0.7527630574755655,0.6028984,0.7527630574755655,True,oracle_all_endpoints,1,0.4,4
batch_dist_ternary_butan-1-ol+propan-2-ol+water__operating_point_009__test_anormal_experiment_002,operating_point_009,0.607867836942207,0.6923004,0.607867836942207,False,oracle_all_endpoints,1,0.4,4
batch_dist_ternary_butan-1-ol+propan-2-ol+water__operating_point_016__test_anormal_experiment_001,operating_point_016,0.6868716597635698,0.763979,0.6868716597635698,False,oracle_all_endpoints,1,0.4,4
batch_dist_ternary_butan-1-ol+propan-2-ol+water__operating_point_016__train_normal_experiment_001,operating_point_016,0.6853377264416467,0.72227764,0.6853377264416467,False,oracle_all_endpoints,1,0.4,4
batch_dist_ternary_butan-1-ol+propan-2-ol+water__operating_point_022__test_anormal_experiment_001,operating_point_022,0.6832104934548542,0.68598026,0.6832104934548542,False,oracle_all_endpoints,1,0.4,4
batch_dist_ternary_butan-1-ol+propan-2-ol+water__operating_point_022__train_normal_experiment_001,operating_point_022,0.6811837097008695,0.6737409,0.6811837097008695,True,oracle_all_endpoints,1,0.4,4
batch_dist_ternary_butan-1-ol+propan-2-ol+water__operating_point_033__train_normal_experiment_001,operating_point_033,0.6032216753142463,0.72385025,0.6032216753142463,False,oracle_all_endpoints,1,0.4,4
batch_dist_ternary_butan-1-ol+propan-2-ol+water__operating_point_009__test_anormal_experiment_001,operating_point_009,0.7527630574755655,0.5715782,0.7527630574755655,True,completed_only,1,0.4,4
batch_dist_ternary_butan-1-ol+propan-2-ol+water__operating_point_009__test_anormal_experiment_002,operating_point_009,0.607867836942207,0.66040015,0.607867836942207,True,completed_only,1,0.4,4
batch_dist_ternary_butan-1-ol+propan-2-ol+water__operating_point_016__test_anormal_experiment_001,operating_point_016,0.6868716597635698,0.7237453,0.6868716597635698,False,completed_only,1,0.4,4
batch_dist_ternary_butan-1-ol+propan-2-ol+water__operating_point_016__train_normal_experiment_001,operating_point_016,0.6853377264416467,0.70413303,0.6853377264416467,False,completed_only,1,0.4,4
batch_dist_ternary_butan-1-ol+propan-2-ol+water__operating_point_022__test_anormal_experiment_001,operating_point_022,0.6832104934548542,0.6643132,0.6832104934548542,True,completed_only,1,0.4,4
batch_dist_ternary_butan-1-ol+propan-2-ol+water__operating_point_022__train_normal_experiment_001,operating_point_022,0.6811837097008695,0.66590697,0.6811837097008695,True,completed_only,1,0.4,4
batch_dist_ternary_butan-1-ol+propan-2-ol+water__operating_point_033__train_normal_experiment_001,operating_point_033,0.6032216753142463,0.69726473,0.6032216753142463,False,completed_only,1,0.4,4
batch_dist_ternary_butan-1-ol+propan-2-ol+water__operating_point_009__test_anormal_experiment_001,operating_point_009,0.7527630574755655,0.57650787,0.7527630574755655,True,static_initial,1,0.4,4
batch_dist_ternary_butan-1-ol+propan-2-ol+water__operating_point_009__test_anormal_experiment_002,operating_point_009,0.607867836942207,0.6615581,0.607867836942207,True,static_initial,1,0.4,4
batch_dist_ternary_butan-1-ol+propan-2-ol+water__operating_point_016__test_anormal_experiment_001,operating_point_016,0.6868716597635698,0.9092366,0.6868716597635698,False,static_initial,1,0.4,4
batch_dist_ternary_butan-1-ol+propan-2-ol+water__operating_point_016__train_normal_experiment_001,operating_point_016,0.6853377264416467,0.9124939,0.6853377264416467,False,static_initial,1,0.4,4
batch_dist_ternary_butan-1-ol+propan-2-ol+water__operating_point_022__test_anormal_experiment_001,operating_point_022,0.6832104934548542,0.6502192,0.6832104934548542,True,static_initial,1,0.4,4
batch_dist_ternary_butan-1-ol+propan-2-ol+water__operating_point_022__train_normal_experiment_001,operating_point_022,0.6811837097008695,0.6526957,0.6811837097008695,True,static_initial,1,0.4,4
batch_dist_ternary_butan-1-ol+propan-2-ol+water__operating_point_033__train_normal_experiment_001,operating_point_033,0.6032216753142463,0.6755907,0.6032216753142463,True,static_initial,1,0.4,4
batch_dist_ternary_butan-1-ol+propan-2-ol+water__operating_point_001__test_anormal_experiment_001,operating_point_001,0.6738020637083357,0.6084869,0.6738020637083357,True,oracle_all_endpoints,2,0.2,1
batch_dist_ternary_butan-1-ol+propan-2-ol+water__operating_point_001__test_anormal_experiment_002,operating_point_001,0.667959927704737,0.6624018,0.667959927704737,True,oracle_all_endpoints,2,0.2,1
batch_dist_ternary_butan-1-ol+propan-2-ol+water__operating_point_001__test_anormal_experiment_003,operating_point_001,0.6674175757881148,0.6675299,0.6674175757881148,True,oracle_all_endpoints,2,0.2,1
batch_dist_ternary_butan-1-ol+propan-2-ol+water__operating_point_001__test_anormal_experiment_004,operating_point_001,0.6662193696072443,0.58147156,0.6662193696072443,True,oracle_all_endpoints,2,0.2,1
batch_dist_ternary_butan-1-ol+propan-2-ol+water__operating_point_001__test_anormal_experiment_005,operating_point_001,0.7145540591367534,0.6375711,0.7145540591367534,True,oracle_all_endpoints,2,0.2,1
batch_dist_ternary_butan-1-ol+propan-2-ol+water__operating_point_001__test_anormal_experiment_006,operating_point_001,0.6672744411612288,0.6359418,0.6672744411612288,True,oracle_all_endpoints,2,0.2,1
batch_dist_ternary_butan-1-ol+propan-2-ol+water__operating_point_001__test_anormal_experiment_007,operating_point_001,0.6711836773475024,0.65631545,0.6711836773475024,True,oracle_all_endpoints,2,0.2,1
batch_dist_ternary_butan-1-ol+propan-2-ol+water__operating_point_001__test_anormal_experiment_008,operating_point_001,0.6612130623870466,0.64839065,0.6612130623870466,True,oracle_all_endpoints,2,0.2,1
batch_dist_ternary_butan-1-ol+propan-2-ol+water__operating_point_001__test_anormal_experiment_009,operating_point_001,0.6668634244298469,0.6656542,0.6668634244298469,True,oracle_all_endpoints,2,0.2,1
batch_dist_ternary_butan-1-ol+propan-2-ol+water__operating_point_001__test_anormal_experiment_010,operating_point_001,0.6634705933239367,0.61795336,0.6634705933239367,True,oracle_all_endpoints,2,0.2,1
batch_dist_ternary_butan-1-ol+propan-2-ol+water__operating_point_001__test_anormal_experiment_011,operating_point_001,0.6606866212413348,0.62733024,0.6606866212413348,True,oracle_all_endpoints,2,0.2,1
batch_dist_ternary_butan-1-ol+propan-2-ol+water__operating_point_001__test_anormal_experiment_012,operating_point_001,0.6734308158533022,0.64996034,0.6734308158533022,True,oracle_all_endpoints,2,0.2,1
batch_dist_ternary_butan-1-ol+propan-2-ol+water__operating_point_001__test_anormal_experiment_013,operating_point_001,0.5704059976630891,0.6172297,0.5704059976630891,True,oracle_all_endpoints,2,0.2,1
batch_dist_ternary_butan-1-ol+propan-2-ol+water__operating_point_001__train_normal_experiment_001,operating_point_001,0.6293049651149618,0.62297124,0.6293049651149618,True,oracle_all_endpoints,2,0.2,1
batch_dist_ternary_butan-1-ol+propan-2-ol+water__operating_point_014__test_anormal_experiment_001,operating_point_014,0.6956401649231208,0.6709747,0.6956401649231208,False,oracle_all_endpoints,2,0.2,1
batch_dist_ternary_butan-1-ol+propan-2-ol+water__operating_point_014__train_normal_experiment_002,operating_point_014,0.679784282051461,0.62502456,0.679784282051461,True,oracle_all_endpoints,2,0.2,1
batch_dist_ternary_butan-1-ol+propan-2-ol+water__operating_point_016__test_anormal_experiment_001,operating_point_016,0.6868716597635698,0.8399443,0.6868716597635698,False,oracle_all_endpoints,2,0.2,1
batch_dist_ternary_butan-1-ol+propan-2-ol+water__operating_point_016__train_normal_experiment_001,operating_point_016,0.6853377264416467,0.8139936,0.6853377264416467,False,oracle_all_endpoints,2,0.2,1
batch_dist_ternary_butan-1-ol+propan-2-ol+water__operating_point_001__test_anormal_experiment_001,operating_point_001,0.6738020637083357,0.5769444,0.6738020637083357,True,completed_only,2,0.2,1
batch_dist_ternary_butan-1-ol+propan-2-ol+water__operating_point_001__test_anormal_experiment_002,operating_point_001,0.667959927704737,0.66151935,0.667959927704737,True,completed_only,2,0.2,1
batch_dist_ternary_butan-1-ol+propan-2-ol+water__operating_point_001__test_anormal_experiment_003,operating_point_001,0.6674175757881148,0.6747523,0.6674175757881148,False,completed_only,2,0.2,1
batch_dist_ternary_butan-1-ol+propan-2-ol+water__operating_point_001__test_anormal_experiment_004,operating_point_001,0.6662193696072443,0.5626435,0.6662193696072443,True,completed_only,2,0.2,1
batch_dist_ternary_butan-1-ol+propan-2-ol+water__operating_point_001__test_anormal_experiment_005,operating_point_001,0.7145540591367534,0.6442734,0.7145540591367534,True,completed_only,2,0.2,1
batch_dist_ternary_butan-1-ol+propan-2-ol+water__operating_point_001__test_anormal_experiment_006,operating_point_001,0.6672744411612288,0.636913,0.6672744411612288,True,completed_only,2,0.2,1
batch_dist_ternary_butan-1-ol+propan-2-ol+water__operating_point_001__test_anormal_experiment_007,operating_point_001,0.6711836773475024,0.6667054,0.6711836773475024,True,completed_only,2,0.2,1
batch_dist_ternary_butan-1-ol+propan-2-ol+water__operating_point_001__test_anormal_experiment_008,operating_point_001,0.6612130623870466,0.66585976,0.6612130623870466,True,completed_only,2,0.2,1
batch_dist_ternary_butan-1-ol+propan-2-ol+water__operating_point_001__test_anormal_experiment_009,operating_point_001,0.6668634244298469,0.66065216,0.6668634244298469,True,completed_only,2,0.2,1
batch_dist_ternary_butan-1-ol+propan-2-ol+water__operating_point_001__test_anormal_experiment_010,operating_point_001,0.6634705933239367,0.64046526,0.6634705933239367,True,completed_only,2,0.2,1
batch_dist_ternary_butan-1-ol+propan-2-ol+water__operating_point_001__test_anormal_experiment_011,operating_point_001,0.6606866212413348,0.6270784,0.6606866212413348,True,completed_only,2,0.2,1
batch_dist_ternary_butan-1-ol+propan-2-ol+water__operating_point_001__test_anormal_experiment_012,operating_point_001,0.6734308158533022,0.65874183,0.6734308158533022,True,completed_only,2,0.2,1
batch_dist_ternary_butan-1-ol+propan-2-ol+water__operating_point_001__test_anormal_experiment_013,operating_point_001,0.5704059976630891,0.6260991,0.5704059976630891,True,completed_only,2,0.2,1
batch_dist_ternary_butan-1-ol+propan-2-ol+water__operating_point_001__train_normal_experiment_001,operating_point_001,0.6293049651149618,0.6504811,0.6293049651149618,True,completed_only,2,0.2,1
batch_dist_ternary_butan-1-ol+propan-2-ol+water__operating_point_014__test_anormal_experiment_001,operating_point_014,0.6956401649231208,0.66584176,0.6956401649231208,True,completed_only,2,0.2,1
batch_dist_ternary_butan-1-ol+propan-2-ol+water__operating_point_014__train_normal_experiment_002,operating_point_014,0.679784282051461,0.6277522,0.679784282051461,True,completed_only,2,0.2,1
batch_dist_ternary_butan-1-ol+propan-2-ol+water__operating_point_016__test_anormal_experiment_001,operating_point_016,0.6868716597635698,0.8792296,0.6868716597635698,False,completed_only,2,0.2,1
batch_dist_ternary_butan-1-ol+propan-2-ol+water__operating_point_016__train_normal_experiment_001,operating_point_016,0.6853377264416467,0.80718565,0.6853377264416467,False,completed_only,2,0.2,1
batch_dist_ternary_butan-1-ol+propan-2-ol+water__operating_point_001__test_anormal_experiment_001,operating_point_001,0.6738020637083357,0.6174362,0.6738020637083357,True,static_initial,2,0.2,1
batch_dist_ternary_butan-1-ol+propan-2-ol+water__operating_point_001__test_anormal_experiment_002,operating_point_001,0.667959927704737,0.67888445,0.667959927704737,False,static_initial,2,0.2,1
batch_dist_ternary_butan-1-ol+propan-2-ol+water__operating_point_001__test_anormal_experiment_003,operating_point_001,0.6674175757881148,0.6763896,0.6674175757881148,False,static_initial,2,0.2,1
batch_dist_ternary_butan-1-ol+propan-2-ol+water__operating_point_001__test_anormal_experiment_004,operating_point_001,0.6662193696072443,0.5867545,0.6662193696072443,True,static_initial,2,0.2,1
batch_dist_ternary_butan-1-ol+propan-2-ol+water__operating_point_001__test_anormal_experiment_005,operating_point_001,0.7145540591367534,0.639081,0.7145540591367534,True,static_initial,2,0.2,1
batch_dist_ternary_butan-1-ol+propan-2-ol+water__operating_point_001__test_anormal_experiment_006,operating_point_001,0.6672744411612288,0.6457611,0.6672744411612288,True,static_initial,2,0.2,1
batch_dist_ternary_butan-1-ol+propan-2-ol+water__operating_point_001__test_anormal_experiment_007,operating_point_001,0.6711836773475024,0.6752074,0.6711836773475024,False,static_initial,2,0.2,1
batch_dist_ternary_butan-1-ol+propan-2-ol+water__operating_point_001__test_anormal_experiment_008,operating_point_001,0.6612130623870466,0.6572806,0.6612130623870466,True,static_initial,2,0.2,1
batch_dist_ternary_butan-1-ol+propan-2-ol+water__operating_point_001__test_anormal_experiment_009,operating_point_001,0.6668634244298469,0.69840276,0.6668634244298469,False,static_initial,2,0.2,1
batch_dist_ternary_butan-1-ol+propan-2-ol+water__operating_point_001__test_anormal_experiment_010,operating_point_001,0.6634705933239367,0.6284803,0.6634705933239367,True,static_initial,2,0.2,1
batch_dist_ternary_butan-1-ol+propan-2-ol+water__operating_point_001__test_anormal_experiment_011,operating_point_001,0.6606866212413348,0.6612319,0.6606866212413348,True,static_initial,2,0.2,1
batch_dist_ternary_butan-1-ol+propan-2-ol+water__operating_point_001__test_anormal_experiment_012,operating_point_001,0.6734308158533022,0.67808163,0.6734308158533022,False,static_initial,2,0.2,1
batch_dist_ternary_butan-1-ol+propan-2-ol+water__operating_point_001__test_anormal_experiment_013,operating_point_001,0.5704059976630891,0.6399911,0.5704059976630891,True,static_initial,2,0.2,1
batch_dist_ternary_butan-1-ol+propan-2-ol+water__operating_point_001__train_normal_experiment_001,operating_point_001,0.6293049651149618,0.63525856,0.6293049651149618,True,static_initial,2,0.2,1
batch_dist_ternary_butan-1-ol+propan-2-ol+water__operating_point_014__test_anormal_experiment_001,operating_point_014,0.6956401649231208,0.66813004,0.6956401649231208,True,static_initial,2,0.2,1
batch_dist_ternary_butan-1-ol+propan-2-ol+water__operating_point_014__train_normal_experiment_002,operating_point_014,0.679784282051461,0.62670934,0.679784282051461,True,static_initial,2,0.2,1
batch_dist_ternary_butan-1-ol+propan-2-ol+water__operating_point_016__test_anormal_experiment_001,operating_point_016,0.6868716597635698,0.87640846,0.6868716597635698,False,static_initial,2,0.2,1
batch_dist_ternary_butan-1-ol+propan-2-ol+water__operating_point_016__train_normal_experiment_001,operating_point_016,0.6853377264416467,0.8111923,0.6853377264416467,False,static_initial,2,0.2,1
batch_dist_ternary_butan-1-ol+propan-2-ol+water__operating_point_008__test_anormal_experiment_001,operating_point_008,0.6431476053470059,0.5965434,0.6431476053470059,True,oracle_all_endpoints,2,0.2,2
batch_dist_ternary_butan-1-ol+propan-2-ol+water__operating_point_008__test_anormal_experiment_002,operating_point_008,0.4951805548141248,0.6242102,0.4951805548141248,True,oracle_all_endpoints,2,0.2,2
batch_dist_ternary_butan-1-ol+propan-2-ol+water__operating_point_012__test_anormal_experiment_001,operating_point_012,0.6847629577536862,0.77543885,0.6847629577536862,False,oracle_all_endpoints,2,0.2,2
batch_dist_ternary_butan-1-ol+propan-2-ol+water__operating_point_012__test_anormal_experiment_002,operating_point_012,0.6934751622305062,0.74004674,0.6934751622305062,False,oracle_all_endpoints,2,0.2,2
batch_dist_ternary_butan-1-ol+propan-2-ol+water__operating_point_020__train_normal_experiment_001,operating_point_020,0.6924323198414503,0.7051811,0.6924323198414503,False,oracle_all_endpoints,2,0.2,2
batch_dist_ternary_butan-1-ol+propan-2-ol+water__operating_point_022__test_anormal_experiment_001,operating_point_022,0.6832104934548542,0.66899186,0.6832104934548542,True,oracle_all_endpoints,2,0.2,2
batch_dist_ternary_butan-1-ol+propan-2-ol+water__operating_point_022__train_normal_experiment_001,operating_point_022,0.6811837097008695,0.6781406,0.6811837097008695,False,oracle_all_endpoints,2,0.2,2
batch_dist_ternary_butan-1-ol+propan-2-ol+water__operating_point_033__train_normal_experiment_001,operating_point_033,0.6032216753142463,0.7069452,0.6032216753142463,False,oracle_all_endpoints,2,0.2,2
batch_dist_ternary_butan-1-ol+propan-2-ol+water__operating_point_008__test_anormal_experiment_001,operating_point_008,0.6431476053470059,0.6252216,0.6431476053470059,True,completed_only,2,0.2,2
batch_dist_ternary_butan-1-ol+propan-2-ol+water__operating_point_008__test_anormal_experiment_002,operating_point_008,0.4951805548141248,0.64467126,0.4951805548141248,True,completed_only,2,0.2,2
batch_dist_ternary_butan-1-ol+propan-2-ol+water__operating_point_012__test_anormal_experiment_001,operating_point_012,0.6847629577536862,0.765165,0.6847629577536862,False,completed_only,2,0.2,2
batch_dist_ternary_butan-1-ol+propan-2-ol+water__operating_point_012__test_anormal_experiment_002,operating_point_012,0.6934751622305062,0.73440075,0.6934751622305062,False,completed_only,2,0.2,2
batch_dist_ternary_butan-1-ol+propan-2-ol+water__operating_point_020__train_normal_experiment_001,operating_point_020,0.6924323198414503,0.7145832,0.6924323198414503,False,completed_only,2,0.2,2
batch_dist_ternary_butan-1-ol+propan-2-ol+water__operating_point_022__test_anormal_experiment_001,operating_point_022,0.6832104934548542,0.678678,0.6832104934548542,False,completed_only,2,0.2,2
batch_dist_ternary_butan-1-ol+propan-2-ol+water__operating_point_022__train_normal_experiment_001,operating_point_022,0.6811837097008695,0.67644584,0.6811837097008695,False,completed_only,2,0.2,2
batch_dist_ternary_butan-1-ol+propan-2-ol+water__operating_point_033__train_normal_experiment_001,operating_point_033,0.6032216753142463,0.7173358,0.6032216753142463,False,completed_only,2,0.2,2
batch_dist_ternary_butan-1-ol+propan-2-ol+water__operating_point_008__test_anormal_experiment_001,operating_point_008,0.6431476053470059,0.6460033,0.6431476053470059,True,static_initial,2,0.2,2
batch_dist_ternary_butan-1-ol+propan-2-ol+water__operating_point_008__test_anormal_experiment_002,operating_point_008,0.4951805548141248,0.6179344,0.4951805548141248,True,static_initial,2,0.2,2
batch_dist_ternary_butan-1-ol+propan-2-ol+water__operating_point_012__test_anormal_experiment_001,operating_point_012,0.6847629577536862,0.7519145,0.6847629577536862,False,static_initial,2,0.2,2
batch_dist_ternary_butan-1-ol+propan-2-ol+water__operating_point_012__test_anormal_experiment_002,operating_point_012,0.6934751622305062,0.7481696,0.6934751622305062,False,static_initial,2,0.2,2
batch_dist_ternary_butan-1-ol+propan-2-ol+water__operating_point_020__train_normal_experiment_001,operating_point_020,0.6924323198414503,0.79489416,0.6924323198414503,False,static_initial,2,0.2,2
batch_dist_ternary_butan-1-ol+propan-2-ol+water__operating_point_022__test_anormal_experiment_001,operating_point_022,0.6832104934548542,0.680496,0.6832104934548542,False,static_initial,2,0.2,2
batch_dist_ternary_butan-1-ol+propan-2-ol+water__operating_point_022__train_normal_experiment_001,operating_point_022,0.6811837097008695,0.6782754,0.6811837097008695,False,static_initial,2,0.2,2
batch_dist_ternary_butan-1-ol+propan-2-ol+water__operating_point_033__train_normal_experiment_001,operating_point_033,0.6032216753142463,0.72206527,0.6032216753142463,False,static_initial,2,0.2,2
batch_dist_ternary_butan-1-ol+propan-2-ol+water__operating_point_002__test_anormal_experiment_001,operating_point_002,0.6553497732854644,0.67256904,0.6553497732854644,False,oracle_all_endpoints,2,0.2,3
batch_dist_ternary_butan-1-ol+propan-2-ol+water__operating_point_002__test_anormal_experiment_002,operating_point_002,0.6700755060336872,0.64723265,0.6700755060336872,True,oracle_all_endpoints,2,0.2,3
batch_dist_ternary_butan-1-ol+propan-2-ol+water__operating_point_002__test_anormal_experiment_003,operating_point_002,0.6751905551408042,0.6825535,0.6751905551408042,False,oracle_all_endpoints,2,0.2,3
batch_dist_ternary_butan-1-ol+propan-2-ol+water__operating_point_002__test_anormal_experiment_004,operating_point_002,0.6669373851913899,0.65275365,0.6669373851913899,True,oracle_all_endpoints,2,0.2,3
batch_dist_ternary_butan-1-ol+propan-2-ol+water__operating_point_002__test_anormal_experiment_005,operating_point_002,0.4339862097948845,0.73126197,0.4339862097948845,False,oracle_all_endpoints,2,0.2,3
batch_dist_ternary_butan-1-ol+propan-2-ol+water__operating_point_002__test_anormal_experiment_006,operating_point_002,0.6822258302481301,0.6550111,0.6822258302481301,True,oracle_all_endpoints,2,0.2,3
batch_dist_ternary_butan-1-ol+propan-2-ol+water__operating_point_004__test_anormal_experiment_002,operating_point_004,0.9760909999802094,0.6326047,0.9760909999802094,True,oracle_all_endpoints,2,0.2,3
batch_dist_ternary_butan-1-ol+propan-2-ol+water__operating_point_004__train_normal_experiment_001,operating_point_004,0.6628950621746553,0.6155088,0.6628950621746553,True,oracle_all_endpoints,2,0.2,3
batch_dist_ternary_butan-1-ol+propan-2-ol+water__operating_point_007__test_anormal_experiment_001,operating_point_007,0.7207174072292262,0.6960681,0.7207174072292262,False,oracle_all_endpoints,2,0.2,3
batch_dist_ternary_butan-1-ol+propan-2-ol+water__operating_point_011__test_anormal_experiment_001,operating_point_011,0.6808066894701099,0.7234071,0.6808066894701099,False,oracle_all_endpoints,2,0.2,3
batch_dist_ternary_butan-1-ol+propan-2-ol+water__operating_point_011__test_anormal_experiment_002,operating_point_011,0.6827161962808894,0.6332067,0.6827161962808894,True,oracle_all_endpoints,2,0.2,3
batch_dist_ternary_butan-1-ol+propan-2-ol+water__operating_point_027__test_anormal_experiment_001,operating_point_027,0.6868156592785594,0.7226758,0.6868156592785594,False,oracle_all_endpoints,2,0.2,3
batch_dist_ternary_butan-1-ol+propan-2-ol+water__operating_point_027__train_normal_experiment_001,operating_point_027,0.6885324241890521,0.69818735,0.6885324241890521,False,oracle_all_endpoints,2,0.2,3
batch_dist_ternary_butan-1-ol+propan-2-ol+water__operating_point_002__test_anormal_experiment_001,operating_point_002,0.6553497732854644,0.6741394,0.6553497732854644,False,completed_only,2,0.2,3
batch_dist_ternary_butan-1-ol+propan-2-ol+water__operating_point_002__test_anormal_experiment_002,operating_point_002,0.6700755060336872,0.66976196,0.6700755060336872,False,completed_only,2,0.2,3
batch_dist_ternary_butan-1-ol+propan-2-ol+water__operating_point_002__test_anormal_experiment_003,operating_point_002,0.6751905551408042,0.6773292,0.6751905551408042,False,completed_only,2,0.2,3
batch_dist_ternary_butan-1-ol+propan-2-ol+water__operating_point_002__test_anormal_experiment_004,operating_point_002,0.6669373851913899,0.6655982,0.6669373851913899,True,completed_only,2,0.2,3
batch_dist_ternary_butan-1-ol+propan-2-ol+water__operating_point_002__test_anormal_experiment_005,operating_point_002,0.4339862097948845,0.7054743,0.4339862097948845,False,completed_only,2,0.2,3
batch_dist_ternary_butan-1-ol+propan-2-ol+water__operating_point_002__test_anormal_experiment_006,operating_point_002,0.6822258302481301,0.6634811,0.6822258302481301,True,completed_only,2,0.2,3
batch_dist_ternary_butan-1-ol+propan-2-ol+water__operating_point_004__test_anormal_experiment_002,operating_point_004,0.9760909999802094,0.654938,0.9760909999802094,True,completed_only,2,0.2,3
batch_dist_ternary_butan-1-ol+propan-2-ol+water__operating_point_004__train_normal_experiment_001,operating_point_004,0.6628950621746553,0.63358086,0.6628950621746553,True,completed_only,2,0.2,3
batch_dist_ternary_butan-1-ol+propan-2-ol+water__operating_point_007__test_anormal_experiment_001,operating_point_007,0.7207174072292262,0.698328,0.7207174072292262,False,completed_only,2,0.2,3
batch_dist_ternary_butan-1-ol+propan-2-ol+water__operating_point_011__test_anormal_experiment_001,operating_point_011,0.6808066894701099,0.6717511,0.6808066894701099,False,completed_only,2,0.2,3
batch_dist_ternary_butan-1-ol+propan-2-ol+water__operating_point_011__test_anormal_experiment_002,operating_point_011,0.6827161962808894,0.6723151,0.6827161962808894,False,completed_only,2,0.2,3
batch_dist_ternary_butan-1-ol+propan-2-ol+water__operating_point_027__test_anormal_experiment_001,operating_point_027,0.6868156592785594,0.7121865,0.6868156592785594,False,completed_only,2,0.2,3
batch_dist_ternary_butan-1-ol+propan-2-ol+water__operating_point_027__train_normal_experiment_001,operating_point_027,0.6885324241890521,0.6892385,0.6885324241890521,False,completed_only,2,0.2,3
batch_dist_ternary_butan-1-ol+propan-2-ol+water__operating_point_002__test_anormal_experiment_001,operating_point_002,0.6553497732854644,0.6750385,0.6553497732854644,False,static_initial,2,0.2,3
batch_dist_ternary_butan-1-ol+propan-2-ol+water__operating_point_002__test_anormal_experiment_002,operating_point_002,0.6700755060336872,0.69431055,0.6700755060336872,False,static_initial,2,0.2,3
batch_dist_ternary_butan-1-ol+propan-2-ol+water__operating_point_002__test_anormal_experiment_003,operating_point_002,0.6751905551408042,0.67860675,0.6751905551408042,False,static_initial,2,0.2,3
batch_dist_ternary_butan-1-ol+propan-2-ol+water__operating_point_002__test_anormal_experiment_004,operating_point_002,0.6669373851913899,0.6699029,0.6669373851913899,False,static_initial,2,0.2,3
batch_dist_ternary_butan-1-ol+propan-2-ol+water__operating_point_002__test_anormal_experiment_005,operating_point_002,0.4339862097948845,0.69504887,0.4339862097948845,False,static_initial,2,0.2,3
batch_dist_ternary_butan-1-ol+propan-2-ol+water__operating_point_002__test_anormal_experiment_006,operating_point_002,0.6822258302481301,0.6697584,0.6822258302481301,False,static_initial,2,0.2,3
batch_dist_ternary_butan-1-ol+propan-2-ol+water__operating_point_004__test_anormal_experiment_002,operating_point_004,0.9760909999802094,0.62699574,0.9760909999802094,True,static_initial,2,0.2,3
batch_dist_ternary_butan-1-ol+propan-2-ol+water__operating_point_004__train_normal_experiment_001,operating_point_004,0.6628950621746553,0.62090063,0.6628950621746553,True,static_initial,2,0.2,3
batch_dist_ternary_butan-1-ol+propan-2-ol+water__operating_point_007__test_anormal_experiment_001,operating_point_007,0.7207174072292262,0.68737227,0.7207174072292262,False,static_initial,2,0.2,3
batch_dist_ternary_butan-1-ol+propan-2-ol+water__operating_point_011__test_anormal_experiment_001,operating_point_011,0.6808066894701099,0.701625,0.6808066894701099,False,static_initial,2,0.2,3
batch_dist_ternary_butan-1-ol+propan-2-ol+water__operating_point_011__test_anormal_experiment_002,operating_point_011,0.6827161962808894,0.6729619,0.6827161962808894,False,static_initial,2,0.2,3
batch_dist_ternary_butan-1-ol+propan-2-ol+water__operating_point_027__test_anormal_experiment_001,operating_point_027,0.6868156592785594,0.74499226,0.6868156592785594,False,static_initial,2,0.2,3
batch_dist_ternary_butan-1-ol+propan-2-ol+water__operating_point_027__train_normal_experiment_001,operating_point_027,0.6885324241890521,0.715639,0.6885324241890521,False,static_initial,2,0.2,3
batch_dist_ternary_butan-1-ol+propan-2-ol+water__operating_point_001__test_anormal_experiment_001,operating_point_001,0.6738020637083357,0.6084869,0.6738020637083357,True,oracle_all_endpoints,2,0.3,1
batch_dist_ternary_butan-1-ol+propan-2-ol+water__operating_point_001__test_anormal_experiment_002,operating_point_001,0.667959927704737,0.6624018,0.667959927704737,True,oracle_all_endpoints,2,0.3,1
batch_dist_ternary_butan-1-ol+propan-2-ol+water__operating_point_001__test_anormal_experiment_003,operating_point_001,0.6674175757881148,0.6675299,0.6674175757881148,True,oracle_all_endpoints,2,0.3,1
batch_dist_ternary_butan-1-ol+propan-2-ol+water__operating_point_001__test_anormal_experiment_004,operating_point_001,0.6662193696072443,0.58147156,0.6662193696072443,True,oracle_all_endpoints,2,0.3,1
batch_dist_ternary_butan-1-ol+propan-2-ol+water__operating_point_001__test_anormal_experiment_005,operating_point_001,0.7145540591367534,0.6375711,0.7145540591367534,True,oracle_all_endpoints,2,0.3,1
batch_dist_ternary_butan-1-ol+propan-2-ol+water__operating_point_001__test_anormal_experiment_006,operating_point_001,0.6672744411612288,0.6359418,0.6672744411612288,True,oracle_all_endpoints,2,0.3,1
batch_dist_ternary_butan-1-ol+propan-2-ol+water__operating_point_001__test_anormal_experiment_007,operating_point_001,0.6711836773475024,0.65631545,0.6711836773475024,True,oracle_all_endpoints,2,0.3,1
batch_dist_ternary_butan-1-ol+propan-2-ol+water__operating_point_001__test_anormal_experiment_008,operating_point_001,0.6612130623870466,0.64839065,0.6612130623870466,True,oracle_all_endpoints,2,0.3,1
batch_dist_ternary_butan-1-ol+propan-2-ol+water__operating_point_001__test_anormal_experiment_009,operating_point_001,0.6668634244298469,0.6656542,0.6668634244298469,True,oracle_all_endpoints,2,0.3,1
batch_dist_ternary_butan-1-ol+propan-2-ol+water__operating_point_001__test_anormal_experiment_010,operating_point_001,0.6634705933239367,0.61795336,0.6634705933239367,True,oracle_all_endpoints,2,0.3,1
batch_dist_ternary_butan-1-ol+propan-2-ol+water__operating_point_001__test_anormal_experiment_011,operating_point_001,0.6606866212413348,0.62733024,0.6606866212413348,True,oracle_all_endpoints,2,0.3,1
batch_dist_ternary_butan-1-ol+propan-2-ol+water__operating_point_001__test_anormal_experiment_012,operating_point_001,0.6734308158533022,0.64996034,0.6734308158533022,True,oracle_all_endpoints,2,0.3,1
batch_dist_ternary_butan-1-ol+propan-2-ol+water__operating_point_001__test_anormal_experiment_013,operating_point_001,0.5704059976630891,0.6172297,0.5704059976630891,True,oracle_all_endpoints,2,0.3,1
batch_dist_ternary_butan-1-ol+propan-2-ol+water__operating_point_001__train_normal_experiment_001,operating_point_001,0.6293049651149618,0.62297124,0.6293049651149618,True,oracle_all_endpoints,2,0.3,1
batch_dist_ternary_butan-1-ol+propan-2-ol+water__operating_point_014__test_anormal_experiment_001,operating_point_014,0.6956401649231208,0.6709747,0.6956401649231208,True,oracle_all_endpoints,2,0.3,1
batch_dist_ternary_butan-1-ol+propan-2-ol+water__operating_point_014__train_normal_experiment_002,operating_point_014,0.679784282051461,0.62502456,0.679784282051461,True,oracle_all_endpoints,2,0.3,1
batch_dist_ternary_butan-1-ol+propan-2-ol+water__operating_point_016__test_anormal_experiment_001,operating_point_016,0.6868716597635698,0.8399443,0.6868716597635698,False,oracle_all_endpoints,2,0.3,1
batch_dist_ternary_butan-1-ol+propan-2-ol+water__operating_point_016__train_normal_experiment_001,operating_point_016,0.6853377264416467,0.8139936,0.6853377264416467,False,oracle_all_endpoints,2,0.3,1
batch_dist_ternary_butan-1-ol+propan-2-ol+water__operating_point_001__test_anormal_experiment_001,operating_point_001,0.6738020637083357,0.5769444,0.6738020637083357,True,completed_only,2,0.3,1
batch_dist_ternary_butan-1-ol+propan-2-ol+water__operating_point_001__test_anormal_experiment_002,operating_point_001,0.667959927704737,0.66151935,0.667959927704737,True,completed_only,2,0.3,1
batch_dist_ternary_butan-1-ol+propan-2-ol+water__operating_point_001__test_anormal_experiment_003,operating_point_001,0.6674175757881148,0.6747523,0.6674175757881148,True,completed_only,2,0.3,1
batch_dist_ternary_butan-1-ol+propan-2-ol+water__operating_point_001__test_anormal_experiment_004,operating_point_001,0.6662193696072443,0.5626435,0.6662193696072443,True,completed_only,2,0.3,1
batch_dist_ternary_butan-1-ol+propan-2-ol+water__operating_point_001__test_anormal_experiment_005,operating_point_001,0.7145540591367534,0.6442734,0.7145540591367534,True,completed_only,2,0.3,1
batch_dist_ternary_butan-1-ol+propan-2-ol+water__operating_point_001__test_anormal_experiment_006,operating_point_001,0.6672744411612288,0.636913,0.6672744411612288,True,completed_only,2,0.3,1
batch_dist_ternary_butan-1-ol+propan-2-ol+water__operating_point_001__test_anormal_experiment_007,operating_point_001,0.6711836773475024,0.6667054,0.6711836773475024,True,completed_only,2,0.3,1
batch_dist_ternary_butan-1-ol+propan-2-ol+water__operating_point_001__test_anormal_experiment_008,operating_point_001,0.6612130623870466,0.66585976,0.6612130623870466,True,completed_only,2,0.3,1
batch_dist_ternary_butan-1-ol+propan-2-ol+water__operating_point_001__test_anormal_experiment_009,operating_point_001,0.6668634244298469,0.66065216,0.6668634244298469,True,completed_only,2,0.3,1
batch_dist_ternary_butan-1-ol+propan-2-ol+water__operating_point_001__test_anormal_experiment_010,operating_point_001,0.6634705933239367,0.64046526,0.6634705933239367,True,completed_only,2,0.3,1
batch_dist_ternary_butan-1-ol+propan-2-ol+water__operating_point_001__test_anormal_experiment_011,operating_point_001,0.6606866212413348,0.6270784,0.6606866212413348,True,completed_only,2,0.3,1
batch_dist_ternary_butan-1-ol+propan-2-ol+water__operating_point_001__test_anormal_experiment_012,operating_point_001,0.6734308158533022,0.65874183,0.6734308158533022,True,completed_only,2,0.3,1
batch_dist_ternary_butan-1-ol+propan-2-ol+water__operating_point_001__test_anormal_experiment_013,operating_point_001,0.5704059976630891,0.6260991,0.5704059976630891,True,completed_only,2,0.3,1
batch_dist_ternary_butan-1-ol+propan-2-ol+water__operating_point_001__train_normal_experiment_001,operating_point_001,0.6293049651149618,0.6504811,0.6293049651149618,True,completed_only,2,0.3,1
batch_dist_ternary_butan-1-ol+propan-2-ol+water__operating_point_014__test_anormal_experiment_001,operating_point_014,0.6956401649231208,0.66584176,0.6956401649231208,True,completed_only,2,0.3,1
batch_dist_ternary_butan-1-ol+propan-2-ol+water__operating_point_014__train_normal_experiment_002,operating_point_014,0.679784282051461,0.6277522,0.679784282051461,True,completed_only,2,0.3,1
batch_dist_ternary_butan-1-ol+propan-2-ol+water__operating_point_016__test_anormal_experiment_001,operating_point_016,0.6868716597635698,0.8792296,0.6868716597635698,False,completed_only,2,0.3,1
batch_dist_ternary_butan-1-ol+propan-2-ol+water__operating_point_016__train_normal_experiment_001,operating_point_016,0.6853377264416467,0.80718565,0.6853377264416467,False,completed_only,2,0.3,1
batch_dist_ternary_butan-1-ol+propan-2-ol+water__operating_point_001__test_anormal_experiment_001,operating_point_001,0.6738020637083357,0.6174362,0.6738020637083357,True,static_initial,2,0.3,1
batch_dist_ternary_butan-1-ol+propan-2-ol+water__operating_point_001__test_anormal_experiment_002,operating_point_001,0.667959927704737,0.67888445,0.667959927704737,False,static_initial,2,0.3,1
batch_dist_ternary_butan-1-ol+propan-2-ol+water__operating_point_001__test_anormal_experiment_003,operating_point_001,0.6674175757881148,0.6763896,0.6674175757881148,True,static_initial,2,0.3,1
batch_dist_ternary_butan-1-ol+propan-2-ol+water__operating_point_001__test_anormal_experiment_004,operating_point_001,0.6662193696072443,0.5867545,0.6662193696072443,True,static_initial,2,0.3,1
batch_dist_ternary_butan-1-ol+propan-2-ol+water__operating_point_001__test_anormal_experiment_005,operating_point_001,0.7145540591367534,0.639081,0.7145540591367534,True,static_initial,2,0.3,1
batch_dist_ternary_butan-1-ol+propan-2-ol+water__operating_point_001__test_anormal_experiment_006,operating_point_001,0.6672744411612288,0.6457611,0.6672744411612288,True,static_initial,2,0.3,1
batch_dist_ternary_butan-1-ol+propan-2-ol+water__operating_point_001__test_anormal_experiment_007,operating_point_001,0.6711836773475024,0.6752074,0.6711836773475024,True,static_initial,2,0.3,1
batch_dist_ternary_butan-1-ol+propan-2-ol+water__operating_point_001__test_anormal_experiment_008,operating_point_001,0.6612130623870466,0.6572806,0.6612130623870466,True,static_initial,2,0.3,1
batch_dist_ternary_butan-1-ol+propan-2-ol+water__operating_point_001__test_anormal_experiment_009,operating_point_001,0.6668634244298469,0.69840276,0.6668634244298469,False,static_initial,2,0.3,1
batch_dist_ternary_butan-1-ol+propan-2-ol+water__operating_point_001__test_anormal_experiment_010,operating_point_001,0.6634705933239367,0.6284803,0.6634705933239367,True,static_initial,2,0.3,1
batch_dist_ternary_butan-1-ol+propan-2-ol+water__operating_point_001__test_anormal_experiment_011,operating_point_001,0.6606866212413348,0.6612319,0.6606866212413348,True,static_initial,2,0.3,1
batch_dist_ternary_butan-1-ol+propan-2-ol+water__operating_point_001__test_anormal_experiment_012,operating_point_001,0.6734308158533022,0.67808163,0.6734308158533022,False,static_initial,2,0.3,1
batch_dist_ternary_butan-1-ol+propan-2-ol+water__operating_point_001__test_anormal_experiment_013,operating_point_001,0.5704059976630891,0.6399911,0.5704059976630891,True,static_initial,2,0.3,1
batch_dist_ternary_butan-1-ol+propan-2-ol+water__operating_point_001__train_normal_experiment_001,operating_point_001,0.6293049651149618,0.63525856,0.6293049651149618,True,static_initial,2,0.3,1
batch_dist_ternary_butan-1-ol+propan-2-ol+water__operating_point_014__test_anormal_experiment_001,operating_point_014,0.6956401649231208,0.66813004,0.6956401649231208,True,static_initial,2,0.3,1
batch_dist_ternary_butan-1-ol+propan-2-ol+water__operating_point_014__train_normal_experiment_002,operating_point_014,0.679784282051461,0.62670934,0.679784282051461,True,static_initial,2,0.3,1
batch_dist_ternary_butan-1-ol+propan-2-ol+water__operating_point_016__test_anormal_experiment_001,operating_point_016,0.6868716597635698,0.87640846,0.6868716597635698,False,static_initial,2,0.3,1
batch_dist_ternary_butan-1-ol+propan-2-ol+water__operating_point_016__train_normal_experiment_001,operating_point_016,0.6853377264416467,0.8111923,0.6853377264416467,False,static_initial,2,0.3,1
batch_dist_ternary_butan-1-ol+propan-2-ol+water__operating_point_008__test_anormal_experiment_001,operating_point_008,0.6431476053470059,0.5965434,0.6431476053470059,True,oracle_all_endpoints,2,0.3,2
batch_dist_ternary_butan-1-ol+propan-2-ol+water__operating_point_008__test_anormal_experiment_002,operating_point_008,0.4951805548141248,0.6242102,0.4951805548141248,True,oracle_all_endpoints,2,0.3,2
batch_dist_ternary_butan-1-ol+propan-2-ol+water__operating_point_012__test_anormal_experiment_001,operating_point_012,0.6847629577536862,0.77543885,0.6847629577536862,False,oracle_all_endpoints,2,0.3,2
batch_dist_ternary_butan-1-ol+propan-2-ol+water__operating_point_012__test_anormal_experiment_002,operating_point_012,0.6934751622305062,0.74004674,0.6934751622305062,False,oracle_all_endpoints,2,0.3,2
batch_dist_ternary_butan-1-ol+propan-2-ol+water__operating_point_020__train_normal_experiment_001,operating_point_020,0.6924323198414503,0.7051811,0.6924323198414503,False,oracle_all_endpoints,2,0.3,2
batch_dist_ternary_butan-1-ol+propan-2-ol+water__operating_point_022__test_anormal_experiment_001,operating_point_022,0.6832104934548542,0.66899186,0.6832104934548542,True,oracle_all_endpoints,2,0.3,2
batch_dist_ternary_butan-1-ol+propan-2-ol+water__operating_point_022__train_normal_experiment_001,operating_point_022,0.6811837097008695,0.6781406,0.6811837097008695,False,oracle_all_endpoints,2,0.3,2
batch_dist_ternary_butan-1-ol+propan-2-ol+water__operating_point_033__train_normal_experiment_001,operating_point_033,0.6032216753142463,0.7069452,0.6032216753142463,False,oracle_all_endpoints,2,0.3,2
batch_dist_ternary_butan-1-ol+propan-2-ol+water__operating_point_008__test_anormal_experiment_001,operating_point_008,0.6431476053470059,0.61886543,0.6431476053470059,True,completed_only,2,0.3,2
batch_dist_ternary_butan-1-ol+propan-2-ol+water__operating_point_008__test_anormal_experiment_002,operating_point_008,0.4951805548141248,0.65853494,0.4951805548141248,True,completed_only,2,0.3,2
batch_dist_ternary_butan-1-ol+propan-2-ol+water__operating_point_012__test_anormal_experiment_001,operating_point_012,0.6847629577536862,0.7699165,0.6847629577536862,False,completed_only,2,0.3,2
batch_dist_ternary_butan-1-ol+propan-2-ol+water__operating_point_012__test_anormal_experiment_002,operating_point_012,0.6934751622305062,0.71644324,0.6934751622305062,False,completed_only,2,0.3,2
batch_dist_ternary_butan-1-ol+propan-2-ol+water__operating_point_020__train_normal_experiment_001,operating_point_020,0.6924323198414503,0.6937644,0.6924323198414503,False,completed_only,2,0.3,2
batch_dist_ternary_butan-1-ol+propan-2-ol+water__operating_point_022__test_anormal_experiment_001,operating_point_022,0.6832104934548542,0.67846006,0.6832104934548542,False,completed_only,2,0.3,2
batch_dist_ternary_butan-1-ol+propan-2-ol+water__operating_point_022__train_normal_experiment_001,operating_point_022,0.6811837097008695,0.67467827,0.6811837097008695,True,completed_only,2,0.3,2
batch_dist_ternary_butan-1-ol+propan-2-ol+water__operating_point_033__train_normal_experiment_001,operating_point_033,0.6032216753142463,0.7174267,0.6032216753142463,False,completed_only,2,0.3,2
batch_dist_ternary_butan-1-ol+propan-2-ol+water__operating_point_008__test_anormal_experiment_001,operating_point_008,0.6431476053470059,0.6460033,0.6431476053470059,True,static_initial,2,0.3,2
batch_dist_ternary_butan-1-ol+propan-2-ol+water__operating_point_008__test_anormal_experiment_002,operating_point_008,0.4951805548141248,0.6179344,0.4951805548141248,True,static_initial,2,0.3,2
batch_dist_ternary_butan-1-ol+propan-2-ol+water__operating_point_012__test_anormal_experiment_001,operating_point_012,0.6847629577536862,0.7519145,0.6847629577536862,False,static_initial,2,0.3,2
batch_dist_ternary_butan-1-ol+propan-2-ol+water__operating_point_012__test_anormal_experiment_002,operating_point_012,0.6934751622305062,0.7481696,0.6934751622305062,False,static_initial,2,0.3,2
batch_dist_ternary_butan-1-ol+propan-2-ol+water__operating_point_020__train_normal_experiment_001,operating_point_020,0.6924323198414503,0.79489416,0.6924323198414503,False,static_initial,2,0.3,2
batch_dist_ternary_butan-1-ol+propan-2-ol+water__operating_point_022__test_anormal_experiment_001,operating_point_022,0.6832104934548542,0.680496,0.6832104934548542,False,static_initial,2,0.3,2
batch_dist_ternary_butan-1-ol+propan-2-ol+water__operating_point_022__train_normal_experiment_001,operating_point_022,0.6811837097008695,0.6782754,0.6811837097008695,False,static_initial,2,0.3,2
batch_dist_ternary_butan-1-ol+propan-2-ol+water__operating_point_033__train_normal_experiment_001,operating_point_033,0.6032216753142463,0.72206527,0.6032216753142463,False,static_initial,2,0.3,2
batch_dist_ternary_butan-1-ol+propan-2-ol+water__operating_point_002__test_anormal_experiment_001,operating_point_002,0.6553497732854644,0.67256904,0.6553497732854644,True,oracle_all_endpoints,2,0.3,3
batch_dist_ternary_butan-1-ol+propan-2-ol+water__operating_point_002__test_anormal_experiment_002,operating_point_002,0.6700755060336872,0.64723265,0.6700755060336872,True,oracle_all_endpoints,2,0.3,3
batch_dist_ternary_butan-1-ol+propan-2-ol+water__operating_point_002__test_anormal_experiment_003,operating_point_002,0.6751905551408042,0.6825535,0.6751905551408042,False,oracle_all_endpoints,2,0.3,3
batch_dist_ternary_butan-1-ol+propan-2-ol+water__operating_point_002__test_anormal_experiment_004,operating_point_002,0.6669373851913899,0.65275365,0.6669373851913899,True,oracle_all_endpoints,2,0.3,3
batch_dist_ternary_butan-1-ol+propan-2-ol+water__operating_point_002__test_anormal_experiment_005,operating_point_002,0.4339862097948845,0.73126197,0.4339862097948845,False,oracle_all_endpoints,2,0.3,3
batch_dist_ternary_butan-1-ol+propan-2-ol+water__operating_point_002__test_anormal_experiment_006,operating_point_002,0.6822258302481301,0.6550111,0.6822258302481301,True,oracle_all_endpoints,2,0.3,3
batch_dist_ternary_butan-1-ol+propan-2-ol+water__operating_point_004__test_anormal_experiment_002,operating_point_004,0.9760909999802094,0.6326047,0.9760909999802094,True,oracle_all_endpoints,2,0.3,3
batch_dist_ternary_butan-1-ol+propan-2-ol+water__operating_point_004__train_normal_experiment_001,operating_point_004,0.6628950621746553,0.6155088,0.6628950621746553,True,oracle_all_endpoints,2,0.3,3
batch_dist_ternary_butan-1-ol+propan-2-ol+water__operating_point_007__test_anormal_experiment_001,operating_point_007,0.7207174072292262,0.6960681,0.7207174072292262,False,oracle_all_endpoints,2,0.3,3
batch_dist_ternary_butan-1-ol+propan-2-ol+water__operating_point_011__test_anormal_experiment_001,operating_point_011,0.6808066894701099,0.7234071,0.6808066894701099,False,oracle_all_endpoints,2,0.3,3
batch_dist_ternary_butan-1-ol+propan-2-ol+water__operating_point_011__test_anormal_experiment_002,operating_point_011,0.6827161962808894,0.6332067,0.6827161962808894,True,oracle_all_endpoints,2,0.3,3
batch_dist_ternary_butan-1-ol+propan-2-ol+water__operating_point_027__test_anormal_experiment_001,operating_point_027,0.6868156592785594,0.7226758,0.6868156592785594,False,oracle_all_endpoints,2,0.3,3
batch_dist_ternary_butan-1-ol+propan-2-ol+water__operating_point_027__train_normal_experiment_001,operating_point_027,0.6885324241890521,0.69818735,0.6885324241890521,False,oracle_all_endpoints,2,0.3,3
batch_dist_ternary_butan-1-ol+propan-2-ol+water__operating_point_002__test_anormal_experiment_001,operating_point_002,0.6553497732854644,0.67160547,0.6553497732854644,True,completed_only,2,0.3,3
batch_dist_ternary_butan-1-ol+propan-2-ol+water__operating_point_002__test_anormal_experiment_002,operating_point_002,0.6700755060336872,0.68150175,0.6700755060336872,False,completed_only,2,0.3,3
batch_dist_ternary_butan-1-ol+propan-2-ol+water__operating_point_002__test_anormal_experiment_003,operating_point_002,0.6751905551408042,0.6851105,0.6751905551408042,False,completed_only,2,0.3,3
batch_dist_ternary_butan-1-ol+propan-2-ol+water__operating_point_002__test_anormal_experiment_004,operating_point_002,0.6669373851913899,0.6799377,0.6669373851913899,False,completed_only,2,0.3,3
batch_dist_ternary_butan-1-ol+propan-2-ol+water__operating_point_002__test_anormal_experiment_005,operating_point_002,0.4339862097948845,0.7028531,0.4339862097948845,False,completed_only,2,0.3,3
batch_dist_ternary_butan-1-ol+propan-2-ol+water__operating_point_002__test_anormal_experiment_006,operating_point_002,0.6822258302481301,0.6741498,0.6822258302481301,True,completed_only,2,0.3,3
batch_dist_ternary_butan-1-ol+propan-2-ol+water__operating_point_004__test_anormal_experiment_002,operating_point_004,0.9760909999802094,0.6765116,0.9760909999802094,True,completed_only,2,0.3,3
batch_dist_ternary_butan-1-ol+propan-2-ol+water__operating_point_004__train_normal_experiment_001,operating_point_004,0.6628950621746553,0.6796916,0.6628950621746553,False,completed_only,2,0.3,3
batch_dist_ternary_butan-1-ol+propan-2-ol+water__operating_point_007__test_anormal_experiment_001,operating_point_007,0.7207174072292262,0.6949197,0.7207174072292262,False,completed_only,2,0.3,3
batch_dist_ternary_butan-1-ol+propan-2-ol+water__operating_point_011__test_anormal_experiment_001,operating_point_011,0.6808066894701099,0.68421006,0.6808066894701099,False,completed_only,2,0.3,3
batch_dist_ternary_butan-1-ol+propan-2-ol+water__operating_point_011__test_anormal_experiment_002,operating_point_011,0.6827161962808894,0.6548722,0.6827161962808894,True,completed_only,2,0.3,3
batch_dist_ternary_butan-1-ol+propan-2-ol+water__operating_point_027__test_anormal_experiment_001,operating_point_027,0.6868156592785594,0.7073932,0.6868156592785594,False,completed_only,2,0.3,3
batch_dist_ternary_butan-1-ol+propan-2-ol+water__operating_point_027__train_normal_experiment_001,operating_point_027,0.6885324241890521,0.69282657,0.6885324241890521,False,completed_only,2,0.3,3
batch_dist_ternary_butan-1-ol+propan-2-ol+water__operating_point_002__test_anormal_experiment_001,operating_point_002,0.6553497732854644,0.6750385,0.6553497732854644,True,static_initial,2,0.3,3
batch_dist_ternary_butan-1-ol+propan-2-ol+water__operating_point_002__test_anormal_experiment_002,operating_point_002,0.6700755060336872,0.69431055,0.6700755060336872,False,static_initial,2,0.3,3
batch_dist_ternary_butan-1-ol+propan-2-ol+water__operating_point_002__test_anormal_experiment_003,operating_point_002,0.6751905551408042,0.67860675,0.6751905551408042,False,static_initial,2,0.3,3
batch_dist_ternary_butan-1-ol+propan-2-ol+water__operating_point_002__test_anormal_experiment_004,operating_point_002,0.6669373851913899,0.6699029,0.6669373851913899,True,static_initial,2,0.3,3
batch_dist_ternary_butan-1-ol+propan-2-ol+water__operating_point_002__test_anormal_experiment_005,operating_point_002,0.4339862097948845,0.69504887,0.4339862097948845,False,static_initial,2,0.3,3
batch_dist_ternary_butan-1-ol+propan-2-ol+water__operating_point_002__test_anormal_experiment_006,operating_point_002,0.6822258302481301,0.6697584,0.6822258302481301,True,static_initial,2,0.3,3
batch_dist_ternary_butan-1-ol+propan-2-ol+water__operating_point_004__test_anormal_experiment_002,operating_point_004,0.9760909999802094,0.62699574,0.9760909999802094,True,static_initial,2,0.3,3
batch_dist_ternary_butan-1-ol+propan-2-ol+water__operating_point_004__train_normal_experiment_001,operating_point_004,0.6628950621746553,0.62090063,0.6628950621746553,True,static_initial,2,0.3,3
batch_dist_ternary_butan-1-ol+propan-2-ol+water__operating_point_007__test_anormal_experiment_001,operating_point_007,0.7207174072292262,0.68737227,0.7207174072292262,False,static_initial,2,0.3,3
batch_dist_ternary_butan-1-ol+propan-2-ol+water__operating_point_011__test_anormal_experiment_001,operating_point_011,0.6808066894701099,0.701625,0.6808066894701099,False,static_initial,2,0.3,3
batch_dist_ternary_butan-1-ol+propan-2-ol+water__operating_point_011__test_anormal_experiment_002,operating_point_011,0.6827161962808894,0.6729619,0.6827161962808894,True,static_initial,2,0.3,3
batch_dist_ternary_butan-1-ol+propan-2-ol+water__operating_point_027__test_anormal_experiment_001,operating_point_027,0.6868156592785594,0.74499226,0.6868156592785594,False,static_initial,2,0.3,3
batch_dist_ternary_butan-1-ol+propan-2-ol+water__operating_point_027__train_normal_experiment_001,operating_point_027,0.6885324241890521,0.715639,0.6885324241890521,False,static_initial,2,0.3,3
batch_dist_ternary_butan-1-ol+propan-2-ol+water__operating_point_001__test_anormal_experiment_001,operating_point_001,0.6738020637083357,0.6084869,0.6738020637083357,True,oracle_all_endpoints,2,0.4,1
batch_dist_ternary_butan-1-ol+propan-2-ol+water__operating_point_001__test_anormal_experiment_002,operating_point_001,0.667959927704737,0.6624018,0.667959927704737,True,oracle_all_endpoints,2,0.4,1
batch_dist_ternary_butan-1-ol+propan-2-ol+water__operating_point_001__test_anormal_experiment_003,operating_point_001,0.6674175757881148,0.6675299,0.6674175757881148,True,oracle_all_endpoints,2,0.4,1
batch_dist_ternary_butan-1-ol+propan-2-ol+water__operating_point_001__test_anormal_experiment_004,operating_point_001,0.6662193696072443,0.58147156,0.6662193696072443,True,oracle_all_endpoints,2,0.4,1
batch_dist_ternary_butan-1-ol+propan-2-ol+water__operating_point_001__test_anormal_experiment_005,operating_point_001,0.7145540591367534,0.6375711,0.7145540591367534,True,oracle_all_endpoints,2,0.4,1
batch_dist_ternary_butan-1-ol+propan-2-ol+water__operating_point_001__test_anormal_experiment_006,operating_point_001,0.6672744411612288,0.6359418,0.6672744411612288,True,oracle_all_endpoints,2,0.4,1
batch_dist_ternary_butan-1-ol+propan-2-ol+water__operating_point_001__test_anormal_experiment_007,operating_point_001,0.6711836773475024,0.65631545,0.6711836773475024,True,oracle_all_endpoints,2,0.4,1
batch_dist_ternary_butan-1-ol+propan-2-ol+water__operating_point_001__test_anormal_experiment_008,operating_point_001,0.6612130623870466,0.64839065,0.6612130623870466,True,oracle_all_endpoints,2,0.4,1
batch_dist_ternary_butan-1-ol+propan-2-ol+water__operating_point_001__test_anormal_experiment_009,operating_point_001,0.6668634244298469,0.6656542,0.6668634244298469,True,oracle_all_endpoints,2,0.4,1
batch_dist_ternary_butan-1-ol+propan-2-ol+water__operating_point_001__test_anormal_experiment_010,operating_point_001,0.6634705933239367,0.61795336,0.6634705933239367,True,oracle_all_endpoints,2,0.4,1
batch_dist_ternary_butan-1-ol+propan-2-ol+water__operating_point_001__test_anormal_experiment_011,operating_point_001,0.6606866212413348,0.62733024,0.6606866212413348,True,oracle_all_endpoints,2,0.4,1
batch_dist_ternary_butan-1-ol+propan-2-ol+water__operating_point_001__test_anormal_experiment_012,operating_point_001,0.6734308158533022,0.64996034,0.6734308158533022,True,oracle_all_endpoints,2,0.4,1
batch_dist_ternary_butan-1-ol+propan-2-ol+water__operating_point_001__test_anormal_experiment_013,operating_point_001,0.5704059976630891,0.6172297,0.5704059976630891,True,oracle_all_endpoints,2,0.4,1
batch_dist_ternary_butan-1-ol+propan-2-ol+water__operating_point_001__train_normal_experiment_001,operating_point_001,0.6293049651149618,0.62297124,0.6293049651149618,True,oracle_all_endpoints,2,0.4,1
batch_dist_ternary_butan-1-ol+propan-2-ol+water__operating_point_014__test_anormal_experiment_001,operating_point_014,0.6956401649231208,0.6709747,0.6956401649231208,True,oracle_all_endpoints,2,0.4,1
batch_dist_ternary_butan-1-ol+propan-2-ol+water__operating_point_014__train_normal_experiment_002,operating_point_014,0.679784282051461,0.62502456,0.679784282051461,True,oracle_all_endpoints,2,0.4,1
batch_dist_ternary_butan-1-ol+propan-2-ol+water__operating_point_016__test_anormal_experiment_001,operating_point_016,0.6868716597635698,0.8399443,0.6868716597635698,False,oracle_all_endpoints,2,0.4,1
batch_dist_ternary_butan-1-ol+propan-2-ol+water__operating_point_016__train_normal_experiment_001,operating_point_016,0.6853377264416467,0.8139936,0.6853377264416467,False,oracle_all_endpoints,2,0.4,1
batch_dist_ternary_butan-1-ol+propan-2-ol+water__operating_point_001__test_anormal_experiment_001,operating_point_001,0.6738020637083357,0.5769444,0.6738020637083357,True,completed_only,2,0.4,1
batch_dist_ternary_butan-1-ol+propan-2-ol+water__operating_point_001__test_anormal_experiment_002,operating_point_001,0.667959927704737,0.66151935,0.667959927704737,True,completed_only,2,0.4,1
batch_dist_ternary_butan-1-ol+propan-2-ol+water__operating_point_001__test_anormal_experiment_003,operating_point_001,0.6674175757881148,0.6747523,0.6674175757881148,True,completed_only,2,0.4,1
batch_dist_ternary_butan-1-ol+propan-2-ol+water__operating_point_001__test_anormal_experiment_004,operating_point_001,0.6662193696072443,0.5626435,0.6662193696072443,True,completed_only,2,0.4,1
batch_dist_ternary_butan-1-ol+propan-2-ol+water__operating_point_001__test_anormal_experiment_005,operating_point_001,0.7145540591367534,0.6442734,0.7145540591367534,True,completed_only,2,0.4,1
batch_dist_ternary_butan-1-ol+propan-2-ol+water__operating_point_001__test_anormal_experiment_006,operating_point_001,0.6672744411612288,0.636913,0.6672744411612288,True,completed_only,2,0.4,1
batch_dist_ternary_butan-1-ol+propan-2-ol+water__operating_point_001__test_anormal_experiment_007,operating_point_001,0.6711836773475024,0.6667054,0.6711836773475024,True,completed_only,2,0.4,1
batch_dist_ternary_butan-1-ol+propan-2-ol+water__operating_point_001__test_anormal_experiment_008,operating_point_001,0.6612130623870466,0.66585976,0.6612130623870466,True,completed_only,2,0.4,1
batch_dist_ternary_butan-1-ol+propan-2-ol+water__operating_point_001__test_anormal_experiment_009,operating_point_001,0.6668634244298469,0.66065216,0.6668634244298469,True,completed_only,2,0.4,1
batch_dist_ternary_butan-1-ol+propan-2-ol+water__operating_point_001__test_anormal_experiment_010,operating_point_001,0.6634705933239367,0.64046526,0.6634705933239367,True,completed_only,2,0.4,1
batch_dist_ternary_butan-1-ol+propan-2-ol+water__operating_point_001__test_anormal_experiment_011,operating_point_001,0.6606866212413348,0.6270784,0.6606866212413348,True,completed_only,2,0.4,1
batch_dist_ternary_butan-1-ol+propan-2-ol+water__operating_point_001__test_anormal_experiment_012,operating_point_001,0.6734308158533022,0.65874183,0.6734308158533022,True,completed_only,2,0.4,1
batch_dist_ternary_butan-1-ol+propan-2-ol+water__operating_point_001__test_anormal_experiment_013,operating_point_001,0.5704059976630891,0.6260991,0.5704059976630891,True,completed_only,2,0.4,1
batch_dist_ternary_butan-1-ol+propan-2-ol+water__operating_point_001__train_normal_experiment_001,operating_point_001,0.6293049651149618,0.6504811,0.6293049651149618,True,completed_only,2,0.4,1
batch_dist_ternary_butan-1-ol+propan-2-ol+water__operating_point_014__test_anormal_experiment_001,operating_point_014,0.6956401649231208,0.66584176,0.6956401649231208,True,completed_only,2,0.4,1
batch_dist_ternary_butan-1-ol+propan-2-ol+water__operating_point_014__train_normal_experiment_002,operating_point_014,0.679784282051461,0.6277522,0.679784282051461,True,completed_only,2,0.4,1
batch_dist_ternary_butan-1-ol+propan-2-ol+water__operating_point_016__test_anormal_experiment_001,operating_point_016,0.6868716597635698,0.8792296,0.6868716597635698,False,completed_only,2,0.4,1
batch_dist_ternary_butan-1-ol+propan-2-ol+water__operating_point_016__train_normal_experiment_001,operating_point_016,0.6853377264416467,0.80718565,0.6853377264416467,False,completed_only,2,0.4,1
batch_dist_ternary_butan-1-ol+propan-2-ol+water__operating_point_001__test_anormal_experiment_001,operating_point_001,0.6738020637083357,0.6174362,0.6738020637083357,True,static_initial,2,0.4,1
batch_dist_ternary_butan-1-ol+propan-2-ol+water__operating_point_001__test_anormal_experiment_002,operating_point_001,0.667959927704737,0.67888445,0.667959927704737,True,static_initial,2,0.4,1
batch_dist_ternary_butan-1-ol+propan-2-ol+water__operating_point_001__test_anormal_experiment_003,operating_point_001,0.6674175757881148,0.6763896,0.6674175757881148,True,static_initial,2,0.4,1
batch_dist_ternary_butan-1-ol+propan-2-ol+water__operating_point_001__test_anormal_experiment_004,operating_point_001,0.6662193696072443,0.5867545,0.6662193696072443,True,static_initial,2,0.4,1
batch_dist_ternary_butan-1-ol+propan-2-ol+water__operating_point_001__test_anormal_experiment_005,operating_point_001,0.7145540591367534,0.639081,0.7145540591367534,True,static_initial,2,0.4,1
batch_dist_ternary_butan-1-ol+propan-2-ol+water__operating_point_001__test_anormal_experiment_006,operating_point_001,0.6672744411612288,0.6457611,0.6672744411612288,True,static_initial,2,0.4,1
batch_dist_ternary_butan-1-ol+propan-2-ol+water__operating_point_001__test_anormal_experiment_007,operating_point_001,0.6711836773475024,0.6752074,0.6711836773475024,True,static_initial,2,0.4,1
batch_dist_ternary_butan-1-ol+propan-2-ol+water__operating_point_001__test_anormal_experiment_008,operating_point_001,0.6612130623870466,0.6572806,0.6612130623870466,True,static_initial,2,0.4,1
batch_dist_ternary_butan-1-ol+propan-2-ol+water__operating_point_001__test_anormal_experiment_009,operating_point_001,0.6668634244298469,0.69840276,0.6668634244298469,False,static_initial,2,0.4,1
batch_dist_ternary_butan-1-ol+propan-2-ol+water__operating_point_001__test_anormal_experiment_010,operating_point_001,0.6634705933239367,0.6284803,0.6634705933239367,True,static_initial,2,0.4,1
batch_dist_ternary_butan-1-ol+propan-2-ol+water__operating_point_001__test_anormal_experiment_011,operating_point_001,0.6606866212413348,0.6612319,0.6606866212413348,True,static_initial,2,0.4,1
batch_dist_ternary_butan-1-ol+propan-2-ol+water__operating_point_001__test_anormal_experiment_012,operating_point_001,0.6734308158533022,0.67808163,0.6734308158533022,True,static_initial,2,0.4,1
batch_dist_ternary_butan-1-ol+propan-2-ol+water__operating_point_001__test_anormal_experiment_013,operating_point_001,0.5704059976630891,0.6399911,0.5704059976630891,True,static_initial,2,0.4,1
batch_dist_ternary_butan-1-ol+propan-2-ol+water__operating_point_001__train_normal_experiment_001,operating_point_001,0.6293049651149618,0.63525856,0.6293049651149618,True,static_initial,2,0.4,1
batch_dist_ternary_butan-1-ol+propan-2-ol+water__operating_point_014__test_anormal_experiment_001,operating_point_014,0.6956401649231208,0.66813004,0.6956401649231208,True,static_initial,2,0.4,1
batch_dist_ternary_butan-1-ol+propan-2-ol+water__operating_point_014__train_normal_experiment_002,operating_point_014,0.679784282051461,0.62670934,0.679784282051461,True,static_initial,2,0.4,1
batch_dist_ternary_butan-1-ol+propan-2-ol+water__operating_point_016__test_anormal_experiment_001,operating_point_016,0.6868716597635698,0.87640846,0.6868716597635698,False,static_initial,2,0.4,1
batch_dist_ternary_butan-1-ol+propan-2-ol+water__operating_point_016__train_normal_experiment_001,operating_point_016,0.6853377264416467,0.8111923,0.6853377264416467,False,static_initial,2,0.4,1
batch_dist_ternary_butan-1-ol+propan-2-ol+water__operating_point_008__test_anormal_experiment_001,operating_point_008,0.6431476053470059,0.5965434,0.6431476053470059,True,oracle_all_endpoints,2,0.4,2
batch_dist_ternary_butan-1-ol+propan-2-ol+water__operating_point_008__test_anormal_experiment_002,operating_point_008,0.4951805548141248,0.6242102,0.4951805548141248,True,oracle_all_endpoints,2,0.4,2
batch_dist_ternary_butan-1-ol+propan-2-ol+water__operating_point_012__test_anormal_experiment_001,operating_point_012,0.6847629577536862,0.77543885,0.6847629577536862,False,oracle_all_endpoints,2,0.4,2
batch_dist_ternary_butan-1-ol+propan-2-ol+water__operating_point_012__test_anormal_experiment_002,operating_point_012,0.6934751622305062,0.74004674,0.6934751622305062,False,oracle_all_endpoints,2,0.4,2
batch_dist_ternary_butan-1-ol+propan-2-ol+water__operating_point_020__train_normal_experiment_001,operating_point_020,0.6924323198414503,0.7051811,0.6924323198414503,False,oracle_all_endpoints,2,0.4,2
batch_dist_ternary_butan-1-ol+propan-2-ol+water__operating_point_022__test_anormal_experiment_001,operating_point_022,0.6832104934548542,0.66899186,0.6832104934548542,True,oracle_all_endpoints,2,0.4,2
batch_dist_ternary_butan-1-ol+propan-2-ol+water__operating_point_022__train_normal_experiment_001,operating_point_022,0.6811837097008695,0.6781406,0.6811837097008695,True,oracle_all_endpoints,2,0.4,2
batch_dist_ternary_butan-1-ol+propan-2-ol+water__operating_point_033__train_normal_experiment_001,operating_point_033,0.6032216753142463,0.7069452,0.6032216753142463,False,oracle_all_endpoints,2,0.4,2
batch_dist_ternary_butan-1-ol+propan-2-ol+water__operating_point_008__test_anormal_experiment_001,operating_point_008,0.6431476053470059,0.61886543,0.6431476053470059,True,completed_only,2,0.4,2
batch_dist_ternary_butan-1-ol+propan-2-ol+water__operating_point_008__test_anormal_experiment_002,operating_point_008,0.4951805548141248,0.65853494,0.4951805548141248,True,completed_only,2,0.4,2
batch_dist_ternary_butan-1-ol+propan-2-ol+water__operating_point_012__test_anormal_experiment_001,operating_point_012,0.6847629577536862,0.7699165,0.6847629577536862,False,completed_only,2,0.4,2
batch_dist_ternary_butan-1-ol+propan-2-ol+water__operating_point_012__test_anormal_experiment_002,operating_point_012,0.6934751622305062,0.71644324,0.6934751622305062,False,completed_only,2,0.4,2
batch_dist_ternary_butan-1-ol+propan-2-ol+water__operating_point_020__train_normal_experiment_001,operating_point_020,0.6924323198414503,0.6937644,0.6924323198414503,False,completed_only,2,0.4,2
batch_dist_ternary_butan-1-ol+propan-2-ol+water__operating_point_022__test_anormal_experiment_001,operating_point_022,0.6832104934548542,0.67846006,0.6832104934548542,True,completed_only,2,0.4,2
batch_dist_ternary_butan-1-ol+propan-2-ol+water__operating_point_022__train_normal_experiment_001,operating_point_022,0.6811837097008695,0.67467827,0.6811837097008695,True,completed_only,2,0.4,2
batch_dist_ternary_butan-1-ol+propan-2-ol+water__operating_point_033__train_normal_experiment_001,operating_point_033,0.6032216753142463,0.7174267,0.6032216753142463,False,completed_only,2,0.4,2
batch_dist_ternary_butan-1-ol+propan-2-ol+water__operating_point_008__test_anormal_experiment_001,operating_point_008,0.6431476053470059,0.6460033,0.6431476053470059,True,static_initial,2,0.4,2
batch_dist_ternary_butan-1-ol+propan-2-ol+water__operating_point_008__test_anormal_experiment_002,operating_point_008,0.4951805548141248,0.6179344,0.4951805548141248,True,static_initial,2,0.4,2
batch_dist_ternary_butan-1-ol+propan-2-ol+water__operating_point_012__test_anormal_experiment_001,operating_point_012,0.6847629577536862,0.7519145,0.6847629577536862,False,static_initial,2,0.4,2
batch_dist_ternary_butan-1-ol+propan-2-ol+water__operating_point_012__test_anormal_experiment_002,operating_point_012,0.6934751622305062,0.7481696,0.6934751622305062,False,static_initial,2,0.4,2
batch_dist_ternary_butan-1-ol+propan-2-ol+water__operating_point_020__train_normal_experiment_001,operating_point_020,0.6924323198414503,0.79489416,0.6924323198414503,False,static_initial,2,0.4,2
batch_dist_ternary_butan-1-ol+propan-2-ol+water__operating_point_022__test_anormal_experiment_001,operating_point_022,0.6832104934548542,0.680496,0.6832104934548542,False,static_initial,2,0.4,2
batch_dist_ternary_butan-1-ol+propan-2-ol+water__operating_point_022__train_normal_experiment_001,operating_point_022,0.6811837097008695,0.6782754,0.6811837097008695,True,static_initial,2,0.4,2
batch_dist_ternary_butan-1-ol+propan-2-ol+water__operating_point_033__train_normal_experiment_001,operating_point_033,0.6032216753142463,0.72206527,0.6032216753142463,False,static_initial,2,0.4,2
batch_dist_ternary_butan-1-ol+propan-2-ol+water__operating_point_002__test_anormal_experiment_001,operating_point_002,0.6553497732854644,0.67256904,0.6553497732854644,True,oracle_all_endpoints,2,0.4,3
batch_dist_ternary_butan-1-ol+propan-2-ol+water__operating_point_002__test_anormal_experiment_002,operating_point_002,0.6700755060336872,0.64723265,0.6700755060336872,True,oracle_all_endpoints,2,0.4,3
batch_dist_ternary_butan-1-ol+propan-2-ol+water__operating_point_002__test_anormal_experiment_003,operating_point_002,0.6751905551408042,0.6825535,0.6751905551408042,False,oracle_all_endpoints,2,0.4,3
batch_dist_ternary_butan-1-ol+propan-2-ol+water__operating_point_002__test_anormal_experiment_004,operating_point_002,0.6669373851913899,0.65275365,0.6669373851913899,True,oracle_all_endpoints,2,0.4,3
batch_dist_ternary_butan-1-ol+propan-2-ol+water__operating_point_002__test_anormal_experiment_005,operating_point_002,0.4339862097948845,0.73126197,0.4339862097948845,False,oracle_all_endpoints,2,0.4,3
batch_dist_ternary_butan-1-ol+propan-2-ol+water__operating_point_002__test_anormal_experiment_006,operating_point_002,0.6822258302481301,0.6550111,0.6822258302481301,True,oracle_all_endpoints,2,0.4,3
batch_dist_ternary_butan-1-ol+propan-2-ol+water__operating_point_004__test_anormal_experiment_002,operating_point_004,0.9760909999802094,0.6326047,0.9760909999802094,True,oracle_all_endpoints,2,0.4,3
batch_dist_ternary_butan-1-ol+propan-2-ol+water__operating_point_004__train_normal_experiment_001,operating_point_004,0.6628950621746553,0.6155088,0.6628950621746553,True,oracle_all_endpoints,2,0.4,3
batch_dist_ternary_butan-1-ol+propan-2-ol+water__operating_point_007__test_anormal_experiment_001,operating_point_007,0.7207174072292262,0.6960681,0.7207174072292262,False,oracle_all_endpoints,2,0.4,3
batch_dist_ternary_butan-1-ol+propan-2-ol+water__operating_point_011__test_anormal_experiment_001,operating_point_011,0.6808066894701099,0.7234071,0.6808066894701099,False,oracle_all_endpoints,2,0.4,3
batch_dist_ternary_butan-1-ol+propan-2-ol+water__operating_point_011__test_anormal_experiment_002,operating_point_011,0.6827161962808894,0.6332067,0.6827161962808894,True,oracle_all_endpoints,2,0.4,3
batch_dist_ternary_butan-1-ol+propan-2-ol+water__operating_point_027__test_anormal_experiment_001,operating_point_027,0.6868156592785594,0.7226758,0.6868156592785594,False,oracle_all_endpoints,2,0.4,3
batch_dist_ternary_butan-1-ol+propan-2-ol+water__operating_point_027__train_normal_experiment_001,operating_point_027,0.6885324241890521,0.69818735,0.6885324241890521,False,oracle_all_endpoints,2,0.4,3
batch_dist_ternary_butan-1-ol+propan-2-ol+water__operating_point_002__test_anormal_experiment_001,operating_point_002,0.6553497732854644,0.6736733,0.6553497732854644,True,completed_only,2,0.4,3
batch_dist_ternary_butan-1-ol+propan-2-ol+water__operating_point_002__test_anormal_experiment_002,operating_point_002,0.6700755060336872,0.6800864,0.6700755060336872,False,completed_only,2,0.4,3
batch_dist_ternary_butan-1-ol+propan-2-ol+water__operating_point_002__test_anormal_experiment_003,operating_point_002,0.6751905551408042,0.6809637,0.6751905551408042,False,completed_only,2,0.4,3
batch_dist_ternary_butan-1-ol+propan-2-ol+water__operating_point_002__test_anormal_experiment_004,operating_point_002,0.6669373851913899,0.6753906,0.6669373851913899,True,completed_only,2,0.4,3
batch_dist_ternary_butan-1-ol+propan-2-ol+water__operating_point_002__test_anormal_experiment_005,operating_point_002,0.4339862097948845,0.7054447,0.4339862097948845,False,completed_only,2,0.4,3
batch_dist_ternary_butan-1-ol+propan-2-ol+water__operating_point_002__test_anormal_experiment_006,operating_point_002,0.6822258302481301,0.67699385,0.6822258302481301,True,completed_only,2,0.4,3
batch_dist_ternary_butan-1-ol+propan-2-ol+water__operating_point_004__test_anormal_experiment_002,operating_point_004,0.9760909999802094,0.65495545,0.9760909999802094,True,completed_only,2,0.4,3
batch_dist_ternary_butan-1-ol+propan-2-ol+water__operating_point_004__train_normal_experiment_001,operating_point_004,0.6628950621746553,0.67862916,0.6628950621746553,True,completed_only,2,0.4,3
batch_dist_ternary_butan-1-ol+propan-2-ol+water__operating_point_007__test_anormal_experiment_001,operating_point_007,0.7207174072292262,0.69398254,0.7207174072292262,False,completed_only,2,0.4,3
batch_dist_ternary_butan-1-ol+propan-2-ol+water__operating_point_011__test_anormal_experiment_001,operating_point_011,0.6808066894701099,0.6852587,0.6808066894701099,False,completed_only,2,0.4,3
batch_dist_ternary_butan-1-ol+propan-2-ol+water__operating_point_011__test_anormal_experiment_002,operating_point_011,0.6827161962808894,0.6578931,0.6827161962808894,True,completed_only,2,0.4,3
batch_dist_ternary_butan-1-ol+propan-2-ol+water__operating_point_027__test_anormal_experiment_001,operating_point_027,0.6868156592785594,0.7016267,0.6868156592785594,False,completed_only,2,0.4,3
batch_dist_ternary_butan-1-ol+propan-2-ol+water__operating_point_027__train_normal_experiment_001,operating_point_027,0.6885324241890521,0.6889005,0.6885324241890521,False,completed_only,2,0.4,3
batch_dist_ternary_butan-1-ol+propan-2-ol+water__operating_point_002__test_anormal_experiment_001,operating_point_002,0.6553497732854644,0.6750385,0.6553497732854644,True,static_initial,2,0.4,3
batch_dist_ternary_butan-1-ol+propan-2-ol+water__operating_point_002__test_anormal_experiment_002,operating_point_002,0.6700755060336872,0.69431055,0.6700755060336872,False,static_initial,2,0.4,3
batch_dist_ternary_butan-1-ol+propan-2-ol+water__operating_point_002__test_anormal_experiment_003,operating_point_002,0.6751905551408042,0.67860675,0.6751905551408042,True,static_initial,2,0.4,3
batch_dist_ternary_butan-1-ol+propan-2-ol+water__operating_point_002__test_anormal_experiment_004,operating_point_002,0.6669373851913899,0.6699029,0.6669373851913899,True,static_initial,2,0.4,3
batch_dist_ternary_butan-1-ol+propan-2-ol+water__operating_point_002__test_anormal_experiment_005,operating_point_002,0.4339862097948845,0.69504887,0.4339862097948845,False,static_initial,2,0.4,3
batch_dist_ternary_butan-1-ol+propan-2-ol+water__operating_point_002__test_anormal_experiment_006,operating_point_002,0.6822258302481301,0.6697584,0.6822258302481301,True,static_initial,2,0.4,3
batch_dist_ternary_butan-1-ol+propan-2-ol+water__operating_point_004__test_anormal_experiment_002,operating_point_004,0.9760909999802094,0.62699574,0.9760909999802094,True,static_initial,2,0.4,3
batch_dist_ternary_butan-1-ol+propan-2-ol+water__operating_point_004__train_normal_experiment_001,operating_point_004,0.6628950621746553,0.62090063,0.6628950621746553,True,static_initial,2,0.4,3
batch_dist_ternary_butan-1-ol+propan-2-ol+water__operating_point_007__test_anormal_experiment_001,operating_point_007,0.7207174072292262,0.68737227,0.7207174072292262,False,static_initial,2,0.4,3
batch_dist_ternary_butan-1-ol+propan-2-ol+water__operating_point_011__test_anormal_experiment_001,operating_point_011,0.6808066894701099,0.701625,0.6808066894701099,False,static_initial,2,0.4,3
batch_dist_ternary_butan-1-ol+propan-2-ol+water__operating_point_011__test_anormal_experiment_002,operating_point_011,0.6827161962808894,0.6729619,0.6827161962808894,True,static_initial,2,0.4,3
batch_dist_ternary_butan-1-ol+propan-2-ol+water__operating_point_027__test_anormal_experiment_001,operating_point_027,0.6868156592785594,0.74499226,0.6868156592785594,False,static_initial,2,0.4,3
batch_dist_ternary_butan-1-ol+propan-2-ol+water__operating_point_027__train_normal_experiment_001,operating_point_027,0.6885324241890521,0.715639,0.6885324241890521,False,static_initial,2,0.4,3
batch_dist_ternary_butan-1-ol+propan-2-ol+water__operating_point_011__test_anormal_experiment_001,operating_point_011,0.6808066894701099,0.66344935,0.6808066894701099,False,oracle_all_endpoints,3,0.2,1
batch_dist_ternary_butan-1-ol+propan-2-ol+water__operating_point_011__test_anormal_experiment_002,operating_point_011,0.6827161962808894,0.65679663,0.6827161962808894,True,oracle_all_endpoints,3,0.2,1
batch_dist_ternary_butan-1-ol+propan-2-ol+water__operating_point_014__test_anormal_experiment_001,operating_point_014,0.6956401649231208,0.6627414,0.6956401649231208,False,oracle_all_endpoints,3,0.2,1
batch_dist_ternary_butan-1-ol+propan-2-ol+water__operating_point_014__train_normal_experiment_002,operating_point_014,0.679784282051461,0.6702581,0.679784282051461,False,oracle_all_endpoints,3,0.2,1
batch_dist_ternary_butan-1-ol+propan-2-ol+water__operating_point_016__test_anormal_experiment_001,operating_point_016,0.6868716597635698,0.7410005,0.6868716597635698,False,oracle_all_endpoints,3,0.2,1
batch_dist_ternary_butan-1-ol+propan-2-ol+water__operating_point_016__train_normal_experiment_001,operating_point_016,0.6853377264416467,0.7603171,0.6853377264416467,False,oracle_all_endpoints,3,0.2,1
batch_dist_ternary_butan-1-ol+propan-2-ol+water__operating_point_031__test_anormal_experiment_001,operating_point_031,0.8945504819808328,0.7178448,0.8945504819808328,False,oracle_all_endpoints,3,0.2,1
batch_dist_ternary_butan-1-ol+propan-2-ol+water__operating_point_031__train_normal_experiment_001,operating_point_031,0.9094380882861072,0.7040178,0.9094380882861072,False,oracle_all_endpoints,3,0.2,1
batch_dist_ternary_butan-1-ol+propan-2-ol+water__operating_point_011__test_anormal_experiment_001,operating_point_011,0.6808066894701099,0.668193,0.6808066894701099,False,completed_only,3,0.2,1
batch_dist_ternary_butan-1-ol+propan-2-ol+water__operating_point_011__test_anormal_experiment_002,operating_point_011,0.6827161962808894,0.65333694,0.6827161962808894,True,completed_only,3,0.2,1
batch_dist_ternary_butan-1-ol+propan-2-ol+water__operating_point_014__test_anormal_experiment_001,operating_point_014,0.6956401649231208,0.66753435,0.6956401649231208,False,completed_only,3,0.2,1
batch_dist_ternary_butan-1-ol+propan-2-ol+water__operating_point_014__train_normal_experiment_002,operating_point_014,0.679784282051461,0.669873,0.679784282051461,False,completed_only,3,0.2,1
batch_dist_ternary_butan-1-ol+propan-2-ol+water__operating_point_016__test_anormal_experiment_001,operating_point_016,0.6868716597635698,0.6960474,0.6868716597635698,False,completed_only,3,0.2,1
batch_dist_ternary_butan-1-ol+propan-2-ol+water__operating_point_016__train_normal_experiment_001,operating_point_016,0.6853377264416467,0.7265805,0.6853377264416467,False,completed_only,3,0.2,1
batch_dist_ternary_butan-1-ol+propan-2-ol+water__operating_point_031__test_anormal_experiment_001,operating_point_031,0.8945504819808328,0.7101485,0.8945504819808328,False,completed_only,3,0.2,1
batch_dist_ternary_butan-1-ol+propan-2-ol+water__operating_point_031__train_normal_experiment_001,operating_point_031,0.9094380882861072,0.7025422,0.9094380882861072,False,completed_only,3,0.2,1
batch_dist_ternary_butan-1-ol+propan-2-ol+water__operating_point_011__test_anormal_experiment_001,operating_point_011,0.6808066894701099,0.67722625,0.6808066894701099,False,static_initial,3,0.2,1
batch_dist_ternary_butan-1-ol+propan-2-ol+water__operating_point_011__test_anormal_experiment_002,operating_point_011,0.6827161962808894,0.6594843,0.6827161962808894,True,static_initial,3,0.2,1
batch_dist_ternary_butan-1-ol+propan-2-ol+water__operating_point_014__test_anormal_experiment_001,operating_point_014,0.6956401649231208,0.6575573,0.6956401649231208,True,static_initial,3,0.2,1
batch_dist_ternary_butan-1-ol+propan-2-ol+water__operating_point_014__train_normal_experiment_002,operating_point_014,0.679784282051461,0.67577547,0.679784282051461,False,static_initial,3,0.2,1
batch_dist_ternary_butan-1-ol+propan-2-ol+water__operating_point_016__test_anormal_experiment_001,operating_point_016,0.6868716597635698,0.77095544,0.6868716597635698,False,static_initial,3,0.2,1
batch_dist_ternary_butan-1-ol+propan-2-ol+water__operating_point_016__train_normal_experiment_001,operating_point_016,0.6853377264416467,0.75855446,0.6853377264416467,False,static_initial,3,0.2,1
batch_dist_ternary_butan-1-ol+propan-2-ol+water__operating_point_031__test_anormal_experiment_001,operating_point_031,0.8945504819808328,0.7190762,0.8945504819808328,False,static_initial,3,0.2,1
batch_dist_ternary_butan-1-ol+propan-2-ol+water__operating_point_031__train_normal_experiment_001,operating_point_031,0.9094380882861072,0.7080118,0.9094380882861072,False,static_initial,3,0.2,1
batch_dist_ternary_butan-1-ol+propan-2-ol+water__operating_point_002__test_anormal_experiment_001,operating_point_002,0.6553497732854644,0.65224,0.6553497732854644,True,oracle_all_endpoints,3,0.2,2
batch_dist_ternary_butan-1-ol+propan-2-ol+water__operating_point_002__test_anormal_experiment_002,operating_point_002,0.6700755060336872,0.65032095,0.6700755060336872,True,oracle_all_endpoints,3,0.2,2
batch_dist_ternary_butan-1-ol+propan-2-ol+water__operating_point_002__test_anormal_experiment_003,operating_point_002,0.6751905551408042,0.7157492,0.6751905551408042,False,oracle_all_endpoints,3,0.2,2
batch_dist_ternary_butan-1-ol+propan-2-ol+water__operating_point_002__test_anormal_experiment_004,operating_point_002,0.6669373851913899,0.6857392,0.6669373851913899,False,oracle_all_endpoints,3,0.2,2
batch_dist_ternary_butan-1-ol+propan-2-ol+water__operating_point_002__test_anormal_experiment_005,operating_point_002,0.4339862097948845,0.68108827,0.4339862097948845,False,oracle_all_endpoints,3,0.2,2
batch_dist_ternary_butan-1-ol+propan-2-ol+water__operating_point_002__test_anormal_experiment_006,operating_point_002,0.6822258302481301,0.68372166,0.6822258302481301,False,oracle_all_endpoints,3,0.2,2
batch_dist_ternary_butan-1-ol+propan-2-ol+water__operating_point_009__test_anormal_experiment_001,operating_point_009,0.7527630574755655,0.6555454,0.7527630574755655,True,oracle_all_endpoints,3,0.2,2
batch_dist_ternary_butan-1-ol+propan-2-ol+water__operating_point_009__test_anormal_experiment_002,operating_point_009,0.607867836942207,0.61978376,0.607867836942207,True,oracle_all_endpoints,3,0.2,2
batch_dist_ternary_butan-1-ol+propan-2-ol+water__operating_point_012__test_anormal_experiment_001,operating_point_012,0.6847629577536862,0.7088359,0.6847629577536862,False,oracle_all_endpoints,3,0.2,2
batch_dist_ternary_butan-1-ol+propan-2-ol+water__operating_point_012__test_anormal_experiment_002,operating_point_012,0.6934751622305062,0.69974995,0.6934751622305062,False,oracle_all_endpoints,3,0.2,2
batch_dist_ternary_butan-1-ol+propan-2-ol+water__operating_point_018__test_anormal_experiment_001,operating_point_018,0.678697259715983,0.68329364,0.678697259715983,False,oracle_all_endpoints,3,0.2,2
batch_dist_ternary_butan-1-ol+propan-2-ol+water__operating_point_018__train_normal_experiment_001,operating_point_018,0.6821390035930127,0.6695086,0.6821390035930127,False,oracle_all_endpoints,3,0.2,2
batch_dist_ternary_butan-1-ol+propan-2-ol+water__operating_point_002__test_anormal_experiment_001,operating_point_002,0.6553497732854644,0.6581074,0.6553497732854644,True,completed_only,3,0.2,2
batch_dist_ternary_butan-1-ol+propan-2-ol+water__operating_point_002__test_anormal_experiment_002,operating_point_002,0.6700755060336872,0.65838385,0.6700755060336872,True,completed_only,3,0.2,2
batch_dist_ternary_butan-1-ol+propan-2-ol+water__operating_point_002__test_anormal_experiment_003,operating_point_002,0.6751905551408042,0.69181556,0.6751905551408042,False,completed_only,3,0.2,2
batch_dist_ternary_butan-1-ol+propan-2-ol+water__operating_point_002__test_anormal_experiment_004,operating_point_002,0.6669373851913899,0.68161863,0.6669373851913899,False,completed_only,3,0.2,2
batch_dist_ternary_butan-1-ol+propan-2-ol+water__operating_point_002__test_anormal_experiment_005,operating_point_002,0.4339862097948845,0.6785732,0.4339862097948845,False,completed_only,3,0.2,2
batch_dist_ternary_butan-1-ol+propan-2-ol+water__operating_point_002__test_anormal_experiment_006,operating_point_002,0.6822258302481301,0.6830974,0.6822258302481301,False,completed_only,3,0.2,2
batch_dist_ternary_butan-1-ol+propan-2-ol+water__operating_point_009__test_anormal_experiment_001,operating_point_009,0.7527630574755655,0.6407669,0.7527630574755655,True,completed_only,3,0.2,2
batch_dist_ternary_butan-1-ol+propan-2-ol+water__operating_point_009__test_anormal_experiment_002,operating_point_009,0.607867836942207,0.63560337,0.607867836942207,True,completed_only,3,0.2,2
batch_dist_ternary_butan-1-ol+propan-2-ol+water__operating_point_012__test_anormal_experiment_001,operating_point_012,0.6847629577536862,0.6951016,0.6847629577536862,False,completed_only,3,0.2,2
batch_dist_ternary_butan-1-ol+propan-2-ol+water__operating_point_012__test_anormal_experiment_002,operating_point_012,0.6934751622305062,0.6981398,0.6934751622305062,False,completed_only,3,0.2,2
batch_dist_ternary_butan-1-ol+propan-2-ol+water__operating_point_018__test_anormal_experiment_001,operating_point_018,0.678697259715983,0.679398,0.678697259715983,False,completed_only,3,0.2,2
batch_dist_ternary_butan-1-ol+propan-2-ol+water__operating_point_018__train_normal_experiment_001,operating_point_018,0.6821390035930127,0.6923333,0.6821390035930127,False,completed_only,3,0.2,2
batch_dist_ternary_butan-1-ol+propan-2-ol+water__operating_point_002__test_anormal_experiment_001,operating_point_002,0.6553497732854644,0.66274726,0.6553497732854644,False,static_initial,3,0.2,2
batch_dist_ternary_butan-1-ol+propan-2-ol+water__operating_point_002__test_anormal_experiment_002,operating_point_002,0.6700755060336872,0.66256756,0.6700755060336872,False,static_initial,3,0.2,2
batch_dist_ternary_butan-1-ol+propan-2-ol+water__operating_point_002__test_anormal_experiment_003,operating_point_002,0.6751905551408042,0.68250716,0.6751905551408042,False,static_initial,3,0.2,2
batch_dist_ternary_butan-1-ol+propan-2-ol+water__operating_point_002__test_anormal_experiment_004,operating_point_002,0.6669373851913899,0.68183047,0.6669373851913899,False,static_initial,3,0.2,2
batch_dist_ternary_butan-1-ol+propan-2-ol+water__operating_point_002__test_anormal_experiment_005,operating_point_002,0.4339862097948845,0.678228,0.4339862097948845,False,static_initial,3,0.2,2
batch_dist_ternary_butan-1-ol+propan-2-ol+water__operating_point_002__test_anormal_experiment_006,operating_point_002,0.6822258302481301,0.68192446,0.6822258302481301,False,static_initial,3,0.2,2
batch_dist_ternary_butan-1-ol+propan-2-ol+water__operating_point_009__test_anormal_experiment_001,operating_point_009,0.7527630574755655,0.6378232,0.7527630574755655,True,static_initial,3,0.2,2
batch_dist_ternary_butan-1-ol+propan-2-ol+water__operating_point_009__test_anormal_experiment_002,operating_point_009,0.607867836942207,0.6655074,0.607867836942207,False,static_initial,3,0.2,2
batch_dist_ternary_butan-1-ol+propan-2-ol+water__operating_point_012__test_anormal_experiment_001,operating_point_012,0.6847629577536862,0.70446837,0.6847629577536862,False,static_initial,3,0.2,2
batch_dist_ternary_butan-1-ol+propan-2-ol+water__operating_point_012__test_anormal_experiment_002,operating_point_012,0.6934751622305062,0.7116668,0.6934751622305062,False,static_initial,3,0.2,2
batch_dist_ternary_butan-1-ol+propan-2-ol+water__operating_point_018__test_anormal_experiment_001,operating_point_018,0.678697259715983,0.67982537,0.678697259715983,False,static_initial,3,0.2,2
batch_dist_ternary_butan-1-ol+propan-2-ol+water__operating_point_018__train_normal_experiment_001,operating_point_018,0.6821390035930127,0.69128156,0.6821390035930127,False,static_initial,3,0.2,2
batch_dist_ternary_butan-1-ol+propan-2-ol+water__operating_point_003__test_anormal_experiment_001,operating_point_003,0.6798616082775178,0.63559574,0.6798616082775178,True,oracle_all_endpoints,3,0.2,3
batch_dist_ternary_butan-1-ol+propan-2-ol+water__operating_point_003__test_anormal_experiment_002,operating_point_003,0.6791228505010427,0.6672464,0.6791228505010427,False,oracle_all_endpoints,3,0.2,3
batch_dist_ternary_butan-1-ol+propan-2-ol+water__operating_point_003__test_anormal_experiment_003,operating_point_003,0.4978361788418457,0.66737765,0.4978361788418457,False,oracle_all_endpoints,3,0.2,3
batch_dist_ternary_butan-1-ol+propan-2-ol+water__operating_point_003__test_anormal_experiment_004,operating_point_003,0.6483102124519635,0.6468448,0.6483102124519635,True,oracle_all_endpoints,3,0.2,3
batch_dist_ternary_butan-1-ol+propan-2-ol+water__operating_point_003__test_anormal_experiment_009,operating_point_003,0.6782545548418413,0.68085635,0.6782545548418413,False,oracle_all_endpoints,3,0.2,3
batch_dist_ternary_butan-1-ol+propan-2-ol+water__operating_point_003__train_normal_experiment_001,operating_point_003,0.6700350017604239,0.7147224,0.6700350017604239,False,oracle_all_endpoints,3,0.2,3
batch_dist_ternary_butan-1-ol+propan-2-ol+water__operating_point_019__train_normal_experiment_001,operating_point_019,0.6843396585895098,0.67943895,0.6843396585895098,False,oracle_all_endpoints,3,0.2,3
batch_dist_ternary_butan-1-ol+propan-2-ol+water__operating_point_035__train_normal_experiment_001,operating_point_035,0.6734789655266796,0.7784544,0.6734789655266796,False,oracle_all_endpoints,3,0.2,3
batch_dist_ternary_butan-1-ol+propan-2-ol+water__operating_point_003__test_anormal_experiment_001,operating_point_003,0.6798616082775178,0.6362061,0.6798616082775178,True,completed_only,3,0.2,3
batch_dist_ternary_butan-1-ol+propan-2-ol+water__operating_point_003__test_anormal_experiment_002,operating_point_003,0.6791228505010427,0.6580292,0.6791228505010427,True,completed_only,3,0.2,3
batch_dist_ternary_butan-1-ol+propan-2-ol+water__operating_point_003__test_anormal_experiment_003,operating_point_003,0.4978361788418457,0.6540443,0.4978361788418457,True,completed_only,3,0.2,3
batch_dist_ternary_butan-1-ol+propan-2-ol+water__operating_point_003__test_anormal_experiment_004,operating_point_003,0.6483102124519635,0.6418607,0.6483102124519635,True,completed_only,3,0.2,3
batch_dist_ternary_butan-1-ol+propan-2-ol+water__operating_point_003__test_anormal_experiment_009,operating_point_003,0.6782545548418413,0.66152704,0.6782545548418413,True,completed_only,3,0.2,3
batch_dist_ternary_butan-1-ol+propan-2-ol+water__operating_point_003__train_normal_experiment_001,operating_point_003,0.6700350017604239,0.69685507,0.6700350017604239,False,completed_only,3,0.2,3
batch_dist_ternary_butan-1-ol+propan-2-ol+water__operating_point_019__train_normal_experiment_001,operating_point_019,0.6843396585895098,0.66731876,0.6843396585895098,False,completed_only,3,0.2,3
batch_dist_ternary_butan-1-ol+propan-2-ol+water__operating_point_035__train_normal_experiment_001,operating_point_035,0.6734789655266796,0.7813107,0.6734789655266796,False,completed_only,3,0.2,3
batch_dist_ternary_butan-1-ol+propan-2-ol+water__operating_point_003__test_anormal_experiment_001,operating_point_003,0.6798616082775178,0.65535104,0.6798616082775178,True,static_initial,3,0.2,3
batch_dist_ternary_butan-1-ol+propan-2-ol+water__operating_point_003__test_anormal_experiment_002,operating_point_003,0.6791228505010427,0.67393976,0.6791228505010427,False,static_initial,3,0.2,3
batch_dist_ternary_butan-1-ol+propan-2-ol+water__operating_point_003__test_anormal_experiment_003,operating_point_003,0.4978361788418457,0.66874284,0.4978361788418457,False,static_initial,3,0.2,3
batch_dist_ternary_butan-1-ol+propan-2-ol+water__operating_point_003__test_anormal_experiment_004,operating_point_003,0.6483102124519635,0.6768562,0.6483102124519635,False,static_initial,3,0.2,3
batch_dist_ternary_butan-1-ol+propan-2-ol+water__operating_point_003__test_anormal_experiment_009,operating_point_003,0.6782545548418413,0.6785046,0.6782545548418413,False,static_initial,3,0.2,3
batch_dist_ternary_butan-1-ol+propan-2-ol+water__operating_point_003__train_normal_experiment_001,operating_point_003,0.6700350017604239,0.70403636,0.6700350017604239,False,static_initial,3,0.2,3
batch_dist_ternary_butan-1-ol+propan-2-ol+water__operating_point_019__train_normal_experiment_001,operating_point_019,0.6843396585895098,0.672618,0.6843396585895098,False,static_initial,3,0.2,3
batch_dist_ternary_butan-1-ol+propan-2-ol+water__operating_point_035__train_normal_experiment_001,operating_point_035,0.6734789655266796,0.7083132,0.6734789655266796,False,static_initial,3,0.2,3
batch_dist_ternary_butan-1-ol+propan-2-ol+water__operating_point_007__test_anormal_experiment_001,operating_point_007,0.7207174072292262,0.68573195,0.7207174072292262,False,oracle_all_endpoints,3,0.2,4
batch_dist_ternary_butan-1-ol+propan-2-ol+water__operating_point_008__test_anormal_experiment_001,operating_point_008,0.6431476053470059,0.6414744,0.6431476053470059,True,oracle_all_endpoints,3,0.2,4
batch_dist_ternary_butan-1-ol+propan-2-ol+water__operating_point_008__test_anormal_experiment_002,operating_point_008,0.4951805548141248,0.66221404,0.4951805548141248,True,oracle_all_endpoints,3,0.2,4
batch_dist_ternary_butan-1-ol+propan-2-ol+water__operating_point_010__test_anormal_experiment_001,operating_point_010,0.6667464410693288,0.6278974,0.6667464410693288,True,oracle_all_endpoints,3,0.2,4
batch_dist_ternary_butan-1-ol+propan-2-ol+water__operating_point_010__train_normal_experiment_001,operating_point_010,0.6271217656332728,0.6450142,0.6271217656332728,True,oracle_all_endpoints,3,0.2,4
batch_dist_ternary_butan-1-ol+propan-2-ol+water__operating_point_017__test_anormal_experiment_001,operating_point_017,0.6789549894914293,0.67688274,0.6789549894914293,False,oracle_all_endpoints,3,0.2,4
batch_dist_ternary_butan-1-ol+propan-2-ol+water__operating_point_017__train_normal_experiment_001,operating_point_017,0.6724500963647279,0.67865944,0.6724500963647279,False,oracle_all_endpoints,3,0.2,4
batch_dist_ternary_butan-1-ol+propan-2-ol+water__operating_point_028__test_anormal_experiment_002,operating_point_028,0.7279524080613684,0.8224428,0.7279524080613684,False,oracle_all_endpoints,3,0.2,4
batch_dist_ternary_butan-1-ol+propan-2-ol+water__operating_point_028__train_normal_experiment_001,operating_point_028,0.698567173084311,0.819052,0.698567173084311,False,oracle_all_endpoints,3,0.2,4
batch_dist_ternary_butan-1-ol+propan-2-ol+water__operating_point_007__test_anormal_experiment_001,operating_point_007,0.7207174072292262,0.6703206,0.7207174072292262,False,completed_only,3,0.2,4
batch_dist_ternary_butan-1-ol+propan-2-ol+water__operating_point_008__test_anormal_experiment_001,operating_point_008,0.6431476053470059,0.62784696,0.6431476053470059,True,completed_only,3,0.2,4
batch_dist_ternary_butan-1-ol+propan-2-ol+water__operating_point_008__test_anormal_experiment_002,operating_point_008,0.4951805548141248,0.6558131,0.4951805548141248,True,completed_only,3,0.2,4
batch_dist_ternary_butan-1-ol+propan-2-ol+water__operating_point_010__test_anormal_experiment_001,operating_point_010,0.6667464410693288,0.66049904,0.6667464410693288,True,completed_only,3,0.2,4
batch_dist_ternary_butan-1-ol+propan-2-ol+water__operating_point_010__train_normal_experiment_001,operating_point_010,0.6271217656332728,0.6500338,0.6271217656332728,True,completed_only,3,0.2,4
batch_dist_ternary_butan-1-ol+propan-2-ol+water__operating_point_017__test_anormal_experiment_001,operating_point_017,0.6789549894914293,0.67497164,0.6789549894914293,False,completed_only,3,0.2,4
batch_dist_ternary_butan-1-ol+propan-2-ol+water__operating_point_017__train_normal_experiment_001,operating_point_017,0.6724500963647279,0.6719392,0.6724500963647279,False,completed_only,3,0.2,4
batch_dist_ternary_butan-1-ol+propan-2-ol+water__operating_point_028__test_anormal_experiment_002,operating_point_028,0.7279524080613684,0.7883554,0.7279524080613684,False,completed_only,3,0.2,4
batch_dist_ternary_butan-1-ol+propan-2-ol+water__operating_point_028__train_normal_experiment_001,operating_point_028,0.698567173084311,0.7589836,0.698567173084311,False,completed_only,3,0.2,4
batch_dist_ternary_butan-1-ol+propan-2-ol+water__operating_point_007__test_anormal_experiment_001,operating_point_007,0.7207174072292262,0.6859201,0.7207174072292262,False,static_initial,3,0.2,4
batch_dist_ternary_butan-1-ol+propan-2-ol+water__operating_point_008__test_anormal_experiment_001,operating_point_008,0.6431476053470059,0.63563126,0.6431476053470059,True,static_initial,3,0.2,4
batch_dist_ternary_butan-1-ol+propan-2-ol+water__operating_point_008__test_anormal_experiment_002,operating_point_008,0.4951805548141248,0.6606594,0.4951805548141248,True,static_initial,3,0.2,4
batch_dist_ternary_butan-1-ol+propan-2-ol+water__operating_point_010__test_anormal_experiment_001,operating_point_010,0.6667464410693288,0.67679274,0.6667464410693288,False,static_initial,3,0.2,4
batch_dist_ternary_butan-1-ol+propan-2-ol+water__operating_point_010__train_normal_experiment_001,operating_point_010,0.6271217656332728,0.6272258,0.6271217656332728,True,static_initial,3,0.2,4
batch_dist_ternary_butan-1-ol+propan-2-ol+water__operating_point_017__test_anormal_experiment_001,operating_point_017,0.6789549894914293,0.674144,0.6789549894914293,False,static_initial,3,0.2,4
batch_dist_ternary_butan-1-ol+propan-2-ol+water__operating_point_017__train_normal_experiment_001,operating_point_017,0.6724500963647279,0.6744323,0.6724500963647279,False,static_initial,3,0.2,4
batch_dist_ternary_butan-1-ol+propan-2-ol+water__operating_point_028__test_anormal_experiment_002,operating_point_028,0.7279524080613684,0.7095085,0.7279524080613684,False,static_initial,3,0.2,4
batch_dist_ternary_butan-1-ol+propan-2-ol+water__operating_point_028__train_normal_experiment_001,operating_point_028,0.698567173084311,0.7570547,0.698567173084311,False,static_initial,3,0.2,4
batch_dist_ternary_butan-1-ol+propan-2-ol+water__operating_point_022__test_anormal_experiment_001,operating_point_022,0.6832104934548542,0.68086994,0.6832104934548542,False,oracle_all_endpoints,3,0.2,5
batch_dist_ternary_butan-1-ol+propan-2-ol+water__operating_point_022__train_normal_experiment_001,operating_point_022,0.6811837097008695,0.67870677,0.6811837097008695,False,oracle_all_endpoints,3,0.2,5
batch_dist_ternary_butan-1-ol+propan-2-ol+water__operating_point_027__test_anormal_experiment_001,operating_point_027,0.6868156592785594,0.7137765,0.6868156592785594,False,oracle_all_endpoints,3,0.2,5
batch_dist_ternary_butan-1-ol+propan-2-ol+water__operating_point_027__train_normal_experiment_001,operating_point_027,0.6885324241890521,0.70319873,0.6885324241890521,False,oracle_all_endpoints,3,0.2,5
batch_dist_ternary_butan-1-ol+propan-2-ol+water__operating_point_030__test_anormal_experiment_001,operating_point_030,0.4914092846637076,0.7526084,0.4914092846637076,False,oracle_all_endpoints,3,0.2,5
batch_dist_ternary_butan-1-ol+propan-2-ol+water__operating_point_030__test_anormal_experiment_002,operating_point_030,0.7482780850605174,0.74999577,0.7482780850605174,False,oracle_all_endpoints,3,0.2,5
batch_dist_ternary_butan-1-ol+propan-2-ol+water__operating_point_030__train_normal_experiment_001,operating_point_030,0.8727910974666653,0.7873784,0.8727910974666653,False,oracle_all_endpoints,3,0.2,5
batch_dist_ternary_butan-1-ol+propan-2-ol+water__operating_point_022__test_anormal_experiment_001,operating_point_022,0.6832104934548542,0.67733026,0.6832104934548542,False,completed_only,3,0.2,5
batch_dist_ternary_butan-1-ol+propan-2-ol+water__operating_point_022__train_normal_experiment_001,operating_point_022,0.6811837097008695,0.67393464,0.6811837097008695,False,completed_only,3,0.2,5
batch_dist_ternary_butan-1-ol+propan-2-ol+water__operating_point_027__test_anormal_experiment_001,operating_point_027,0.6868156592785594,0.7031914,0.6868156592785594,False,completed_only,3,0.2,5
batch_dist_ternary_butan-1-ol+propan-2-ol+water__operating_point_027__train_normal_experiment_001,operating_point_027,0.6885324241890521,0.6936196,0.6885324241890521,False,completed_only,3,0.2,5
batch_dist_ternary_butan-1-ol+propan-2-ol+water__operating_point_030__test_anormal_experiment_001,operating_point_030,0.4914092846637076,0.7547419,0.4914092846637076,False,completed_only,3,0.2,5
batch_dist_ternary_butan-1-ol+propan-2-ol+water__operating_point_030__test_anormal_experiment_002,operating_point_030,0.7482780850605174,0.72903985,0.7482780850605174,False,completed_only,3,0.2,5
batch_dist_ternary_butan-1-ol+propan-2-ol+water__operating_point_030__train_normal_experiment_001,operating_point_030,0.8727910974666653,0.7690742,0.8727910974666653,False,completed_only,3,0.2,5
batch_dist_ternary_butan-1-ol+propan-2-ol+water__operating_point_022__test_anormal_experiment_001,operating_point_022,0.6832104934548542,0.6796399,0.6832104934548542,False,static_initial,3,0.2,5
batch_dist_ternary_butan-1-ol+propan-2-ol+water__operating_point_022__train_normal_experiment_001,operating_point_022,0.6811837097008695,0.64194816,0.6811837097008695,True,static_initial,3,0.2,5
batch_dist_ternary_butan-1-ol+propan-2-ol+water__operating_point_027__test_anormal_experiment_001,operating_point_027,0.6868156592785594,0.7154349,0.6868156592785594,False,static_initial,3,0.2,5
batch_dist_ternary_butan-1-ol+propan-2-ol+water__operating_point_027__train_normal_experiment_001,operating_point_027,0.6885324241890521,0.70924526,0.6885324241890521,False,static_initial,3,0.2,5
batch_dist_ternary_butan-1-ol+propan-2-ol+water__operating_point_030__test_anormal_experiment_001,operating_point_030,0.4914092846637076,0.70744103,0.4914092846637076,False,static_initial,3,0.2,5
batch_dist_ternary_butan-1-ol+propan-2-ol+water__operating_point_030__test_anormal_experiment_002,operating_point_030,0.7482780850605174,0.6847004,0.7482780850605174,False,static_initial,3,0.2,5
batch_dist_ternary_butan-1-ol+propan-2-ol+water__operating_point_030__train_normal_experiment_001,operating_point_030,0.8727910974666653,0.726774,0.8727910974666653,False,static_initial,3,0.2,5
batch_dist_ternary_butan-1-ol+propan-2-ol+water__operating_point_011__test_anormal_experiment_001,operating_point_011,0.6808066894701099,0.66344935,0.6808066894701099,True,oracle_all_endpoints,3,0.3,1
batch_dist_ternary_butan-1-ol+propan-2-ol+water__operating_point_011__test_anormal_experiment_002,operating_point_011,0.6827161962808894,0.65679663,0.6827161962808894,True,oracle_all_endpoints,3,0.3,1
batch_dist_ternary_butan-1-ol+propan-2-ol+water__operating_point_014__test_anormal_experiment_001,operating_point_014,0.6956401649231208,0.6627414,0.6956401649231208,True,oracle_all_endpoints,3,0.3,1
batch_dist_ternary_butan-1-ol+propan-2-ol+water__operating_point_014__train_normal_experiment_002,operating_point_014,0.679784282051461,0.6702581,0.679784282051461,False,oracle_all_endpoints,3,0.3,1
batch_dist_ternary_butan-1-ol+propan-2-ol+water__operating_point_016__test_anormal_experiment_001,operating_point_016,0.6868716597635698,0.7410005,0.6868716597635698,False,oracle_all_endpoints,3,0.3,1
batch_dist_ternary_butan-1-ol+propan-2-ol+water__operating_point_016__train_normal_experiment_001,operating_point_016,0.6853377264416467,0.7603171,0.6853377264416467,False,oracle_all_endpoints,3,0.3,1
batch_dist_ternary_butan-1-ol+propan-2-ol+water__operating_point_031__test_anormal_experiment_001,operating_point_031,0.8945504819808328,0.7178448,0.8945504819808328,False,oracle_all_endpoints,3,0.3,1
batch_dist_ternary_butan-1-ol+propan-2-ol+water__operating_point_031__train_normal_experiment_001,operating_point_031,0.9094380882861072,0.7040178,0.9094380882861072,False,oracle_all_endpoints,3,0.3,1
batch_dist_ternary_butan-1-ol+propan-2-ol+water__operating_point_011__test_anormal_experiment_001,operating_point_011,0.6808066894701099,0.668193,0.6808066894701099,False,completed_only,3,0.3,1
batch_dist_ternary_butan-1-ol+propan-2-ol+water__operating_point_011__test_anormal_experiment_002,operating_point_011,0.6827161962808894,0.65333694,0.6827161962808894,True,completed_only,3,0.3,1
batch_dist_ternary_butan-1-ol+propan-2-ol+water__operating_point_014__test_anormal_experiment_001,operating_point_014,0.6956401649231208,0.66753435,0.6956401649231208,False,completed_only,3,0.3,1
batch_dist_ternary_butan-1-ol+propan-2-ol+water__operating_point_014__train_normal_experiment_002,operating_point_014,0.679784282051461,0.669873,0.679784282051461,False,completed_only,3,0.3,1
batch_dist_ternary_butan-1-ol+propan-2-ol+water__operating_point_016__test_anormal_experiment_001,operating_point_016,0.6868716597635698,0.6960474,0.6868716597635698,False,completed_only,3,0.3,1
batch_dist_ternary_butan-1-ol+propan-2-ol+water__operating_point_016__train_normal_experiment_001,operating_point_016,0.6853377264416467,0.7265805,0.6853377264416467,False,completed_only,3,0.3,1
batch_dist_ternary_butan-1-ol+propan-2-ol+water__operating_point_031__test_anormal_experiment_001,operating_point_031,0.8945504819808328,0.7101485,0.8945504819808328,False,completed_only,3,0.3,1
batch_dist_ternary_butan-1-ol+propan-2-ol+water__operating_point_031__train_normal_experiment_001,operating_point_031,0.9094380882861072,0.7025422,0.9094380882861072,False,completed_only,3,0.3,1
batch_dist_ternary_butan-1-ol+propan-2-ol+water__operating_point_011__test_anormal_experiment_001,operating_point_011,0.6808066894701099,0.67722625,0.6808066894701099,False,static_initial,3,0.3,1
batch_dist_ternary_butan-1-ol+propan-2-ol+water__operating_point_011__test_anormal_experiment_002,operating_point_011,0.6827161962808894,0.6594843,0.6827161962808894,True,static_initial,3,0.3,1
batch_dist_ternary_butan-1-ol+propan-2-ol+water__operating_point_014__test_anormal_experiment_001,operating_point_014,0.6956401649231208,0.6575573,0.6956401649231208,True,static_initial,3,0.3,1
batch_dist_ternary_butan-1-ol+propan-2-ol+water__operating_point_014__train_normal_experiment_002,operating_point_014,0.679784282051461,0.67577547,0.679784282051461,False,static_initial,3,0.3,1
batch_dist_ternary_butan-1-ol+propan-2-ol+water__operating_point_016__test_anormal_experiment_001,operating_point_016,0.6868716597635698,0.77095544,0.6868716597635698,False,static_initial,3,0.3,1
batch_dist_ternary_butan-1-ol+propan-2-ol+water__operating_point_016__train_normal_experiment_001,operating_point_016,0.6853377264416467,0.75855446,0.6853377264416467,False,static_initial,3,0.3,1
batch_dist_ternary_butan-1-ol+propan-2-ol+water__operating_point_031__test_anormal_experiment_001,operating_point_031,0.8945504819808328,0.7190762,0.8945504819808328,False,static_initial,3,0.3,1
batch_dist_ternary_butan-1-ol+propan-2-ol+water__operating_point_031__train_normal_experiment_001,operating_point_031,0.9094380882861072,0.7080118,0.9094380882861072,False,static_initial,3,0.3,1
batch_dist_ternary_butan-1-ol+propan-2-ol+water__operating_point_002__test_anormal_experiment_001,operating_point_002,0.6553497732854644,0.65224,0.6553497732854644,True,oracle_all_endpoints,3,0.3,2
batch_dist_ternary_butan-1-ol+propan-2-ol+water__operating_point_002__test_anormal_experiment_002,operating_point_002,0.6700755060336872,0.65032095,0.6700755060336872,True,oracle_all_endpoints,3,0.3,2
batch_dist_ternary_butan-1-ol+propan-2-ol+water__operating_point_002__test_anormal_experiment_003,operating_point_002,0.6751905551408042,0.7157492,0.6751905551408042,False,oracle_all_endpoints,3,0.3,2
batch_dist_ternary_butan-1-ol+propan-2-ol+water__operating_point_002__test_anormal_experiment_004,operating_point_002,0.6669373851913899,0.6857392,0.6669373851913899,False,oracle_all_endpoints,3,0.3,2
batch_dist_ternary_butan-1-ol+propan-2-ol+water__operating_point_002__test_anormal_experiment_005,operating_point_002,0.4339862097948845,0.68108827,0.4339862097948845,False,oracle_all_endpoints,3,0.3,2
batch_dist_ternary_butan-1-ol+propan-2-ol+water__operating_point_002__test_anormal_experiment_006,operating_point_002,0.6822258302481301,0.68372166,0.6822258302481301,False,oracle_all_endpoints,3,0.3,2
batch_dist_ternary_butan-1-ol+propan-2-ol+water__operating_point_009__test_anormal_experiment_001,operating_point_009,0.7527630574755655,0.6555454,0.7527630574755655,True,oracle_all_endpoints,3,0.3,2
batch_dist_ternary_butan-1-ol+propan-2-ol+water__operating_point_009__test_anormal_experiment_002,operating_point_009,0.607867836942207,0.61978376,0.607867836942207,True,oracle_all_endpoints,3,0.3,2
batch_dist_ternary_butan-1-ol+propan-2-ol+water__operating_point_012__test_anormal_experiment_001,operating_point_012,0.6847629577536862,0.7088359,0.6847629577536862,False,oracle_all_endpoints,3,0.3,2
batch_dist_ternary_butan-1-ol+propan-2-ol+water__operating_point_012__test_anormal_experiment_002,operating_point_012,0.6934751622305062,0.69974995,0.6934751622305062,False,oracle_all_endpoints,3,0.3,2
batch_dist_ternary_butan-1-ol+propan-2-ol+water__operating_point_018__test_anormal_experiment_001,operating_point_018,0.678697259715983,0.68329364,0.678697259715983,False,oracle_all_endpoints,3,0.3,2
batch_dist_ternary_butan-1-ol+propan-2-ol+water__operating_point_018__train_normal_experiment_001,operating_point_018,0.6821390035930127,0.6695086,0.6821390035930127,False,oracle_all_endpoints,3,0.3,2
batch_dist_ternary_butan-1-ol+propan-2-ol+water__operating_point_002__test_anormal_experiment_001,operating_point_002,0.6553497732854644,0.6581074,0.6553497732854644,True,completed_only,3,0.3,2
batch_dist_ternary_butan-1-ol+propan-2-ol+water__operating_point_002__test_anormal_experiment_002,operating_point_002,0.6700755060336872,0.65838385,0.6700755060336872,True,completed_only,3,0.3,2
batch_dist_ternary_butan-1-ol+propan-2-ol+water__operating_point_002__test_anormal_experiment_003,operating_point_002,0.6751905551408042,0.69181556,0.6751905551408042,False,completed_only,3,0.3,2
batch_dist_ternary_butan-1-ol+propan-2-ol+water__operating_point_002__test_anormal_experiment_004,operating_point_002,0.6669373851913899,0.68161863,0.6669373851913899,False,completed_only,3,0.3,2
batch_dist_ternary_butan-1-ol+propan-2-ol+water__operating_point_002__test_anormal_experiment_005,operating_point_002,0.4339862097948845,0.6785732,0.4339862097948845,False,completed_only,3,0.3,2
batch_dist_ternary_butan-1-ol+propan-2-ol+water__operating_point_002__test_anormal_experiment_006,operating_point_002,0.6822258302481301,0.6830974,0.6822258302481301,False,completed_only,3,0.3,2
batch_dist_ternary_butan-1-ol+propan-2-ol+water__operating_point_009__test_anormal_experiment_001,operating_point_009,0.7527630574755655,0.6407669,0.7527630574755655,True,completed_only,3,0.3,2
batch_dist_ternary_butan-1-ol+propan-2-ol+water__operating_point_009__test_anormal_experiment_002,operating_point_009,0.607867836942207,0.63560337,0.607867836942207,True,completed_only,3,0.3,2
batch_dist_ternary_butan-1-ol+propan-2-ol+water__operating_point_012__test_anormal_experiment_001,operating_point_012,0.6847629577536862,0.6951016,0.6847629577536862,False,completed_only,3,0.3,2
batch_dist_ternary_butan-1-ol+propan-2-ol+water__operating_point_012__test_anormal_experiment_002,operating_point_012,0.6934751622305062,0.6981398,0.6934751622305062,False,completed_only,3,0.3,2
batch_dist_ternary_butan-1-ol+propan-2-ol+water__operating_point_018__test_anormal_experiment_001,operating_point_018,0.678697259715983,0.679398,0.678697259715983,False,completed_only,3,0.3,2
batch_dist_ternary_butan-1-ol+propan-2-ol+water__operating_point_018__train_normal_experiment_001,operating_point_018,0.6821390035930127,0.6923333,0.6821390035930127,False,completed_only,3,0.3,2
batch_dist_ternary_butan-1-ol+propan-2-ol+water__operating_point_002__test_anormal_experiment_001,operating_point_002,0.6553497732854644,0.66274726,0.6553497732854644,True,static_initial,3,0.3,2
batch_dist_ternary_butan-1-ol+propan-2-ol+water__operating_point_002__test_anormal_experiment_002,operating_point_002,0.6700755060336872,0.66256756,0.6700755060336872,True,static_initial,3,0.3,2
batch_dist_ternary_butan-1-ol+propan-2-ol+water__operating_point_002__test_anormal_experiment_003,operating_point_002,0.6751905551408042,0.68250716,0.6751905551408042,False,static_initial,3,0.3,2
batch_dist_ternary_butan-1-ol+propan-2-ol+water__operating_point_002__test_anormal_experiment_004,operating_point_002,0.6669373851913899,0.68183047,0.6669373851913899,False,static_initial,3,0.3,2
batch_dist_ternary_butan-1-ol+propan-2-ol+water__operating_point_002__test_anormal_experiment_005,operating_point_002,0.4339862097948845,0.678228,0.4339862097948845,False,static_initial,3,0.3,2
batch_dist_ternary_butan-1-ol+propan-2-ol+water__operating_point_002__test_anormal_experiment_006,operating_point_002,0.6822258302481301,0.68192446,0.6822258302481301,False,static_initial,3,0.3,2
batch_dist_ternary_butan-1-ol+propan-2-ol+water__operating_point_009__test_anormal_experiment_001,operating_point_009,0.7527630574755655,0.6378232,0.7527630574755655,True,static_initial,3,0.3,2
batch_dist_ternary_butan-1-ol+propan-2-ol+water__operating_point_009__test_anormal_experiment_002,operating_point_009,0.607867836942207,0.6655074,0.607867836942207,True,static_initial,3,0.3,2
batch_dist_ternary_butan-1-ol+propan-2-ol+water__operating_point_012__test_anormal_experiment_001,operating_point_012,0.6847629577536862,0.70446837,0.6847629577536862,False,static_initial,3,0.3,2
batch_dist_ternary_butan-1-ol+propan-2-ol+water__operating_point_012__test_anormal_experiment_002,operating_point_012,0.6934751622305062,0.7116668,0.6934751622305062,False,static_initial,3,0.3,2
batch_dist_ternary_butan-1-ol+propan-2-ol+water__operating_point_018__test_anormal_experiment_001,operating_point_018,0.678697259715983,0.67982537,0.678697259715983,False,static_initial,3,0.3,2
batch_dist_ternary_butan-1-ol+propan-2-ol+water__operating_point_018__train_normal_experiment_001,operating_point_018,0.6821390035930127,0.69128156,0.6821390035930127,False,static_initial,3,0.3,2
batch_dist_ternary_butan-1-ol+propan-2-ol+water__operating_point_003__test_anormal_experiment_001,operating_point_003,0.6798616082775178,0.63559574,0.6798616082775178,True,oracle_all_endpoints,3,0.3,3
batch_dist_ternary_butan-1-ol+propan-2-ol+water__operating_point_003__test_anormal_experiment_002,operating_point_003,0.6791228505010427,0.6672464,0.6791228505010427,False,oracle_all_endpoints,3,0.3,3
batch_dist_ternary_butan-1-ol+propan-2-ol+water__operating_point_003__test_anormal_experiment_003,operating_point_003,0.4978361788418457,0.66737765,0.4978361788418457,False,oracle_all_endpoints,3,0.3,3
batch_dist_ternary_butan-1-ol+propan-2-ol+water__operating_point_003__test_anormal_experiment_004,operating_point_003,0.6483102124519635,0.6468448,0.6483102124519635,True,oracle_all_endpoints,3,0.3,3
batch_dist_ternary_butan-1-ol+propan-2-ol+water__operating_point_003__test_anormal_experiment_009,operating_point_003,0.6782545548418413,0.68085635,0.6782545548418413,False,oracle_all_endpoints,3,0.3,3
batch_dist_ternary_butan-1-ol+propan-2-ol+water__operating_point_003__train_normal_experiment_001,operating_point_003,0.6700350017604239,0.7147224,0.6700350017604239,False,oracle_all_endpoints,3,0.3,3
batch_dist_ternary_butan-1-ol+propan-2-ol+water__operating_point_019__train_normal_experiment_001,operating_point_019,0.6843396585895098,0.67943895,0.6843396585895098,False,oracle_all_endpoints,3,0.3,3
batch_dist_ternary_butan-1-ol+propan-2-ol+water__operating_point_035__train_normal_experiment_001,operating_point_035,0.6734789655266796,0.7784544,0.6734789655266796,False,oracle_all_endpoints,3,0.3,3
batch_dist_ternary_butan-1-ol+propan-2-ol+water__operating_point_003__test_anormal_experiment_001,operating_point_003,0.6798616082775178,0.6362061,0.6798616082775178,True,completed_only,3,0.3,3
batch_dist_ternary_butan-1-ol+propan-2-ol+water__operating_point_003__test_anormal_experiment_002,operating_point_003,0.6791228505010427,0.6580292,0.6791228505010427,True,completed_only,3,0.3,3
batch_dist_ternary_butan-1-ol+propan-2-ol+water__operating_point_003__test_anormal_experiment_003,operating_point_003,0.4978361788418457,0.6540443,0.4978361788418457,True,completed_only,3,0.3,3
batch_dist_ternary_butan-1-ol+propan-2-ol+water__operating_point_003__test_anormal_experiment_004,operating_point_003,0.6483102124519635,0.6418607,0.6483102124519635,True,completed_only,3,0.3,3
batch_dist_ternary_butan-1-ol+propan-2-ol+water__operating_point_003__test_anormal_experiment_009,operating_point_003,0.6782545548418413,0.66152704,0.6782545548418413,True,completed_only,3,0.3,3
batch_dist_ternary_butan-1-ol+propan-2-ol+water__operating_point_003__train_normal_experiment_001,operating_point_003,0.6700350017604239,0.69685507,0.6700350017604239,False,completed_only,3,0.3,3
batch_dist_ternary_butan-1-ol+propan-2-ol+water__operating_point_019__train_normal_experiment_001,operating_point_019,0.6843396585895098,0.66731876,0.6843396585895098,False,completed_only,3,0.3,3
batch_dist_ternary_butan-1-ol+propan-2-ol+water__operating_point_035__train_normal_experiment_001,operating_point_035,0.6734789655266796,0.7813107,0.6734789655266796,False,completed_only,3,0.3,3
batch_dist_ternary_butan-1-ol+propan-2-ol+water__operating_point_003__test_anormal_experiment_001,operating_point_003,0.6798616082775178,0.65535104,0.6798616082775178,True,static_initial,3,0.3,3
batch_dist_ternary_butan-1-ol+propan-2-ol+water__operating_point_003__test_anormal_experiment_002,operating_point_003,0.6791228505010427,0.67393976,0.6791228505010427,False,static_initial,3,0.3,3
batch_dist_ternary_butan-1-ol+propan-2-ol+water__operating_point_003__test_anormal_experiment_003,operating_point_003,0.4978361788418457,0.66874284,0.4978361788418457,False,static_initial,3,0.3,3
batch_dist_ternary_butan-1-ol+propan-2-ol+water__operating_point_003__test_anormal_experiment_004,operating_point_003,0.6483102124519635,0.6768562,0.6483102124519635,False,static_initial,3,0.3,3
batch_dist_ternary_butan-1-ol+propan-2-ol+water__operating_point_003__test_anormal_experiment_009,operating_point_003,0.6782545548418413,0.6785046,0.6782545548418413,False,static_initial,3,0.3,3
batch_dist_ternary_butan-1-ol+propan-2-ol+water__operating_point_003__train_normal_experiment_001,operating_point_003,0.6700350017604239,0.70403636,0.6700350017604239,False,static_initial,3,0.3,3
batch_dist_ternary_butan-1-ol+propan-2-ol+water__operating_point_019__train_normal_experiment_001,operating_point_019,0.6843396585895098,0.672618,0.6843396585895098,False,static_initial,3,0.3,3
batch_dist_ternary_butan-1-ol+propan-2-ol+water__operating_point_035__train_normal_experiment_001,operating_point_035,0.6734789655266796,0.7083132,0.6734789655266796,False,static_initial,3,0.3,3
batch_dist_ternary_butan-1-ol+propan-2-ol+water__operating_point_007__test_anormal_experiment_001,operating_point_007,0.7207174072292262,0.68573195,0.7207174072292262,False,oracle_all_endpoints,3,0.3,4
batch_dist_ternary_butan-1-ol+propan-2-ol+water__operating_point_008__test_anormal_experiment_001,operating_point_008,0.6431476053470059,0.6414744,0.6431476053470059,True,oracle_all_endpoints,3,0.3,4
batch_dist_ternary_butan-1-ol+propan-2-ol+water__operating_point_008__test_anormal_experiment_002,operating_point_008,0.4951805548141248,0.66221404,0.4951805548141248,True,oracle_all_endpoints,3,0.3,4
batch_dist_ternary_butan-1-ol+propan-2-ol+water__operating_point_010__test_anormal_experiment_001,operating_point_010,0.6667464410693288,0.6278974,0.6667464410693288,True,oracle_all_endpoints,3,0.3,4
batch_dist_ternary_butan-1-ol+propan-2-ol+water__operating_point_010__train_normal_experiment_001,operating_point_010,0.6271217656332728,0.6450142,0.6271217656332728,True,oracle_all_endpoints,3,0.3,4
batch_dist_ternary_butan-1-ol+propan-2-ol+water__operating_point_017__test_anormal_experiment_001,operating_point_017,0.6789549894914293,0.67688274,0.6789549894914293,False,oracle_all_endpoints,3,0.3,4
batch_dist_ternary_butan-1-ol+propan-2-ol+water__operating_point_017__train_normal_experiment_001,operating_point_017,0.6724500963647279,0.67865944,0.6724500963647279,False,oracle_all_endpoints,3,0.3,4
batch_dist_ternary_butan-1-ol+propan-2-ol+water__operating_point_028__test_anormal_experiment_002,operating_point_028,0.7279524080613684,0.8224428,0.7279524080613684,False,oracle_all_endpoints,3,0.3,4
batch_dist_ternary_butan-1-ol+propan-2-ol+water__operating_point_028__train_normal_experiment_001,operating_point_028,0.698567173084311,0.819052,0.698567173084311,False,oracle_all_endpoints,3,0.3,4
batch_dist_ternary_butan-1-ol+propan-2-ol+water__operating_point_007__test_anormal_experiment_001,operating_point_007,0.7207174072292262,0.6703206,0.7207174072292262,False,completed_only,3,0.3,4
batch_dist_ternary_butan-1-ol+propan-2-ol+water__operating_point_008__test_anormal_experiment_001,operating_point_008,0.6431476053470059,0.62784696,0.6431476053470059,True,completed_only,3,0.3,4
batch_dist_ternary_butan-1-ol+propan-2-ol+water__operating_point_008__test_anormal_experiment_002,operating_point_008,0.4951805548141248,0.6558131,0.4951805548141248,True,completed_only,3,0.3,4
batch_dist_ternary_butan-1-ol+propan-2-ol+water__operating_point_010__test_anormal_experiment_001,operating_point_010,0.6667464410693288,0.66049904,0.6667464410693288,True,completed_only,3,0.3,4
batch_dist_ternary_butan-1-ol+propan-2-ol+water__operating_point_010__train_normal_experiment_001,operating_point_010,0.6271217656332728,0.6500338,0.6271217656332728,True,completed_only,3,0.3,4
batch_dist_ternary_butan-1-ol+propan-2-ol+water__operating_point_017__test_anormal_experiment_001,operating_point_017,0.6789549894914293,0.67497164,0.6789549894914293,False,completed_only,3,0.3,4
batch_dist_ternary_butan-1-ol+propan-2-ol+water__operating_point_017__train_normal_experiment_001,operating_point_017,0.6724500963647279,0.6719392,0.6724500963647279,False,completed_only,3,0.3,4
batch_dist_ternary_butan-1-ol+propan-2-ol+water__operating_point_028__test_anormal_experiment_002,operating_point_028,0.7279524080613684,0.7883554,0.7279524080613684,False,completed_only,3,0.3,4
batch_dist_ternary_butan-1-ol+propan-2-ol+water__operating_point_028__train_normal_experiment_001,operating_point_028,0.698567173084311,0.7589836,0.698567173084311,False,completed_only,3,0.3,4
batch_dist_ternary_butan-1-ol+propan-2-ol+water__operating_point_007__test_anormal_experiment_001,operating_point_007,0.7207174072292262,0.6859201,0.7207174072292262,False,static_initial,3,0.3,4
batch_dist_ternary_butan-1-ol+propan-2-ol+water__operating_point_008__test_anormal_experiment_001,operating_point_008,0.6431476053470059,0.63563126,0.6431476053470059,True,static_initial,3,0.3,4
batch_dist_ternary_butan-1-ol+propan-2-ol+water__operating_point_008__test_anormal_experiment_002,operating_point_008,0.4951805548141248,0.6606594,0.4951805548141248,True,static_initial,3,0.3,4
batch_dist_ternary_butan-1-ol+propan-2-ol+water__operating_point_010__test_anormal_experiment_001,operating_point_010,0.6667464410693288,0.67679274,0.6667464410693288,False,static_initial,3,0.3,4
batch_dist_ternary_butan-1-ol+propan-2-ol+water__operating_point_010__train_normal_experiment_001,operating_point_010,0.6271217656332728,0.6272258,0.6271217656332728,True,static_initial,3,0.3,4
batch_dist_ternary_butan-1-ol+propan-2-ol+water__operating_point_017__test_anormal_experiment_001,operating_point_017,0.6789549894914293,0.674144,0.6789549894914293,False,static_initial,3,0.3,4
batch_dist_ternary_butan-1-ol+propan-2-ol+water__operating_point_017__train_normal_experiment_001,operating_point_017,0.6724500963647279,0.6744323,0.6724500963647279,False,static_initial,3,0.3,4
batch_dist_ternary_butan-1-ol+propan-2-ol+water__operating_point_028__test_anormal_experiment_002,operating_point_028,0.7279524080613684,0.7095085,0.7279524080613684,False,static_initial,3,0.3,4
batch_dist_ternary_butan-1-ol+propan-2-ol+water__operating_point_028__train_normal_experiment_001,operating_point_028,0.698567173084311,0.7570547,0.698567173084311,False,static_initial,3,0.3,4
batch_dist_ternary_butan-1-ol+propan-2-ol+water__operating_point_022__test_anormal_experiment_001,operating_point_022,0.6832104934548542,0.68086994,0.6832104934548542,False,oracle_all_endpoints,3,0.3,5
batch_dist_ternary_butan-1-ol+propan-2-ol+water__operating_point_022__train_normal_experiment_001,operating_point_022,0.6811837097008695,0.67870677,0.6811837097008695,False,oracle_all_endpoints,3,0.3,5
batch_dist_ternary_butan-1-ol+propan-2-ol+water__operating_point_027__test_anormal_experiment_001,operating_point_027,0.6868156592785594,0.7137765,0.6868156592785594,False,oracle_all_endpoints,3,0.3,5
batch_dist_ternary_butan-1-ol+propan-2-ol+water__operating_point_027__train_normal_experiment_001,operating_point_027,0.6885324241890521,0.70319873,0.6885324241890521,False,oracle_all_endpoints,3,0.3,5
batch_dist_ternary_butan-1-ol+propan-2-ol+water__operating_point_030__test_anormal_experiment_001,operating_point_030,0.4914092846637076,0.7526084,0.4914092846637076,False,oracle_all_endpoints,3,0.3,5
batch_dist_ternary_butan-1-ol+propan-2-ol+water__operating_point_030__test_anormal_experiment_002,operating_point_030,0.7482780850605174,0.74999577,0.7482780850605174,False,oracle_all_endpoints,3,0.3,5
batch_dist_ternary_butan-1-ol+propan-2-ol+water__operating_point_030__train_normal_experiment_001,operating_point_030,0.8727910974666653,0.7873784,0.8727910974666653,False,oracle_all_endpoints,3,0.3,5
batch_dist_ternary_butan-1-ol+propan-2-ol+water__operating_point_022__test_anormal_experiment_001,operating_point_022,0.6832104934548542,0.67733026,0.6832104934548542,False,completed_only,3,0.3,5
batch_dist_ternary_butan-1-ol+propan-2-ol+water__operating_point_022__train_normal_experiment_001,operating_point_022,0.6811837097008695,0.67393464,0.6811837097008695,False,completed_only,3,0.3,5
batch_dist_ternary_butan-1-ol+propan-2-ol+water__operating_point_027__test_anormal_experiment_001,operating_point_027,0.6868156592785594,0.7031914,0.6868156592785594,False,completed_only,3,0.3,5
batch_dist_ternary_butan-1-ol+propan-2-ol+water__operating_point_027__train_normal_experiment_001,operating_point_027,0.6885324241890521,0.6936196,0.6885324241890521,False,completed_only,3,0.3,5
batch_dist_ternary_butan-1-ol+propan-2-ol+water__operating_point_030__test_anormal_experiment_001,operating_point_030,0.4914092846637076,0.7547419,0.4914092846637076,False,completed_only,3,0.3,5
batch_dist_ternary_butan-1-ol+propan-2-ol+water__operating_point_030__test_anormal_experiment_002,operating_point_030,0.7482780850605174,0.72903985,0.7482780850605174,False,completed_only,3,0.3,5
batch_dist_ternary_butan-1-ol+propan-2-ol+water__operating_point_030__train_normal_experiment_001,operating_point_030,0.8727910974666653,0.7690742,0.8727910974666653,False,completed_only,3,0.3,5
batch_dist_ternary_butan-1-ol+propan-2-ol+water__operating_point_022__test_anormal_experiment_001,operating_point_022,0.6832104934548542,0.6796399,0.6832104934548542,False,static_initial,3,0.3,5
batch_dist_ternary_butan-1-ol+propan-2-ol+water__operating_point_022__train_normal_experiment_001,operating_point_022,0.6811837097008695,0.64194816,0.6811837097008695,True,static_initial,3,0.3,5
batch_dist_ternary_butan-1-ol+propan-2-ol+water__operating_point_027__test_anormal_experiment_001,operating_point_027,0.6868156592785594,0.7154349,0.6868156592785594,False,static_initial,3,0.3,5
batch_dist_ternary_butan-1-ol+propan-2-ol+water__operating_point_027__train_normal_experiment_001,operating_point_027,0.6885324241890521,0.70924526,0.6885324241890521,False,static_initial,3,0.3,5
batch_dist_ternary_butan-1-ol+propan-2-ol+water__operating_point_030__test_anormal_experiment_001,operating_point_030,0.4914092846637076,0.70744103,0.4914092846637076,False,static_initial,3,0.3,5
batch_dist_ternary_butan-1-ol+propan-2-ol+water__operating_point_030__test_anormal_experiment_002,operating_point_030,0.7482780850605174,0.6847004,0.7482780850605174,False,static_initial,3,0.3,5
batch_dist_ternary_butan-1-ol+propan-2-ol+water__operating_point_030__train_normal_experiment_001,operating_point_030,0.8727910974666653,0.726774,0.8727910974666653,False,static_initial,3,0.3,5
batch_dist_ternary_butan-1-ol+propan-2-ol+water__operating_point_011__test_anormal_experiment_001,operating_point_011,0.6808066894701099,0.66344935,0.6808066894701099,True,oracle_all_endpoints,3,0.4,1
batch_dist_ternary_butan-1-ol+propan-2-ol+water__operating_point_011__test_anormal_experiment_002,operating_point_011,0.6827161962808894,0.65679663,0.6827161962808894,True,oracle_all_endpoints,3,0.4,1
batch_dist_ternary_butan-1-ol+propan-2-ol+water__operating_point_014__test_anormal_experiment_001,operating_point_014,0.6956401649231208,0.6627414,0.6956401649231208,True,oracle_all_endpoints,3,0.4,1
batch_dist_ternary_butan-1-ol+propan-2-ol+water__operating_point_014__train_normal_experiment_002,operating_point_014,0.679784282051461,0.6702581,0.679784282051461,False,oracle_all_endpoints,3,0.4,1
batch_dist_ternary_butan-1-ol+propan-2-ol+water__operating_point_016__test_anormal_experiment_001,operating_point_016,0.6868716597635698,0.7410005,0.6868716597635698,False,oracle_all_endpoints,3,0.4,1
batch_dist_ternary_butan-1-ol+propan-2-ol+water__operating_point_016__train_normal_experiment_001,operating_point_016,0.6853377264416467,0.7603171,0.6853377264416467,False,oracle_all_endpoints,3,0.4,1
batch_dist_ternary_butan-1-ol+propan-2-ol+water__operating_point_031__test_anormal_experiment_001,operating_point_031,0.8945504819808328,0.7178448,0.8945504819808328,False,oracle_all_endpoints,3,0.4,1
batch_dist_ternary_butan-1-ol+propan-2-ol+water__operating_point_031__train_normal_experiment_001,operating_point_031,0.9094380882861072,0.7040178,0.9094380882861072,False,oracle_all_endpoints,3,0.4,1
batch_dist_ternary_butan-1-ol+propan-2-ol+water__operating_point_011__test_anormal_experiment_001,operating_point_011,0.6808066894701099,0.668193,0.6808066894701099,False,completed_only,3,0.4,1
batch_dist_ternary_butan-1-ol+propan-2-ol+water__operating_point_011__test_anormal_experiment_002,operating_point_011,0.6827161962808894,0.65333694,0.6827161962808894,True,completed_only,3,0.4,1
batch_dist_ternary_butan-1-ol+propan-2-ol+water__operating_point_014__test_anormal_experiment_001,operating_point_014,0.6956401649231208,0.66753435,0.6956401649231208,True,completed_only,3,0.4,1
batch_dist_ternary_butan-1-ol+propan-2-ol+water__operating_point_014__train_normal_experiment_002,operating_point_014,0.679784282051461,0.669873,0.679784282051461,False,completed_only,3,0.4,1
batch_dist_ternary_butan-1-ol+propan-2-ol+water__operating_point_016__test_anormal_experiment_001,operating_point_016,0.6868716597635698,0.6960474,0.6868716597635698,False,completed_only,3,0.4,1
batch_dist_ternary_butan-1-ol+propan-2-ol+water__operating_point_016__train_normal_experiment_001,operating_point_016,0.6853377264416467,0.7265805,0.6853377264416467,False,completed_only,3,0.4,1
batch_dist_ternary_butan-1-ol+propan-2-ol+water__operating_point_031__test_anormal_experiment_001,operating_point_031,0.8945504819808328,0.7101485,0.8945504819808328,False,completed_only,3,0.4,1
batch_dist_ternary_butan-1-ol+propan-2-ol+water__operating_point_031__train_normal_experiment_001,operating_point_031,0.9094380882861072,0.7025422,0.9094380882861072,False,completed_only,3,0.4,1
batch_dist_ternary_butan-1-ol+propan-2-ol+water__operating_point_011__test_anormal_experiment_001,operating_point_011,0.6808066894701099,0.67722625,0.6808066894701099,False,static_initial,3,0.4,1
batch_dist_ternary_butan-1-ol+propan-2-ol+water__operating_point_011__test_anormal_experiment_002,operating_point_011,0.6827161962808894,0.6594843,0.6827161962808894,True,static_initial,3,0.4,1
batch_dist_ternary_butan-1-ol+propan-2-ol+water__operating_point_014__test_anormal_experiment_001,operating_point_014,0.6956401649231208,0.6575573,0.6956401649231208,True,static_initial,3,0.4,1
batch_dist_ternary_butan-1-ol+propan-2-ol+water__operating_point_014__train_normal_experiment_002,operating_point_014,0.679784282051461,0.67577547,0.679784282051461,False,static_initial,3,0.4,1
batch_dist_ternary_butan-1-ol+propan-2-ol+water__operating_point_016__test_anormal_experiment_001,operating_point_016,0.6868716597635698,0.77095544,0.6868716597635698,False,static_initial,3,0.4,1
batch_dist_ternary_butan-1-ol+propan-2-ol+water__operating_point_016__train_normal_experiment_001,operating_point_016,0.6853377264416467,0.75855446,0.6853377264416467,False,static_initial,3,0.4,1
batch_dist_ternary_butan-1-ol+propan-2-ol+water__operating_point_031__test_anormal_experiment_001,operating_point_031,0.8945504819808328,0.7190762,0.8945504819808328,False,static_initial,3,0.4,1
batch_dist_ternary_butan-1-ol+propan-2-ol+water__operating_point_031__train_normal_experiment_001,operating_point_031,0.9094380882861072,0.7080118,0.9094380882861072,False,static_initial,3,0.4,1
batch_dist_ternary_butan-1-ol+propan-2-ol+water__operating_point_002__test_anormal_experiment_001,operating_point_002,0.6553497732854644,0.65224,0.6553497732854644,True,oracle_all_endpoints,3,0.4,2
batch_dist_ternary_butan-1-ol+propan-2-ol+water__operating_point_002__test_anormal_experiment_002,operating_point_002,0.6700755060336872,0.65032095,0.6700755060336872,True,oracle_all_endpoints,3,0.4,2
batch_dist_ternary_butan-1-ol+propan-2-ol+water__operating_point_002__test_anormal_experiment_003,operating_point_002,0.6751905551408042,0.7157492,0.6751905551408042,False,oracle_all_endpoints,3,0.4,2
batch_dist_ternary_butan-1-ol+propan-2-ol+water__operating_point_002__test_anormal_experiment_004,operating_point_002,0.6669373851913899,0.6857392,0.6669373851913899,False,oracle_all_endpoints,3,0.4,2
batch_dist_ternary_butan-1-ol+propan-2-ol+water__operating_point_002__test_anormal_experiment_005,operating_point_002,0.4339862097948845,0.68108827,0.4339862097948845,False,oracle_all_endpoints,3,0.4,2
batch_dist_ternary_butan-1-ol+propan-2-ol+water__operating_point_002__test_anormal_experiment_006,operating_point_002,0.6822258302481301,0.68372166,0.6822258302481301,False,oracle_all_endpoints,3,0.4,2
batch_dist_ternary_butan-1-ol+propan-2-ol+water__operating_point_009__test_anormal_experiment_001,operating_point_009,0.7527630574755655,0.6555454,0.7527630574755655,True,oracle_all_endpoints,3,0.4,2
batch_dist_ternary_butan-1-ol+propan-2-ol+water__operating_point_009__test_anormal_experiment_002,operating_point_009,0.607867836942207,0.61978376,0.607867836942207,True,oracle_all_endpoints,3,0.4,2
batch_dist_ternary_butan-1-ol+propan-2-ol+water__operating_point_012__test_anormal_experiment_001,operating_point_012,0.6847629577536862,0.7088359,0.6847629577536862,False,oracle_all_endpoints,3,0.4,2
batch_dist_ternary_butan-1-ol+propan-2-ol+water__operating_point_012__test_anormal_experiment_002,operating_point_012,0.6934751622305062,0.69974995,0.6934751622305062,False,oracle_all_endpoints,3,0.4,2
batch_dist_ternary_butan-1-ol+propan-2-ol+water__operating_point_018__test_anormal_experiment_001,operating_point_018,0.678697259715983,0.68329364,0.678697259715983,False,oracle_all_endpoints,3,0.4,2
batch_dist_ternary_butan-1-ol+propan-2-ol+water__operating_point_018__train_normal_experiment_001,operating_point_018,0.6821390035930127,0.6695086,0.6821390035930127,False,oracle_all_endpoints,3,0.4,2
batch_dist_ternary_butan-1-ol+propan-2-ol+water__operating_point_002__test_anormal_experiment_001,operating_point_002,0.6553497732854644,0.6631209,0.6553497732854644,True,completed_only,3,0.4,2
batch_dist_ternary_butan-1-ol+propan-2-ol+water__operating_point_002__test_anormal_experiment_002,operating_point_002,0.6700755060336872,0.65866715,0.6700755060336872,True,completed_only,3,0.4,2
batch_dist_ternary_butan-1-ol+propan-2-ol+water__operating_point_002__test_anormal_experiment_003,operating_point_002,0.6751905551408042,0.69521844,0.6751905551408042,False,completed_only,3,0.4,2
batch_dist_ternary_butan-1-ol+propan-2-ol+water__operating_point_002__test_anormal_experiment_004,operating_point_002,0.6669373851913899,0.68334925,0.6669373851913899,False,completed_only,3,0.4,2
batch_dist_ternary_butan-1-ol+propan-2-ol+water__operating_point_002__test_anormal_experiment_005,operating_point_002,0.4339862097948845,0.6729347,0.4339862097948845,False,completed_only,3,0.4,2
batch_dist_ternary_butan-1-ol+propan-2-ol+water__operating_point_002__test_anormal_experiment_006,operating_point_002,0.6822258302481301,0.67855686,0.6822258302481301,False,completed_only,3,0.4,2
batch_dist_ternary_butan-1-ol+propan-2-ol+water__operating_point_009__test_anormal_experiment_001,operating_point_009,0.7527630574755655,0.63731194,0.7527630574755655,True,completed_only,3,0.4,2
batch_dist_ternary_butan-1-ol+propan-2-ol+water__operating_point_009__test_anormal_experiment_002,operating_point_009,0.607867836942207,0.6381216,0.607867836942207,True,completed_only,3,0.4,2
batch_dist_ternary_butan-1-ol+propan-2-ol+water__operating_point_012__test_anormal_experiment_001,operating_point_012,0.6847629577536862,0.71101564,0.6847629577536862,False,completed_only,3,0.4,2
batch_dist_ternary_butan-1-ol+propan-2-ol+water__operating_point_012__test_anormal_experiment_002,operating_point_012,0.6934751622305062,0.7033819,0.6934751622305062,False,completed_only,3,0.4,2
batch_dist_ternary_butan-1-ol+propan-2-ol+water__operating_point_018__test_anormal_experiment_001,operating_point_018,0.678697259715983,0.68636787,0.678697259715983,False,completed_only,3,0.4,2
batch_dist_ternary_butan-1-ol+propan-2-ol+water__operating_point_018__train_normal_experiment_001,operating_point_018,0.6821390035930127,0.7062348,0.6821390035930127,False,completed_only,3,0.4,2
batch_dist_ternary_butan-1-ol+propan-2-ol+water__operating_point_002__test_anormal_experiment_001,operating_point_002,0.6553497732854644,0.66274726,0.6553497732854644,True,static_initial,3,0.4,2
batch_dist_ternary_butan-1-ol+propan-2-ol+water__operating_point_002__test_anormal_experiment_002,operating_point_002,0.6700755060336872,0.66256756,0.6700755060336872,True,static_initial,3,0.4,2
batch_dist_ternary_butan-1-ol+propan-2-ol+water__operating_point_002__test_anormal_experiment_003,operating_point_002,0.6751905551408042,0.68250716,0.6751905551408042,False,static_initial,3,0.4,2
batch_dist_ternary_butan-1-ol+propan-2-ol+water__operating_point_002__test_anormal_experiment_004,operating_point_002,0.6669373851913899,0.68183047,0.6669373851913899,False,static_initial,3,0.4,2
batch_dist_ternary_butan-1-ol+propan-2-ol+water__operating_point_002__test_anormal_experiment_005,operating_point_002,0.4339862097948845,0.678228,0.4339862097948845,False,static_initial,3,0.4,2
batch_dist_ternary_butan-1-ol+propan-2-ol+water__operating_point_002__test_anormal_experiment_006,operating_point_002,0.6822258302481301,0.68192446,0.6822258302481301,False,static_initial,3,0.4,2
batch_dist_ternary_butan-1-ol+propan-2-ol+water__operating_point_009__test_anormal_experiment_001,operating_point_009,0.7527630574755655,0.6378232,0.7527630574755655,True,static_initial,3,0.4,2
batch_dist_ternary_butan-1-ol+propan-2-ol+water__operating_point_009__test_anormal_experiment_002,operating_point_009,0.607867836942207,0.6655074,0.607867836942207,True,static_initial,3,0.4,2
batch_dist_ternary_butan-1-ol+propan-2-ol+water__operating_point_012__test_anormal_experiment_001,operating_point_012,0.6847629577536862,0.70446837,0.6847629577536862,False,static_initial,3,0.4,2
batch_dist_ternary_butan-1-ol+propan-2-ol+water__operating_point_012__test_anormal_experiment_002,operating_point_012,0.6934751622305062,0.7116668,0.6934751622305062,False,static_initial,3,0.4,2
batch_dist_ternary_butan-1-ol+propan-2-ol+water__operating_point_018__test_anormal_experiment_001,operating_point_018,0.678697259715983,0.67982537,0.678697259715983,False,static_initial,3,0.4,2
batch_dist_ternary_butan-1-ol+propan-2-ol+water__operating_point_018__train_normal_experiment_001,operating_point_018,0.6821390035930127,0.69128156,0.6821390035930127,False,static_initial,3,0.4,2
batch_dist_ternary_butan-1-ol+propan-2-ol+water__operating_point_003__test_anormal_experiment_001,operating_point_003,0.6798616082775178,0.63559574,0.6798616082775178,True,oracle_all_endpoints,3,0.4,3
batch_dist_ternary_butan-1-ol+propan-2-ol+water__operating_point_003__test_anormal_experiment_002,operating_point_003,0.6791228505010427,0.6672464,0.6791228505010427,True,oracle_all_endpoints,3,0.4,3
batch_dist_ternary_butan-1-ol+propan-2-ol+water__operating_point_003__test_anormal_experiment_003,operating_point_003,0.4978361788418457,0.66737765,0.4978361788418457,True,oracle_all_endpoints,3,0.4,3
batch_dist_ternary_butan-1-ol+propan-2-ol+water__operating_point_003__test_anormal_experiment_004,operating_point_003,0.6483102124519635,0.6468448,0.6483102124519635,True,oracle_all_endpoints,3,0.4,3
batch_dist_ternary_butan-1-ol+propan-2-ol+water__operating_point_003__test_anormal_experiment_009,operating_point_003,0.6782545548418413,0.68085635,0.6782545548418413,False,oracle_all_endpoints,3,0.4,3
batch_dist_ternary_butan-1-ol+propan-2-ol+water__operating_point_003__train_normal_experiment_001,operating_point_003,0.6700350017604239,0.7147224,0.6700350017604239,False,oracle_all_endpoints,3,0.4,3
batch_dist_ternary_butan-1-ol+propan-2-ol+water__operating_point_019__train_normal_experiment_001,operating_point_019,0.6843396585895098,0.67943895,0.6843396585895098,False,oracle_all_endpoints,3,0.4,3
batch_dist_ternary_butan-1-ol+propan-2-ol+water__operating_point_035__train_normal_experiment_001,operating_point_035,0.6734789655266796,0.7784544,0.6734789655266796,False,oracle_all_endpoints,3,0.4,3
batch_dist_ternary_butan-1-ol+propan-2-ol+water__operating_point_003__test_anormal_experiment_001,operating_point_003,0.6798616082775178,0.6391245,0.6798616082775178,True,completed_only,3,0.4,3
batch_dist_ternary_butan-1-ol+propan-2-ol+water__operating_point_003__test_anormal_experiment_002,operating_point_003,0.6791228505010427,0.6454407,0.6791228505010427,True,completed_only,3,0.4,3
batch_dist_ternary_butan-1-ol+propan-2-ol+water__operating_point_003__test_anormal_experiment_003,operating_point_003,0.4978361788418457,0.6616205,0.4978361788418457,True,completed_only,3,0.4,3
batch_dist_ternary_butan-1-ol+propan-2-ol+water__operating_point_003__test_anormal_experiment_004,operating_point_003,0.6483102124519635,0.65599024,0.6483102124519635,True,completed_only,3,0.4,3
batch_dist_ternary_butan-1-ol+propan-2-ol+water__operating_point_003__test_anormal_experiment_009,operating_point_003,0.6782545548418413,0.65747666,0.6782545548418413,True,completed_only,3,0.4,3
batch_dist_ternary_butan-1-ol+propan-2-ol+water__operating_point_003__train_normal_experiment_001,operating_point_003,0.6700350017604239,0.6912212,0.6700350017604239,False,completed_only,3,0.4,3
batch_dist_ternary_butan-1-ol+propan-2-ol+water__operating_point_019__train_normal_experiment_001,operating_point_019,0.6843396585895098,0.67113805,0.6843396585895098,False,completed_only,3,0.4,3
batch_dist_ternary_butan-1-ol+propan-2-ol+water__operating_point_035__train_normal_experiment_001,operating_point_035,0.6734789655266796,0.79863566,0.6734789655266796,False,completed_only,3,0.4,3
batch_dist_ternary_butan-1-ol+propan-2-ol+water__operating_point_003__test_anormal_experiment_001,operating_point_003,0.6798616082775178,0.65535104,0.6798616082775178,True,static_initial,3,0.4,3
batch_dist_ternary_butan-1-ol+propan-2-ol+water__operating_point_003__test_anormal_experiment_002,operating_point_003,0.6791228505010427,0.67393976,0.6791228505010427,False,static_initial,3,0.4,3
batch_dist_ternary_butan-1-ol+propan-2-ol+water__operating_point_003__test_anormal_experiment_003,operating_point_003,0.4978361788418457,0.66874284,0.4978361788418457,False,static_initial,3,0.4,3
batch_dist_ternary_butan-1-ol+propan-2-ol+water__operating_point_003__test_anormal_experiment_004,operating_point_003,0.6483102124519635,0.6768562,0.6483102124519635,False,static_initial,3,0.4,3
batch_dist_ternary_butan-1-ol+propan-2-ol+water__operating_point_003__test_anormal_experiment_009,operating_point_003,0.6782545548418413,0.6785046,0.6782545548418413,False,static_initial,3,0.4,3
batch_dist_ternary_butan-1-ol+propan-2-ol+water__operating_point_003__train_normal_experiment_001,operating_point_003,0.6700350017604239,0.70403636,0.6700350017604239,False,static_initial,3,0.4,3
batch_dist_ternary_butan-1-ol+propan-2-ol+water__operating_point_019__train_normal_experiment_001,operating_point_019,0.6843396585895098,0.672618,0.6843396585895098,False,static_initial,3,0.4,3
batch_dist_ternary_butan-1-ol+propan-2-ol+water__operating_point_035__train_normal_experiment_001,operating_point_035,0.6734789655266796,0.7083132,0.6734789655266796,False,static_initial,3,0.4,3
batch_dist_ternary_butan-1-ol+propan-2-ol+water__operating_point_007__test_anormal_experiment_001,operating_point_007,0.7207174072292262,0.68573195,0.7207174072292262,False,oracle_all_endpoints,3,0.4,4
batch_dist_ternary_butan-1-ol+propan-2-ol+water__operating_point_008__test_anormal_experiment_001,operating_point_008,0.6431476053470059,0.6414744,0.6431476053470059,True,oracle_all_endpoints,3,0.4,4
batch_dist_ternary_butan-1-ol+propan-2-ol+water__operating_point_008__test_anormal_experiment_002,operating_point_008,0.4951805548141248,0.66221404,0.4951805548141248,True,oracle_all_endpoints,3,0.4,4
batch_dist_ternary_butan-1-ol+propan-2-ol+water__operating_point_010__test_anormal_experiment_001,operating_point_010,0.6667464410693288,0.6278974,0.6667464410693288,True,oracle_all_endpoints,3,0.4,4
batch_dist_ternary_butan-1-ol+propan-2-ol+water__operating_point_010__train_normal_experiment_001,operating_point_010,0.6271217656332728,0.6450142,0.6271217656332728,True,oracle_all_endpoints,3,0.4,4
batch_dist_ternary_butan-1-ol+propan-2-ol+water__operating_point_017__test_anormal_experiment_001,operating_point_017,0.6789549894914293,0.67688274,0.6789549894914293,False,oracle_all_endpoints,3,0.4,4
batch_dist_ternary_butan-1-ol+propan-2-ol+water__operating_point_017__train_normal_experiment_001,operating_point_017,0.6724500963647279,0.67865944,0.6724500963647279,False,oracle_all_endpoints,3,0.4,4
batch_dist_ternary_butan-1-ol+propan-2-ol+water__operating_point_028__test_anormal_experiment_002,operating_point_028,0.7279524080613684,0.8224428,0.7279524080613684,False,oracle_all_endpoints,3,0.4,4
batch_dist_ternary_butan-1-ol+propan-2-ol+water__operating_point_028__train_normal_experiment_001,operating_point_028,0.698567173084311,0.819052,0.698567173084311,False,oracle_all_endpoints,3,0.4,4
batch_dist_ternary_butan-1-ol+propan-2-ol+water__operating_point_007__test_anormal_experiment_001,operating_point_007,0.7207174072292262,0.6737029,0.7207174072292262,False,completed_only,3,0.4,4
batch_dist_ternary_butan-1-ol+propan-2-ol+water__operating_point_008__test_anormal_experiment_001,operating_point_008,0.6431476053470059,0.6517654,0.6431476053470059,True,completed_only,3,0.4,4
batch_dist_ternary_butan-1-ol+propan-2-ol+water__operating_point_008__test_anormal_experiment_002,operating_point_008,0.4951805548141248,0.6583769,0.4951805548141248,True,completed_only,3,0.4,4
batch_dist_ternary_butan-1-ol+propan-2-ol+water__operating_point_010__test_anormal_experiment_001,operating_point_010,0.6667464410693288,0.6637163,0.6667464410693288,True,completed_only,3,0.4,4
batch_dist_ternary_butan-1-ol+propan-2-ol+water__operating_point_010__train_normal_experiment_001,operating_point_010,0.6271217656332728,0.6647589,0.6271217656332728,True,completed_only,3,0.4,4
batch_dist_ternary_butan-1-ol+propan-2-ol+water__operating_point_017__test_anormal_experiment_001,operating_point_017,0.6789549894914293,0.6717134,0.6789549894914293,False,completed_only,3,0.4,4
batch_dist_ternary_butan-1-ol+propan-2-ol+water__operating_point_017__train_normal_experiment_001,operating_point_017,0.6724500963647279,0.6582769,0.6724500963647279,True,completed_only,3,0.4,4
batch_dist_ternary_butan-1-ol+propan-2-ol+water__operating_point_028__test_anormal_experiment_002,operating_point_028,0.7279524080613684,0.8097698,0.7279524080613684,False,completed_only,3,0.4,4
batch_dist_ternary_butan-1-ol+propan-2-ol+water__operating_point_028__train_normal_experiment_001,operating_point_028,0.698567173084311,0.78302574,0.698567173084311,False,completed_only,3,0.4,4
batch_dist_ternary_butan-1-ol+propan-2-ol+water__operating_point_007__test_anormal_experiment_001,operating_point_007,0.7207174072292262,0.6859201,0.7207174072292262,False,static_initial,3,0.4,4
batch_dist_ternary_butan-1-ol+propan-2-ol+water__operating_point_008__test_anormal_experiment_001,operating_point_008,0.6431476053470059,0.63563126,0.6431476053470059,True,static_initial,3,0.4,4
batch_dist_ternary_butan-1-ol+propan-2-ol+water__operating_point_008__test_anormal_experiment_002,operating_point_008,0.4951805548141248,0.6606594,0.4951805548141248,True,static_initial,3,0.4,4
batch_dist_ternary_butan-1-ol+propan-2-ol+water__operating_point_010__test_anormal_experiment_001,operating_point_010,0.6667464410693288,0.67679274,0.6667464410693288,False,static_initial,3,0.4,4
batch_dist_ternary_butan-1-ol+propan-2-ol+water__operating_point_010__train_normal_experiment_001,operating_point_010,0.6271217656332728,0.6272258,0.6271217656332728,True,static_initial,3,0.4,4
batch_dist_ternary_butan-1-ol+propan-2-ol+water__operating_point_017__test_anormal_experiment_001,operating_point_017,0.6789549894914293,0.674144,0.6789549894914293,False,static_initial,3,0.4,4
batch_dist_ternary_butan-1-ol+propan-2-ol+water__operating_point_017__train_normal_experiment_001,operating_point_017,0.6724500963647279,0.6744323,0.6724500963647279,False,static_initial,3,0.4,4
batch_dist_ternary_butan-1-ol+propan-2-ol+water__operating_point_028__test_anormal_experiment_002,operating_point_028,0.7279524080613684,0.7095085,0.7279524080613684,False,static_initial,3,0.4,4
batch_dist_ternary_butan-1-ol+propan-2-ol+water__operating_point_028__train_normal_experiment_001,operating_point_028,0.698567173084311,0.7570547,0.698567173084311,False,static_initial,3,0.4,4
batch_dist_ternary_butan-1-ol+propan-2-ol+water__operating_point_022__test_anormal_experiment_001,operating_point_022,0.6832104934548542,0.68086994,0.6832104934548542,False,oracle_all_endpoints,3,0.4,5
batch_dist_ternary_butan-1-ol+propan-2-ol+water__operating_point_022__train_normal_experiment_001,operating_point_022,0.6811837097008695,0.67870677,0.6811837097008695,False,oracle_all_endpoints,3,0.4,5
batch_dist_ternary_butan-1-ol+propan-2-ol+water__operating_point_027__test_anormal_experiment_001,operating_point_027,0.6868156592785594,0.7137765,0.6868156592785594,False,oracle_all_endpoints,3,0.4,5
batch_dist_ternary_butan-1-ol+propan-2-ol+water__operating_point_027__train_normal_experiment_001,operating_point_027,0.6885324241890521,0.70319873,0.6885324241890521,False,oracle_all_endpoints,3,0.4,5
batch_dist_ternary_butan-1-ol+propan-2-ol+water__operating_point_030__test_anormal_experiment_001,operating_point_030,0.4914092846637076,0.7526084,0.4914092846637076,False,oracle_all_endpoints,3,0.4,5
batch_dist_ternary_butan-1-ol+propan-2-ol+water__operating_point_030__test_anormal_experiment_002,operating_point_030,0.7482780850605174,0.74999577,0.7482780850605174,False,oracle_all_endpoints,3,0.4,5
batch_dist_ternary_butan-1-ol+propan-2-ol+water__operating_point_030__train_normal_experiment_001,operating_point_030,0.8727910974666653,0.7873784,0.8727910974666653,False,oracle_all_endpoints,3,0.4,5
batch_dist_ternary_butan-1-ol+propan-2-ol+water__operating_point_022__test_anormal_experiment_001,operating_point_022,0.6832104934548542,0.6825533,0.6832104934548542,False,completed_only,3,0.4,5
batch_dist_ternary_butan-1-ol+propan-2-ol+water__operating_point_022__train_normal_experiment_001,operating_point_022,0.6811837097008695,0.6661628,0.6811837097008695,True,completed_only,3,0.4,5
batch_dist_ternary_butan-1-ol+propan-2-ol+water__operating_point_027__test_anormal_experiment_001,operating_point_027,0.6868156592785594,0.69688237,0.6868156592785594,False,completed_only,3,0.4,5
batch_dist_ternary_butan-1-ol+propan-2-ol+water__operating_point_027__train_normal_experiment_001,operating_point_027,0.6885324241890521,0.6885529,0.6885324241890521,False,completed_only,3,0.4,5
batch_dist_ternary_butan-1-ol+propan-2-ol+water__operating_point_030__test_anormal_experiment_001,operating_point_030,0.4914092846637076,0.76159286,0.4914092846637076,False,completed_only,3,0.4,5
batch_dist_ternary_butan-1-ol+propan-2-ol+water__operating_point_030__test_anormal_experiment_002,operating_point_030,0.7482780850605174,0.72631127,0.7482780850605174,False,completed_only,3,0.4,5
batch_dist_ternary_butan-1-ol+propan-2-ol+water__operating_point_030__train_normal_experiment_001,operating_point_030,0.8727910974666653,0.7660996,0.8727910974666653,False,completed_only,3,0.4,5
batch_dist_ternary_butan-1-ol+propan-2-ol+water__operating_point_022__test_anormal_experiment_001,operating_point_022,0.6832104934548542,0.6796399,0.6832104934548542,False,static_initial,3,0.4,5
batch_dist_ternary_butan-1-ol+propan-2-ol+water__operating_point_022__train_normal_experiment_001,operating_point_022,0.6811837097008695,0.64194816,0.6811837097008695,True,static_initial,3,0.4,5
batch_dist_ternary_butan-1-ol+propan-2-ol+water__operating_point_027__test_anormal_experiment_001,operating_point_027,0.6868156592785594,0.7154349,0.6868156592785594,False,static_initial,3,0.4,5
batch_dist_ternary_butan-1-ol+propan-2-ol+water__operating_point_027__train_normal_experiment_001,operating_point_027,0.6885324241890521,0.70924526,0.6885324241890521,False,static_initial,3,0.4,5
batch_dist_ternary_butan-1-ol+propan-2-ol+water__operating_point_030__test_anormal_experiment_001,operating_point_030,0.4914092846637076,0.70744103,0.4914092846637076,False,static_initial,3,0.4,5
batch_dist_ternary_butan-1-ol+propan-2-ol+water__operating_point_030__test_anormal_experiment_002,operating_point_030,0.7482780850605174,0.6847004,0.7482780850605174,False,static_initial,3,0.4,5
batch_dist_ternary_butan-1-ol+propan-2-ol+water__operating_point_030__train_normal_experiment_001,operating_point_030,0.8727910974666653,0.726774,0.8727910974666653,False,static_initial,3,0.4,5
batch_dist_ternary_butan-1-ol+propan-2-ol+water__operating_point_012__test_anormal_experiment_001,operating_point_012,0.6847629577536862,0.689761,0.6847629577536862,False,oracle_all_endpoints,4,0.2,1
batch_dist_ternary_butan-1-ol+propan-2-ol+water__operating_point_012__test_anormal_experiment_002,operating_point_012,0.6934751622305062,0.71251845,0.6934751622305062,False,oracle_all_endpoints,4,0.2,1
batch_dist_ternary_butan-1-ol+propan-2-ol+water__operating_point_013__train_normal_experiment_001,operating_point_013,0.6950454537431681,0.6875904,0.6950454537431681,False,oracle_all_endpoints,4,0.2,1
batch_dist_ternary_butan-1-ol+propan-2-ol+water__operating_point_018__test_anormal_experiment_001,operating_point_018,0.678697259715983,0.60493255,0.678697259715983,True,oracle_all_endpoints,4,0.2,1
batch_dist_ternary_butan-1-ol+propan-2-ol+water__operating_point_018__train_normal_experiment_001,operating_point_018,0.6821390035930127,0.6727447,0.6821390035930127,False,oracle_all_endpoints,4,0.2,1
batch_dist_ternary_butan-1-ol+propan-2-ol+water__operating_point_026__test_anormal_experiment_001,operating_point_026,0.676670446781282,0.674581,0.676670446781282,False,oracle_all_endpoints,4,0.2,1
batch_dist_ternary_butan-1-ol+propan-2-ol+water__operating_point_026__test_anormal_experiment_002,operating_point_026,0.6789898851018339,0.633223,0.6789898851018339,True,oracle_all_endpoints,4,0.2,1
batch_dist_ternary_butan-1-ol+propan-2-ol+water__operating_point_026__train_normal_experiment_001,operating_point_026,0.681401563038853,0.68289644,0.681401563038853,False,oracle_all_endpoints,4,0.2,1
batch_dist_ternary_butan-1-ol+propan-2-ol+water__operating_point_012__test_anormal_experiment_001,operating_point_012,0.6847629577536862,0.6922766,0.6847629577536862,False,completed_only,4,0.2,1
batch_dist_ternary_butan-1-ol+propan-2-ol+water__operating_point_012__test_anormal_experiment_002,operating_point_012,0.6934751622305062,0.7211553,0.6934751622305062,False,completed_only,4,0.2,1
batch_dist_ternary_butan-1-ol+propan-2-ol+water__operating_point_013__train_normal_experiment_001,operating_point_013,0.6950454537431681,0.660032,0.6950454537431681,False,completed_only,4,0.2,1
batch_dist_ternary_butan-1-ol+propan-2-ol+water__operating_point_018__test_anormal_experiment_001,operating_point_018,0.678697259715983,0.6288206,0.678697259715983,True,completed_only,4,0.2,1
batch_dist_ternary_butan-1-ol+propan-2-ol+water__operating_point_018__train_normal_experiment_001,operating_point_018,0.6821390035930127,0.6771781,0.6821390035930127,False,completed_only,4,0.2,1
batch_dist_ternary_butan-1-ol+propan-2-ol+water__operating_point_026__test_anormal_experiment_001,operating_point_026,0.676670446781282,0.682665,0.676670446781282,False,completed_only,4,0.2,1
batch_dist_ternary_butan-1-ol+propan-2-ol+water__operating_point_026__test_anormal_experiment_002,operating_point_026,0.6789898851018339,0.64252365,0.6789898851018339,True,completed_only,4,0.2,1
batch_dist_ternary_butan-1-ol+propan-2-ol+water__operating_point_026__train_normal_experiment_001,operating_point_026,0.681401563038853,0.6972403,0.681401563038853,False,completed_only,4,0.2,1
batch_dist_ternary_butan-1-ol+propan-2-ol+water__operating_point_012__test_anormal_experiment_001,operating_point_012,0.6847629577536862,0.6611855,0.6847629577536862,False,static_initial,4,0.2,1
batch_dist_ternary_butan-1-ol+propan-2-ol+water__operating_point_012__test_anormal_experiment_002,operating_point_012,0.6934751622305062,0.6908657,0.6934751622305062,False,static_initial,4,0.2,1
batch_dist_ternary_butan-1-ol+propan-2-ol+water__operating_point_013__train_normal_experiment_001,operating_point_013,0.6950454537431681,0.64479494,0.6950454537431681,True,static_initial,4,0.2,1
batch_dist_ternary_butan-1-ol+propan-2-ol+water__operating_point_018__test_anormal_experiment_001,operating_point_018,0.678697259715983,0.6269709,0.678697259715983,True,static_initial,4,0.2,1
batch_dist_ternary_butan-1-ol+propan-2-ol+water__operating_point_018__train_normal_experiment_001,operating_point_018,0.6821390035930127,0.6726568,0.6821390035930127,False,static_initial,4,0.2,1
batch_dist_ternary_butan-1-ol+propan-2-ol+water__operating_point_026__test_anormal_experiment_001,operating_point_026,0.676670446781282,0.678409,0.676670446781282,False,static_initial,4,0.2,1
batch_dist_ternary_butan-1-ol+propan-2-ol+water__operating_point_026__test_anormal_experiment_002,operating_point_026,0.6789898851018339,0.6298658,0.6789898851018339,True,static_initial,4,0.2,1
batch_dist_ternary_butan-1-ol+propan-2-ol+water__operating_point_026__train_normal_experiment_001,operating_point_026,0.681401563038853,0.69259536,0.681401563038853,False,static_initial,4,0.2,1
batch_dist_ternary_butan-1-ol+propan-2-ol+water__operating_point_008__test_anormal_experiment_001,operating_point_008,0.6431476053470059,0.65617466,0.6431476053470059,True,oracle_all_endpoints,4,0.2,2
batch_dist_ternary_butan-1-ol+propan-2-ol+water__operating_point_008__test_anormal_experiment_002,operating_point_008,0.4951805548141248,0.64692783,0.4951805548141248,True,oracle_all_endpoints,4,0.2,2
batch_dist_ternary_butan-1-ol+propan-2-ol+water__operating_point_016__test_anormal_experiment_001,operating_point_016,0.6868716597635698,0.8647947,0.6868716597635698,False,oracle_all_endpoints,4,0.2,2
batch_dist_ternary_butan-1-ol+propan-2-ol+water__operating_point_016__train_normal_experiment_001,operating_point_016,0.6853377264416467,0.8982478,0.6853377264416467,False,oracle_all_endpoints,4,0.2,2
batch_dist_ternary_butan-1-ol+propan-2-ol+water__operating_point_019__train_normal_experiment_001,operating_point_019,0.6843396585895098,0.6785247,0.6843396585895098,False,oracle_all_endpoints,4,0.2,2
batch_dist_ternary_butan-1-ol+propan-2-ol+water__operating_point_021__test_anormal_experiment_001,operating_point_021,0.6810379391813758,0.67888373,0.6810379391813758,False,oracle_all_endpoints,4,0.2,2
batch_dist_ternary_butan-1-ol+propan-2-ol+water__operating_point_021__train_normal_experiment_001,operating_point_021,0.6865506494627645,0.66535026,0.6865506494627645,False,oracle_all_endpoints,4,0.2,2
batch_dist_ternary_butan-1-ol+propan-2-ol+water__operating_point_029__test_anormal_experiment_001,operating_point_029,0.6924970709609258,0.59230924,0.6924970709609258,True,oracle_all_endpoints,4,0.2,2
batch_dist_ternary_butan-1-ol+propan-2-ol+water__operating_point_029__train_normal_experiment_001,operating_point_029,0.7360743665816829,0.6661836,0.7360743665816829,False,oracle_all_endpoints,4,0.2,2
batch_dist_ternary_butan-1-ol+propan-2-ol+water__operating_point_008__test_anormal_experiment_001,operating_point_008,0.6431476053470059,0.6339033,0.6431476053470059,True,completed_only,4,0.2,2
batch_dist_ternary_butan-1-ol+propan-2-ol+water__operating_point_008__test_anormal_experiment_002,operating_point_008,0.4951805548141248,0.6515546,0.4951805548141248,True,completed_only,4,0.2,2
batch_dist_ternary_butan-1-ol+propan-2-ol+water__operating_point_016__test_anormal_experiment_001,operating_point_016,0.6868716597635698,0.8711633,0.6868716597635698,False,completed_only,4,0.2,2
batch_dist_ternary_butan-1-ol+propan-2-ol+water__operating_point_016__train_normal_experiment_001,operating_point_016,0.6853377264416467,0.89836425,0.6853377264416467,False,completed_only,4,0.2,2
batch_dist_ternary_butan-1-ol+propan-2-ol+water__operating_point_019__train_normal_experiment_001,operating_point_019,0.6843396585895098,0.6748964,0.6843396585895098,False,completed_only,4,0.2,2
batch_dist_ternary_butan-1-ol+propan-2-ol+water__operating_point_021__test_anormal_experiment_001,operating_point_021,0.6810379391813758,0.64671075,0.6810379391813758,True,completed_only,4,0.2,2
batch_dist_ternary_butan-1-ol+propan-2-ol+water__operating_point_021__train_normal_experiment_001,operating_point_021,0.6865506494627645,0.68309826,0.6865506494627645,False,completed_only,4,0.2,2
batch_dist_ternary_butan-1-ol+propan-2-ol+water__operating_point_029__test_anormal_experiment_001,operating_point_029,0.6924970709609258,0.6471698,0.6924970709609258,True,completed_only,4,0.2,2
batch_dist_ternary_butan-1-ol+propan-2-ol+water__operating_point_029__train_normal_experiment_001,operating_point_029,0.7360743665816829,0.67412996,0.7360743665816829,False,completed_only,4,0.2,2
batch_dist_ternary_butan-1-ol+propan-2-ol+water__operating_point_008__test_anormal_experiment_001,operating_point_008,0.6431476053470059,0.6148648,0.6431476053470059,True,static_initial,4,0.2,2
batch_dist_ternary_butan-1-ol+propan-2-ol+water__operating_point_008__test_anormal_experiment_002,operating_point_008,0.4951805548141248,0.6645324,0.4951805548141248,False,static_initial,4,0.2,2
batch_dist_ternary_butan-1-ol+propan-2-ol+water__operating_point_016__test_anormal_experiment_001,operating_point_016,0.6868716597635698,0.8616018,0.6868716597635698,False,static_initial,4,0.2,2
batch_dist_ternary_butan-1-ol+propan-2-ol+water__operating_point_016__train_normal_experiment_001,operating_point_016,0.6853377264416467,0.88524145,0.6853377264416467,False,static_initial,4,0.2,2
batch_dist_ternary_butan-1-ol+propan-2-ol+water__operating_point_019__train_normal_experiment_001,operating_point_019,0.6843396585895098,0.646798,0.6843396585895098,True,static_initial,4,0.2,2
batch_dist_ternary_butan-1-ol+propan-2-ol+water__operating_point_021__test_anormal_experiment_001,operating_point_021,0.6810379391813758,0.6329633,0.6810379391813758,True,static_initial,4,0.2,2
batch_dist_ternary_butan-1-ol+propan-2-ol+water__operating_point_021__train_normal_experiment_001,operating_point_021,0.6865506494627645,0.66813034,0.6865506494627645,False,static_initial,4,0.2,2
batch_dist_ternary_butan-1-ol+propan-2-ol+water__operating_point_029__test_anormal_experiment_001,operating_point_029,0.6924970709609258,0.62918216,0.6924970709609258,True,static_initial,4,0.2,2
batch_dist_ternary_butan-1-ol+propan-2-ol+water__operating_point_029__train_normal_experiment_001,operating_point_029,0.7360743665816829,0.70056266,0.7360743665816829,False,static_initial,4,0.2,2
batch_dist_ternary_butan-1-ol+propan-2-ol+water__operating_point_003__test_anormal_experiment_001,operating_point_003,0.6798616082775178,0.6335493,0.6798616082775178,True,oracle_all_endpoints,4,0.2,3
batch_dist_ternary_butan-1-ol+propan-2-ol+water__operating_point_003__test_anormal_experiment_002,operating_point_003,0.6791228505010427,0.66259784,0.6791228505010427,False,oracle_all_endpoints,4,0.2,3
batch_dist_ternary_butan-1-ol+propan-2-ol+water__operating_point_003__test_anormal_experiment_003,operating_point_003,0.4978361788418457,0.65438116,0.4978361788418457,True,oracle_all_endpoints,4,0.2,3
batch_dist_ternary_butan-1-ol+propan-2-ol+water__operating_point_003__test_anormal_experiment_004,operating_point_003,0.6483102124519635,0.6619304,0.6483102124519635,False,oracle_all_endpoints,4,0.2,3
batch_dist_ternary_butan-1-ol+propan-2-ol+water__operating_point_003__test_anormal_experiment_009,operating_point_003,0.6782545548418413,0.6834288,0.6782545548418413,False,oracle_all_endpoints,4,0.2,3
batch_dist_ternary_butan-1-ol+propan-2-ol+water__operating_point_003__train_normal_experiment_001,operating_point_003,0.6700350017604239,0.6918611,0.6700350017604239,False,oracle_all_endpoints,4,0.2,3
batch_dist_ternary_butan-1-ol+propan-2-ol+water__operating_point_020__train_normal_experiment_001,operating_point_020,0.6924323198414503,0.74777645,0.6924323198414503,False,oracle_all_endpoints,4,0.2,3
batch_dist_ternary_butan-1-ol+propan-2-ol+water__operating_point_030__test_anormal_experiment_001,operating_point_030,0.4914092846637076,0.7574804,0.4914092846637076,False,oracle_all_endpoints,4,0.2,3
batch_dist_ternary_butan-1-ol+propan-2-ol+water__operating_point_030__test_anormal_experiment_002,operating_point_030,0.7482780850605174,0.69808656,0.7482780850605174,False,oracle_all_endpoints,4,0.2,3
batch_dist_ternary_butan-1-ol+propan-2-ol+water__operating_point_030__train_normal_experiment_001,operating_point_030,0.8727910974666653,0.77247316,0.8727910974666653,False,oracle_all_endpoints,4,0.2,3
batch_dist_ternary_butan-1-ol+propan-2-ol+water__operating_point_003__test_anormal_experiment_001,operating_point_003,0.6798616082775178,0.6579772,0.6798616082775178,True,completed_only,4,0.2,3
batch_dist_ternary_butan-1-ol+propan-2-ol+water__operating_point_003__test_anormal_experiment_002,operating_point_003,0.6791228505010427,0.6258936,0.6791228505010427,True,completed_only,4,0.2,3
batch_dist_ternary_butan-1-ol+propan-2-ol+water__operating_point_003__test_anormal_experiment_003,operating_point_003,0.4978361788418457,0.66488725,0.4978361788418457,False,completed_only,4,0.2,3
batch_dist_ternary_butan-1-ol+propan-2-ol+water__operating_point_003__test_anormal_experiment_004,operating_point_003,0.6483102124519635,0.6519737,0.6483102124519635,True,completed_only,4,0.2,3
batch_dist_ternary_butan-1-ol+propan-2-ol+water__operating_point_003__test_anormal_experiment_009,operating_point_003,0.6782545548418413,0.6939058,0.6782545548418413,False,completed_only,4,0.2,3
batch_dist_ternary_butan-1-ol+propan-2-ol+water__operating_point_003__train_normal_experiment_001,operating_point_003,0.6700350017604239,0.6558024,0.6700350017604239,True,completed_only,4,0.2,3
batch_dist_ternary_butan-1-ol+propan-2-ol+water__operating_point_020__train_normal_experiment_001,operating_point_020,0.6924323198414503,0.72894394,0.6924323198414503,False,completed_only,4,0.2,3
batch_dist_ternary_butan-1-ol+propan-2-ol+water__operating_point_030__test_anormal_experiment_001,operating_point_030,0.4914092846637076,0.8061375,0.4914092846637076,False,completed_only,4,0.2,3
batch_dist_ternary_butan-1-ol+propan-2-ol+water__operating_point_030__test_anormal_experiment_002,operating_point_030,0.7482780850605174,0.6898533,0.7482780850605174,False,completed_only,4,0.2,3
batch_dist_ternary_butan-1-ol+propan-2-ol+water__operating_point_030__train_normal_experiment_001,operating_point_030,0.8727910974666653,0.8115695,0.8727910974666653,False,completed_only,4,0.2,3
batch_dist_ternary_butan-1-ol+propan-2-ol+water__operating_point_003__test_anormal_experiment_001,operating_point_003,0.6798616082775178,0.6628593,0.6798616082775178,False,static_initial,4,0.2,3
batch_dist_ternary_butan-1-ol+propan-2-ol+water__operating_point_003__test_anormal_experiment_002,operating_point_003,0.6791228505010427,0.62660474,0.6791228505010427,True,static_initial,4,0.2,3
batch_dist_ternary_butan-1-ol+propan-2-ol+water__operating_point_003__test_anormal_experiment_003,operating_point_003,0.4978361788418457,0.6681701,0.4978361788418457,False,static_initial,4,0.2,3
batch_dist_ternary_butan-1-ol+propan-2-ol+water__operating_point_003__test_anormal_experiment_004,operating_point_003,0.6483102124519635,0.66241366,0.6483102124519635,False,static_initial,4,0.2,3
batch_dist_ternary_butan-1-ol+propan-2-ol+water__operating_point_003__test_anormal_experiment_009,operating_point_003,0.6782545548418413,0.6576941,0.6782545548418413,True,static_initial,4,0.2,3
batch_dist_ternary_butan-1-ol+propan-2-ol+water__operating_point_003__train_normal_experiment_001,operating_point_003,0.6700350017604239,0.634169,0.6700350017604239,True,static_initial,4,0.2,3
batch_dist_ternary_butan-1-ol+propan-2-ol+water__operating_point_020__train_normal_experiment_001,operating_point_020,0.6924323198414503,0.8732888,0.6924323198414503,False,static_initial,4,0.2,3
batch_dist_ternary_butan-1-ol+propan-2-ol+water__operating_point_030__test_anormal_experiment_001,operating_point_030,0.4914092846637076,0.6975928,0.4914092846637076,False,static_initial,4,0.2,3
batch_dist_ternary_butan-1-ol+propan-2-ol+water__operating_point_030__test_anormal_experiment_002,operating_point_030,0.7482780850605174,0.69254386,0.7482780850605174,False,static_initial,4,0.2,3
batch_dist_ternary_butan-1-ol+propan-2-ol+water__operating_point_030__train_normal_experiment_001,operating_point_030,0.8727910974666653,0.8369879,0.8727910974666653,False,static_initial,4,0.2,3
batch_dist_ternary_butan-1-ol+propan-2-ol+water__operating_point_007__test_anormal_experiment_001,operating_point_007,0.7207174072292262,0.68723965,0.7207174072292262,False,oracle_all_endpoints,4,0.2,4
batch_dist_ternary_butan-1-ol+propan-2-ol+water__operating_point_009__test_anormal_experiment_001,operating_point_009,0.7527630574755655,0.59481037,0.7527630574755655,True,oracle_all_endpoints,4,0.2,4
batch_dist_ternary_butan-1-ol+propan-2-ol+water__operating_point_009__test_anormal_experiment_002,operating_point_009,0.607867836942207,0.6806752,0.607867836942207,False,oracle_all_endpoints,4,0.2,4
batch_dist_ternary_butan-1-ol+propan-2-ol+water__operating_point_022__test_anormal_experiment_001,operating_point_022,0.6832104934548542,0.67006063,0.6832104934548542,False,oracle_all_endpoints,4,0.2,4
batch_dist_ternary_butan-1-ol+propan-2-ol+water__operating_point_022__train_normal_experiment_001,operating_point_022,0.6811837097008695,0.6478517,0.6811837097008695,True,oracle_all_endpoints,4,0.2,4
batch_dist_ternary_butan-1-ol+propan-2-ol+water__operating_point_028__test_anormal_experiment_002,operating_point_028,0.7279524080613684,0.834335,0.7279524080613684,False,oracle_all_endpoints,4,0.2,4
batch_dist_ternary_butan-1-ol+propan-2-ol+water__operating_point_028__train_normal_experiment_001,operating_point_028,0.698567173084311,0.79662365,0.698567173084311,False,oracle_all_endpoints,4,0.2,4
batch_dist_ternary_butan-1-ol+propan-2-ol+water__operating_point_035__train_normal_experiment_001,operating_point_035,0.6734789655266796,0.7275991,0.6734789655266796,False,oracle_all_endpoints,4,0.2,4
batch_dist_ternary_butan-1-ol+propan-2-ol+water__operating_point_007__test_anormal_experiment_001,operating_point_007,0.7207174072292262,0.70129526,0.7207174072292262,False,completed_only,4,0.2,4
batch_dist_ternary_butan-1-ol+propan-2-ol+water__operating_point_009__test_anormal_experiment_001,operating_point_009,0.7527630574755655,0.6066362,0.7527630574755655,True,completed_only,4,0.2,4
batch_dist_ternary_butan-1-ol+propan-2-ol+water__operating_point_009__test_anormal_experiment_002,operating_point_009,0.607867836942207,0.66931826,0.607867836942207,False,completed_only,4,0.2,4
batch_dist_ternary_butan-1-ol+propan-2-ol+water__operating_point_022__test_anormal_experiment_001,operating_point_022,0.6832104934548542,0.6740918,0.6832104934548542,False,completed_only,4,0.2,4
batch_dist_ternary_butan-1-ol+propan-2-ol+water__operating_point_022__train_normal_experiment_001,operating_point_022,0.6811837097008695,0.66672397,0.6811837097008695,False,completed_only,4,0.2,4
batch_dist_ternary_butan-1-ol+propan-2-ol+water__operating_point_028__test_anormal_experiment_002,operating_point_028,0.7279524080613684,0.86327,0.7279524080613684,False,completed_only,4,0.2,4
batch_dist_ternary_butan-1-ol+propan-2-ol+water__operating_point_028__train_normal_experiment_001,operating_point_028,0.698567173084311,0.8226252,0.698567173084311,False,completed_only,4,0.2,4
batch_dist_ternary_butan-1-ol+propan-2-ol+water__operating_point_035__train_normal_experiment_001,operating_point_035,0.6734789655266796,0.67837393,0.6734789655266796,False,completed_only,4,0.2,4
batch_dist_ternary_butan-1-ol+propan-2-ol+water__operating_point_007__test_anormal_experiment_001,operating_point_007,0.7207174072292262,0.68979114,0.7207174072292262,False,static_initial,4,0.2,4
batch_dist_ternary_butan-1-ol+propan-2-ol+water__operating_point_009__test_anormal_experiment_001,operating_point_009,0.7527630574755655,0.51667804,0.7527630574755655,True,static_initial,4,0.2,4
batch_dist_ternary_butan-1-ol+propan-2-ol+water__operating_point_009__test_anormal_experiment_002,operating_point_009,0.607867836942207,0.6495548,0.607867836942207,True,static_initial,4,0.2,4
batch_dist_ternary_butan-1-ol+propan-2-ol+water__operating_point_022__test_anormal_experiment_001,operating_point_022,0.6832104934548542,0.6361115,0.6832104934548542,True,static_initial,4,0.2,4
batch_dist_ternary_butan-1-ol+propan-2-ol+water__operating_point_022__train_normal_experiment_001,operating_point_022,0.6811837097008695,0.6581316,0.6811837097008695,True,static_initial,4,0.2,4
batch_dist_ternary_butan-1-ol+propan-2-ol+water__operating_point_028__test_anormal_experiment_002,operating_point_028,0.7279524080613684,0.9116452,0.7279524080613684,False,static_initial,4,0.2,4
batch_dist_ternary_butan-1-ol+propan-2-ol+water__operating_point_028__train_normal_experiment_001,operating_point_028,0.698567173084311,0.9008663,0.698567173084311,False,static_initial,4,0.2,4
batch_dist_ternary_butan-1-ol+propan-2-ol+water__operating_point_035__train_normal_experiment_001,operating_point_035,0.6734789655266796,0.76196355,0.6734789655266796,False,static_initial,4,0.2,4
batch_dist_ternary_butan-1-ol+propan-2-ol+water__operating_point_004__test_anormal_experiment_002,operating_point_004,0.9760909999802094,0.6116513,0.9760909999802094,True,oracle_all_endpoints,4,0.2,5
batch_dist_ternary_butan-1-ol+propan-2-ol+water__operating_point_004__train_normal_experiment_001,operating_point_004,0.6628950621746553,0.59312373,0.6628950621746553,True,oracle_all_endpoints,4,0.2,5
batch_dist_ternary_butan-1-ol+propan-2-ol+water__operating_point_015__test_anormal_experiment_001,operating_point_015,0.721089595799512,0.6353867,0.721089595799512,True,oracle_all_endpoints,4,0.2,5
batch_dist_ternary_butan-1-ol+propan-2-ol+water__operating_point_015__train_normal_experiment_001,operating_point_015,0.6844901545813868,0.6417924,0.6844901545813868,True,oracle_all_endpoints,4,0.2,5
batch_dist_ternary_butan-1-ol+propan-2-ol+water__operating_point_017__test_anormal_experiment_001,operating_point_017,0.6789549894914293,0.6847126,0.6789549894914293,False,oracle_all_endpoints,4,0.2,5
batch_dist_ternary_butan-1-ol+propan-2-ol+water__operating_point_017__train_normal_experiment_001,operating_point_017,0.6724500963647279,0.65967965,0.6724500963647279,False,oracle_all_endpoints,4,0.2,5
batch_dist_ternary_butan-1-ol+propan-2-ol+water__operating_point_027__test_anormal_experiment_001,operating_point_027,0.6868156592785594,0.7200655,0.6868156592785594,False,oracle_all_endpoints,4,0.2,5
batch_dist_ternary_butan-1-ol+propan-2-ol+water__operating_point_027__train_normal_experiment_001,operating_point_027,0.6885324241890521,0.6849188,0.6885324241890521,False,oracle_all_endpoints,4,0.2,5
batch_dist_ternary_butan-1-ol+propan-2-ol+water__operating_point_033__train_normal_experiment_001,operating_point_033,0.6032216753142463,0.7197014,0.6032216753142463,False,oracle_all_endpoints,4,0.2,5
batch_dist_ternary_butan-1-ol+propan-2-ol+water__operating_point_004__test_anormal_experiment_002,operating_point_004,0.9760909999802094,0.6504236,0.9760909999802094,True,completed_only,4,0.2,5
batch_dist_ternary_butan-1-ol+propan-2-ol+water__operating_point_004__train_normal_experiment_001,operating_point_004,0.6628950621746553,0.6241315,0.6628950621746553,True,completed_only,4,0.2,5
batch_dist_ternary_butan-1-ol+propan-2-ol+water__operating_point_015__test_anormal_experiment_001,operating_point_015,0.721089595799512,0.66635674,0.721089595799512,False,completed_only,4,0.2,5
batch_dist_ternary_butan-1-ol+propan-2-ol+water__operating_point_015__train_normal_experiment_001,operating_point_015,0.6844901545813868,0.63380194,0.6844901545813868,True,completed_only,4,0.2,5
batch_dist_ternary_butan-1-ol+propan-2-ol+water__operating_point_017__test_anormal_experiment_001,operating_point_017,0.6789549894914293,0.68878365,0.6789549894914293,False,completed_only,4,0.2,5
batch_dist_ternary_butan-1-ol+propan-2-ol+water__operating_point_017__train_normal_experiment_001,operating_point_017,0.6724500963647279,0.6389887,0.6724500963647279,True,completed_only,4,0.2,5
batch_dist_ternary_butan-1-ol+propan-2-ol+water__operating_point_027__test_anormal_experiment_001,operating_point_027,0.6868156592785594,0.73386365,0.6868156592785594,False,completed_only,4,0.2,5
batch_dist_ternary_butan-1-ol+propan-2-ol+water__operating_point_027__train_normal_experiment_001,operating_point_027,0.6885324241890521,0.7044432,0.6885324241890521,False,completed_only,4,0.2,5
batch_dist_ternary_butan-1-ol+propan-2-ol+water__operating_point_033__train_normal_experiment_001,operating_point_033,0.6032216753142463,0.73614615,0.6032216753142463,False,completed_only,4,0.2,5
batch_dist_ternary_butan-1-ol+propan-2-ol+water__operating_point_004__test_anormal_experiment_002,operating_point_004,0.9760909999802094,0.5661228,0.9760909999802094,True,static_initial,4,0.2,5
batch_dist_ternary_butan-1-ol+propan-2-ol+water__operating_point_004__train_normal_experiment_001,operating_point_004,0.6628950621746553,0.66173536,0.6628950621746553,False,static_initial,4,0.2,5
batch_dist_ternary_butan-1-ol+propan-2-ol+water__operating_point_015__test_anormal_experiment_001,operating_point_015,0.721089595799512,0.6348624,0.721089595799512,True,static_initial,4,0.2,5
batch_dist_ternary_butan-1-ol+propan-2-ol+water__operating_point_015__train_normal_experiment_001,operating_point_015,0.6844901545813868,0.6549798,0.6844901545813868,True,static_initial,4,0.2,5
batch_dist_ternary_butan-1-ol+propan-2-ol+water__operating_point_017__test_anormal_experiment_001,operating_point_017,0.6789549894914293,0.66526294,0.6789549894914293,False,static_initial,4,0.2,5
batch_dist_ternary_butan-1-ol+propan-2-ol+water__operating_point_017__train_normal_experiment_001,operating_point_017,0.6724500963647279,0.6216529,0.6724500963647279,True,static_initial,4,0.2,5
batch_dist_ternary_butan-1-ol+propan-2-ol+water__operating_point_027__test_anormal_experiment_001,operating_point_027,0.6868156592785594,0.7113548,0.6868156592785594,False,static_initial,4,0.2,5
batch_dist_ternary_butan-1-ol+propan-2-ol+water__operating_point_027__train_normal_experiment_001,operating_point_027,0.6885324241890521,0.7104787,0.6885324241890521,False,static_initial,4,0.2,5
batch_dist_ternary_butan-1-ol+propan-2-ol+water__operating_point_033__train_normal_experiment_001,operating_point_033,0.6032216753142463,0.68910605,0.6032216753142463,False,static_initial,4,0.2,5
batch_dist_ternary_butan-1-ol+propan-2-ol+water__operating_point_012__test_anormal_experiment_001,operating_point_012,0.6847629577536862,0.689761,0.6847629577536862,False,oracle_all_endpoints,4,0.3,1
batch_dist_ternary_butan-1-ol+propan-2-ol+water__operating_point_012__test_anormal_experiment_002,operating_point_012,0.6934751622305062,0.71251845,0.6934751622305062,False,oracle_all_endpoints,4,0.3,1
batch_dist_ternary_butan-1-ol+propan-2-ol+water__operating_point_013__train_normal_experiment_001,operating_point_013,0.6950454537431681,0.6875904,0.6950454537431681,False,oracle_all_endpoints,4,0.3,1
batch_dist_ternary_butan-1-ol+propan-2-ol+water__operating_point_018__test_anormal_experiment_001,operating_point_018,0.678697259715983,0.60493255,0.678697259715983,True,oracle_all_endpoints,4,0.3,1
batch_dist_ternary_butan-1-ol+propan-2-ol+water__operating_point_018__train_normal_experiment_001,operating_point_018,0.6821390035930127,0.6727447,0.6821390035930127,False,oracle_all_endpoints,4,0.3,1
batch_dist_ternary_butan-1-ol+propan-2-ol+water__operating_point_026__test_anormal_experiment_001,operating_point_026,0.676670446781282,0.674581,0.676670446781282,False,oracle_all_endpoints,4,0.3,1
batch_dist_ternary_butan-1-ol+propan-2-ol+water__operating_point_026__test_anormal_experiment_002,operating_point_026,0.6789898851018339,0.633223,0.6789898851018339,True,oracle_all_endpoints,4,0.3,1
batch_dist_ternary_butan-1-ol+propan-2-ol+water__operating_point_026__train_normal_experiment_001,operating_point_026,0.681401563038853,0.68289644,0.681401563038853,False,oracle_all_endpoints,4,0.3,1
batch_dist_ternary_butan-1-ol+propan-2-ol+water__operating_point_012__test_anormal_experiment_001,operating_point_012,0.6847629577536862,0.6922766,0.6847629577536862,False,completed_only,4,0.3,1
batch_dist_ternary_butan-1-ol+propan-2-ol+water__operating_point_012__test_anormal_experiment_002,operating_point_012,0.6934751622305062,0.7211553,0.6934751622305062,False,completed_only,4,0.3,1
batch_dist_ternary_butan-1-ol+propan-2-ol+water__operating_point_013__train_normal_experiment_001,operating_point_013,0.6950454537431681,0.660032,0.6950454537431681,True,completed_only,4,0.3,1
batch_dist_ternary_butan-1-ol+propan-2-ol+water__operating_point_018__test_anormal_experiment_001,operating_point_018,0.678697259715983,0.6288206,0.678697259715983,True,completed_only,4,0.3,1
batch_dist_ternary_butan-1-ol+propan-2-ol+water__operating_point_018__train_normal_experiment_001,operating_point_018,0.6821390035930127,0.6771781,0.6821390035930127,False,completed_only,4,0.3,1
batch_dist_ternary_butan-1-ol+propan-2-ol+water__operating_point_026__test_anormal_experiment_001,operating_point_026,0.676670446781282,0.682665,0.676670446781282,False,completed_only,4,0.3,1
batch_dist_ternary_butan-1-ol+propan-2-ol+water__operating_point_026__test_anormal_experiment_002,operating_point_026,0.6789898851018339,0.64252365,0.6789898851018339,True,completed_only,4,0.3,1
batch_dist_ternary_butan-1-ol+propan-2-ol+water__operating_point_026__train_normal_experiment_001,operating_point_026,0.681401563038853,0.6972403,0.681401563038853,False,completed_only,4,0.3,1
batch_dist_ternary_butan-1-ol+propan-2-ol+water__operating_point_012__test_anormal_experiment_001,operating_point_012,0.6847629577536862,0.6611855,0.6847629577536862,True,static_initial,4,0.3,1
batch_dist_ternary_butan-1-ol+propan-2-ol+water__operating_point_012__test_anormal_experiment_002,operating_point_012,0.6934751622305062,0.6908657,0.6934751622305062,False,static_initial,4,0.3,1
batch_dist_ternary_butan-1-ol+propan-2-ol+water__operating_point_013__train_normal_experiment_001,operating_point_013,0.6950454537431681,0.64479494,0.6950454537431681,True,static_initial,4,0.3,1
batch_dist_ternary_butan-1-ol+propan-2-ol+water__operating_point_018__test_anormal_experiment_001,operating_point_018,0.678697259715983,0.6269709,0.678697259715983,True,static_initial,4,0.3,1
batch_dist_ternary_butan-1-ol+propan-2-ol+water__operating_point_018__train_normal_experiment_001,operating_point_018,0.6821390035930127,0.6726568,0.6821390035930127,False,static_initial,4,0.3,1
batch_dist_ternary_butan-1-ol+propan-2-ol+water__operating_point_026__test_anormal_experiment_001,operating_point_026,0.676670446781282,0.678409,0.676670446781282,False,static_initial,4,0.3,1
batch_dist_ternary_butan-1-ol+propan-2-ol+water__operating_point_026__test_anormal_experiment_002,operating_point_026,0.6789898851018339,0.6298658,0.6789898851018339,True,static_initial,4,0.3,1
batch_dist_ternary_butan-1-ol+propan-2-ol+water__operating_point_026__train_normal_experiment_001,operating_point_026,0.681401563038853,0.69259536,0.681401563038853,False,static_initial,4,0.3,1
batch_dist_ternary_butan-1-ol+propan-2-ol+water__operating_point_008__test_anormal_experiment_001,operating_point_008,0.6431476053470059,0.65617466,0.6431476053470059,True,oracle_all_endpoints,4,0.3,2
batch_dist_ternary_butan-1-ol+propan-2-ol+water__operating_point_008__test_anormal_experiment_002,operating_point_008,0.4951805548141248,0.64692783,0.4951805548141248,True,oracle_all_endpoints,4,0.3,2
batch_dist_ternary_butan-1-ol+propan-2-ol+water__operating_point_016__test_anormal_experiment_001,operating_point_016,0.6868716597635698,0.8647947,0.6868716597635698,False,oracle_all_endpoints,4,0.3,2
batch_dist_ternary_butan-1-ol+propan-2-ol+water__operating_point_016__train_normal_experiment_001,operating_point_016,0.6853377264416467,0.8982478,0.6853377264416467,False,oracle_all_endpoints,4,0.3,2
batch_dist_ternary_butan-1-ol+propan-2-ol+water__operating_point_019__train_normal_experiment_001,operating_point_019,0.6843396585895098,0.6785247,0.6843396585895098,False,oracle_all_endpoints,4,0.3,2
batch_dist_ternary_butan-1-ol+propan-2-ol+water__operating_point_021__test_anormal_experiment_001,operating_point_021,0.6810379391813758,0.67888373,0.6810379391813758,False,oracle_all_endpoints,4,0.3,2
batch_dist_ternary_butan-1-ol+propan-2-ol+water__operating_point_021__train_normal_experiment_001,operating_point_021,0.6865506494627645,0.66535026,0.6865506494627645,True,oracle_all_endpoints,4,0.3,2
batch_dist_ternary_butan-1-ol+propan-2-ol+water__operating_point_029__test_anormal_experiment_001,operating_point_029,0.6924970709609258,0.59230924,0.6924970709609258,True,oracle_all_endpoints,4,0.3,2
batch_dist_ternary_butan-1-ol+propan-2-ol+water__operating_point_029__train_normal_experiment_001,operating_point_029,0.7360743665816829,0.6661836,0.7360743665816829,False,oracle_all_endpoints,4,0.3,2
batch_dist_ternary_butan-1-ol+propan-2-ol+water__operating_point_008__test_anormal_experiment_001,operating_point_008,0.6431476053470059,0.62793493,0.6431476053470059,True,completed_only,4,0.3,2
batch_dist_ternary_butan-1-ol+propan-2-ol+water__operating_point_008__test_anormal_experiment_002,operating_point_008,0.4951805548141248,0.65243906,0.4951805548141248,True,completed_only,4,0.3,2
batch_dist_ternary_butan-1-ol+propan-2-ol+water__operating_point_016__test_anormal_experiment_001,operating_point_016,0.6868716597635698,0.86899775,0.6868716597635698,False,completed_only,4,0.3,2
batch_dist_ternary_butan-1-ol+propan-2-ol+water__operating_point_016__train_normal_experiment_001,operating_point_016,0.6853377264416467,0.8997388,0.6853377264416467,False,completed_only,4,0.3,2
batch_dist_ternary_butan-1-ol+propan-2-ol+water__operating_point_019__train_normal_experiment_001,operating_point_019,0.6843396585895098,0.6549966,0.6843396585895098,True,completed_only,4,0.3,2
batch_dist_ternary_butan-1-ol+propan-2-ol+water__operating_point_021__test_anormal_experiment_001,operating_point_021,0.6810379391813758,0.64187324,0.6810379391813758,True,completed_only,4,0.3,2
batch_dist_ternary_butan-1-ol+propan-2-ol+water__operating_point_021__train_normal_experiment_001,operating_point_021,0.6865506494627645,0.6659047,0.6865506494627645,False,completed_only,4,0.3,2
batch_dist_ternary_butan-1-ol+propan-2-ol+water__operating_point_029__test_anormal_experiment_001,operating_point_029,0.6924970709609258,0.6333903,0.6924970709609258,True,completed_only,4,0.3,2
batch_dist_ternary_butan-1-ol+propan-2-ol+water__operating_point_029__train_normal_experiment_001,operating_point_029,0.7360743665816829,0.66347635,0.7360743665816829,True,completed_only,4,0.3,2
batch_dist_ternary_butan-1-ol+propan-2-ol+water__operating_point_008__test_anormal_experiment_001,operating_point_008,0.6431476053470059,0.6148648,0.6431476053470059,True,static_initial,4,0.3,2
batch_dist_ternary_butan-1-ol+propan-2-ol+water__operating_point_008__test_anormal_experiment_002,operating_point_008,0.4951805548141248,0.6645324,0.4951805548141248,True,static_initial,4,0.3,2
batch_dist_ternary_butan-1-ol+propan-2-ol+water__operating_point_016__test_anormal_experiment_001,operating_point_016,0.6868716597635698,0.8616018,0.6868716597635698,False,static_initial,4,0.3,2
batch_dist_ternary_butan-1-ol+propan-2-ol+water__operating_point_016__train_normal_experiment_001,operating_point_016,0.6853377264416467,0.88524145,0.6853377264416467,False,static_initial,4,0.3,2
batch_dist_ternary_butan-1-ol+propan-2-ol+water__operating_point_019__train_normal_experiment_001,operating_point_019,0.6843396585895098,0.646798,0.6843396585895098,True,static_initial,4,0.3,2
batch_dist_ternary_butan-1-ol+propan-2-ol+water__operating_point_021__test_anormal_experiment_001,operating_point_021,0.6810379391813758,0.6329633,0.6810379391813758,True,static_initial,4,0.3,2
batch_dist_ternary_butan-1-ol+propan-2-ol+water__operating_point_021__train_normal_experiment_001,operating_point_021,0.6865506494627645,0.66813034,0.6865506494627645,False,static_initial,4,0.3,2
batch_dist_ternary_butan-1-ol+propan-2-ol+water__operating_point_029__test_anormal_experiment_001,operating_point_029,0.6924970709609258,0.62918216,0.6924970709609258,True,static_initial,4,0.3,2
batch_dist_ternary_butan-1-ol+propan-2-ol+water__operating_point_029__train_normal_experiment_001,operating_point_029,0.7360743665816829,0.70056266,0.7360743665816829,False,static_initial,4,0.3,2
batch_dist_ternary_butan-1-ol+propan-2-ol+water__operating_point_003__test_anormal_experiment_001,operating_point_003,0.6798616082775178,0.6335493,0.6798616082775178,True,oracle_all_endpoints,4,0.3,3
batch_dist_ternary_butan-1-ol+propan-2-ol+water__operating_point_003__test_anormal_experiment_002,operating_point_003,0.6791228505010427,0.66259784,0.6791228505010427,True,oracle_all_endpoints,4,0.3,3
batch_dist_ternary_butan-1-ol+propan-2-ol+water__operating_point_003__test_anormal_experiment_003,operating_point_003,0.4978361788418457,0.65438116,0.4978361788418457,True,oracle_all_endpoints,4,0.3,3
batch_dist_ternary_butan-1-ol+propan-2-ol+water__operating_point_003__test_anormal_experiment_004,operating_point_003,0.6483102124519635,0.6619304,0.6483102124519635,True,oracle_all_endpoints,4,0.3,3
batch_dist_ternary_butan-1-ol+propan-2-ol+water__operating_point_003__test_anormal_experiment_009,operating_point_003,0.6782545548418413,0.6834288,0.6782545548418413,False,oracle_all_endpoints,4,0.3,3
batch_dist_ternary_butan-1-ol+propan-2-ol+water__operating_point_003__train_normal_experiment_001,operating_point_003,0.6700350017604239,0.6918611,0.6700350017604239,False,oracle_all_endpoints,4,0.3,3
batch_dist_ternary_butan-1-ol+propan-2-ol+water__operating_point_020__train_normal_experiment_001,operating_point_020,0.6924323198414503,0.74777645,0.6924323198414503,False,oracle_all_endpoints,4,0.3,3
batch_dist_ternary_butan-1-ol+propan-2-ol+water__operating_point_030__test_anormal_experiment_001,operating_point_030,0.4914092846637076,0.7574804,0.4914092846637076,False,oracle_all_endpoints,4,0.3,3
batch_dist_ternary_butan-1-ol+propan-2-ol+water__operating_point_030__test_anormal_experiment_002,operating_point_030,0.7482780850605174,0.69808656,0.7482780850605174,False,oracle_all_endpoints,4,0.3,3
batch_dist_ternary_butan-1-ol+propan-2-ol+water__operating_point_030__train_normal_experiment_001,operating_point_030,0.8727910974666653,0.77247316,0.8727910974666653,False,oracle_all_endpoints,4,0.3,3
batch_dist_ternary_butan-1-ol+propan-2-ol+water__operating_point_003__test_anormal_experiment_001,operating_point_003,0.6798616082775178,0.65419024,0.6798616082775178,True,completed_only,4,0.3,3
batch_dist_ternary_butan-1-ol+propan-2-ol+water__operating_point_003__test_anormal_experiment_002,operating_point_003,0.6791228505010427,0.64062417,0.6791228505010427,True,completed_only,4,0.3,3
batch_dist_ternary_butan-1-ol+propan-2-ol+water__operating_point_003__test_anormal_experiment_003,operating_point_003,0.4978361788418457,0.65807045,0.4978361788418457,True,completed_only,4,0.3,3
batch_dist_ternary_butan-1-ol+propan-2-ol+water__operating_point_003__test_anormal_experiment_004,operating_point_003,0.6483102124519635,0.65399384,0.6483102124519635,True,completed_only,4,0.3,3
batch_dist_ternary_butan-1-ol+propan-2-ol+water__operating_point_003__test_anormal_experiment_009,operating_point_003,0.6782545548418413,0.71218425,0.6782545548418413,False,completed_only,4,0.3,3
batch_dist_ternary_butan-1-ol+propan-2-ol+water__operating_point_003__train_normal_experiment_001,operating_point_003,0.6700350017604239,0.6519932,0.6700350017604239,True,completed_only,4,0.3,3
batch_dist_ternary_butan-1-ol+propan-2-ol+water__operating_point_020__train_normal_experiment_001,operating_point_020,0.6924323198414503,0.7154803,0.6924323198414503,False,completed_only,4,0.3,3
batch_dist_ternary_butan-1-ol+propan-2-ol+water__operating_point_030__test_anormal_experiment_001,operating_point_030,0.4914092846637076,0.82679087,0.4914092846637076,False,completed_only,4,0.3,3
batch_dist_ternary_butan-1-ol+propan-2-ol+water__operating_point_030__test_anormal_experiment_002,operating_point_030,0.7482780850605174,0.65781426,0.7482780850605174,True,completed_only,4,0.3,3
batch_dist_ternary_butan-1-ol+propan-2-ol+water__operating_point_030__train_normal_experiment_001,operating_point_030,0.8727910974666653,0.77984107,0.8727910974666653,False,completed_only,4,0.3,3
batch_dist_ternary_butan-1-ol+propan-2-ol+water__operating_point_003__test_anormal_experiment_001,operating_point_003,0.6798616082775178,0.6628593,0.6798616082775178,True,static_initial,4,0.3,3
batch_dist_ternary_butan-1-ol+propan-2-ol+water__operating_point_003__test_anormal_experiment_002,operating_point_003,0.6791228505010427,0.62660474,0.6791228505010427,True,static_initial,4,0.3,3
batch_dist_ternary_butan-1-ol+propan-2-ol+water__operating_point_003__test_anormal_experiment_003,operating_point_003,0.4978361788418457,0.6681701,0.4978361788418457,False,static_initial,4,0.3,3
batch_dist_ternary_butan-1-ol+propan-2-ol+water__operating_point_003__test_anormal_experiment_004,operating_point_003,0.6483102124519635,0.66241366,0.6483102124519635,True,static_initial,4,0.3,3
batch_dist_ternary_butan-1-ol+propan-2-ol+water__operating_point_003__test_anormal_experiment_009,operating_point_003,0.6782545548418413,0.6576941,0.6782545548418413,True,static_initial,4,0.3,3
batch_dist_ternary_butan-1-ol+propan-2-ol+water__operating_point_003__train_normal_experiment_001,operating_point_003,0.6700350017604239,0.634169,0.6700350017604239,True,static_initial,4,0.3,3
batch_dist_ternary_butan-1-ol+propan-2-ol+water__operating_point_020__train_normal_experiment_001,operating_point_020,0.6924323198414503,0.8732888,0.6924323198414503,False,static_initial,4,0.3,3
batch_dist_ternary_butan-1-ol+propan-2-ol+water__operating_point_030__test_anormal_experiment_001,operating_point_030,0.4914092846637076,0.6975928,0.4914092846637076,False,static_initial,4,0.3,3
batch_dist_ternary_butan-1-ol+propan-2-ol+water__operating_point_030__test_anormal_experiment_002,operating_point_030,0.7482780850605174,0.69254386,0.7482780850605174,False,static_initial,4,0.3,3
batch_dist_ternary_butan-1-ol+propan-2-ol+water__operating_point_030__train_normal_experiment_001,operating_point_030,0.8727910974666653,0.8369879,0.8727910974666653,False,static_initial,4,0.3,3
batch_dist_ternary_butan-1-ol+propan-2-ol+water__operating_point_007__test_anormal_experiment_001,operating_point_007,0.7207174072292262,0.68723965,0.7207174072292262,False,oracle_all_endpoints,4,0.3,4
batch_dist_ternary_butan-1-ol+propan-2-ol+water__operating_point_009__test_anormal_experiment_001,operating_point_009,0.7527630574755655,0.59481037,0.7527630574755655,True,oracle_all_endpoints,4,0.3,4
batch_dist_ternary_butan-1-ol+propan-2-ol+water__operating_point_009__test_anormal_experiment_002,operating_point_009,0.607867836942207,0.6806752,0.607867836942207,False,oracle_all_endpoints,4,0.3,4
batch_dist_ternary_butan-1-ol+propan-2-ol+water__operating_point_022__test_anormal_experiment_001,operating_point_022,0.6832104934548542,0.67006063,0.6832104934548542,False,oracle_all_endpoints,4,0.3,4
batch_dist_ternary_butan-1-ol+propan-2-ol+water__operating_point_022__train_normal_experiment_001,operating_point_022,0.6811837097008695,0.6478517,0.6811837097008695,True,oracle_all_endpoints,4,0.3,4
batch_dist_ternary_butan-1-ol+propan-2-ol+water__operating_point_028__test_anormal_experiment_002,operating_point_028,0.7279524080613684,0.834335,0.7279524080613684,False,oracle_all_endpoints,4,0.3,4
batch_dist_ternary_butan-1-ol+propan-2-ol+water__operating_point_028__train_normal_experiment_001,operating_point_028,0.698567173084311,0.79662365,0.698567173084311,False,oracle_all_endpoints,4,0.3,4
batch_dist_ternary_butan-1-ol+propan-2-ol+water__operating_point_035__train_normal_experiment_001,operating_point_035,0.6734789655266796,0.7275991,0.6734789655266796,False,oracle_all_endpoints,4,0.3,4
batch_dist_ternary_butan-1-ol+propan-2-ol+water__operating_point_007__test_anormal_experiment_001,operating_point_007,0.7207174072292262,0.6966216,0.7207174072292262,False,completed_only,4,0.3,4
batch_dist_ternary_butan-1-ol+propan-2-ol+water__operating_point_009__test_anormal_experiment_001,operating_point_009,0.7527630574755655,0.5959222,0.7527630574755655,True,completed_only,4,0.3,4
batch_dist_ternary_butan-1-ol+propan-2-ol+water__operating_point_009__test_anormal_experiment_002,operating_point_009,0.607867836942207,0.6395259,0.607867836942207,True,completed_only,4,0.3,4
batch_dist_ternary_butan-1-ol+propan-2-ol+water__operating_point_022__test_anormal_experiment_001,operating_point_022,0.6832104934548542,0.66836613,0.6832104934548542,False,completed_only,4,0.3,4
batch_dist_ternary_butan-1-ol+propan-2-ol+water__operating_point_022__train_normal_experiment_001,operating_point_022,0.6811837097008695,0.663117,0.6811837097008695,True,completed_only,4,0.3,4
batch_dist_ternary_butan-1-ol+propan-2-ol+water__operating_point_028__test_anormal_experiment_002,operating_point_028,0.7279524080613684,0.86536914,0.7279524080613684,False,completed_only,4,0.3,4
batch_dist_ternary_butan-1-ol+propan-2-ol+water__operating_point_028__train_normal_experiment_001,operating_point_028,0.698567173084311,0.8458061,0.698567173084311,False,completed_only,4,0.3,4
batch_dist_ternary_butan-1-ol+propan-2-ol+water__operating_point_035__train_normal_experiment_001,operating_point_035,0.6734789655266796,0.71599716,0.6734789655266796,False,completed_only,4,0.3,4
batch_dist_ternary_butan-1-ol+propan-2-ol+water__operating_point_007__test_anormal_experiment_001,operating_point_007,0.7207174072292262,0.68979114,0.7207174072292262,False,static_initial,4,0.3,4
batch_dist_ternary_butan-1-ol+propan-2-ol+water__operating_point_009__test_anormal_experiment_001,operating_point_009,0.7527630574755655,0.51667804,0.7527630574755655,True,static_initial,4,0.3,4
batch_dist_ternary_butan-1-ol+propan-2-ol+water__operating_point_009__test_anormal_experiment_002,operating_point_009,0.607867836942207,0.6495548,0.607867836942207,True,static_initial,4,0.3,4
batch_dist_ternary_butan-1-ol+propan-2-ol+water__operating_point_022__test_anormal_experiment_001,operating_point_022,0.6832104934548542,0.6361115,0.6832104934548542,True,static_initial,4,0.3,4
batch_dist_ternary_butan-1-ol+propan-2-ol+water__operating_point_022__train_normal_experiment_001,operating_point_022,0.6811837097008695,0.6581316,0.6811837097008695,True,static_initial,4,0.3,4
batch_dist_ternary_butan-1-ol+propan-2-ol+water__operating_point_028__test_anormal_experiment_002,operating_point_028,0.7279524080613684,0.9116452,0.7279524080613684,False,static_initial,4,0.3,4
batch_dist_ternary_butan-1-ol+propan-2-ol+water__operating_point_028__train_normal_experiment_001,operating_point_028,0.698567173084311,0.9008663,0.698567173084311,False,static_initial,4,0.3,4
batch_dist_ternary_butan-1-ol+propan-2-ol+water__operating_point_035__train_normal_experiment_001,operating_point_035,0.6734789655266796,0.76196355,0.6734789655266796,False,static_initial,4,0.3,4
batch_dist_ternary_butan-1-ol+propan-2-ol+water__operating_point_004__test_anormal_experiment_002,operating_point_004,0.9760909999802094,0.6116513,0.9760909999802094,True,oracle_all_endpoints,4,0.3,5
batch_dist_ternary_butan-1-ol+propan-2-ol+water__operating_point_004__train_normal_experiment_001,operating_point_004,0.6628950621746553,0.59312373,0.6628950621746553,True,oracle_all_endpoints,4,0.3,5
batch_dist_ternary_butan-1-ol+propan-2-ol+water__operating_point_015__test_anormal_experiment_001,operating_point_015,0.721089595799512,0.6353867,0.721089595799512,True,oracle_all_endpoints,4,0.3,5
batch_dist_ternary_butan-1-ol+propan-2-ol+water__operating_point_015__train_normal_experiment_001,operating_point_015,0.6844901545813868,0.6417924,0.6844901545813868,True,oracle_all_endpoints,4,0.3,5
batch_dist_ternary_butan-1-ol+propan-2-ol+water__operating_point_017__test_anormal_experiment_001,operating_point_017,0.6789549894914293,0.6847126,0.6789549894914293,False,oracle_all_endpoints,4,0.3,5
batch_dist_ternary_butan-1-ol+propan-2-ol+water__operating_point_017__train_normal_experiment_001,operating_point_017,0.6724500963647279,0.65967965,0.6724500963647279,True,oracle_all_endpoints,4,0.3,5
batch_dist_ternary_butan-1-ol+propan-2-ol+water__operating_point_027__test_anormal_experiment_001,operating_point_027,0.6868156592785594,0.7200655,0.6868156592785594,False,oracle_all_endpoints,4,0.3,5
batch_dist_ternary_butan-1-ol+propan-2-ol+water__operating_point_027__train_normal_experiment_001,operating_point_027,0.6885324241890521,0.6849188,0.6885324241890521,False,oracle_all_endpoints,4,0.3,5
batch_dist_ternary_butan-1-ol+propan-2-ol+water__operating_point_033__train_normal_experiment_001,operating_point_033,0.6032216753142463,0.7197014,0.6032216753142463,False,oracle_all_endpoints,4,0.3,5
batch_dist_ternary_butan-1-ol+propan-2-ol+water__operating_point_004__test_anormal_experiment_002,operating_point_004,0.9760909999802094,0.66661006,0.9760909999802094,False,completed_only,4,0.3,5
batch_dist_ternary_butan-1-ol+propan-2-ol+water__operating_point_004__train_normal_experiment_001,operating_point_004,0.6628950621746553,0.66704094,0.6628950621746553,False,completed_only,4,0.3,5
batch_dist_ternary_butan-1-ol+propan-2-ol+water__operating_point_015__test_anormal_experiment_001,operating_point_015,0.721089595799512,0.6410931,0.721089595799512,True,completed_only,4,0.3,5
batch_dist_ternary_butan-1-ol+propan-2-ol+water__operating_point_015__train_normal_experiment_001,operating_point_015,0.6844901545813868,0.6461496,0.6844901545813868,True,completed_only,4,0.3,5
batch_dist_ternary_butan-1-ol+propan-2-ol+water__operating_point_017__test_anormal_experiment_001,operating_point_017,0.6789549894914293,0.6817728,0.6789549894914293,False,completed_only,4,0.3,5
batch_dist_ternary_butan-1-ol+propan-2-ol+water__operating_point_017__train_normal_experiment_001,operating_point_017,0.6724500963647279,0.6442507,0.6724500963647279,True,completed_only,4,0.3,5
batch_dist_ternary_butan-1-ol+propan-2-ol+water__operating_point_027__test_anormal_experiment_001,operating_point_027,0.6868156592785594,0.7186251,0.6868156592785594,False,completed_only,4,0.3,5
batch_dist_ternary_butan-1-ol+propan-2-ol+water__operating_point_027__train_normal_experiment_001,operating_point_027,0.6885324241890521,0.67832386,0.6885324241890521,False,completed_only,4,0.3,5
batch_dist_ternary_butan-1-ol+propan-2-ol+water__operating_point_033__train_normal_experiment_001,operating_point_033,0.6032216753142463,0.68676186,0.6032216753142463,False,completed_only,4,0.3,5
batch_dist_ternary_butan-1-ol+propan-2-ol+water__operating_point_004__test_anormal_experiment_002,operating_point_004,0.9760909999802094,0.5661228,0.9760909999802094,True,static_initial,4,0.3,5
batch_dist_ternary_butan-1-ol+propan-2-ol+water__operating_point_004__train_normal_experiment_001,operating_point_004,0.6628950621746553,0.66173536,0.6628950621746553,True,static_initial,4,0.3,5
batch_dist_ternary_butan-1-ol+propan-2-ol+water__operating_point_015__test_anormal_experiment_001,operating_point_015,0.721089595799512,0.6348624,0.721089595799512,True,static_initial,4,0.3,5
batch_dist_ternary_butan-1-ol+propan-2-ol+water__operating_point_015__train_normal_experiment_001,operating_point_015,0.6844901545813868,0.6549798,0.6844901545813868,True,static_initial,4,0.3,5
batch_dist_ternary_butan-1-ol+propan-2-ol+water__operating_point_017__test_anormal_experiment_001,operating_point_017,0.6789549894914293,0.66526294,0.6789549894914293,True,static_initial,4,0.3,5
batch_dist_ternary_butan-1-ol+propan-2-ol+water__operating_point_017__train_normal_experiment_001,operating_point_017,0.6724500963647279,0.6216529,0.6724500963647279,True,static_initial,4,0.3,5
batch_dist_ternary_butan-1-ol+propan-2-ol+water__operating_point_027__test_anormal_experiment_001,operating_point_027,0.6868156592785594,0.7113548,0.6868156592785594,False,static_initial,4,0.3,5
batch_dist_ternary_butan-1-ol+propan-2-ol+water__operating_point_027__train_normal_experiment_001,operating_point_027,0.6885324241890521,0.7104787,0.6885324241890521,False,static_initial,4,0.3,5
batch_dist_ternary_butan-1-ol+propan-2-ol+water__operating_point_033__train_normal_experiment_001,operating_point_033,0.6032216753142463,0.68910605,0.6032216753142463,False,static_initial,4,0.3,5
batch_dist_ternary_butan-1-ol+propan-2-ol+water__operating_point_012__test_anormal_experiment_001,operating_point_012,0.6847629577536862,0.689761,0.6847629577536862,False,oracle_all_endpoints,4,0.4,1
batch_dist_ternary_butan-1-ol+propan-2-ol+water__operating_point_012__test_anormal_experiment_002,operating_point_012,0.6934751622305062,0.71251845,0.6934751622305062,False,oracle_all_endpoints,4,0.4,1
batch_dist_ternary_butan-1-ol+propan-2-ol+water__operating_point_013__train_normal_experiment_001,operating_point_013,0.6950454537431681,0.6875904,0.6950454537431681,False,oracle_all_endpoints,4,0.4,1
batch_dist_ternary_butan-1-ol+propan-2-ol+water__operating_point_018__test_anormal_experiment_001,operating_point_018,0.678697259715983,0.60493255,0.678697259715983,True,oracle_all_endpoints,4,0.4,1
batch_dist_ternary_butan-1-ol+propan-2-ol+water__operating_point_018__train_normal_experiment_001,operating_point_018,0.6821390035930127,0.6727447,0.6821390035930127,False,oracle_all_endpoints,4,0.4,1
batch_dist_ternary_butan-1-ol+propan-2-ol+water__operating_point_026__test_anormal_experiment_001,operating_point_026,0.676670446781282,0.674581,0.676670446781282,False,oracle_all_endpoints,4,0.4,1
batch_dist_ternary_butan-1-ol+propan-2-ol+water__operating_point_026__test_anormal_experiment_002,operating_point_026,0.6789898851018339,0.633223,0.6789898851018339,True,oracle_all_endpoints,4,0.4,1
batch_dist_ternary_butan-1-ol+propan-2-ol+water__operating_point_026__train_normal_experiment_001,operating_point_026,0.681401563038853,0.68289644,0.681401563038853,False,oracle_all_endpoints,4,0.4,1
batch_dist_ternary_butan-1-ol+propan-2-ol+water__operating_point_012__test_anormal_experiment_001,operating_point_012,0.6847629577536862,0.6922766,0.6847629577536862,False,completed_only,4,0.4,1
batch_dist_ternary_butan-1-ol+propan-2-ol+water__operating_point_012__test_anormal_experiment_002,operating_point_012,0.6934751622305062,0.7211553,0.6934751622305062,False,completed_only,4,0.4,1
batch_dist_ternary_butan-1-ol+propan-2-ol+water__operating_point_013__train_normal_experiment_001,operating_point_013,0.6950454537431681,0.660032,0.6950454537431681,True,completed_only,4,0.4,1
batch_dist_ternary_butan-1-ol+propan-2-ol+water__operating_point_018__test_anormal_experiment_001,operating_point_018,0.678697259715983,0.6288206,0.678697259715983,True,completed_only,4,0.4,1
batch_dist_ternary_butan-1-ol+propan-2-ol+water__operating_point_018__train_normal_experiment_001,operating_point_018,0.6821390035930127,0.6771781,0.6821390035930127,False,completed_only,4,0.4,1
batch_dist_ternary_butan-1-ol+propan-2-ol+water__operating_point_026__test_anormal_experiment_001,operating_point_026,0.676670446781282,0.682665,0.676670446781282,False,completed_only,4,0.4,1
batch_dist_ternary_butan-1-ol+propan-2-ol+water__operating_point_026__test_anormal_experiment_002,operating_point_026,0.6789898851018339,0.64252365,0.6789898851018339,True,completed_only,4,0.4,1
batch_dist_ternary_butan-1-ol+propan-2-ol+water__operating_point_026__train_normal_experiment_001,operating_point_026,0.681401563038853,0.6972403,0.681401563038853,False,completed_only,4,0.4,1
batch_dist_ternary_butan-1-ol+propan-2-ol+water__operating_point_012__test_anormal_experiment_001,operating_point_012,0.6847629577536862,0.6611855,0.6847629577536862,True,static_initial,4,0.4,1
batch_dist_ternary_butan-1-ol+propan-2-ol+water__operating_point_012__test_anormal_experiment_002,operating_point_012,0.6934751622305062,0.6908657,0.6934751622305062,False,static_initial,4,0.4,1
batch_dist_ternary_butan-1-ol+propan-2-ol+water__operating_point_013__train_normal_experiment_001,operating_point_013,0.6950454537431681,0.64479494,0.6950454537431681,True,static_initial,4,0.4,1
batch_dist_ternary_butan-1-ol+propan-2-ol+water__operating_point_018__test_anormal_experiment_001,operating_point_018,0.678697259715983,0.6269709,0.678697259715983,True,static_initial,4,0.4,1
batch_dist_ternary_butan-1-ol+propan-2-ol+water__operating_point_018__train_normal_experiment_001,operating_point_018,0.6821390035930127,0.6726568,0.6821390035930127,False,static_initial,4,0.4,1
batch_dist_ternary_butan-1-ol+propan-2-ol+water__operating_point_026__test_anormal_experiment_001,operating_point_026,0.676670446781282,0.678409,0.676670446781282,False,static_initial,4,0.4,1
batch_dist_ternary_butan-1-ol+propan-2-ol+water__operating_point_026__test_anormal_experiment_002,operating_point_026,0.6789898851018339,0.6298658,0.6789898851018339,True,static_initial,4,0.4,1
batch_dist_ternary_butan-1-ol+propan-2-ol+water__operating_point_026__train_normal_experiment_001,operating_point_026,0.681401563038853,0.69259536,0.681401563038853,False,static_initial,4,0.4,1
batch_dist_ternary_butan-1-ol+propan-2-ol+water__operating_point_008__test_anormal_experiment_001,operating_point_008,0.6431476053470059,0.65617466,0.6431476053470059,True,oracle_all_endpoints,4,0.4,2
batch_dist_ternary_butan-1-ol+propan-2-ol+water__operating_point_008__test_anormal_experiment_002,operating_point_008,0.4951805548141248,0.64692783,0.4951805548141248,True,oracle_all_endpoints,4,0.4,2
batch_dist_ternary_butan-1-ol+propan-2-ol+water__operating_point_016__test_anormal_experiment_001,operating_point_016,0.6868716597635698,0.8647947,0.6868716597635698,False,oracle_all_endpoints,4,0.4,2
batch_dist_ternary_butan-1-ol+propan-2-ol+water__operating_point_016__train_normal_experiment_001,operating_point_016,0.6853377264416467,0.8982478,0.6853377264416467,False,oracle_all_endpoints,4,0.4,2
batch_dist_ternary_butan-1-ol+propan-2-ol+water__operating_point_019__train_normal_experiment_001,operating_point_019,0.6843396585895098,0.6785247,0.6843396585895098,False,oracle_all_endpoints,4,0.4,2
batch_dist_ternary_butan-1-ol+propan-2-ol+water__operating_point_021__test_anormal_experiment_001,operating_point_021,0.6810379391813758,0.67888373,0.6810379391813758,False,oracle_all_endpoints,4,0.4,2
batch_dist_ternary_butan-1-ol+propan-2-ol+water__operating_point_021__train_normal_experiment_001,operating_point_021,0.6865506494627645,0.66535026,0.6865506494627645,True,oracle_all_endpoints,4,0.4,2
batch_dist_ternary_butan-1-ol+propan-2-ol+water__operating_point_029__test_anormal_experiment_001,operating_point_029,0.6924970709609258,0.59230924,0.6924970709609258,True,oracle_all_endpoints,4,0.4,2
batch_dist_ternary_butan-1-ol+propan-2-ol+water__operating_point_029__train_normal_experiment_001,operating_point_029,0.7360743665816829,0.6661836,0.7360743665816829,True,oracle_all_endpoints,4,0.4,2
batch_dist_ternary_butan-1-ol+propan-2-ol+water__operating_point_008__test_anormal_experiment_001,operating_point_008,0.6431476053470059,0.62793493,0.6431476053470059,True,completed_only,4,0.4,2
batch_dist_ternary_butan-1-ol+propan-2-ol+water__operating_point_008__test_anormal_experiment_002,operating_point_008,0.4951805548141248,0.65243906,0.4951805548141248,True,completed_only,4,0.4,2
batch_dist_ternary_butan-1-ol+propan-2-ol+water__operating_point_016__test_anormal_experiment_001,operating_point_016,0.6868716597635698,0.86899775,0.6868716597635698,False,completed_only,4,0.4,2
batch_dist_ternary_butan-1-ol+propan-2-ol+water__operating_point_016__train_normal_experiment_001,operating_point_016,0.6853377264416467,0.8997388,0.6853377264416467,False,completed_only,4,0.4,2
batch_dist_ternary_butan-1-ol+propan-2-ol+water__operating_point_019__train_normal_experiment_001,operating_point_019,0.6843396585895098,0.6549966,0.6843396585895098,True,completed_only,4,0.4,2
batch_dist_ternary_butan-1-ol+propan-2-ol+water__operating_point_021__test_anormal_experiment_001,operating_point_021,0.6810379391813758,0.64187324,0.6810379391813758,True,completed_only,4,0.4,2
batch_dist_ternary_butan-1-ol+propan-2-ol+water__operating_point_021__train_normal_experiment_001,operating_point_021,0.6865506494627645,0.6659047,0.6865506494627645,True,completed_only,4,0.4,2
batch_dist_ternary_butan-1-ol+propan-2-ol+water__operating_point_029__test_anormal_experiment_001,operating_point_029,0.6924970709609258,0.6333903,0.6924970709609258,True,completed_only,4,0.4,2
batch_dist_ternary_butan-1-ol+propan-2-ol+water__operating_point_029__train_normal_experiment_001,operating_point_029,0.7360743665816829,0.66347635,0.7360743665816829,True,completed_only,4,0.4,2
batch_dist_ternary_butan-1-ol+propan-2-ol+water__operating_point_008__test_anormal_experiment_001,operating_point_008,0.6431476053470059,0.6148648,0.6431476053470059,True,static_initial,4,0.4,2
batch_dist_ternary_butan-1-ol+propan-2-ol+water__operating_point_008__test_anormal_experiment_002,operating_point_008,0.4951805548141248,0.6645324,0.4951805548141248,True,static_initial,4,0.4,2
batch_dist_ternary_butan-1-ol+propan-2-ol+water__operating_point_016__test_anormal_experiment_001,operating_point_016,0.6868716597635698,0.8616018,0.6868716597635698,False,static_initial,4,0.4,2
batch_dist_ternary_butan-1-ol+propan-2-ol+water__operating_point_016__train_normal_experiment_001,operating_point_016,0.6853377264416467,0.88524145,0.6853377264416467,False,static_initial,4,0.4,2
batch_dist_ternary_butan-1-ol+propan-2-ol+water__operating_point_019__train_normal_experiment_001,operating_point_019,0.6843396585895098,0.646798,0.6843396585895098,True,static_initial,4,0.4,2
batch_dist_ternary_butan-1-ol+propan-2-ol+water__operating_point_021__test_anormal_experiment_001,operating_point_021,0.6810379391813758,0.6329633,0.6810379391813758,True,static_initial,4,0.4,2
batch_dist_ternary_butan-1-ol+propan-2-ol+water__operating_point_021__train_normal_experiment_001,operating_point_021,0.6865506494627645,0.66813034,0.6865506494627645,False,static_initial,4,0.4,2
batch_dist_ternary_butan-1-ol+propan-2-ol+water__operating_point_029__test_anormal_experiment_001,operating_point_029,0.6924970709609258,0.62918216,0.6924970709609258,True,static_initial,4,0.4,2
batch_dist_ternary_butan-1-ol+propan-2-ol+water__operating_point_029__train_normal_experiment_001,operating_point_029,0.7360743665816829,0.70056266,0.7360743665816829,False,static_initial,4,0.4,2
batch_dist_ternary_butan-1-ol+propan-2-ol+water__operating_point_003__test_anormal_experiment_001,operating_point_003,0.6798616082775178,0.6335493,0.6798616082775178,True,oracle_all_endpoints,4,0.4,3
batch_dist_ternary_butan-1-ol+propan-2-ol+water__operating_point_003__test_anormal_experiment_002,operating_point_003,0.6791228505010427,0.66259784,0.6791228505010427,True,oracle_all_endpoints,4,0.4,3
batch_dist_ternary_butan-1-ol+propan-2-ol+water__operating_point_003__test_anormal_experiment_003,operating_point_003,0.4978361788418457,0.65438116,0.4978361788418457,True,oracle_all_endpoints,4,0.4,3
batch_dist_ternary_butan-1-ol+propan-2-ol+water__operating_point_003__test_anormal_experiment_004,operating_point_003,0.6483102124519635,0.6619304,0.6483102124519635,True,oracle_all_endpoints,4,0.4,3
batch_dist_ternary_butan-1-ol+propan-2-ol+water__operating_point_003__test_anormal_experiment_009,operating_point_003,0.6782545548418413,0.6834288,0.6782545548418413,False,oracle_all_endpoints,4,0.4,3
batch_dist_ternary_butan-1-ol+propan-2-ol+water__operating_point_003__train_normal_experiment_001,operating_point_003,0.6700350017604239,0.6918611,0.6700350017604239,False,oracle_all_endpoints,4,0.4,3
batch_dist_ternary_butan-1-ol+propan-2-ol+water__operating_point_020__train_normal_experiment_001,operating_point_020,0.6924323198414503,0.74777645,0.6924323198414503,False,oracle_all_endpoints,4,0.4,3
batch_dist_ternary_butan-1-ol+propan-2-ol+water__operating_point_030__test_anormal_experiment_001,operating_point_030,0.4914092846637076,0.7574804,0.4914092846637076,False,oracle_all_endpoints,4,0.4,3
batch_dist_ternary_butan-1-ol+propan-2-ol+water__operating_point_030__test_anormal_experiment_002,operating_point_030,0.7482780850605174,0.69808656,0.7482780850605174,False,oracle_all_endpoints,4,0.4,3
batch_dist_ternary_butan-1-ol+propan-2-ol+water__operating_point_030__train_normal_experiment_001,operating_point_030,0.8727910974666653,0.77247316,0.8727910974666653,False,oracle_all_endpoints,4,0.4,3
batch_dist_ternary_butan-1-ol+propan-2-ol+water__operating_point_003__test_anormal_experiment_001,operating_point_003,0.6798616082775178,0.65493655,0.6798616082775178,True,completed_only,4,0.4,3
batch_dist_ternary_butan-1-ol+propan-2-ol+water__operating_point_003__test_anormal_experiment_002,operating_point_003,0.6791228505010427,0.63839513,0.6791228505010427,True,completed_only,4,0.4,3
batch_dist_ternary_butan-1-ol+propan-2-ol+water__operating_point_003__test_anormal_experiment_003,operating_point_003,0.4978361788418457,0.658361,0.4978361788418457,True,completed_only,4,0.4,3
batch_dist_ternary_butan-1-ol+propan-2-ol+water__operating_point_003__test_anormal_experiment_004,operating_point_003,0.6483102124519635,0.64974326,0.6483102124519635,True,completed_only,4,0.4,3
batch_dist_ternary_butan-1-ol+propan-2-ol+water__operating_point_003__test_anormal_experiment_009,operating_point_003,0.6782545548418413,0.7110616,0.6782545548418413,False,completed_only,4,0.4,3
batch_dist_ternary_butan-1-ol+propan-2-ol+water__operating_point_003__train_normal_experiment_001,operating_point_003,0.6700350017604239,0.6528211,0.6700350017604239,True,completed_only,4,0.4,3
batch_dist_ternary_butan-1-ol+propan-2-ol+water__operating_point_020__train_normal_experiment_001,operating_point_020,0.6924323198414503,0.7251762,0.6924323198414503,False,completed_only,4,0.4,3
batch_dist_ternary_butan-1-ol+propan-2-ol+water__operating_point_030__test_anormal_experiment_001,operating_point_030,0.4914092846637076,0.8259241,0.4914092846637076,False,completed_only,4,0.4,3
batch_dist_ternary_butan-1-ol+propan-2-ol+water__operating_point_030__test_anormal_experiment_002,operating_point_030,0.7482780850605174,0.6609742,0.7482780850605174,True,completed_only,4,0.4,3
batch_dist_ternary_butan-1-ol+propan-2-ol+water__operating_point_030__train_normal_experiment_001,operating_point_030,0.8727910974666653,0.78358024,0.8727910974666653,False,completed_only,4,0.4,3
batch_dist_ternary_butan-1-ol+propan-2-ol+water__operating_point_003__test_anormal_experiment_001,operating_point_003,0.6798616082775178,0.6628593,0.6798616082775178,True,static_initial,4,0.4,3
batch_dist_ternary_butan-1-ol+propan-2-ol+water__operating_point_003__test_anormal_experiment_002,operating_point_003,0.6791228505010427,0.62660474,0.6791228505010427,True,static_initial,4,0.4,3
batch_dist_ternary_butan-1-ol+propan-2-ol+water__operating_point_003__test_anormal_experiment_003,operating_point_003,0.4978361788418457,0.6681701,0.4978361788418457,False,static_initial,4,0.4,3
batch_dist_ternary_butan-1-ol+propan-2-ol+water__operating_point_003__test_anormal_experiment_004,operating_point_003,0.6483102124519635,0.66241366,0.6483102124519635,True,static_initial,4,0.4,3
batch_dist_ternary_butan-1-ol+propan-2-ol+water__operating_point_003__test_anormal_experiment_009,operating_point_003,0.6782545548418413,0.6576941,0.6782545548418413,True,static_initial,4,0.4,3
batch_dist_ternary_butan-1-ol+propan-2-ol+water__operating_point_003__train_normal_experiment_001,operating_point_003,0.6700350017604239,0.634169,0.6700350017604239,True,static_initial,4,0.4,3
batch_dist_ternary_butan-1-ol+propan-2-ol+water__operating_point_020__train_normal_experiment_001,operating_point_020,0.6924323198414503,0.8732888,0.6924323198414503,False,static_initial,4,0.4,3
batch_dist_ternary_butan-1-ol+propan-2-ol+water__operating_point_030__test_anormal_experiment_001,operating_point_030,0.4914092846637076,0.6975928,0.4914092846637076,False,static_initial,4,0.4,3
batch_dist_ternary_butan-1-ol+propan-2-ol+water__operating_point_030__test_anormal_experiment_002,operating_point_030,0.7482780850605174,0.69254386,0.7482780850605174,False,static_initial,4,0.4,3
batch_dist_ternary_butan-1-ol+propan-2-ol+water__operating_point_030__train_normal_experiment_001,operating_point_030,0.8727910974666653,0.8369879,0.8727910974666653,False,static_initial,4,0.4,3
batch_dist_ternary_butan-1-ol+propan-2-ol+water__operating_point_007__test_anormal_experiment_001,operating_point_007,0.7207174072292262,0.68723965,0.7207174072292262,False,oracle_all_endpoints,4,0.4,4
batch_dist_ternary_butan-1-ol+propan-2-ol+water__operating_point_009__test_anormal_experiment_001,operating_point_009,0.7527630574755655,0.59481037,0.7527630574755655,True,oracle_all_endpoints,4,0.4,4
batch_dist_ternary_butan-1-ol+propan-2-ol+water__operating_point_009__test_anormal_experiment_002,operating_point_009,0.607867836942207,0.6806752,0.607867836942207,False,oracle_all_endpoints,4,0.4,4
batch_dist_ternary_butan-1-ol+propan-2-ol+water__operating_point_022__test_anormal_experiment_001,operating_point_022,0.6832104934548542,0.67006063,0.6832104934548542,False,oracle_all_endpoints,4,0.4,4
batch_dist_ternary_butan-1-ol+propan-2-ol+water__operating_point_022__train_normal_experiment_001,operating_point_022,0.6811837097008695,0.6478517,0.6811837097008695,True,oracle_all_endpoints,4,0.4,4
batch_dist_ternary_butan-1-ol+propan-2-ol+water__operating_point_028__test_anormal_experiment_002,operating_point_028,0.7279524080613684,0.834335,0.7279524080613684,False,oracle_all_endpoints,4,0.4,4
batch_dist_ternary_butan-1-ol+propan-2-ol+water__operating_point_028__train_normal_experiment_001,operating_point_028,0.698567173084311,0.79662365,0.698567173084311,False,oracle_all_endpoints,4,0.4,4
batch_dist_ternary_butan-1-ol+propan-2-ol+water__operating_point_035__train_normal_experiment_001,operating_point_035,0.6734789655266796,0.7275991,0.6734789655266796,False,oracle_all_endpoints,4,0.4,4
batch_dist_ternary_butan-1-ol+propan-2-ol+water__operating_point_007__test_anormal_experiment_001,operating_point_007,0.7207174072292262,0.6924281,0.7207174072292262,False,completed_only,4,0.4,4
batch_dist_ternary_butan-1-ol+propan-2-ol+water__operating_point_009__test_anormal_experiment_001,operating_point_009,0.7527630574755655,0.5945326,0.7527630574755655,True,completed_only,4,0.4,4
batch_dist_ternary_butan-1-ol+propan-2-ol+water__operating_point_009__test_anormal_experiment_002,operating_point_009,0.607867836942207,0.6340801,0.607867836942207,True,completed_only,4,0.4,4
batch_dist_ternary_butan-1-ol+propan-2-ol+water__operating_point_022__test_anormal_experiment_001,operating_point_022,0.6832104934548542,0.6682328,0.6832104934548542,False,completed_only,4,0.4,4
batch_dist_ternary_butan-1-ol+propan-2-ol+water__operating_point_022__train_normal_experiment_001,operating_point_022,0.6811837097008695,0.6646112,0.6811837097008695,True,completed_only,4,0.4,4
batch_dist_ternary_butan-1-ol+propan-2-ol+water__operating_point_028__test_anormal_experiment_002,operating_point_028,0.7279524080613684,0.8615415,0.7279524080613684,False,completed_only,4,0.4,4
batch_dist_ternary_butan-1-ol+propan-2-ol+water__operating_point_028__train_normal_experiment_001,operating_point_028,0.698567173084311,0.8387772,0.698567173084311,False,completed_only,4,0.4,4
batch_dist_ternary_butan-1-ol+propan-2-ol+water__operating_point_035__train_normal_experiment_001,operating_point_035,0.6734789655266796,0.72156656,0.6734789655266796,False,completed_only,4,0.4,4
batch_dist_ternary_butan-1-ol+propan-2-ol+water__operating_point_007__test_anormal_experiment_001,operating_point_007,0.7207174072292262,0.68979114,0.7207174072292262,False,static_initial,4,0.4,4
batch_dist_ternary_butan-1-ol+propan-2-ol+water__operating_point_009__test_anormal_experiment_001,operating_point_009,0.7527630574755655,0.51667804,0.7527630574755655,True,static_initial,4,0.4,4
batch_dist_ternary_butan-1-ol+propan-2-ol+water__operating_point_009__test_anormal_experiment_002,operating_point_009,0.607867836942207,0.6495548,0.607867836942207,True,static_initial,4,0.4,4
batch_dist_ternary_butan-1-ol+propan-2-ol+water__operating_point_022__test_anormal_experiment_001,operating_point_022,0.6832104934548542,0.6361115,0.6832104934548542,True,static_initial,4,0.4,4
batch_dist_ternary_butan-1-ol+propan-2-ol+water__operating_point_022__train_normal_experiment_001,operating_point_022,0.6811837097008695,0.6581316,0.6811837097008695,True,static_initial,4,0.4,4
batch_dist_ternary_butan-1-ol+propan-2-ol+water__operating_point_028__test_anormal_experiment_002,operating_point_028,0.7279524080613684,0.9116452,0.7279524080613684,False,static_initial,4,0.4,4
batch_dist_ternary_butan-1-ol+propan-2-ol+water__operating_point_028__train_normal_experiment_001,operating_point_028,0.698567173084311,0.9008663,0.698567173084311,False,static_initial,4,0.4,4
batch_dist_ternary_butan-1-ol+propan-2-ol+water__operating_point_035__train_normal_experiment_001,operating_point_035,0.6734789655266796,0.76196355,0.6734789655266796,False,static_initial,4,0.4,4
batch_dist_ternary_butan-1-ol+propan-2-ol+water__operating_point_004__test_anormal_experiment_002,operating_point_004,0.9760909999802094,0.6116513,0.9760909999802094,True,oracle_all_endpoints,4,0.4,5
batch_dist_ternary_butan-1-ol+propan-2-ol+water__operating_point_004__train_normal_experiment_001,operating_point_004,0.6628950621746553,0.59312373,0.6628950621746553,True,oracle_all_endpoints,4,0.4,5
batch_dist_ternary_butan-1-ol+propan-2-ol+water__operating_point_015__test_anormal_experiment_001,operating_point_015,0.721089595799512,0.6353867,0.721089595799512,True,oracle_all_endpoints,4,0.4,5
batch_dist_ternary_butan-1-ol+propan-2-ol+water__operating_point_015__train_normal_experiment_001,operating_point_015,0.6844901545813868,0.6417924,0.6844901545813868,True,oracle_all_endpoints,4,0.4,5
batch_dist_ternary_butan-1-ol+propan-2-ol+water__operating_point_017__test_anormal_experiment_001,operating_point_017,0.6789549894914293,0.6847126,0.6789549894914293,False,oracle_all_endpoints,4,0.4,5
batch_dist_ternary_butan-1-ol+propan-2-ol+water__operating_point_017__train_normal_experiment_001,operating_point_017,0.6724500963647279,0.65967965,0.6724500963647279,True,oracle_all_endpoints,4,0.4,5
batch_dist_ternary_butan-1-ol+propan-2-ol+water__operating_point_027__test_anormal_experiment_001,operating_point_027,0.6868156592785594,0.7200655,0.6868156592785594,False,oracle_all_endpoints,4,0.4,5
batch_dist_ternary_butan-1-ol+propan-2-ol+water__operating_point_027__train_normal_experiment_001,operating_point_027,0.6885324241890521,0.6849188,0.6885324241890521,False,oracle_all_endpoints,4,0.4,5
batch_dist_ternary_butan-1-ol+propan-2-ol+water__operating_point_033__train_normal_experiment_001,operating_point_033,0.6032216753142463,0.7197014,0.6032216753142463,False,oracle_all_endpoints,4,0.4,5
batch_dist_ternary_butan-1-ol+propan-2-ol+water__operating_point_004__test_anormal_experiment_002,operating_point_004,0.9760909999802094,0.66277856,0.9760909999802094,True,completed_only,4,0.4,5
batch_dist_ternary_butan-1-ol+propan-2-ol+water__operating_point_004__train_normal_experiment_001,operating_point_004,0.6628950621746553,0.6481472,0.6628950621746553,True,completed_only,4,0.4,5
batch_dist_ternary_butan-1-ol+propan-2-ol+water__operating_point_015__test_anormal_experiment_001,operating_point_015,0.721089595799512,0.6456364,0.721089595799512,True,completed_only,4,0.4,5
batch_dist_ternary_butan-1-ol+propan-2-ol+water__operating_point_015__train_normal_experiment_001,operating_point_015,0.6844901545813868,0.6290918,0.6844901545813868,True,completed_only,4,0.4,5
batch_dist_ternary_butan-1-ol+propan-2-ol+water__operating_point_017__test_anormal_experiment_001,operating_point_017,0.6789549894914293,0.68361455,0.6789549894914293,False,completed_only,4,0.4,5
batch_dist_ternary_butan-1-ol+propan-2-ol+water__operating_point_017__train_normal_experiment_001,operating_point_017,0.6724500963647279,0.64486074,0.6724500963647279,True,completed_only,4,0.4,5
batch_dist_ternary_butan-1-ol+propan-2-ol+water__operating_point_027__test_anormal_experiment_001,operating_point_027,0.6868156592785594,0.718652,0.6868156592785594,False,completed_only,4,0.4,5
batch_dist_ternary_butan-1-ol+propan-2-ol+water__operating_point_027__train_normal_experiment_001,operating_point_027,0.6885324241890521,0.68256116,0.6885324241890521,False,completed_only,4,0.4,5
batch_dist_ternary_butan-1-ol+propan-2-ol+water__operating_point_033__train_normal_experiment_001,operating_point_033,0.6032216753142463,0.6837717,0.6032216753142463,False,completed_only,4,0.4,5
batch_dist_ternary_butan-1-ol+propan-2-ol+water__operating_point_004__test_anormal_experiment_002,operating_point_004,0.9760909999802094,0.5661228,0.9760909999802094,True,static_initial,4,0.4,5
batch_dist_ternary_butan-1-ol+propan-2-ol+water__operating_point_004__train_normal_experiment_001,operating_point_004,0.6628950621746553,0.66173536,0.6628950621746553,True,static_initial,4,0.4,5
batch_dist_ternary_butan-1-ol+propan-2-ol+water__operating_point_015__test_anormal_experiment_001,operating_point_015,0.721089595799512,0.6348624,0.721089595799512,True,static_initial,4,0.4,5
batch_dist_ternary_butan-1-ol+propan-2-ol+water__operating_point_015__train_normal_experiment_001,operating_point_015,0.6844901545813868,0.6549798,0.6844901545813868,True,static_initial,4,0.4,5
batch_dist_ternary_butan-1-ol+propan-2-ol+water__operating_point_017__test_anormal_experiment_001,operating_point_017,0.6789549894914293,0.66526294,0.6789549894914293,True,static_initial,4,0.4,5
batch_dist_ternary_butan-1-ol+propan-2-ol+water__operating_point_017__train_normal_experiment_001,operating_point_017,0.6724500963647279,0.6216529,0.6724500963647279,True,static_initial,4,0.4,5
batch_dist_ternary_butan-1-ol+propan-2-ol+water__operating_point_027__test_anormal_experiment_001,operating_point_027,0.6868156592785594,0.7113548,0.6868156592785594,False,static_initial,4,0.4,5
batch_dist_ternary_butan-1-ol+propan-2-ol+water__operating_point_027__train_normal_experiment_001,operating_point_027,0.6885324241890521,0.7104787,0.6885324241890521,False,static_initial,4,0.4,5
batch_dist_ternary_butan-1-ol+propan-2-ol+water__operating_point_033__train_normal_experiment_001,operating_point_033,0.6032216753142463,0.68910605,0.6032216753142463,False,static_initial,4,0.4,5
