seed,stop_quantile,oracle_valuable_run_recall,completed_only_valuable_run_recall,delta_valuable_run_recall,oracle_valuable_false_stop_rate,completed_only_valuable_false_stop_rate,delta_valuable_false_stop_rate,oracle_stop_rate,completed_only_stop_rate,delta_stop_rate,oracle_endpoint_observation_rate,completed_only_endpoint_observation_rate,delta_endpoint_observation_rate,oracle_endpoint_selection_bias,completed_only_endpoint_selection_bias,delta_endpoint_selection_bias,oracle_simple_regret_batch,completed_only_simple_regret_batch,delta_simple_regret_batch,oracle_mae,completed_only_mae,delta_mae,oracle_rmse,completed_only_rmse,delta_rmse,oracle_spearman,completed_only_spearman,delta_spearman
0,0.1,1.0,1.0,0.0,0.0,0.0,0.0,0.0625,0.0625,0.0,0.9375,0.9375,0.0,-0.0009217482145414957,-0.0009217482145414957,0.0,0.0,0.0,0.0,0.07014203751273877,0.07269545171427119,0.0025534142015324196,0.10197794030915046,0.10300975701067515,0.0010318167015246904,0.19648093841642225,0.19024926686217006,-0.006231671554252194
0,0.15,1.0,1.0,0.0,0.0,0.0,0.0,0.25,0.34375,0.09375,0.75,0.65625,-0.09375,0.005940892613887749,0.00667242844355842,0.0007315358296706709,0.0,0.0,0.0,0.07014203751273877,0.06691877821613773,-0.0032232592966010415,0.10197794030915046,0.09598659234272734,-0.005991347966423116,0.19648093841642225,0.26832844574780057,0.07184750733137832
0,0.2,1.0,1.0,0.0,0.0,0.0,0.0,0.25,0.34375,0.09375,0.75,0.65625,-0.09375,0.005940892613887749,0.00667242844355842,0.0007315358296706709,0.0,0.0,0.0,0.07014203751273877,0.06691877821613773,-0.0032232592966010415,0.10197794030915046,0.09598659234272734,-0.005991347966423116,0.19648093841642225,0.26832844574780057,0.07184750733137832
0,0.25,1.0,1.0,0.0,0.0,0.0,0.0,0.28125,0.34375,0.0625,0.71875,0.65625,-0.0625,0.006033325690558922,0.00667242844355842,0.0006391027529994986,0.0,0.0,0.0,0.07014203751273877,0.06691877821613773,-0.0032232592966010415,0.10197794030915046,0.09598659234272734,-0.005991347966423116,0.19648093841642225,0.26832844574780057,0.07184750733137832
0,0.3,1.0,1.0,0.0,0.0,0.0,0.0,0.3125,0.34375,0.03125,0.6875,0.65625,-0.03125,0.005901659542058457,0.00667242844355842,0.000770768901499963,0.0,0.0,0.0,0.07014203751273877,0.06691877821613773,-0.0032232592966010415,0.10197794030915046,0.09598659234272734,-0.005991347966423116,0.19648093841642225,0.26832844574780057,0.07184750733137832
0,0.35,1.0,1.0,0.0,0.0,0.0,0.0,0.3125,0.34375,0.03125,0.6875,0.65625,-0.03125,0.005901659542058457,0.00667242844355842,0.000770768901499963,0.0,0.0,0.0,0.07014203751273877,0.06691877821613773,-0.0032232592966010415,0.10197794030915046,0.09598659234272734,-0.005991347966423116,0.19648093841642225,0.26832844574780057,0.07184750733137832
0,0.4,1.0,1.0,0.0,0.0,0.0,0.0,0.3125,0.34375,0.03125,0.6875,0.65625,-0.03125,0.005901659542058457,0.00667242844355842,0.000770768901499963,0.0,0.0,0.0,0.07014203751273877,0.06691877821613773,-0.0032232592966010415,0.10197794030915046,0.09598659234272734,-0.005991347966423116,0.19648093841642225,0.26832844574780057,0.07184750733137832
0,0.45,1.0,1.0,0.0,0.0,0.0,0.0,0.3125,0.34375,0.03125,0.6875,0.65625,-0.03125,0.005901659542058457,0.00667242844355842,0.000770768901499963,0.0,0.0,0.0,0.07014203751273877,0.06691877821613773,-0.0032232592966010415,0.10197794030915046,0.09598659234272734,-0.005991347966423116,0.19648093841642225,0.26832844574780057,0.07184750733137832
0,0.5,1.0,1.0,0.0,0.0,0.0,0.0,0.34375,0.5,0.15625,0.65625,0.5,-0.15625,0.004936417346051103,0.007395878703301384,0.002459461357250281,0.0,0.0,0.0,0.07014203751273877,0.06655492578533379,-0.0035871117274049874,0.10197794030915046,0.09616976955487372,-0.00580817075427674,0.19648093841642225,0.23093841642228732,0.03445747800586507
0,0.55,1.0,1.0,0.0,0.0,0.0,0.0,0.34375,0.5,0.15625,0.65625,0.5,-0.15625,0.004936417346051103,0.007395878703301384,0.002459461357250281,0.0,0.0,0.0,0.07014203751273877,0.06655492578533379,-0.0035871117274049874,0.10197794030915046,0.09616976955487372,-0.00580817075427674,0.19648093841642225,0.23093841642228732,0.03445747800586507
0,0.6,1.0,1.0,0.0,0.0,0.0,0.0,0.375,0.5,0.125,0.625,0.5,-0.125,0.004258119034830976,0.007395878703301384,0.003137759668470408,0.0,0.0,0.0,0.07014203751273877,0.06655492578533379,-0.0035871117274049874,0.10197794030915046,0.09616976955487372,-0.00580817075427674,0.19648093841642225,0.23093841642228732,0.03445747800586507
1,0.1,1.0,1.0,0.0,0.0,0.0,0.0,0.022727272727272728,0.022727272727272728,0.0,0.9772727272727273,0.9772727272727273,0.0,-0.00012725355553699913,-0.00012725355553699913,0.0,0.0,0.0,0.0,0.048748258519987916,0.04899622034700684,0.0002479618270189235,0.06936251438519846,0.06926502377406397,-9.749061113448199e-05,0.3351315195107941,0.24766710163580655,-0.08746441787498757
1,0.15,1.0,1.0,0.0,0.0,0.0,0.0,0.045454545454545456,0.045454545454545456,0.0,0.9545454545454546,0.9545454545454546,0.0,-0.0005167667349121885,-0.00046850997886482837,4.825675604736013e-05,0.0,0.0,0.0,0.048748258519987916,0.04899622034700684,0.0002479618270189235,0.06936251438519846,0.06926502377406397,-9.749061113448199e-05,0.3351315195107941,0.24766710163580655,-0.08746441787498757
1,0.2,1.0,1.0,0.0,0.0,0.0,0.0,0.06818181818181818,0.06818181818181818,0.0,0.9318181818181818,0.9318181818181818,0.0,-0.0008758468070863001,-0.0008758468070863001,0.0,0.0,0.0,0.0,0.048748258519987916,0.04899622034700684,0.0002479618270189235,0.06936251438519846,0.06926502377406397,-9.749061113448199e-05,0.3351315195107941,0.24766710163580655,-0.08746441787498757
1,0.25,1.0,1.0,0.0,0.0,0.0,0.0,0.06818181818181818,0.06818181818181818,0.0,0.9318181818181818,0.9318181818181818,0.0,-0.0008758468070863001,-0.0008758468070863001,0.0,0.0,0.0,0.0,0.048748258519987916,0.04899622034700684,0.0002479618270189235,0.06936251438519846,0.06926502377406397,-9.749061113448199e-05,0.3351315195107941,0.24766710163580655,-0.08746441787498757
1,0.3,1.0,1.0,0.0,0.0,0.0,0.0,0.09090909090909091,0.06818181818181818,-0.022727272727272735,0.9090909090909091,0.9318181818181818,0.022727272727272707,0.0005800159360973556,-0.0008758468070863001,-0.0014558627431836557,0.0,0.0,0.0,0.048748258519987916,0.04899622034700684,0.0002479618270189235,0.06936251438519846,0.06926502377406397,-9.749061113448199e-05,0.3351315195107941,0.24766710163580655,-0.08746441787498757
1,0.35,1.0,1.0,0.0,0.0,0.0,0.0,0.09090909090909091,0.06818181818181818,-0.022727272727272735,0.9090909090909091,0.9318181818181818,0.022727272727272707,0.0005800159360973556,-0.0008758468070863001,-0.0014558627431836557,0.0,0.0,0.0,0.048748258519987916,0.04899622034700684,0.0002479618270189235,0.06936251438519846,0.06926502377406397,-9.749061113448199e-05,0.3351315195107941,0.24766710163580655,-0.08746441787498757
1,0.4,1.0,1.0,0.0,0.0,0.0,0.0,0.09090909090909091,0.06818181818181818,-0.022727272727272735,0.9090909090909091,0.9318181818181818,0.022727272727272707,0.0005800159360973556,-0.0008758468070863001,-0.0014558627431836557,0.0,0.0,0.0,0.048748258519987916,0.04899622034700684,0.0002479618270189235,0.06936251438519846,0.06926502377406397,-9.749061113448199e-05,0.3351315195107941,0.24766710163580655,-0.08746441787498757
1,0.45,1.0,0.0,-1.0,0.0,1.0,1.0,0.09090909090909091,0.09090909090909091,0.0,0.9090909090909091,0.9090909090909091,0.0,0.0005800159360973556,-0.0030423645772367225,-0.003622380513334078,0.0,0.024810649414197083,0.024810649414197083,0.048748258519987916,0.04899622034700684,0.0002479618270189235,0.06936251438519846,0.06926502377406397,-9.749061113448199e-05,0.3351315195107941,0.24766710163580655,-0.08746441787498757
1,0.5,1.0,1.0,0.0,0.0,0.0,0.0,0.11363636363636363,0.11363636363636363,0.0,0.8863636363636364,0.8863636363636364,0.0,0.0002877908058742662,0.0002877908058742662,0.0,0.0,0.0,0.0,0.048748258519987916,0.04847513250845818,-0.00027312601152973404,0.06936251438519846,0.06885318105733582,-0.0005093333278626405,0.3351315195107941,0.2565920422352951,-0.07853947727549904
1,0.55,1.0,1.0,0.0,0.0,0.0,0.0,0.11363636363636363,0.11363636363636363,0.0,0.8863636363636364,0.8863636363636364,0.0,0.0002877908058742662,0.0002877908058742662,0.0,0.0,0.0,0.0,0.048748258519987916,0.04847513250845818,-0.00027312601152973404,0.06936251438519846,0.06885318105733582,-0.0005093333278626405,0.3351315195107941,0.2565920422352951,-0.07853947727549904
1,0.6,1.0,1.0,0.0,0.0,0.0,0.0,0.11363636363636363,0.11363636363636363,0.0,0.8863636363636364,0.8863636363636364,0.0,0.0002877908058742662,0.0002877908058742662,0.0,0.0,0.0,0.0,0.048748258519987916,0.04847513250845818,-0.00027312601152973404,0.06936251438519846,0.06885318105733582,-0.0005093333278626405,0.3351315195107941,0.2565920422352951,-0.07853947727549904
2,0.1,1.0,1.0,0.0,0.0,0.0,0.0,0.05128205128205128,0.05128205128205128,0.0,0.9487179487179487,0.9487179487179487,0.0,0.00700799058785051,0.00700799058785051,0.0,0.0,0.0,0.0,0.0470663673858446,0.046824478357192716,-0.00024188902865188155,0.08030034952814558,0.0799505189813276,-0.0003498305468179752,0.03975274635671427,0.056378559846385644,0.016625813489671376
2,0.15,1.0,1.0,0.0,0.0,0.0,0.0,0.10256410256410256,0.10256410256410256,0.0,0.8974358974358975,0.8974358974358975,0.0,0.007375700431692556,0.007375700431692556,0.0,0.0,0.0,0.0,0.0470663673858446,0.046824478357192716,-0.00024188902865188155,0.08030034952814558,0.0799505189813276,-0.0003498305468179752,0.03975274635671427,0.056378559846385644,0.016625813489671376
2,0.2,1.0,1.0,0.0,0.0,0.0,0.0,0.1794871794871795,0.20512820512820512,0.025641025641025633,0.8205128205128205,0.7948717948717948,-0.02564102564102566,0.007322781439041526,0.007600204977552316,0.0002774235385107904,0.0,0.0,0.0,0.0470663673858446,0.047291978252381225,0.00022561086653662826,0.08030034952814558,0.08060038834587141,0.00030003881772583396,0.03975274635671427,0.12799744872497007,0.0882447023682558
2,0.25,1.0,1.0,0.0,0.0,0.0,0.0,0.1794871794871795,0.23076923076923078,0.051282051282051294,0.8205128205128205,0.7692307692307693,-0.05128205128205121,0.007322781439041526,0.0077915193905536695,0.0004687379515121437,0.0,0.0,0.0,0.0470663673858446,0.047291978252381225,0.00022561086653662826,0.08030034952814558,0.08060038834587141,0.00030003881772583396,0.03975274635671427,0.12799744872497007,0.0882447023682558
2,0.3,1.0,1.0,0.0,0.0,0.0,0.0,0.20512820512820512,0.23076923076923078,0.02564102564102566,0.7948717948717948,0.7692307692307693,-0.02564102564102555,0.007600204977552316,0.0077915193905536695,0.00019131441300135332,0.0,0.0,0.0,0.0470663673858446,0.047291978252381225,0.00022561086653662826,0.08030034952814558,0.08060038834587141,0.00030003881772583396,0.03975274635671427,0.12799744872497007,0.0882447023682558
2,0.35,1.0,1.0,0.0,0.0,0.0,0.0,0.23076923076923078,0.28205128205128205,0.051282051282051266,0.7692307692307693,0.717948717948718,-0.05128205128205132,0.007421245934980947,0.007635742277403601,0.00021449634242265425,0.0,0.0,0.0,0.0470663673858446,0.04723429151235027,0.00016792412650567384,0.08030034952814558,0.07998726221487096,-0.00031308731327461814,0.03975274635671427,0.0896301868257284,0.049877440469014135
2,0.4,1.0,1.0,0.0,0.0,0.0,0.0,0.23076923076923078,0.28205128205128205,0.051282051282051266,0.7692307692307693,0.717948717948718,-0.05128205128205132,0.007421245934980947,0.007635742277403601,0.00021449634242265425,0.0,0.0,0.0,0.0470663673858446,0.04723429151235027,0.00016792412650567384,0.08030034952814558,0.07998726221487096,-0.00031308731327461814,0.03975274635671427,0.0896301868257284,0.049877440469014135
2,0.45,1.0,1.0,0.0,0.0,0.0,0.0,0.23076923076923078,0.28205128205128205,0.051282051282051266,0.7692307692307693,0.717948717948718,-0.05128205128205132,0.007421245934980947,0.007635742277403601,0.00021449634242265425,0.0,0.0,0.0,0.0470663673858446,0.04723429151235027,0.00016792412650567384,0.08030034952814558,0.07998726221487096,-0.00031308731327461814,0.03975274635671427,0.0896301868257284,0.049877440469014135
2,0.5,1.0,1.0,0.0,0.0,0.0,0.0,0.23076923076923078,0.28205128205128205,0.051282051282051266,0.7692307692307693,0.717948717948718,-0.05128205128205132,0.007421245934980947,0.007635742277403601,0.00021449634242265425,0.0,0.0,0.0,0.0470663673858446,0.04723429151235027,0.00016792412650567384,0.08030034952814558,0.07998726221487096,-0.00031308731327461814,0.03975274635671427,0.0896301868257284,0.049877440469014135
2,0.55,0.0,1.0,1.0,1.0,0.0,-1.0,0.2564102564102564,0.28205128205128205,0.02564102564102566,0.7435897435897436,0.717948717948718,-0.02564102564102566,-0.0029392720167102926,0.007635742277403601,0.010575014294113894,0.25537359275098326,0.0,-0.25537359275098326,0.0470663673858446,0.04723429151235027,0.00016792412650567384,0.08030034952814558,0.07998726221487096,-0.00031308731327461814,0.03975274635671427,0.0896301868257284,0.049877440469014135
2,0.6,0.0,1.0,1.0,1.0,0.0,-1.0,0.3076923076923077,0.28205128205128205,-0.02564102564102566,0.6923076923076923,0.717948717948718,0.02564102564102566,-0.003484277139508607,0.007635742277403601,0.011120019416912208,0.25537359275098326,0.0,-0.25537359275098326,0.0470663673858446,0.04723429151235027,0.00016792412650567384,0.08030034952814558,0.07998726221487096,-0.00031308731327461814,0.03975274635671427,0.0896301868257284,0.049877440469014135
3,0.1,1.0,1.0,0.0,0.0,0.0,0.0,0.06818181818181818,0.06818181818181818,0.0,0.9318181818181818,0.9318181818181818,0.0,0.004898756076520461,0.004898756076520461,0.0,0.0,0.0,0.0,0.056827152858986055,0.057531477822215085,0.0007043249632290305,0.09194606238564963,0.09122544191021192,-0.0007206204754377082,0.16809749409312888,0.267784878015817,0.09968738392268814
3,0.15,1.0,1.0,0.0,0.0,0.0,0.0,0.18181818181818182,0.1590909090909091,-0.022727272727272735,0.8181818181818182,0.8409090909090909,0.022727272727272707,0.007364633343495797,0.005814510351141444,-0.0015501229923543525,0.0,0.0,0.0,0.056827152858986055,0.0565477485622142,-0.0002794042967718541,0.09194606238564963,0.08927698977503014,-0.002669072610619494,0.16809749409312888,0.19394766098425575,0.025850166891126874
3,0.2,1.0,1.0,0.0,0.0,0.0,0.0,0.18181818181818182,0.1590909090909091,-0.022727272727272735,0.8181818181818182,0.8409090909090909,0.022727272727272707,0.007364633343495797,0.005814510351141444,-0.0015501229923543525,0.0,0.0,0.0,0.056827152858986055,0.0565477485622142,-0.0002794042967718541,0.09194606238564963,0.08927698977503014,-0.002669072610619494,0.16809749409312888,0.19394766098425575,0.025850166891126874
3,0.25,1.0,1.0,0.0,0.0,0.0,0.0,0.18181818181818182,0.1590909090909091,-0.022727272727272735,0.8181818181818182,0.8409090909090909,0.022727272727272707,0.007364633343495797,0.005814510351141444,-0.0015501229923543525,0.0,0.0,0.0,0.056827152858986055,0.0565477485622142,-0.0002794042967718541,0.09194606238564963,0.08927698977503014,-0.002669072610619494,0.16809749409312888,0.19394766098425575,0.025850166891126874
3,0.3,1.0,0.9,-0.09999999999999998,0.0,0.1,0.1,0.20454545454545456,0.25,0.04545454545454544,0.7954545454545454,0.75,-0.045454545454545414,0.007496482145577521,0.010048016383433556,0.0025515342378560346,0.0,0.0,0.0,0.056827152858986055,0.0573839117569924,0.0005567588980063473,0.09194606238564963,0.08860051217202602,-0.0033455502136236076,0.16809749409312888,0.18766364251348458,0.0195661484203557
3,0.35,1.0,0.9,-0.09999999999999998,0.0,0.1,0.1,0.20454545454545456,0.25,0.04545454545454544,0.7954545454545454,0.75,-0.045454545454545414,0.007496482145577521,0.010048016383433556,0.0025515342378560346,0.0,0.0,0.0,0.056827152858986055,0.0573839117569924,0.0005567588980063473,0.09194606238564963,0.08860051217202602,-0.0033455502136236076,0.16809749409312888,0.18766364251348458,0.0195661484203557
3,0.4,1.0,0.9,-0.09999999999999998,0.0,0.1,0.1,0.20454545454545456,0.25,0.04545454545454544,0.7954545454545454,0.75,-0.045454545454545414,0.007496482145577521,0.010048016383433556,0.0025515342378560346,0.0,0.0,0.0,0.056827152858986055,0.0573839117569924,0.0005567588980063473,0.09194606238564963,0.08860051217202602,-0.0033455502136236076,0.16809749409312888,0.18766364251348458,0.0195661484203557
3,0.45,1.0,0.9,-0.09999999999999998,0.0,0.1,0.1,0.20454545454545456,0.2727272727272727,0.06818181818181815,0.7954545454545454,0.7272727272727273,-0.06818181818181812,0.007496482145577521,0.01023476606122864,0.0027382839156511185,0.0,0.0,0.0,0.056827152858986055,0.0573839117569924,0.0005567588980063473,0.09194606238564963,0.08860051217202602,-0.0033455502136236076,0.16809749409312888,0.18766364251348458,0.0195661484203557
3,0.5,1.0,0.9,-0.09999999999999998,0.0,0.1,0.1,0.20454545454545456,0.2727272727272727,0.06818181818181815,0.7954545454545454,0.7272727272727273,-0.06818181818181812,0.007496482145577521,0.01023476606122864,0.0027382839156511185,0.0,0.0,0.0,0.056827152858986055,0.0573839117569924,0.0005567588980063473,0.09194606238564963,0.08860051217202602,-0.0033455502136236076,0.16809749409312888,0.18766364251348458,0.0195661484203557
3,0.55,1.0,0.9,-0.09999999999999998,0.0,0.1,0.1,0.20454545454545456,0.29545454545454547,0.09090909090909091,0.7954545454545454,0.7045454545454546,-0.09090909090909083,0.007496482145577521,0.010196508799262927,0.0027000266536854056,0.0,0.0,0.0,0.056827152858986055,0.0573839117569924,0.0005567588980063473,0.09194606238564963,0.08860051217202602,-0.0033455502136236076,0.16809749409312888,0.18766364251348458,0.0195661484203557
3,0.6,1.0,0.9,-0.09999999999999998,0.0,0.1,0.1,0.20454545454545456,0.29545454545454547,0.09090909090909091,0.7954545454545454,0.7045454545454546,-0.09090909090909083,0.007496482145577521,0.010196508799262927,0.0027000266536854056,0.0,0.0,0.0,0.056827152858986055,0.0573839117569924,0.0005567588980063473,0.09194606238564963,0.08860051217202602,-0.0033455502136236076,0.16809749409312888,0.18766364251348458,0.0195661484203557
4,0.1,0.9090909090909091,0.9090909090909091,0.0,0.09090909090909091,0.09090909090909091,0.0,0.09090909090909091,0.09090909090909091,0.0,0.9090909090909091,0.9090909090909091,0.0,-0.006425737561826961,-0.006425737561826961,0.0,0.10329990251354415,0.10329990251354415,0.0,0.053056232797539744,0.05305148750140375,-4.745296135991173e-06,0.09155591619344093,0.0916350446850737,7.912849163277391e-05,0.26306765609860105,0.2390749772639202,-0.02399267883468084
4,0.15,0.9090909090909091,0.9545454545454546,0.045454545454545525,0.09090909090909091,0.045454545454545456,-0.045454545454545456,0.11363636363636363,0.1590909090909091,0.045454545454545456,0.8863636363636364,0.8409090909090909,-0.045454545454545414,-0.0018492180142191117,0.00881759079634703,0.010666808810566142,0.10329990251354415,0.0,-0.10329990251354415,0.053056232797539744,0.05305517384205454,-1.0589554852030725e-06,0.09155591619344093,0.08702709876839605,-0.004528817425044879,0.26306765609860105,0.29784994198319753,0.034782285884596476
4,0.2,0.8636363636363636,0.9090909090909091,0.045454545454545414,0.13636363636363635,0.09090909090909091,-0.04545454545454544,0.25,0.20454545454545456,-0.04545454545454544,0.75,0.7954545454545454,0.045454545454545414,-0.00045855909807623885,0.0007808162205358293,0.0012393753186120682,0.10329990251354415,0.10329990251354415,0.0,0.053056232797539744,0.05068210506002679,-0.002374127737512957,0.09155591619344093,0.08487688628275213,-0.006679029910688805,0.26306765609860105,0.31091104525414803,0.04784338915554698
4,0.25,0.8636363636363636,0.9545454545454546,0.09090909090909094,0.13636363636363635,0.045454545454545456,-0.0909090909090909,0.2727272727272727,0.22727272727272727,-0.04545454545454544,0.7272727272727273,0.7727272727272727,0.045454545454545414,-0.0003827462423016126,0.010100266941387326,0.010483013183688938,0.10329990251354415,0.0,-0.10329990251354415,0.053056232797539744,0.04972182547941328,-0.003334407318126467,0.09155591619344093,0.08355680894741778,-0.007999107246023152,0.26306765609860105,0.32638561325994814,0.06331795716134708
4,0.3,0.8636363636363636,0.9545454545454546,0.09090909090909094,0.13636363636363635,0.045454545454545456,-0.0909090909090909,0.2727272727272727,0.22727272727272727,-0.04545454545454544,0.7272727272727273,0.7727272727272727,0.045454545454545414,-0.0003827462423016126,0.010100266941387326,0.010483013183688938,0.10329990251354415,0.0,-0.10329990251354415,0.053056232797539744,0.04972182547941328,-0.003334407318126467,0.09155591619344093,0.08355680894741778,-0.007999107246023152,0.26306765609860105,0.32638561325994814,0.06331795716134708
4,0.35,0.8181818181818181,0.8636363636363636,0.045454545454545525,0.18181818181818182,0.13636363636363635,-0.04545454545454547,0.29545454545454547,0.29545454545454547,0.0,0.7045454545454546,0.7045454545454546,0.0,-0.002509025356573824,0.006827467105187113,0.009336492461760937,0.10329990251354415,0.0,-0.10329990251354415,0.053056232797539744,0.050749785988754126,-0.0023064468087856185,0.09155591619344093,0.08375250303179377,-0.007803413161647163,0.26306765609860105,0.336181440713161,0.07311378461455992
4,0.4,0.8181818181818181,0.8636363636363636,0.045454545454545525,0.18181818181818182,0.13636363636363635,-0.04545454545454547,0.29545454545454547,0.29545454545454547,0.0,0.7045454545454546,0.7045454545454546,0.0,-0.002509025356573824,0.006827467105187113,0.009336492461760937,0.10329990251354415,0.0,-0.10329990251354415,0.053056232797539744,0.050749785988754126,-0.0023064468087856185,0.09155591619344093,0.08375250303179377,-0.007803413161647163,0.26306765609860105,0.336181440713161,0.07311378461455992
4,0.45,0.8181818181818181,0.8636363636363636,0.045454545454545525,0.18181818181818182,0.13636363636363635,-0.04545454545454547,0.29545454545454547,0.29545454545454547,0.0,0.7045454545454546,0.7045454545454546,0.0,-0.002509025356573824,0.006827467105187113,0.009336492461760937,0.10329990251354415,0.0,-0.10329990251354415,0.053056232797539744,0.050749785988754126,-0.0023064468087856185,0.09155591619344093,0.08375250303179377,-0.007803413161647163,0.26306765609860105,0.336181440713161,0.07311378461455992
4,0.5,0.8181818181818181,0.8636363636363636,0.045454545454545525,0.18181818181818182,0.13636363636363635,-0.04545454545454547,0.29545454545454547,0.29545454545454547,0.0,0.7045454545454546,0.7045454545454546,0.0,-0.002509025356573824,0.006827467105187113,0.009336492461760937,0.10329990251354415,0.0,-0.10329990251354415,0.053056232797539744,0.050749785988754126,-0.0023064468087856185,0.09155591619344093,0.08375250303179377,-0.007803413161647163,0.26306765609860105,0.336181440713161,0.07311378461455992
4,0.55,0.8181818181818181,0.8636363636363636,0.045454545454545525,0.18181818181818182,0.13636363636363635,-0.04545454545454547,0.29545454545454547,0.3181818181818182,0.022727272727272707,0.7045454545454546,0.6818181818181818,-0.022727272727272818,-0.002509025356573824,0.007363956449816689,0.009872981806390513,0.10329990251354415,0.0,-0.10329990251354415,0.053056232797539744,0.05040416494230966,-0.002652067855230082,0.09155591619344093,0.0836748610220089,-0.007881055171432033,0.26306765609860105,0.3309286057020178,0.06786094960341676
4,0.6,0.8181818181818181,0.8636363636363636,0.045454545454545525,0.18181818181818182,0.13636363636363635,-0.04545454545454547,0.3181818181818182,0.3181818181818182,0.0,0.6818181818181818,0.6818181818181818,0.0,-0.0025405772331426046,0.007363956449816689,0.009904533682959293,0.10329990251354415,0.0,-0.10329990251354415,0.053056232797539744,0.05040416494230966,-0.002652067855230082,0.09155591619344093,0.0836748610220089,-0.007881055171432033,0.26306765609860105,0.3309286057020178,0.06786094960341676
5,0.1,1.0,1.0,0.0,0.0,0.0,0.0,0.02564102564102564,0.02564102564102564,0.0,0.9743589743589743,0.9743589743589743,0.0,0.0005222386405367985,0.0005222386405367985,0.0,0.0,0.0,0.0,0.0625687066198988,0.06206435607445202,-0.0005043505454467787,0.09448231018569311,0.09337829096877028,-0.0011040192169228386,0.2212868305528403,0.2401932846101799,0.018906454057339622
5,0.15,1.0,1.0,0.0,0.0,0.0,0.0,0.02564102564102564,0.02564102564102564,0.0,0.9743589743589743,0.9743589743589743,0.0,0.0005222386405367985,0.0005222386405367985,0.0,0.0,0.0,0.0,0.0625687066198988,0.06206435607445202,-0.0005043505454467787,0.09448231018569311,0.09337829096877028,-0.0011040192169228386,0.2212868305528403,0.2401932846101799,0.018906454057339622
5,0.2,1.0,1.0,0.0,0.0,0.0,0.0,0.02564102564102564,0.05128205128205128,0.02564102564102564,0.9743589743589743,0.9487179487179487,-0.02564102564102566,0.0005222386405367985,0.0009366923271402205,0.0004144536866034221,0.0,0.0,0.0,0.0625687066198988,0.06206435607445202,-0.0005043505454467787,0.09448231018569311,0.09337829096877028,-0.0011040192169228386,0.2212868305528403,0.2401932846101799,0.018906454057339622
5,0.25,0.875,0.875,0.0,0.125,0.125,0.0,0.15384615384615385,0.1794871794871795,0.025641025641025633,0.8461538461538461,0.8205128205128205,-0.02564102564102566,0.0021590797234822823,0.0035472803024294564,0.001388200578947174,0.0,0.0,0.0,0.0625687066198988,0.060946020581438526,-0.0016226860384602748,0.09448231018569311,0.09292262377186483,-0.0015596864138282818,0.2212868305528403,0.20725946141352383,-0.014027369139316459
5,0.3,0.875,0.875,0.0,0.125,0.125,0.0,0.15384615384615385,0.1794871794871795,0.025641025641025633,0.8461538461538461,0.8205128205128205,-0.02564102564102566,0.0021590797234822823,0.0035472803024294564,0.001388200578947174,0.0,0.0,0.0,0.0625687066198988,0.060946020581438526,-0.0016226860384602748,0.09448231018569311,0.09292262377186483,-0.0015596864138282818,0.2212868305528403,0.20725946141352383,-0.014027369139316459
5,0.35,0.875,0.875,0.0,0.125,0.125,0.0,0.1794871794871795,0.1794871794871795,0.0,0.8205128205128205,0.8205128205128205,0.0,0.002428299547916346,0.0035472803024294564,0.0011189807545131103,0.0,0.0,0.0,0.0625687066198988,0.060946020581438526,-0.0016226860384602748,0.09448231018569311,0.09292262377186483,-0.0015596864138282818,0.2212868305528403,0.20725946141352383,-0.014027369139316459
5,0.4,0.875,0.875,0.0,0.125,0.125,0.0,0.20512820512820512,0.1794871794871795,-0.025641025641025633,0.7948717948717948,0.8205128205128205,0.02564102564102566,0.003929697558542777,0.0035472803024294564,-0.000382417256113321,0.0,0.0,0.0,0.0625687066198988,0.060946020581438526,-0.0016226860384602748,0.09448231018569311,0.09292262377186483,-0.0015596864138282818,0.2212868305528403,0.20725946141352383,-0.014027369139316459
5,0.45,0.625,0.0,-0.625,0.375,1.0,0.625,0.41025641025641024,1.0,0.5897435897435898,0.5897435897435898,0.0,-0.5897435897435898,-0.006025537097360978,,,0.0,,,0.0625687066198988,0.04166864400168159,-0.02090006261821721,0.09448231018569311,0.08338530686319146,-0.011097003322501658,0.2212868305528403,,
5,0.5,0.625,0.0,-0.625,0.375,1.0,0.625,0.41025641025641024,1.0,0.5897435897435898,0.5897435897435898,0.0,-0.5897435897435898,-0.006025537097360978,,,0.0,,,0.0625687066198988,0.04166864400168159,-0.02090006261821721,0.09448231018569311,0.08338530686319146,-0.011097003322501658,0.2212868305528403,,
5,0.55,0.625,0.0,-0.625,0.375,1.0,0.625,0.4358974358974359,1.0,0.5641025641025641,0.5641025641025641,0.0,-0.5641025641025641,-0.000987759398812571,,,0.0,,,0.0625687066198988,0.04166864400168159,-0.02090006261821721,0.09448231018569311,0.08338530686319146,-0.011097003322501658,0.2212868305528403,,
5,0.6,0.625,0.0,-0.625,0.375,1.0,0.625,0.46153846153846156,1.0,0.5384615384615384,0.5384615384615384,0.0,-0.5384615384615384,-6.340414643868364e-05,,,0.0,,,0.0625687066198988,0.04166864400168159,-0.02090006261821721,0.09448231018569311,0.08338530686319146,-0.011097003322501658,0.2212868305528403,,
6,0.1,1.0,1.0,0.0,0.0,0.0,0.0,0.0,0.0,0.0,1.0,1.0,0.0,0.0,0.0,0.0,0.0,0.0,0.0,0.044816923132881346,0.044816923132881346,0.0,0.08139443809071678,0.08139443809071678,0.0,0.17888032740649612,0.17888032740649612,0.0
6,0.15,1.0,1.0,0.0,0.0,0.0,0.0,0.022727272727272728,0.022727272727272728,0.0,0.9772727272727273,0.9772727272727273,0.0,0.00035093554507659164,0.00035093554507659164,0.0,0.0,0.0,0.0,0.044816923132881346,0.04516541030761522,0.0003484871747338747,0.08139443809071678,0.08148090564650483,8.646755578804732e-05,0.17888032740649612,0.16056638912440246,-0.018313938282093656
6,0.2,1.0,1.0,0.0,0.0,0.0,0.0,0.11363636363636363,0.11363636363636363,0.0,0.8863636363636364,0.8863636363636364,0.0,0.004948754174433967,0.004948754174433967,0.0,0.0,0.0,0.0,0.044816923132881346,0.04556120635700594,0.0007442832241245922,0.08139443809071678,0.08231383472755566,0.0009193966368388762,0.17888032740649612,0.14438197854952903,-0.03449834885696709
6,0.25,1.0,1.0,0.0,0.0,0.0,0.0,0.13636363636363635,0.1590909090909091,0.022727272727272735,0.8636363636363636,0.8409090909090909,-0.022727272727272707,0.005290421542163526,0.006479056290887408,0.0011886347487238824,0.0,0.0,0.0,0.044816923132881346,0.04460770798113509,-0.00020921515174625316,0.08139443809071678,0.08135724847792808,-3.71896127887017e-05,0.17888032740649612,0.17888032740649612,0.0
6,0.3,1.0,1.0,0.0,0.0,0.0,0.0,0.1590909090909091,0.18181818181818182,0.022727272727272735,0.8409090909090909,0.8181818181818182,-0.022727272727272707,0.005945341241491486,0.00718518583599459,0.0012398445945031034,0.0,0.0,0.0,0.044816923132881346,0.044382454287212984,-0.0004344688456683621,0.08139443809071678,0.08078559072053597,-0.0006088473701808123,0.17888032740649612,0.1682326888703952,-0.010647638536100928
6,0.35,1.0,1.0,0.0,0.0,0.0,0.0,0.22727272727272727,0.20454545454545456,-0.022727272727272707,0.7727272727272727,0.7954545454545454,0.022727272727272707,0.006589046602138882,0.004837505159953404,-0.001751541442185478,0.0,0.0,0.0,0.044816923132881346,0.04576411207745152,0.0009471889445701737,0.08139443809071678,0.0819041002369856,0.0005096621462688244,0.17888032740649612,0.08404536017829024,-0.09483496722820588
6,0.4,1.0,1.0,0.0,0.0,0.0,0.0,0.2727272727272727,0.25,-0.022727272727272707,0.7272727272727273,0.75,0.022727272727272707,0.008664964905616857,0.005250886624574069,-0.003414078281042787,0.0,0.0,0.0,0.044816923132881346,0.04594253322765538,0.001125610094774035,0.08139443809071678,0.08210283467798381,0.0007083965872670267,0.17888032740649612,0.07865055665333243,-0.1002297707531637
6,0.45,1.0,1.0,0.0,0.0,0.0,0.0,0.2727272727272727,0.25,-0.022727272727272707,0.7272727272727273,0.75,0.022727272727272707,0.008664964905616857,0.007229994327852207,-0.0014349705777646493,0.0,0.0,0.0,0.044816923132881346,0.04566879428490607,0.0008518711520247232,0.08139443809071678,0.0820647472132494,0.0006703091225326169,0.17888032740649612,0.10051370778079308,-0.07836661962570304
6,0.5,1.0,1.0,0.0,0.0,0.0,0.0,0.2727272727272727,0.25,-0.022727272727272707,0.7272727272727273,0.75,0.022727272727272707,0.008664964905616857,0.007229994327852207,-0.0014349705777646493,0.0,0.0,0.0,0.044816923132881346,0.04566879428490607,0.0008518711520247232,0.08139443809071678,0.0820647472132494,0.0006703091225326169,0.17888032740649612,0.10051370778079308,-0.07836661962570304
6,0.55,1.0,1.0,0.0,0.0,0.0,0.0,0.2727272727272727,0.25,-0.022727272727272707,0.7272727272727273,0.75,0.022727272727272707,0.008664964905616857,0.007229994327852207,-0.0014349705777646493,0.0,0.0,0.0,0.044816923132881346,0.04566879428490607,0.0008518711520247232,0.08139443809071678,0.0820647472132494,0.0006703091225326169,0.17888032740649612,0.10051370778079308,-0.07836661962570304
6,0.6,0.33333333333333337,0.0,-0.33333333333333337,0.6666666666666666,1.0,0.33333333333333337,0.5,1.0,0.5,0.5,0.0,-0.5,0.00150755495030519,,,0.010924089113984126,,,0.044816923132881346,0.03602224934860972,-0.00879467378427163,0.08139443809071678,0.0770260307647681,-0.0043684073259486755,0.17888032740649612,,
7,0.1,0.8,0.8,0.0,0.2,0.2,0.0,0.1282051282051282,0.10256410256410256,-0.025641025641025633,0.8717948717948718,0.8974358974358975,0.02564102564102566,-0.0003294972746568092,-0.00037964115971422796,-5.0143885057418736e-05,0.0,0.0,0.0,0.06933305664242778,0.06528179339479366,-0.004051263247634121,0.10397624437500864,0.09950435825073804,-0.004471886124270602,0.17210097212805103,0.2592716420343302,0.08717066990627914
7,0.15,0.6,0.8,0.20000000000000007,0.4,0.2,-0.2,0.46153846153846156,0.3076923076923077,-0.15384615384615385,0.5384615384615384,0.6923076923076923,0.15384615384615385,0.0007151343150610945,0.011677670308596677,0.010962535993535583,0.07757700080808638,0.0,-0.07757700080808638,0.06933305664242778,0.06715466986952431,-0.002178386772903468,0.10397624437500864,0.1051078530064802,0.0011316086314715618,0.17210097212805103,0.05193579632266628,-0.12016517580538474
7,0.2,0.6,0.8,0.20000000000000007,0.4,0.2,-0.2,0.48717948717948717,0.3076923076923077,-0.17948717948717946,0.5128205128205128,0.6923076923076923,0.17948717948717952,0.004450939948860144,0.011677670308596677,0.007226730359736533,0.07757700080808638,0.0,-0.07757700080808638,0.06933305664242778,0.06715466986952431,-0.002178386772903468,0.10397624437500864,0.1051078530064802,0.0011316086314715618,0.17210097212805103,0.05193579632266628,-0.12016517580538474
7,0.25,0.6,0.8,0.20000000000000007,0.4,0.2,-0.2,0.48717948717948717,0.3333333333333333,-0.15384615384615385,0.5128205128205128,0.6666666666666666,0.15384615384615385,0.004450939948860144,0.011597144181235253,0.0071462042323751085,0.07757700080808638,0.0,-0.07757700080808638,0.06933305664242778,0.06715466986952431,-0.002178386772903468,0.10397624437500864,0.1051078530064802,0.0011316086314715618,0.17210097212805103,0.05193579632266628,-0.12016517580538474
7,0.3,0.6,0.8,0.20000000000000007,0.4,0.2,-0.2,0.48717948717948717,0.3333333333333333,-0.15384615384615385,0.5128205128205128,0.6666666666666666,0.15384615384615385,0.004450939948860144,0.011597144181235253,0.0071462042323751085,0.07757700080808638,0.0,-0.07757700080808638,0.06933305664242778,0.06715466986952431,-0.002178386772903468,0.10397624437500864,0.1051078530064802,0.0011316086314715618,0.17210097212805103,0.05193579632266628,-0.12016517580538474
7,0.35,0.6,0.8,0.20000000000000007,0.4,0.2,-0.2,0.48717948717948717,0.3333333333333333,-0.15384615384615385,0.5128205128205128,0.6666666666666666,0.15384615384615385,0.004450939948860144,0.011597144181235253,0.0071462042323751085,0.07757700080808638,0.0,-0.07757700080808638,0.06933305664242778,0.06715466986952431,-0.002178386772903468,0.10397624437500864,0.1051078530064802,0.0011316086314715618,0.17210097212805103,0.05193579632266628,-0.12016517580538474
7,0.4,0.6,0.8,0.20000000000000007,0.4,0.2,-0.2,0.5128205128205128,0.3333333333333333,-0.17948717948717946,0.48717948717948717,0.6666666666666666,0.17948717948717946,0.004875424180972976,0.011597144181235253,0.006721720000262277,0.07757700080808638,0.0,-0.07757700080808638,0.06933305664242778,0.06715466986952431,-0.002178386772903468,0.10397624437500864,0.1051078530064802,0.0011316086314715618,0.17210097212805103,0.05193579632266628,-0.12016517580538474
7,0.45,0.6,0.8,0.20000000000000007,0.4,0.2,-0.2,0.5128205128205128,0.3333333333333333,-0.17948717948717946,0.48717948717948717,0.6666666666666666,0.17948717948717946,0.004875424180972976,0.011597144181235253,0.006721720000262277,0.07757700080808638,0.0,-0.07757700080808638,0.06933305664242778,0.06715466986952431,-0.002178386772903468,0.10397624437500864,0.1051078530064802,0.0011316086314715618,0.17210097212805103,0.05193579632266628,-0.12016517580538474
7,0.5,0.6,0.8,0.20000000000000007,0.4,0.2,-0.2,0.5128205128205128,0.3333333333333333,-0.17948717948717946,0.48717948717948717,0.6666666666666666,0.17948717948717946,0.004875424180972976,0.011597144181235253,0.006721720000262277,0.07757700080808638,0.0,-0.07757700080808638,0.06933305664242778,0.06715466986952431,-0.002178386772903468,0.10397624437500864,0.1051078530064802,0.0011316086314715618,0.17210097212805103,0.05193579632266628,-0.12016517580538474
7,0.55,0.6,0.8,0.20000000000000007,0.4,0.2,-0.2,0.5128205128205128,0.3333333333333333,-0.17948717948717946,0.48717948717948717,0.6666666666666666,0.17948717948717946,0.004875424180972976,0.012326748725152048,0.007451324544179072,0.07757700080808638,0.0,-0.07757700080808638,0.06933305664242778,0.0642125780964405,-0.005120478545987281,0.10397624437500864,0.1016868614871224,-0.0022893828878862432,0.17210097212805103,0.16151014307401712,-0.010590829054033912
7,0.6,0.0,0.0,0.0,1.0,1.0,0.0,0.7435897435897436,1.0,0.2564102564102564,0.2564102564102564,0.0,-0.2564102564102564,-0.03555441568396889,,,0.29353992686368735,,,0.06933305664242778,0.04807731726315284,-0.02125573937927494,0.10397624437500864,0.09360118528282078,-0.01037505909218786,0.17210097212805103,,
8,0.1,1.0,1.0,0.0,0.0,0.0,0.0,0.045454545454545456,0.045454545454545456,0.0,0.9545454545454546,0.9545454545454546,0.0,0.0013617285811614588,0.0013617285811614588,0.0,0.0,0.0,0.0,0.07361672033200443,0.07361672033200443,0.0,0.10941947764446297,0.10941947764446297,0.0,0.06741210432967343,0.06741210432967343,0.0
8,0.15,0.9,0.9,0.0,0.1,0.1,0.0,0.18181818181818182,0.25,0.06818181818181818,0.8181818181818182,0.75,-0.06818181818181823,0.0016108609752987224,0.0036586837540374395,0.002047822778738717,0.0,0.0,0.0,0.07361672033200443,0.07511018701545269,0.0014934666834482552,0.10941947764446297,0.11082811973389663,0.0014086420894336565,0.06741210432967343,0.0781866993434593,0.010774595013785873
8,0.2,0.8,0.75,-0.050000000000000044,0.2,0.25,0.04999999999999999,0.25,0.36363636363636365,0.11363636363636365,0.75,0.6363636363636364,-0.11363636363636365,0.006598544513757965,7.772939247463473e-05,-0.00652081512128333,0.0,0.010924089113984126,0.010924089113984126,0.07361672033200443,0.07801530395294122,0.004398583620936786,0.10941947764446297,0.11526818475721276,0.00584870711274979,0.06741210432967343,0.04104270074330275,-0.02636940358637068
8,0.25,0.44999999999999996,0.0,-0.44999999999999996,0.55,1.0,0.44999999999999996,0.5,1.0,0.5,0.5,0.0,-0.5,0.0011625442169429512,,,0.0,,,0.07361672033200443,0.0675582662057136,-0.00605845412629083,0.10941947764446297,0.11053596010473998,0.001116482460277013,0.06741210432967343,,
8,0.3,0.44999999999999996,0.0,-0.44999999999999996,0.55,1.0,0.44999999999999996,0.5227272727272727,1.0,0.4772727272727273,0.4772727272727273,0.0,-0.4772727272727273,0.0022944132051517796,,,0.0,,,0.07361672033200443,0.0675582662057136,-0.00605845412629083,0.10941947764446297,0.11053596010473998,0.001116482460277013,0.06741210432967343,,
8,0.35,0.44999999999999996,0.0,-0.44999999999999996,0.55,1.0,0.44999999999999996,0.5454545454545454,1.0,0.4545454545454546,0.45454545454545453,0.0,-0.45454545454545453,0.0032837166368259174,,,0.0,,,0.07361672033200443,0.0675582662057136,-0.00605845412629083,0.10941947764446297,0.11053596010473998,0.001116482460277013,0.06741210432967343,,
8,0.4,0.4,0.0,-0.4,0.6,1.0,0.4,0.5681818181818182,1.0,0.43181818181818177,0.4318181818181818,0.0,-0.4318181818181818,0.0011727461433667097,,,0.0,,,0.07361672033200443,0.0675582662057136,-0.00605845412629083,0.10941947764446297,0.11053596010473998,0.001116482460277013,0.06741210432967343,,
8,0.45,0.4,0.0,-0.4,0.6,1.0,0.4,0.5681818181818182,1.0,0.43181818181818177,0.4318181818181818,0.0,-0.4318181818181818,0.0011727461433667097,,,0.0,,,0.07361672033200443,0.0675582662057136,-0.00605845412629083,0.10941947764446297,0.11053596010473998,0.001116482460277013,0.06741210432967343,,
8,0.5,0.4,0.0,-0.4,0.6,1.0,0.4,0.5681818181818182,1.0,0.43181818181818177,0.4318181818181818,0.0,-0.4318181818181818,0.0011727461433667097,,,0.0,,,0.07361672033200443,0.0675582662057136,-0.00605845412629083,0.10941947764446297,0.11053596010473998,0.001116482460277013,0.06741210432967343,,
8,0.55,0.4,0.0,-0.4,0.6,1.0,0.4,0.5909090909090909,1.0,0.40909090909090906,0.4090909090909091,0.0,-0.4090909090909091,0.002496076974037642,,,0.0,,,0.07361672033200443,0.0675582662057136,-0.00605845412629083,0.10941947764446297,0.11053596010473998,0.001116482460277013,0.06741210432967343,,
8,0.6,0.4,0.0,-0.4,0.6,1.0,0.4,0.5909090909090909,1.0,0.40909090909090906,0.4090909090909091,0.0,-0.4090909090909091,0.002496076974037642,,,0.0,,,0.07361672033200443,0.0675582662057136,-0.00605845412629083,0.10941947764446297,0.11053596010473998,0.001116482460277013,0.06741210432967343,,
9,0.1,1.0,1.0,0.0,0.0,0.0,0.0,0.06818181818181818,0.06818181818181818,0.0,0.9318181818181818,0.9318181818181818,0.0,0.0051195869385159964,0.0051195869385159964,0.0,0.0,0.0,0.0,0.05658433115102917,0.05606659154654865,-0.0005177396044805174,0.08773849170125607,0.08709025611567202,-0.0006482355855840505,0.08290961206777281,0.0919955969519123,0.009085984884139489
9,0.15,0.8333333333333334,0.8333333333333334,0.0,0.16666666666666666,0.16666666666666666,0.0,0.18181818181818182,0.1590909090909091,-0.022727272727272735,0.8181818181818182,0.8409090909090909,0.022727272727272707,0.002735117671681664,0.002439919701631821,-0.00029519797004984305,0.0,0.0,0.0,0.05658433115102917,0.05723973422477402,0.0006554030737448494,0.08773849170125607,0.08855163685976622,0.0008131451585101507,0.08290961206777281,0.06388583121660575,-0.019023780851167058
9,0.2,0.6666666666666667,0.6666666666666667,0.0,0.3333333333333333,0.3333333333333333,0.0,0.25,0.25,0.0,0.75,0.75,0.0,-0.0007668362054493727,-0.0007668362054493727,0.0,0.12451301240614787,0.12451301240614787,0.0,0.05658433115102917,0.05748162180286283,0.0008972906518336585,0.08773849170125607,0.08822174128695548,0.0004832495856994107,0.08290961206777281,0.08035417881910857,-0.002555433248664238
9,0.25,0.6666666666666667,0.6666666666666667,0.0,0.3333333333333333,0.3333333333333333,0.0,0.2727272727272727,0.2727272727272727,0.0,0.7272727272727273,0.7272727272727273,0.0,-0.000907595482357082,-0.000907595482357082,0.0,0.12451301240614787,0.12451301240614787,0.0,0.05658433115102917,0.057009433111438426,0.00042510196040925624,0.08773849170125607,0.08787418891338608,0.00013569721213001207,0.08290961206777281,0.08333551760921684,0.0004259055414440327
9,0.3,0.6666666666666667,0.6666666666666667,0.0,0.3333333333333333,0.3333333333333333,0.0,0.29545454545454547,0.3181818181818182,0.022727272727272707,0.7045454545454546,0.6818181818181818,-0.022727272727272818,-0.0010620532489651335,-0.0013154058748660047,-0.00025335262590087115,0.12451301240614787,0.12451301240614787,0.0,0.05658433115102917,0.05787124654210423,0.0012869153910750608,0.08773849170125607,0.08888021140158589,0.0011417197003298213,0.08290961206777281,0.0712681939349691,-0.011641418132803713
9,0.35,0.6666666666666667,0.6666666666666667,0.0,0.3333333333333333,0.3333333333333333,0.0,0.29545454545454547,0.3181818181818182,0.022727272727272707,0.7045454545454546,0.6818181818181818,-0.022727272727272818,-0.0010620532489651335,-0.0013154058748660047,-0.00025335262590087115,0.12451301240614787,0.12451301240614787,0.0,0.05658433115102917,0.05787124654210423,0.0012869153910750608,0.08773849170125607,0.08888021140158589,0.0011417197003298213,0.08290961206777281,0.0712681939349691,-0.011641418132803713
9,0.4,0.6666666666666667,0.6666666666666667,0.0,0.3333333333333333,0.3333333333333333,0.0,0.29545454545454547,0.3181818181818182,0.022727272727272707,0.7045454545454546,0.6818181818181818,-0.022727272727272818,-0.0010620532489651335,-0.0013154058748660047,-0.00025335262590087115,0.12451301240614787,0.12451301240614787,0.0,0.05658433115102917,0.05787124654210423,0.0012869153910750608,0.08773849170125607,0.08888021140158589,0.0011417197003298213,0.08290961206777281,0.0712681939349691,-0.011641418132803713
9,0.45,0.6666666666666667,0.6666666666666667,0.0,0.3333333333333333,0.3333333333333333,0.0,0.29545454545454547,0.3181818181818182,0.022727272727272707,0.7045454545454546,0.6818181818181818,-0.022727272727272818,-0.0010620532489651335,-0.0013154058748660047,-0.00025335262590087115,0.12451301240614787,0.12451301240614787,0.0,0.05658433115102917,0.05787124654210423,0.0012869153910750608,0.08773849170125607,0.08888021140158589,0.0011417197003298213,0.08290961206777281,0.0712681939349691,-0.011641418132803713
9,0.5,0.6666666666666667,0.6666666666666667,0.0,0.3333333333333333,0.3333333333333333,0.0,0.29545454545454547,0.3181818181818182,0.022727272727272707,0.7045454545454546,0.6818181818181818,-0.022727272727272818,-0.0010620532489651335,-0.0013154058748660047,-0.00025335262590087115,0.12451301240614787,0.12451301240614787,0.0,0.05658433115102917,0.05787124654210423,0.0012869153910750608,0.08773849170125607,0.08888021140158589,0.0011417197003298213,0.08290961206777281,0.0712681939349691,-0.011641418132803713
9,0.55,0.6666666666666667,0.6666666666666667,0.0,0.3333333333333333,0.3333333333333333,0.0,0.29545454545454547,0.3181818181818182,0.022727272727272707,0.7045454545454546,0.6818181818181818,-0.022727272727272818,-0.0010620532489651335,-0.0013154058748660047,-0.00025335262590087115,0.12451301240614787,0.12451301240614787,0.0,0.05658433115102917,0.05787124654210423,0.0012869153910750608,0.08773849170125607,0.08888021140158589,0.0011417197003298213,0.08290961206777281,0.0712681939349691,-0.011641418132803713
9,0.6,0.6666666666666667,0.6666666666666667,0.0,0.3333333333333333,0.3333333333333333,0.0,0.3181818181818182,0.3181818181818182,0.0,0.6818181818181818,0.6818181818181818,0.0,-0.0013154058748660047,-0.0013154058748660047,0.0,0.12451301240614787,0.12451301240614787,0.0,0.05658433115102917,0.05787124654210423,0.0012869153910750608,0.08773849170125607,0.08888021140158589,0.0011417197003298213,0.08290961206777281,0.0712681939349691,-0.011641418132803713
10,0.1,1.0,1.0,0.0,0.0,0.0,0.0,0.0,0.0,0.0,1.0,1.0,0.0,0.0,0.0,0.0,0.0,0.0,0.0,0.060758512157442546,0.060758512157442546,0.0,0.08269866666167879,0.08269866666167879,0.0,0.06551711566284639,0.06551711566284639,0.0
10,0.15,1.0,1.0,0.0,0.0,0.0,0.0,0.0,0.0,0.0,1.0,1.0,0.0,0.0,0.0,0.0,0.0,0.0,0.0,0.060758512157442546,0.060758512157442546,0.0,0.08269866666167879,0.08269866666167879,0.0,0.06551711566284639,0.06551711566284639,0.0
10,0.2,1.0,1.0,0.0,0.0,0.0,0.0,0.0,0.0,0.0,1.0,1.0,0.0,0.0,0.0,0.0,0.0,0.0,0.0,0.060758512157442546,0.060758512157442546,0.0,0.08269866666167879,0.08269866666167879,0.0,0.06551711566284639,0.06551711566284639,0.0
10,0.25,1.0,1.0,0.0,0.0,0.0,0.0,0.0,0.0,0.0,1.0,1.0,0.0,0.0,0.0,0.0,0.0,0.0,0.0,0.060758512157442546,0.060758512157442546,0.0,0.08269866666167879,0.08269866666167879,0.0,0.06551711566284639,0.06551711566284639,0.0
10,0.3,1.0,1.0,0.0,0.0,0.0,0.0,0.023255813953488372,0.023255813953488372,0.0,0.9767441860465116,0.9767441860465116,0.0,0.0024590988469345154,0.0024590988469345154,0.0,0.0,0.0,0.0,0.060758512157442546,0.0616503009411798,0.0008917887837372532,0.08269866666167879,0.08324015785204965,0.000541491190370863,0.06551711566284639,0.12319652759366816,0.05767941193082177
10,0.35,1.0,1.0,0.0,0.0,0.0,0.0,0.023255813953488372,0.023255813953488372,0.0,0.9767441860465116,0.9767441860465116,0.0,0.0024590988469345154,0.0024590988469345154,0.0,0.0,0.0,0.0,0.060758512157442546,0.0616503009411798,0.0008917887837372532,0.08269866666167879,0.08324015785204965,0.000541491190370863,0.06551711566284639,0.12319652759366816,0.05767941193082177
10,0.4,1.0,1.0,0.0,0.0,0.0,0.0,0.023255813953488372,0.023255813953488372,0.0,0.9767441860465116,0.9767441860465116,0.0,0.0024590988469345154,0.0024590988469345154,0.0,0.0,0.0,0.0,0.060758512157442546,0.0616503009411798,0.0008917887837372532,0.08269866666167879,0.08324015785204965,0.000541491190370863,0.06551711566284639,0.12319652759366816,0.05767941193082177
10,0.45,1.0,1.0,0.0,0.0,0.0,0.0,0.023255813953488372,0.023255813953488372,0.0,0.9767441860465116,0.9767441860465116,0.0,0.0024590988469345154,0.0024590988469345154,0.0,0.0,0.0,0.0,0.060758512157442546,0.0616503009411798,0.0008917887837372532,0.08269866666167879,0.08324015785204965,0.000541491190370863,0.06551711566284639,0.12319652759366816,0.05767941193082177
10,0.5,1.0,1.0,0.0,0.0,0.0,0.0,0.023255813953488372,0.023255813953488372,0.0,0.9767441860465116,0.9767441860465116,0.0,0.0024590988469345154,0.0024590988469345154,0.0,0.0,0.0,0.0,0.060758512157442546,0.0616503009411798,0.0008917887837372532,0.08269866666167879,0.08324015785204965,0.000541491190370863,0.06551711566284639,0.12319652759366816,0.05767941193082177
10,0.55,1.0,1.0,0.0,0.0,0.0,0.0,0.023255813953488372,0.023255813953488372,0.0,0.9767441860465116,0.9767441860465116,0.0,0.0024590988469345154,0.0024590988469345154,0.0,0.0,0.0,0.0,0.060758512157442546,0.0616503009411798,0.0008917887837372532,0.08269866666167879,0.08324015785204965,0.000541491190370863,0.06551711566284639,0.12319652759366816,0.05767941193082177
10,0.6,1.0,1.0,0.0,0.0,0.0,0.0,0.023255813953488372,0.023255813953488372,0.0,0.9767441860465116,0.9767441860465116,0.0,0.0024590988469345154,0.0024590988469345154,0.0,0.0,0.0,0.0,0.060758512157442546,0.0616503009411798,0.0008917887837372532,0.08269866666167879,0.08324015785204965,0.000541491190370863,0.06551711566284639,0.12319652759366816,0.05767941193082177
11,0.1,1.0,1.0,0.0,0.0,0.0,0.0,0.09090909090909091,0.11363636363636363,0.02272727272727272,0.9090909090909091,0.8863636363636364,-0.022727272727272707,0.002077916964484894,0.0007801302612504557,-0.0012977867032344381,0.0,0.0,0.0,0.06356075885717098,0.06355055169057705,-1.0207166593931283e-05,0.09578678795620932,0.09582283344279828,3.6045486588962006e-05,0.361448216484892,0.3563223012619429,-0.0051259152229490845
11,0.15,0.8888888888888888,1.0,0.11111111111111116,0.1111111111111111,0.0,-0.1111111111111111,0.20454545454545456,0.25,0.04545454545454544,0.7954545454545454,0.75,-0.045454545454545414,0.00302311340968886,0.0095762502543012,0.0065531368446123395,0.0,0.0,0.0,0.06356075885717098,0.06444708461912457,0.0008863257619535908,0.09578678795620932,0.09514235738087955,-0.0006444305753297713,0.361448216484892,0.45869821918695275,0.09725000270206074
11,0.2,0.8888888888888888,1.0,0.11111111111111116,0.1111111111111111,0.0,-0.1111111111111111,0.29545454545454547,0.25,-0.04545454545454547,0.7045454545454546,0.75,0.045454545454545414,0.009829770300257445,0.0095762502543012,-0.0002535200459562459,0.0,0.0,0.0,0.06356075885717098,0.06444708461912457,0.0008863257619535908,0.09578678795620932,0.09514235738087955,-0.0006444305753297713,0.361448216484892,0.45869821918695275,0.09725000270206074
11,0.25,0.8888888888888888,1.0,0.11111111111111116,0.1111111111111111,0.0,-0.1111111111111111,0.29545454545454547,0.25,-0.04545454545454547,0.7045454545454546,0.75,0.045454545454545414,0.009829770300257445,0.0095762502543012,-0.0002535200459562459,0.0,0.0,0.0,0.06356075885717098,0.06444708461912457,0.0008863257619535908,0.09578678795620932,0.09514235738087955,-0.0006444305753297713,0.361448216484892,0.45869821918695275,0.09725000270206074
11,0.3,0.8888888888888888,1.0,0.11111111111111116,0.1111111111111111,0.0,-0.1111111111111111,0.29545454545454547,0.29545454545454547,0.0,0.7045454545454546,0.7045454545454546,0.0,0.009829770300257445,0.01048789258141447,0.0006581222811570253,0.0,0.0,0.0,0.06356075885717098,0.06590055412711998,0.0023397952699489993,0.09578678795620932,0.09578136998537473,-5.417970834586949e-06,0.361448216484892,0.39661769037568106,0.03516947389078906
11,0.35,0.8888888888888888,1.0,0.11111111111111116,0.1111111111111111,0.0,-0.1111111111111111,0.29545454545454547,0.29545454545454547,0.0,0.7045454545454546,0.7045454545454546,0.0,0.009829770300257445,0.01048789258141447,0.0006581222811570253,0.0,0.0,0.0,0.06356075885717098,0.06590055412711998,0.0023397952699489993,0.09578678795620932,0.09578136998537473,-5.417970834586949e-06,0.361448216484892,0.39661769037568106,0.03516947389078906
11,0.4,0.8888888888888888,1.0,0.11111111111111116,0.1111111111111111,0.0,-0.1111111111111111,0.29545454545454547,0.29545454545454547,0.0,0.7045454545454546,0.7045454545454546,0.0,0.009829770300257445,0.01048789258141447,0.0006581222811570253,0.0,0.0,0.0,0.06356075885717098,0.06590055412711998,0.0023397952699489993,0.09578678795620932,0.09578136998537473,-5.417970834586949e-06,0.361448216484892,0.39661769037568106,0.03516947389078906
11,0.45,0.8888888888888888,0.8888888888888888,0.0,0.1111111111111111,0.1111111111111111,0.0,0.3181818181818182,0.3181818181818182,0.0,0.6818181818181818,0.6818181818181818,0.0,0.010234015122137952,0.010452016677923726,0.00021800155578577396,0.0,0.0,0.0,0.06356075885717098,0.06590055412711998,0.0023397952699489993,0.09578678795620932,0.09578136998537473,-5.417970834586949e-06,0.361448216484892,0.39661769037568106,0.03516947389078906
11,0.5,0.8888888888888888,0.8888888888888888,0.0,0.1111111111111111,0.1111111111111111,0.0,0.3409090909090909,0.3409090909090909,0.0,0.6590909090909091,0.6590909090909091,0.0,0.010613294532423545,0.009003205406776016,-0.0016100891256475292,0.0,0.0,0.0,0.06356075885717098,0.0681250914721503,0.004564332614979322,0.09578678795620932,0.09924933628777652,0.0034625483315672,0.361448216484892,0.36657413170784103,0.005125915222949029
11,0.55,0.8888888888888888,0.8888888888888888,0.0,0.1111111111111111,0.1111111111111111,0.0,0.3409090909090909,0.3409090909090909,0.0,0.6590909090909091,0.6590909090909091,0.0,0.010613294532423545,0.009003205406776016,-0.0016100891256475292,0.0,0.0,0.0,0.06356075885717098,0.0681250914721503,0.004564332614979322,0.09578678795620932,0.09924933628777652,0.0034625483315672,0.361448216484892,0.36657413170784103,0.005125915222949029
11,0.6,0.8888888888888888,0.0,-0.8888888888888888,0.1111111111111111,1.0,0.8888888888888888,0.6136363636363636,1.0,0.38636363636363635,0.38636363636363635,0.0,-0.38636363636363635,0.05131619316209701,,,0.0,,,0.06356075885717098,0.05001749012057713,-0.013543268736593853,0.09578678795620932,0.09424291135358628,-0.0015438766026230344,0.361448216484892,,
12,0.1,1.0,1.0,0.0,0.0,0.0,0.0,0.046511627906976744,0.046511627906976744,0.0,0.9534883720930233,0.9534883720930233,0.0,0.002394181825858377,0.002394181825858377,0.0,0.0,0.0,0.0,0.03971857205557148,0.04038729737969935,0.0006687253241278723,0.0671769549179994,0.06682192480220955,-0.0003550301157898422,0.28731588342657577,0.310112700413609,0.02279681698703323
12,0.15,1.0,1.0,0.0,0.0,0.0,0.0,0.13953488372093023,0.13953488372093023,0.0,0.8604651162790697,0.8604651162790697,0.0,0.0028109945025875938,0.0028109945025875938,0.0,0.0,0.0,0.0,0.03971857205557148,0.04028286615942854,0.0005642941038570617,0.0671769549179994,0.06744663355188524,0.000269678633885842,0.28731588342657577,0.3357971142189998,0.04848123079242406
12,0.2,1.0,1.0,0.0,0.0,0.0,0.0,0.23255813953488372,0.23255813953488372,0.0,0.7674418604651163,0.7674418604651163,0.0,0.003788508239033095,0.003788508239033095,0.0,0.0,0.0,0.0,0.03971857205557148,0.041290103314454187,0.001571531258882708,0.0671769549179994,0.06650095098837928,-0.0006760039296201115,0.28731588342657577,0.2994741858196602,0.012158302393084408
12,0.25,1.0,1.0,0.0,0.0,0.0,0.0,0.2558139534883721,0.2558139534883721,0.0,0.7441860465116279,0.7441860465116279,0.0,0.003966762784960776,0.003966762784960776,0.0,0.0,0.0,0.0,0.03971857205557148,0.041551648815517477,0.001833076759945998,0.0671769549179994,0.06554978201822893,-0.0016271728997704626,0.28731588342657577,0.3216630876870392,0.03434720426046345
12,0.3,1.0,1.0,0.0,0.0,0.0,0.0,0.2558139534883721,0.2558139534883721,0.0,0.7441860465116279,0.7441860465116279,0.0,0.003966762784960776,0.003966762784960776,0.0,0.0,0.0,0.0,0.03971857205557148,0.041551648815517477,0.001833076759945998,0.0671769549179994,0.06554978201822893,-0.0016271728997704626,0.28731588342657577,0.3216630876870392,0.03434720426046345
12,0.35,1.0,1.0,0.0,0.0,0.0,0.0,0.2558139534883721,0.2558139534883721,0.0,0.7441860465116279,0.7441860465116279,0.0,0.003966762784960776,0.003966762784960776,0.0,0.0,0.0,0.0,0.03971857205557148,0.041551648815517477,0.001833076759945998,0.0671769549179994,0.06554978201822893,-0.0016271728997704626,0.28731588342657577,0.3216630876870392,0.03434720426046345
12,0.4,1.0,1.0,0.0,0.0,0.0,0.0,0.27906976744186046,0.2558139534883721,-0.023255813953488358,0.7209302325581395,0.7441860465116279,0.023255813953488413,0.007965867654997849,0.003966762784960776,-0.0039991048700370735,0.0,0.0,0.0,0.03971857205557148,0.041551648815517477,0.001833076759945998,0.0671769549179994,0.06554978201822893,-0.0016271728997704626,0.28731588342657577,0.3216630876870392,0.03434720426046345
12,0.45,1.0,1.0,0.0,0.0,0.0,0.0,0.3023255813953488,0.2558139534883721,-0.046511627906976716,0.6976744186046512,0.7441860465116279,0.046511627906976716,0.007675560425918548,0.003966762784960776,-0.0037087976409577728,0.0,0.0,0.0,0.03971857205557148,0.041551648815517477,0.001833076759945998,0.0671769549179994,0.06554978201822893,-0.0016271728997704626,0.28731588342657577,0.3216630876870392,0.03434720426046345
12,0.5,1.0,1.0,0.0,0.0,0.0,0.0,0.3023255813953488,0.2558139534883721,-0.046511627906976716,0.6976744186046512,0.7441860465116279,0.046511627906976716,0.007675560425918548,0.003966762784960776,-0.0037087976409577728,0.0,0.0,0.0,0.03971857205557148,0.041551648815517477,0.001833076759945998,0.0671769549179994,0.06554978201822893,-0.0016271728997704626,0.28731588342657577,0.3216630876870392,0.03434720426046345
12,0.55,1.0,1.0,0.0,0.0,0.0,0.0,0.32558139534883723,0.32558139534883723,0.0,0.6744186046511628,0.6744186046511628,0.0,0.007817640064125664,0.008002706952466965,0.00018506688834130092,0.0,0.0,0.0,0.03971857205557148,0.03946541092942759,-0.00025316112614388875,0.0671769549179994,0.06312693724970064,-0.004050017668298753,0.28731588342657577,0.31588789405032414,0.028572010623748367
12,0.6,1.0,1.0,0.0,0.0,0.0,0.0,0.32558139534883723,0.32558139534883723,0.0,0.6744186046511628,0.6744186046511628,0.0,0.007817640064125664,0.008002706952466965,0.00018506688834130092,0.0,0.0,0.0,0.03971857205557148,0.03946541092942759,-0.00025316112614388875,0.0671769549179994,0.06312693724970064,-0.004050017668298753,0.28731588342657577,0.31588789405032414,0.028572010623748367
13,0.1,1.0,1.0,0.0,0.0,0.0,0.0,0.0,0.0,0.0,1.0,1.0,0.0,0.0,0.0,0.0,0.0,0.0,0.0,0.04837061204595956,0.04837061204595956,0.0,0.07842196125345674,0.07842196125345674,0.0,0.3561974016392177,0.3561974016392177,0.0
13,0.15,1.0,1.0,0.0,0.0,0.0,0.0,0.023255813953488372,0.023255813953488372,0.0,0.9767441860465116,0.9767441860465116,0.0,0.00016021586943903987,0.00016021586943903987,0.0,0.0,0.0,0.0,0.04837061204595956,0.04831912035044958,-5.149169550998367e-05,0.07842196125345674,0.07803375462611056,-0.00038820662734617706,0.3561974016392177,0.3954034296353433,0.0392060279961256
13,0.2,1.0,1.0,0.0,0.0,0.0,0.0,0.11627906976744186,0.11627906976744186,0.0,0.8837209302325582,0.8837209302325582,0.0,0.005803684501367701,0.0008837253229758701,-0.004919959178391831,0.0,0.0,0.0,0.04837061204595956,0.051191177403896816,0.0028205653579372533,0.07842196125345674,0.08293190756138216,0.004509946307925422,0.3561974016392177,0.2580303703000818,-0.0981670313391359
13,0.25,1.0,1.0,0.0,0.0,0.0,0.0,0.11627906976744186,0.11627906976744186,0.0,0.8837209302325582,0.8837209302325582,0.0,0.005803684501367701,0.0008837253229758701,-0.004919959178391831,0.0,0.0,0.0,0.04837061204595956,0.051191177403896816,0.0028205653579372533,0.07842196125345674,0.08293190756138216,0.004509946307925422,0.3561974016392177,0.2580303703000818,-0.0981670313391359
13,0.3,1.0,0.9090909090909091,-0.09090909090909094,0.0,0.09090909090909091,0.09090909090909091,0.11627906976744186,0.16279069767441862,0.04651162790697676,0.8837209302325582,0.8372093023255814,-0.046511627906976716,0.005803684501367701,7.445440902242861e-05,-0.005729230092345272,0.0,0.0,0.0,0.04837061204595956,0.05155380190371601,0.003183189857756445,0.07842196125345674,0.08385429300207671,0.00543233174861997,0.3561974016392177,0.1571280346821464,-0.1990693669570713
13,0.35,1.0,0.9090909090909091,-0.09090909090909094,0.0,0.09090909090909091,0.09090909090909091,0.11627906976744186,0.16279069767441862,0.04651162790697676,0.8837209302325582,0.8372093023255814,-0.046511627906976716,0.005803684501367701,7.445440902242861e-05,-0.005729230092345272,0.0,0.0,0.0,0.04837061204595956,0.05155380190371601,0.003183189857756445,0.07842196125345674,0.08385429300207671,0.00543233174861997,0.3561974016392177,0.1571280346821464,-0.1990693669570713
13,0.4,1.0,0.9090909090909091,-0.09090909090909094,0.0,0.09090909090909091,0.09090909090909091,0.11627906976744186,0.16279069767441862,0.04651162790697676,0.8837209302325582,0.8372093023255814,-0.046511627906976716,0.005803684501367701,7.445440902242861e-05,-0.005729230092345272,0.0,0.0,0.0,0.04837061204595956,0.05155380190371601,0.003183189857756445,0.07842196125345674,0.08385429300207671,0.00543233174861997,0.3561974016392177,0.1571280346821464,-0.1990693669570713
13,0.45,1.0,0.9090909090909091,-0.09090909090909094,0.0,0.09090909090909091,0.09090909090909091,0.11627906976744186,0.16279069767441862,0.04651162790697676,0.8837209302325582,0.8372093023255814,-0.046511627906976716,0.005803684501367701,7.445440902242861e-05,-0.005729230092345272,0.0,0.0,0.0,0.04837061204595956,0.05155380190371601,0.003183189857756445,0.07842196125345674,0.08385429300207671,0.00543233174861997,0.3561974016392177,0.1571280346821464,-0.1990693669570713
13,0.5,1.0,0.9090909090909091,-0.09090909090909094,0.0,0.09090909090909091,0.09090909090909091,0.11627906976744186,0.16279069767441862,0.04651162790697676,0.8837209302325582,0.8372093023255814,-0.046511627906976716,0.005803684501367701,7.445440902242861e-05,-0.005729230092345272,0.0,0.0,0.0,0.04837061204595956,0.05155380190371601,0.003183189857756445,0.07842196125345674,0.08385429300207671,0.00543233174861997,0.3561974016392177,0.1571280346821464,-0.1990693669570713
13,0.55,1.0,0.9090909090909091,-0.09090909090909094,0.0,0.09090909090909091,0.09090909090909091,0.11627906976744186,0.16279069767441862,0.04651162790697676,0.8837209302325582,0.8372093023255814,-0.046511627906976716,0.005803684501367701,7.445440902242861e-05,-0.005729230092345272,0.0,0.0,0.0,0.04837061204595956,0.05155380190371601,0.003183189857756445,0.07842196125345674,0.08385429300207671,0.00543233174861997,0.3561974016392177,0.1571280346821464,-0.1990693669570713
13,0.6,1.0,0.9090909090909091,-0.09090909090909094,0.0,0.09090909090909091,0.09090909090909091,0.13953488372093023,0.18604651162790697,0.046511627906976744,0.8604651162790697,0.813953488372093,-0.046511627906976716,0.006312821461978313,0.00022885707405273514,-0.006083964387925578,0.0,0.0,0.0,0.04837061204595956,0.05155380190371601,0.003183189857756445,0.07842196125345674,0.08385429300207671,0.00543233174861997,0.3561974016392177,0.1571280346821464,-0.1990693669570713
14,0.1,0.6666666666666667,0.6666666666666667,0.0,0.3333333333333333,0.3333333333333333,0.0,0.046511627906976744,0.06976744186046512,0.023255813953488372,0.9534883720930233,0.9302325581395349,-0.023255813953488413,-0.0015338117295451426,-0.0018011835311273483,-0.00026737180158220575,0.0,0.0,0.0,0.05302037811477054,0.05120137407886391,-0.001819004035906631,0.08025292377173128,0.07704971930667694,-0.0032032044650543434,-0.17792578219811161,-0.146626879437092,0.031298902761019626
14,0.15,0.6666666666666667,0.6666666666666667,0.0,0.3333333333333333,0.3333333333333333,0.0,0.11627906976744186,0.13953488372093023,0.023255813953488372,0.8837209302325582,0.8604651162790697,-0.023255813953488413,-0.002875915768512982,0.003400607716478876,0.006276523484991858,0.0,0.0,0.0,0.05302037811477054,0.051594925428438174,-0.0014254526863323666,0.08025292377173128,0.07748966583273564,-0.0027632579389956363,-0.17792578219811161,-0.15248578734309567,0.02543999485501594
14,0.2,0.6666666666666667,0.6666666666666667,0.0,0.3333333333333333,0.3333333333333333,0.0,0.20930232558139536,0.18604651162790697,-0.023255813953488386,0.7906976744186046,0.813953488372093,0.023255813953488413,0.002778754571991282,0.002824660756179709,4.5906184188426735e-05,0.0,0.0,0.0,0.05302037811477054,0.05390677915512003,0.0008864010403494896,0.08025292377173128,0.07990038300856724,-0.00035254076316404426,-0.17792578219811161,-0.17977596364211276,-0.0018501814440011477
14,0.25,0.6666666666666667,0.6666666666666667,0.0,0.3333333333333333,0.3333333333333333,0.0,0.2558139534883721,0.20930232558139536,-0.046511627906976744,0.7441860465116279,0.7906976744186046,0.046511627906976716,0.005295219819881902,0.004708493648005296,-0.0005867261718766059,0.0,0.0,0.0,0.05302037811477054,0.05377608903684025,0.000755710922069712,0.08025292377173128,0.08005297939807735,-0.0001999443736539347,-0.17792578219811161,-0.17145014714410756,0.006475635054004059
14,0.3,0.6666666666666667,0.6666666666666667,0.0,0.3333333333333333,0.3333333333333333,0.0,0.2558139534883721,0.20930232558139536,-0.046511627906976744,0.7441860465116279,0.7906976744186046,0.046511627906976716,0.005295219819881902,0.004708493648005296,-0.0005867261718766059,0.0,0.0,0.0,0.05302037811477054,0.05377608903684025,0.000755710922069712,0.08025292377173128,0.08005297939807735,-0.0001999443736539347,-0.17792578219811161,-0.17145014714410756,0.006475635054004059
14,0.35,0.6666666666666667,0.6666666666666667,0.0,0.3333333333333333,0.3333333333333333,0.0,0.2558139534883721,0.20930232558139536,-0.046511627906976744,0.7441860465116279,0.7906976744186046,0.046511627906976716,0.005295219819881902,0.004708493648005296,-0.0005867261718766059,0.0,0.0,0.0,0.05302037811477054,0.05377608903684025,0.000755710922069712,0.08025292377173128,0.08005297939807735,-0.0001999443736539347,-0.17792578219811161,-0.17145014714410756,0.006475635054004059
14,0.4,0.6666666666666667,0.6666666666666667,0.0,0.3333333333333333,0.3333333333333333,0.0,0.2558139534883721,0.20930232558139536,-0.046511627906976744,0.7441860465116279,0.7906976744186046,0.046511627906976716,0.005295219819881902,0.004708493648005296,-0.0005867261718766059,0.0,0.0,0.0,0.05302037811477054,0.05377608903684025,0.000755710922069712,0.08025292377173128,0.08005297939807735,-0.0001999443736539347,-0.17792578219811161,-0.17145014714410756,0.006475635054004059
14,0.45,0.6666666666666667,0.6666666666666667,0.0,0.3333333333333333,0.3333333333333333,0.0,0.2558139534883721,0.23255813953488372,-0.023255813953488386,0.7441860465116279,0.7674418604651163,0.023255813953488413,0.005295219819881902,0.004822644750904437,-0.0004725750689774655,0.0,0.0,0.0,0.05302037811477054,0.05384616300458766,0.0008257848898171188,0.08025292377173128,0.0800834082199001,-0.00016951555183117306,-0.17792578219811161,-0.17145014714410756,0.006475635054004059
14,0.5,0.6666666666666667,0.6666666666666667,0.0,0.3333333333333333,0.3333333333333333,0.0,0.2558139534883721,0.23255813953488372,-0.023255813953488386,0.7441860465116279,0.7674418604651163,0.023255813953488413,0.005295219819881902,0.004822644750904437,-0.0004725750689774655,0.0,0.0,0.0,0.05302037811477054,0.05384616300458766,0.0008257848898171188,0.08025292377173128,0.0800834082199001,-0.00016951555183117306,-0.17792578219811161,-0.17145014714410756,0.006475635054004059
14,0.55,0.6666666666666667,0.6666666666666667,0.0,0.3333333333333333,0.3333333333333333,0.0,0.2558139534883721,0.23255813953488372,-0.023255813953488386,0.7441860465116279,0.7674418604651163,0.023255813953488413,0.005295219819881902,0.004822644750904437,-0.0004725750689774655,0.0,0.0,0.0,0.05302037811477054,0.05384616300458766,0.0008257848898171188,0.08025292377173128,0.0800834082199001,-0.00016951555183117306,-0.17792578219811161,-0.17145014714410756,0.006475635054004059
14,0.6,0.6666666666666667,0.6666666666666667,0.0,0.3333333333333333,0.3333333333333333,0.0,0.2558139534883721,0.23255813953488372,-0.023255813953488386,0.7441860465116279,0.7674418604651163,0.023255813953488413,0.005295219819881902,0.004822644750904437,-0.0004725750689774655,0.0,0.0,0.0,0.05302037811477054,0.05384616300458766,0.0008257848898171188,0.08025292377173128,0.0800834082199001,-0.00016951555183117306,-0.17792578219811161,-0.17145014714410756,0.006475635054004059
15,0.1,1.0,1.0,0.0,0.0,0.0,0.0,0.0,0.0,0.0,1.0,1.0,0.0,0.0,0.0,0.0,0.0,0.0,0.0,0.06313350703916659,0.06313350703916659,0.0,0.11000886075033936,0.11000886075033936,0.0,0.33398092874903346,0.33398092874903346,0.0
15,0.15,0.8888888888888888,0.8888888888888888,0.0,0.1111111111111111,0.1111111111111111,0.0,0.18181818181818182,0.20454545454545456,0.022727272727272735,0.8181818181818182,0.7954545454545454,-0.022727272727272818,0.0018044467493766314,0.002190033499723576,0.00038558675034694456,0.010924089113984126,0.010924089113984126,0.0,0.06313350703916659,0.06559062665530908,0.002457119616142492,0.11000886075033936,0.11326136996430558,0.0032525092139662204,0.33398092874903346,0.27506399551594146,-0.058916933233091995
15,0.2,0.8888888888888888,0.7777777777777778,-0.11111111111111105,0.1111111111111111,0.2222222222222222,0.1111111111111111,0.22727272727272727,0.2727272727272727,0.04545454545454544,0.7727272727272727,0.7272727272727273,-0.045454545454545414,0.0030701092322764634,0.002569970026078283,-0.0005001392061981802,0.010924089113984126,0.010924089113984126,0.0,0.06313350703916659,0.06689421380819875,0.00376070676903216,0.11000886075033936,0.11271278045555057,0.002703919705211208,0.33398092874903346,0.2299180081228734,-0.10406292062616004
15,0.25,0.8888888888888888,0.7777777777777778,-0.11111111111111105,0.1111111111111111,0.2222222222222222,0.1111111111111111,0.2727272727272727,0.29545454545454547,0.022727272727272763,0.7272727272727273,0.7045454545454546,-0.022727272727272707,0.004832694862867748,0.0038971120334230225,-0.0009355828294447255,0.010924089113984126,0.010924089113984126,0.0,0.06313350703916659,0.0681240303570573,0.0049905233178907105,0.11000886075033936,0.11281721993622758,0.002808359185888218,0.33398092874903346,0.2729344678087213,-0.06104646094031213
15,0.3,0.8888888888888888,0.7777777777777778,-0.11111111111111105,0.1111111111111111,0.2222222222222222,0.1111111111111111,0.2727272727272727,0.29545454545454547,0.022727272727272763,0.7272727272727273,0.7045454545454546,-0.022727272727272707,0.004832694862867748,0.0038971120334230225,-0.0009355828294447255,0.010924089113984126,0.010924089113984126,0.0,0.06313350703916659,0.0681240303570573,0.0049905233178907105,0.11000886075033936,0.11281721993622758,0.002808359185888218,0.33398092874903346,0.2729344678087213,-0.06104646094031213
15,0.35,0.8888888888888888,0.8888888888888888,0.0,0.1111111111111111,0.1111111111111111,0.0,0.29545454545454547,0.3409090909090909,0.045454545454545414,0.7045454545454546,0.6590909090909091,-0.045454545454545525,0.011172494369394048,0.012322962252935277,0.0011504678835412285,0.010924089113984126,0.010924089113984126,0.0,0.06313350703916659,0.0671104212407314,0.003976914201564805,0.11000886075033936,0.11298585164501238,0.002976990894673015,0.33398092874903346,0.28060076755471397,-0.053380161194319486
15,0.4,0.8888888888888888,0.8888888888888888,0.0,0.1111111111111111,0.1111111111111111,0.0,0.29545454545454547,0.3409090909090909,0.045454545454545414,0.7045454545454546,0.6590909090909091,-0.045454545454545525,0.011172494369394048,0.012322962252935277,0.0011504678835412285,0.010924089113984126,0.010924089113984126,0.0,0.06313350703916659,0.0671104212407314,0.003976914201564805,0.11000886075033936,0.11298585164501238,0.002976990894673015,0.33398092874903346,0.28060076755471397,-0.053380161194319486
15,0.45,0.8888888888888888,0.8888888888888888,0.0,0.1111111111111111,0.1111111111111111,0.0,0.29545454545454547,0.3409090909090909,0.045454545454545414,0.7045454545454546,0.6590909090909091,-0.045454545454545525,0.011172494369394048,0.012322962252935277,0.0011504678835412285,0.010924089113984126,0.010924089113984126,0.0,0.06313350703916659,0.0671104212407314,0.003976914201564805,0.11000886075033936,0.11298585164501238,0.002976990894673015,0.33398092874903346,0.28060076755471397,-0.053380161194319486
15,0.5,0.8888888888888888,0.8888888888888888,0.0,0.1111111111111111,0.1111111111111111,0.0,0.3181818181818182,0.3409090909090909,0.022727272727272707,0.6818181818181818,0.6590909090909091,-0.022727272727272707,0.011832480508764731,0.012322962252935277,0.0004904817441705456,0.010924089113984126,0.010924089113984126,0.0,0.06313350703916659,0.0671104212407314,0.003976914201564805,0.11000886075033936,0.11298585164501238,0.002976990894673015,0.33398092874903346,0.28060076755471397,-0.053380161194319486
15,0.55,0.8888888888888888,0.8888888888888888,0.0,0.1111111111111111,0.1111111111111111,0.0,0.3181818181818182,0.3409090909090909,0.022727272727272707,0.6818181818181818,0.6590909090909091,-0.022727272727272707,0.011832480508764731,0.012322962252935277,0.0004904817441705456,0.010924089113984126,0.010924089113984126,0.0,0.06313350703916659,0.0671104212407314,0.003976914201564805,0.11000886075033936,0.11298585164501238,0.002976990894673015,0.33398092874903346,0.28060076755471397,-0.053380161194319486
15,0.6,0.5555555555555556,0.0,-0.5555555555555556,0.4444444444444444,1.0,0.5555555555555556,0.5227272727272727,1.0,0.4772727272727273,0.4772727272727273,0.0,-0.4772727272727273,0.00307216787385578,,,0.07757700080808638,,,0.06313350703916659,0.061599447984359595,-0.0015340590548069966,0.11000886075033936,0.10884804302765795,-0.0011608177226814093,0.33398092874903346,,
16,0.1,1.0,1.0,0.0,0.0,0.0,0.0,0.09090909090909091,0.09090909090909091,0.0,0.9090909090909091,0.9090909090909091,0.0,-0.0003816781136035674,-0.0003816781136035674,0.0,0.0,0.0,0.0,0.05652716766636381,0.05633591951306848,-0.00019124815329532585,0.08560912136729865,0.08436802068567573,-0.0012411006816229198,-0.18500491236148733,-0.18558898469727736,-0.0005840723357900257
16,0.15,1.0,1.0,0.0,0.0,0.0,0.0,0.20454545454545456,0.22727272727272727,0.022727272727272707,0.7954545454545454,0.7727272727272727,-0.022727272727272707,-0.001536191369184925,0.003433136931727754,0.004969328300912679,0.0,0.0,0.0,0.05652716766636381,0.05824400943485957,0.0017168417684957638,0.08560912136729865,0.08588687782692038,0.00027775645962173356,-0.18500491236148733,-0.19361997931439004,-0.008615066952902706
16,0.2,1.0,1.0,0.0,0.0,0.0,0.0,0.25,0.25,0.0,0.75,0.75,0.0,0.0031837891503201377,0.0031888758475810963,5.0866972609586725e-06,0.0,0.0,0.0,0.05652716766636381,0.05824400943485957,0.0017168417684957638,0.08560912136729865,0.08588687782692038,0.00027775645962173356,-0.18500491236148733,-0.19361997931439004,-0.008615066952902706
16,0.25,1.0,1.0,0.0,0.0,0.0,0.0,0.2727272727272727,0.2727272727272727,0.0,0.7272727272727273,0.7272727272727273,0.0,0.0030952285380233535,0.002924102789124916,-0.00017112574889843746,0.0,0.0,0.0,0.05652716766636381,0.05824400943485957,0.0017168417684957638,0.08560912136729865,0.08588687782692038,0.00027775645962173356,-0.18500491236148733,-0.19361997931439004,-0.008615066952902706
16,0.3,1.0,1.0,0.0,0.0,0.0,0.0,0.29545454545454547,0.29545454545454547,0.0,0.7045454545454546,0.7045454545454546,0.0,0.0028243084034895727,0.0022129098772065703,-0.0006113985262830024,0.0,0.0,0.0,0.05652716766636381,0.05824400943485957,0.0017168417684957638,0.08560912136729865,0.08588687782692038,0.00027775645962173356,-0.18500491236148733,-0.19361997931439004,-0.008615066952902706
16,0.35,1.0,1.0,0.0,0.0,0.0,0.0,0.29545454545454547,0.29545454545454547,0.0,0.7045454545454546,0.7045454545454546,0.0,0.0028243084034895727,0.0022129098772065703,-0.0006113985262830024,0.0,0.0,0.0,0.05652716766636381,0.05824400943485957,0.0017168417684957638,0.08560912136729865,0.08588687782692038,0.00027775645962173356,-0.18500491236148733,-0.19361997931439004,-0.008615066952902706
16,0.4,1.0,1.0,0.0,0.0,0.0,0.0,0.3409090909090909,0.29545454545454547,-0.045454545454545414,0.6590909090909091,0.7045454545454546,0.045454545454545525,0.0016848277424683644,-0.003701526602116756,-0.00538635434458512,0.0,0.0,0.0,0.05652716766636381,0.05748224771905202,0.0009550800526882119,0.08560912136729865,0.08578156347025409,0.0001724421029554446,-0.18500491236148733,-0.22063332484467824,-0.0356284124831909
16,0.45,1.0,1.0,0.0,0.0,0.0,0.0,0.3409090909090909,0.29545454545454547,-0.045454545454545414,0.6590909090909091,0.7045454545454546,0.045454545454545525,0.0016848277424683644,-0.003701526602116756,-0.00538635434458512,0.0,0.0,0.0,0.05652716766636381,0.05748224771905202,0.0009550800526882119,0.08560912136729865,0.08578156347025409,0.0001724421029554446,-0.18500491236148733,-0.22063332484467824,-0.0356284124831909
16,0.5,1.0,1.0,0.0,0.0,0.0,0.0,0.3409090909090909,0.3409090909090909,0.0,0.6590909090909091,0.6590909090909091,0.0,0.0016848277424683644,0.0009953037181985591,-0.0006895240242698053,0.0,0.0,0.0,0.05652716766636381,0.05737583282274902,0.0008486651563852157,0.08560912136729865,0.08580758854176479,0.0001984671744661437,-0.18500491236148733,-0.22077934292862572,-0.03577443056713839
16,0.55,1.0,1.0,0.0,0.0,0.0,0.0,0.3409090909090909,0.3409090909090909,0.0,0.6590909090909091,0.6590909090909091,0.0,0.0016848277424683644,0.0009953037181985591,-0.0006895240242698053,0.0,0.0,0.0,0.05652716766636381,0.05737583282274902,0.0008486651563852157,0.08560912136729865,0.08580758854176479,0.0001984671744661437,-0.18500491236148733,-0.22077934292862572,-0.03577443056713839
16,0.6,1.0,0.0,-1.0,0.0,1.0,1.0,0.38636363636363635,0.3409090909090909,-0.04545454545454547,0.6136363636363636,0.6590909090909091,0.045454545454545414,0.0002716837524180393,-0.009478333265098615,-0.009750017017516655,0.0,0.2550014041806974,0.2550014041806974,0.05652716766636381,0.05748063448278648,0.0009534668164226726,0.08560912136729865,0.08463359314604255,-0.0009755282212561001,-0.18500491236148733,-0.23304486198021607,-0.04803994961872873
17,0.1,,,,,,,0.09302325581395349,0.09302325581395349,0.0,0.9069767441860465,0.9069767441860465,0.0,0.0023089971349905536,0.0023089971349905536,0.0,0.0,0.0,0.0,0.049321529894099006,0.04768482771317272,-0.0016367021809262847,0.06878027186013787,0.06892137886788711,0.00014110700774924712,0.24739307588252837,0.1521133101710141,-0.09527976571151428
17,0.15,,,,,,,0.13953488372093023,0.11627906976744186,-0.023255813953488372,0.8604651162790697,0.8837209302325582,0.023255813953488413,0.0016256410341211058,0.0020550240114505236,0.00042938297732941777,0.0,0.0,0.0,0.049321529894099006,0.048523604534602485,-0.0007979253594965208,0.06878027186013787,0.07057039069434279,0.0017901188342049207,0.24739307588252837,0.17825066216843108,-0.0691424137140973
17,0.2,,,,,,,0.3023255813953488,0.32558139534883723,0.023255813953488413,0.6976744186046512,0.6744186046511628,-0.023255813953488413,-0.002748879702763829,-0.0037051794436495644,-0.0009562997408857354,0.019508605393585343,0.026021634947701267,0.006513029554115923,0.049321529894099006,0.05169408833791298,0.0023725584438139755,0.06878027186013787,0.07176987069565248,0.002989598835514612,0.24739307588252837,0.14694662431105954,-0.10044645157146884
17,0.25,,,,,,,0.3488372093023256,0.3953488372093023,0.046511627906976716,0.6511627906976745,0.6046511627906976,-0.04651162790697683,0.0026936313617197394,-0.00593377196499334,-0.008627403326713079,0.019508605393585343,0.026021634947701267,0.006513029554115923,0.049321529894099006,0.05031042568082223,0.0009888957867232248,0.06878027186013787,0.07081028155025988,0.0020300096901220144,0.24739307588252837,0.09786310864149156,-0.14952996724103682
17,0.3,,,,,,,0.3488372093023256,0.3953488372093023,0.046511627906976716,0.6511627906976745,0.6046511627906976,-0.04651162790697683,0.0026936313617197394,-0.00593377196499334,-0.008627403326713079,0.019508605393585343,0.026021634947701267,0.006513029554115923,0.049321529894099006,0.05031042568082223,0.0009888957867232248,0.06878027186013787,0.07081028155025988,0.0020300096901220144,0.24739307588252837,0.09786310864149156,-0.14952996724103682
17,0.35,,,,,,,0.37209302325581395,0.3953488372093023,0.023255813953488358,0.627906976744186,0.6046511627906976,-0.023255813953488413,0.0020019730574861727,-0.00593377196499334,-0.007935745022479512,0.019508605393585343,0.026021634947701267,0.006513029554115923,0.049321529894099006,0.05031042568082223,0.0009888957867232248,0.06878027186013787,0.07081028155025988,0.0020300096901220144,0.24739307588252837,0.09786310864149156,-0.14952996724103682
17,0.4,,,,,,,0.37209302325581395,0.3953488372093023,0.023255813953488358,0.627906976744186,0.6046511627906976,-0.023255813953488413,0.0020019730574861727,-0.00593377196499334,-0.007935745022479512,0.019508605393585343,0.026021634947701267,0.006513029554115923,0.049321529894099006,0.05031042568082223,0.0009888957867232248,0.06878027186013787,0.07081028155025988,0.0020300096901220144,0.24739307588252837,0.09786310864149156,-0.14952996724103682
17,0.45,,,,,,,0.4186046511627907,0.4883720930232558,0.06976744186046507,0.5813953488372093,0.5116279069767442,-0.06976744186046513,0.0018796965529843668,-0.009094667580983762,-0.010974364133968129,0.019508605393585343,0.026021634947701267,0.006513029554115923,0.049321529894099006,0.050642289623577585,0.0013207597294785794,0.06878027186013787,0.071691661784627,0.0029113899244891384,0.24739307588252837,0.050603129157789896,-0.19678994672473848
17,0.5,,,,,,,0.4186046511627907,0.4883720930232558,0.06976744186046507,0.5813953488372093,0.5116279069767442,-0.06976744186046513,0.0018796965529843668,-0.009094667580983762,-0.010974364133968129,0.019508605393585343,0.026021634947701267,0.006513029554115923,0.049321529894099006,0.050642289623577585,0.0013207597294785794,0.06878027186013787,0.071691661784627,0.0029113899244891384,0.24739307588252837,0.050603129157789896,-0.19678994672473848
17,0.55,,,,,,,0.5348837209302325,0.5348837209302325,0.0,0.46511627906976744,0.46511627906976744,0.0,-0.0017488970654476743,-0.011182790990630576,-0.009433893925182901,0.026021634947701267,0.026021634947701267,0.0,0.049321529894099006,0.050157628755456915,0.000836098861357909,0.06878027186013787,0.07137883598616634,0.002598564126028477,0.24739307588252837,0.038598182600836736,-0.20879489328169165
17,0.6,,,,,,,0.5348837209302325,0.5581395348837209,0.023255813953488413,0.46511627906976744,0.4418604651162791,-0.023255813953488358,-0.0017488970654476743,-0.013176113480149465,-0.01142721641470179,0.026021634947701267,0.02768239937318362,0.0016607644254823528,0.049321529894099006,0.050157628755456915,0.000836098861357909,0.06878027186013787,0.07137883598616634,0.002598564126028477,0.24739307588252837,0.038598182600836736,-0.20879489328169165
18,0.1,0.8461538461538461,0.7692307692307692,-0.07692307692307698,0.15384615384615385,0.23076923076923078,0.07692307692307693,0.22727272727272727,0.2727272727272727,0.04545454545454544,0.7727272727272727,0.7272727272727273,-0.045454545454545414,0.007172573517000291,-0.0027343438503769635,-0.009906917367377255,0.0,0.010924089113984126,0.010924089113984126,0.0609528282662922,0.06380093716246112,0.002848108896168919,0.10245913960495324,0.10496488730732358,0.002505747702370331,0.035801003412535934,-0.010137709877213146,-0.04593871328974908
18,0.15,0.7692307692307692,0.7692307692307692,0.0,0.23076923076923078,0.23076923076923078,0.0,0.3181818181818182,0.3181818181818182,0.0,0.6818181818181818,0.6818181818181818,0.0,-0.0006696632529525903,-0.0025051214784108655,-0.0018354582254582752,0.010924089113984126,0.010924089113984126,0.0,0.0609528282662922,0.06621649914296866,0.005263670876676466,0.10245913960495324,0.1062729645559935,0.003813824951040254,0.035801003412535934,-0.015950942114496203,-0.051751945527032134
18,0.2,0.7692307692307692,0.7692307692307692,0.0,0.23076923076923078,0.23076923076923078,0.0,0.3181818181818182,0.3181818181818182,0.0,0.6818181818181818,0.6818181818181818,0.0,-0.0006696632529525903,-0.0025051214784108655,-0.0018354582254582752,0.010924089113984126,0.010924089113984126,0.0,0.0609528282662922,0.06621649914296866,0.005263670876676466,0.10245913960495324,0.1062729645559935,0.003813824951040254,0.035801003412535934,-0.015950942114496203,-0.051751945527032134
18,0.25,0.7692307692307692,0.6923076923076923,-0.07692307692307687,0.23076923076923078,0.3076923076923077,0.07692307692307693,0.3181818181818182,0.3409090909090909,0.022727272727272707,0.6818181818181818,0.6590909090909091,-0.022727272727272707,-0.0006696632529525903,-0.012736274971358097,-0.012066611718405507,0.010924089113984126,0.11422399162752828,0.10329990251354415,0.0609528282662922,0.06621649914296866,0.005263670876676466,0.10245913960495324,0.1062729645559935,0.003813824951040254,0.035801003412535934,-0.015950942114496203,-0.051751945527032134
18,0.3,0.7692307692307692,0.6923076923076923,-0.07692307692307687,0.23076923076923078,0.3076923076923077,0.07692307692307693,0.3181818181818182,0.3409090909090909,0.022727272727272707,0.6818181818181818,0.6590909090909091,-0.022727272727272707,-0.0006696632529525903,-0.012736274971358097,-0.012066611718405507,0.010924089113984126,0.11422399162752828,0.10329990251354415,0.0609528282662922,0.06621649914296866,0.005263670876676466,0.10245913960495324,0.1062729645559935,0.003813824951040254,0.035801003412535934,-0.015950942114496203,-0.051751945527032134
18,0.35,0.7692307692307692,0.6923076923076923,-0.07692307692307687,0.23076923076923078,0.3076923076923077,0.07692307692307693,0.3181818181818182,0.3409090909090909,0.022727272727272707,0.6818181818181818,0.6590909090909091,-0.022727272727272707,-0.0006696632529525903,-0.012736274971358097,-0.012066611718405507,0.010924089113984126,0.11422399162752828,0.10329990251354415,0.0609528282662922,0.06621649914296866,0.005263670876676466,0.10245913960495324,0.1062729645559935,0.003813824951040254,0.035801003412535934,-0.015950942114496203,-0.051751945527032134
18,0.4,0.7692307692307692,0.6923076923076923,-0.07692307692307687,0.23076923076923078,0.3076923076923077,0.07692307692307693,0.36363636363636365,0.3409090909090909,-0.022727272727272763,0.6363636363636364,0.6590909090909091,0.022727272727272707,-0.0005780534820860606,-0.012736274971358097,-0.012158221489272036,0.010924089113984126,0.11422399162752828,0.10329990251354415,0.0609528282662922,0.06621649914296866,0.005263670876676466,0.10245913960495324,0.1062729645559935,0.003813824951040254,0.035801003412535934,-0.015950942114496203,-0.051751945527032134
18,0.45,0.5384615384615384,0.6923076923076923,0.15384615384615385,0.46153846153846156,0.3076923076923077,-0.15384615384615385,0.45454545454545453,0.3409090909090909,-0.11363636363636365,0.5454545454545454,0.6590909090909091,0.11363636363636365,-0.013733465999992589,-0.012736274971358097,0.000997191028634492,0.11422399162752828,0.11422399162752828,0.0,0.0609528282662922,0.06621649914296866,0.005263670876676466,0.10245913960495324,0.1062729645559935,0.003813824951040254,0.035801003412535934,-0.015950942114496203,-0.051751945527032134
18,0.5,0.5384615384615384,0.6923076923076923,0.15384615384615385,0.46153846153846156,0.3076923076923077,-0.15384615384615385,0.45454545454545453,0.38636363636363635,-0.06818181818181818,0.5454545454545454,0.6136363636363636,0.06818181818181823,-0.013733465999992589,-0.013048614320668839,0.0006848516793237502,0.11422399162752828,0.11422399162752828,0.0,0.0609528282662922,0.06709370440037765,0.0061408761340854545,0.10245913960495324,0.10697933843853269,0.004520198833579445,0.035801003412535934,-0.020346312830490716,-0.05614731624302665
18,0.55,0.5384615384615384,0.6923076923076923,0.15384615384615385,0.46153846153846156,0.3076923076923077,-0.15384615384615385,0.4772727272727273,0.4090909090909091,-0.06818181818181818,0.5227272727272727,0.5909090909090909,0.06818181818181823,-0.01423890416904905,-0.012811687517965686,0.0014272166510833628,0.11422399162752828,0.11422399162752828,0.0,0.0609528282662922,0.066610490012836,0.005657661746543807,0.10245913960495324,0.10599991243435805,0.0035407728294048063,0.035801003412535934,-0.01878666515707331,-0.05458766856960924
18,0.6,0.5384615384615384,0.6923076923076923,0.15384615384615385,0.46153846153846156,0.3076923076923077,-0.15384615384615385,0.4772727272727273,0.4318181818181818,-0.04545454545454547,0.5227272727272727,0.5681818181818182,0.045454545454545525,-0.01423890416904905,-0.012946452066747494,0.0012924521023015556,0.11422399162752828,0.11422399162752828,0.0,0.0609528282662922,0.06844375963824934,0.007490931371957138,0.10245913960495324,0.10849491108822605,0.006035771483272806,0.035801003412535934,-0.024458111242227517,-0.060259114654763454
19,0.1,1.0,1.0,0.0,0.0,0.0,0.0,0.023809523809523808,0.023809523809523808,0.0,0.9761904761904762,0.9761904761904762,0.0,0.0003164850218053683,0.0003164850218053683,0.0,0.0,0.0,0.0,0.057567782168768886,0.057030081348283655,-0.0005377008204852304,0.08445496902717843,0.0835314778832961,-0.0009234911438823351,0.2564555703989106,0.29125677018671453,0.03480119978780394
19,0.15,0.33333333333333337,0.33333333333333337,0.0,0.6666666666666666,0.6666666666666666,0.0,0.3333333333333333,0.3333333333333333,0.0,0.6666666666666666,0.6666666666666666,0.0,-0.007616083625111458,-0.007616083625111458,0.0,0.24813859191884102,0.24813859191884102,0.0,0.057567782168768886,0.05723817073006282,-0.000329611438706065,0.08445496902717843,0.08547571471881411,0.0010207456916356827,0.2564555703989106,0.2686522525675335,0.012196682168622908
19,0.2,0.33333333333333337,0.33333333333333337,0.0,0.6666666666666666,0.6666666666666666,0.0,0.4523809523809524,0.42857142857142855,-0.023809523809523836,0.5476190476190477,0.5714285714285714,0.023809523809523725,-0.006832505868226257,-0.005678797062795837,0.00115370880543042,0.24813859191884102,0.24813859191884102,0.0,0.057567782168768886,0.05775533115210025,0.00018754898333136344,0.08445496902717843,0.08866065410287655,0.004205685075698115,0.2564555703989106,0.2610089984085298,0.00455342800961922
19,0.25,0.33333333333333337,0.33333333333333337,0.0,0.6666666666666666,0.6666666666666666,0.0,0.47619047619047616,0.47619047619047616,0.0,0.5238095238095238,0.5238095238095238,0.0,-0.007470920442135931,-0.006009539007203468,0.0014613814349324628,0.24813859191884102,0.24813859191884102,0.0,0.057567782168768886,0.05596602504566718,-0.0016017571231017047,0.08445496902717843,0.08626080319924806,0.0018058341720696286,0.2564555703989106,0.33337597927569224,0.07692040887678164
19,0.3,0.33333333333333337,0.33333333333333337,0.0,0.6666666666666666,0.6666666666666666,0.0,0.5,0.47619047619047616,-0.023809523809523836,0.5,0.5238095238095238,0.023809523809523836,-0.007288874458122874,-0.006009539007203468,0.0012793354509194055,0.24813859191884102,0.24813859191884102,0.0,0.057567782168768886,0.05596602504566718,-0.0016017571231017047,0.08445496902717843,0.08626080319924806,0.0018058341720696286,0.2564555703989106,0.33337597927569224,0.07692040887678164
19,0.35,0.33333333333333337,0.33333333333333337,0.0,0.6666666666666666,0.6666666666666666,0.0,0.5,0.5,0.0,0.5,0.5,0.0,-0.007288874458122874,-0.006510389028256958,0.0007784854298659161,0.24813859191884102,0.24813859191884102,0.0,0.057567782168768886,0.05596602504566718,-0.0016017571231017047,0.08445496902717843,0.08626080319924806,0.0018058341720696286,0.2564555703989106,0.33337597927569224,0.07692040887678164
19,0.4,0.33333333333333337,0.33333333333333337,0.0,0.6666666666666666,0.6666666666666666,0.0,0.5,0.5,0.0,0.5,0.5,0.0,-0.007288874458122874,-0.006510389028256958,0.0007784854298659161,0.24813859191884102,0.24813859191884102,0.0,0.057567782168768886,0.05596602504566718,-0.0016017571231017047,0.08445496902717843,0.08626080319924806,0.0018058341720696286,0.2564555703989106,0.33337597927569224,0.07692040887678164
19,0.45,0.33333333333333337,0.33333333333333337,0.0,0.6666666666666666,0.6666666666666666,0.0,0.5,0.5,0.0,0.5,0.5,0.0,-0.007288874458122874,-0.006510389028256958,0.0007784854298659161,0.24813859191884102,0.24813859191884102,0.0,0.057567782168768886,0.05596602504566718,-0.0016017571231017047,0.08445496902717843,0.08626080319924806,0.0018058341720696286,0.2564555703989106,0.33337597927569224,0.07692040887678164
19,0.5,0.33333333333333337,0.33333333333333337,0.0,0.6666666666666666,0.6666666666666666,0.0,0.5,0.5,0.0,0.5,0.5,0.0,-0.007288874458122874,-0.006510389028256958,0.0007784854298659161,0.24813859191884102,0.24813859191884102,0.0,0.057567782168768886,0.05596602504566718,-0.0016017571231017047,0.08445496902717843,0.08626080319924806,0.0018058341720696286,0.2564555703989106,0.33337597927569224,0.07692040887678164
19,0.55,0.33333333333333337,0.33333333333333337,0.0,0.6666666666666666,0.6666666666666666,0.0,0.5,0.5,0.0,0.5,0.5,0.0,-0.007288874458122874,-0.006510389028256958,0.0007784854298659161,0.24813859191884102,0.24813859191884102,0.0,0.057567782168768886,0.05596602504566718,-0.0016017571231017047,0.08445496902717843,0.08626080319924806,0.0018058341720696286,0.2564555703989106,0.33337597927569224,0.07692040887678164
19,0.6,0.33333333333333337,0.33333333333333337,0.0,0.6666666666666666,0.6666666666666666,0.0,0.5,0.5,0.0,0.5,0.5,0.0,-0.007288874458122874,-0.006510389028256958,0.0007784854298659161,0.24813859191884102,0.24813859191884102,0.0,0.057567782168768886,0.05596602504566718,-0.0016017571231017047,0.08445496902717843,0.08626080319924806,0.0018058341720696286,0.2564555703989106,0.33337597927569224,0.07692040887678164
20,0.1,0.7142857142857143,0.7142857142857143,0.0,0.2857142857142857,0.2857142857142857,0.0,0.18181818181818182,0.25,0.06818181818181818,0.8181818181818182,0.75,-0.06818181818181823,-0.007909870132974395,-0.009222650504226881,-0.0013127803712524866,0.0,0.0,0.0,0.0683361347907891,0.07313572881544986,0.004799594024660764,0.1094763977427804,0.11277323441159094,0.003296836668810546,0.09371062242253235,-0.19351739728707515,-0.2872280197096075
20,0.15,0.7142857142857143,0.4285714285714286,-0.2857142857142857,0.2857142857142857,0.5714285714285714,0.2857142857142857,0.20454545454545456,0.3409090909090909,0.13636363636363633,0.7954545454545454,0.6590909090909091,-0.13636363636363635,-0.008457223963210025,-0.022167105397454256,-0.013709881434244231,0.0,0.11422399162752828,0.11422399162752828,0.0683361347907891,0.07336355751772733,0.0050274227269382354,0.1094763977427804,0.11213754860263098,0.0026611508598505806,0.09371062242253235,-0.15523923079073063,-0.24894985321326296
20,0.2,0.7142857142857143,0.4285714285714286,-0.2857142857142857,0.2857142857142857,0.5714285714285714,0.2857142857142857,0.20454545454545456,0.3409090909090909,0.13636363636363633,0.7954545454545454,0.6590909090909091,-0.13636363636363635,-0.008457223963210025,-0.022167105397454256,-0.013709881434244231,0.0,0.11422399162752828,0.11422399162752828,0.0683361347907891,0.07336355751772733,0.0050274227269382354,0.1094763977427804,0.11213754860263098,0.0026611508598505806,0.09371062242253235,-0.15523923079073063,-0.24894985321326296
20,0.25,0.7142857142857143,0.4285714285714286,-0.2857142857142857,0.2857142857142857,0.5714285714285714,0.2857142857142857,0.25,0.3409090909090909,0.09090909090909088,0.75,0.6590909090909091,-0.09090909090909094,-0.009465284333909807,-0.022167105397454256,-0.01270182106354445,0.0,0.11422399162752828,0.11422399162752828,0.0683361347907891,0.07336355751772733,0.0050274227269382354,0.1094763977427804,0.11213754860263098,0.0026611508598505806,0.09371062242253235,-0.15523923079073063,-0.24894985321326296
20,0.3,0.7142857142857143,0.4285714285714286,-0.2857142857142857,0.2857142857142857,0.5714285714285714,0.2857142857142857,0.25,0.3409090909090909,0.09090909090909088,0.75,0.6590909090909091,-0.09090909090909094,-0.009465284333909807,-0.022167105397454256,-0.01270182106354445,0.0,0.11422399162752828,0.11422399162752828,0.0683361347907891,0.07336355751772733,0.0050274227269382354,0.1094763977427804,0.11213754860263098,0.0026611508598505806,0.09371062242253235,-0.15523923079073063,-0.24894985321326296
20,0.35,0.7142857142857143,0.4285714285714286,-0.2857142857142857,0.2857142857142857,0.5714285714285714,0.2857142857142857,0.25,0.3409090909090909,0.09090909090909088,0.75,0.6590909090909091,-0.09090909090909094,-0.009465284333909807,-0.022167105397454256,-0.01270182106354445,0.0,0.11422399162752828,0.11422399162752828,0.0683361347907891,0.07336355751772733,0.0050274227269382354,0.1094763977427804,0.11213754860263098,0.0026611508598505806,0.09371062242253235,-0.15523923079073063,-0.24894985321326296
20,0.4,0.7142857142857143,0.4285714285714286,-0.2857142857142857,0.2857142857142857,0.5714285714285714,0.2857142857142857,0.25,0.3409090909090909,0.09090909090909088,0.75,0.6590909090909091,-0.09090909090909094,-0.009465284333909807,-0.022167105397454256,-0.01270182106354445,0.0,0.11422399162752828,0.11422399162752828,0.0683361347907891,0.07336355751772733,0.0050274227269382354,0.1094763977427804,0.11213754860263098,0.0026611508598505806,0.09371062242253235,-0.15523923079073063,-0.24894985321326296
20,0.45,0.7142857142857143,0.4285714285714286,-0.2857142857142857,0.2857142857142857,0.5714285714285714,0.2857142857142857,0.25,0.3409090909090909,0.09090909090909088,0.75,0.6590909090909091,-0.09090909090909094,-0.009465284333909807,-0.022167105397454256,-0.01270182106354445,0.0,0.11422399162752828,0.11422399162752828,0.0683361347907891,0.07336355751772733,0.0050274227269382354,0.1094763977427804,0.11213754860263098,0.0026611508598505806,0.09371062242253235,-0.15523923079073063,-0.24894985321326296
20,0.5,0.7142857142857143,0.4285714285714286,-0.2857142857142857,0.2857142857142857,0.5714285714285714,0.2857142857142857,0.25,0.36363636363636365,0.11363636363636365,0.75,0.6363636363636364,-0.11363636363636365,-0.009465284333909807,-0.023358172118999043,-0.013892887785089236,0.0,0.11422399162752828,0.11422399162752828,0.0683361347907891,0.07336355751772733,0.0050274227269382354,0.1094763977427804,0.11213754860263098,0.0026611508598505806,0.09371062242253235,-0.15523923079073063,-0.24894985321326296
20,0.55,0.7142857142857143,0.4285714285714286,-0.2857142857142857,0.2857142857142857,0.5714285714285714,0.2857142857142857,0.2727272727272727,0.36363636363636365,0.09090909090909094,0.7272727272727273,0.6363636363636364,-0.09090909090909094,-0.009187496504938442,-0.023358172118999043,-0.014170675614060602,0.0,0.11422399162752828,0.11422399162752828,0.0683361347907891,0.07336355751772733,0.0050274227269382354,0.1094763977427804,0.11213754860263098,0.0026611508598505806,0.09371062242253235,-0.15523923079073063,-0.24894985321326296
20,0.6,0.7142857142857143,0.4285714285714286,-0.2857142857142857,0.2857142857142857,0.5714285714285714,0.2857142857142857,0.2727272727272727,0.4090909090909091,0.1363636363636364,0.7272727272727273,0.5909090909090909,-0.13636363636363635,-0.009187496504938442,-0.025350703611723535,-0.016163207106785094,0.0,0.11422399162752828,0.11422399162752828,0.0683361347907891,0.07336355751772733,0.0050274227269382354,0.1094763977427804,0.11213754860263098,0.0026611508598505806,0.09371062242253235,-0.15523923079073063,-0.24894985321326296
21,0.1,1.0,1.0,0.0,0.0,0.0,0.0,0.10810810810810811,0.10810810810810811,0.0,0.8918918918918919,0.8918918918918919,0.0,0.0029188787869075528,0.0029188787869075528,0.0,0.0,0.0,0.0,0.08360576086200289,0.08360766933143547,1.908469432584936e-06,0.1174163009109646,0.11669110853667801,-0.0007251923742865873,0.14915602486006713,0.20872312743996613,0.059567102579899
21,0.15,1.0,1.0,0.0,0.0,0.0,0.0,0.13513513513513514,0.10810810810810811,-0.02702702702702703,0.8648648648648649,0.8918918918918919,0.027027027027026973,0.0032398248340149705,0.0029188787869075528,-0.0003209460471074177,0.0,0.0,0.0,0.08360576086200289,0.08360766933143547,1.908469432584936e-06,0.1174163009109646,0.11669110853667801,-0.0007251923742865873,0.14915602486006713,0.20872312743996613,0.059567102579899
21,0.2,1.0,1.0,0.0,0.0,0.0,0.0,0.13513513513513514,0.16216216216216217,0.02702702702702703,0.8648648648648649,0.8378378378378378,-0.027027027027027084,0.0032398248340149705,0.009429434228006461,0.006189609393991491,0.0,0.0,0.0,0.08360576086200289,0.08360766933143547,1.908469432584936e-06,0.1174163009109646,0.11669110853667801,-0.0007251923742865873,0.14915602486006713,0.20872312743996613,0.059567102579899
21,0.25,1.0,1.0,0.0,0.0,0.0,0.0,0.13513513513513514,0.16216216216216217,0.02702702702702703,0.8648648648648649,0.8378378378378378,-0.027027027027027084,0.0032398248340149705,0.009429434228006461,0.006189609393991491,0.0,0.0,0.0,0.08360576086200289,0.08360766933143547,1.908469432584936e-06,0.1174163009109646,0.11669110853667801,-0.0007251923742865873,0.14915602486006713,0.20872312743996613,0.059567102579899
21,0.3,1.0,1.0,0.0,0.0,0.0,0.0,0.13513513513513514,0.16216216216216217,0.02702702702702703,0.8648648648648649,0.8378378378378378,-0.027027027027027084,0.0032398248340149705,0.009429434228006461,0.006189609393991491,0.0,0.0,0.0,0.08360576086200289,0.08360766933143547,1.908469432584936e-06,0.1174163009109646,0.11669110853667801,-0.0007251923742865873,0.14915602486006713,0.20872312743996613,0.059567102579899
21,0.35,1.0,1.0,0.0,0.0,0.0,0.0,0.16216216216216217,0.16216216216216217,0.0,0.8378378378378378,0.8378378378378378,0.0,0.003874633488697543,0.009429434228006461,0.005554800739308918,0.0,0.0,0.0,0.08360576086200289,0.08360766933143547,1.908469432584936e-06,0.1174163009109646,0.11669110853667801,-0.0007251923742865873,0.14915602486006713,0.20872312743996613,0.059567102579899
21,0.4,1.0,1.0,0.0,0.0,0.0,0.0,0.1891891891891892,0.21621621621621623,0.02702702702702703,0.8108108108108109,0.7837837837837838,-0.027027027027027084,0.004263020788507044,0.01091478241499777,0.0066517616264907264,0.0,0.0,0.0,0.08360576086200289,0.08387129589160952,0.0002655350296066339,0.1174163009109646,0.11679622093312282,-0.0006200799778417754,0.14915602486006713,0.24660780468078192,0.09745177982071479
21,0.45,1.0,1.0,0.0,0.0,0.0,0.0,0.1891891891891892,0.21621621621621623,0.02702702702702703,0.8108108108108109,0.7837837837837838,-0.027027027027027084,0.004263020788507044,0.01091478241499777,0.0066517616264907264,0.0,0.0,0.0,0.08360576086200289,0.08387129589160952,0.0002655350296066339,0.1174163009109646,0.11679622093312282,-0.0006200799778417754,0.14915602486006713,0.24660780468078192,0.09745177982071479
21,0.5,0.4285714285714286,0.0,-0.4285714285714286,0.5714285714285714,1.0,0.4285714285714286,0.4594594594594595,1.0,0.5405405405405406,0.5405405405405406,0.0,-0.5405405405405406,-0.0029044376065153754,,,0.0,,,0.08360576086200289,0.06994836894662874,-0.013657391915374142,0.1174163009109646,0.11827249561045042,0.000856194699485821,0.14915602486006713,,
21,0.55,0.4285714285714286,0.0,-0.4285714285714286,0.5714285714285714,1.0,0.4285714285714286,0.4594594594594595,1.0,0.5405405405405406,0.5405405405405406,0.0,-0.5405405405405406,-0.0029044376065153754,,,0.0,,,0.08360576086200289,0.06994836894662874,-0.013657391915374142,0.1174163009109646,0.11827249561045042,0.000856194699485821,0.14915602486006713,,
21,0.6,0.4285714285714286,0.0,-0.4285714285714286,0.5714285714285714,1.0,0.4285714285714286,0.5135135135135135,1.0,0.4864864864864865,0.4864864864864865,0.0,-0.4864864864864865,0.021427387427989997,,,0.0,,,0.08360576086200289,0.06994836894662874,-0.013657391915374142,0.1174163009109646,0.11827249561045042,0.000856194699485821,0.14915602486006713,,
22,0.1,1.0,1.0,0.0,0.0,0.0,0.0,0.23255813953488372,0.32558139534883723,0.09302325581395351,0.7674418604651163,0.6744186046511628,-0.09302325581395354,0.004923603357570028,0.0044794847787503755,-0.0004441185788196522,0.0,0.0,0.0,0.0575219661202287,0.062333287628362107,0.004811321508133404,0.08357459331013438,0.08972720672220362,0.006152613412069241,0.25955972676321193,0.25911449693157135,-0.00044522983164058116
22,0.15,1.0,1.0,0.0,0.0,0.0,0.0,0.4186046511627907,0.46511627906976744,0.046511627906976716,0.5813953488372093,0.5348837209302325,-0.04651162790697683,0.004828282706068943,0.004976709962726034,0.000148427256657091,0.0,0.0,0.0,0.0575219661202287,0.06637992204170572,0.008857955921477013,0.08357459331013438,0.09103491886285561,0.007460325552721234,0.25955972676321193,0.10437001286562818,-0.15518971389758374
22,0.2,1.0,1.0,0.0,0.0,0.0,0.0,0.46511627906976744,0.46511627906976744,0.0,0.5348837209302325,0.5348837209302325,0.0,0.007465652760456631,0.004976709962726034,-0.002488942797730598,0.0,0.0,0.0,0.0575219661202287,0.06637992204170572,0.008857955921477013,0.08357459331013438,0.09103491886285561,0.007460325552721234,0.25955972676321193,0.10437001286562818,-0.15518971389758374
22,0.25,1.0,1.0,0.0,0.0,0.0,0.0,0.46511627906976744,0.5116279069767442,0.04651162790697677,0.5348837209302325,0.4883720930232558,-0.046511627906976716,0.007465652760456631,0.004046215132243569,-0.0034194376282130623,0.0,0.0,0.0,0.0575219661202287,0.06604409351284996,0.008522127392621252,0.08357459331013438,0.09020670433286067,0.006632111022726289,0.25955972676321193,0.10361150986515126,-0.15594821689806065
22,0.3,1.0,1.0,0.0,0.0,0.0,0.0,0.5116279069767442,0.5348837209302325,0.023255813953488302,0.4883720930232558,0.46511627906976744,-0.023255813953488358,0.01570044540312754,0.012595787928071034,-0.003104657475056505,0.0,0.0,0.0,0.0575219661202287,0.06526449480029949,0.007742528680070783,0.08357459331013438,0.09643298571611264,0.012858392405978261,0.25955972676321193,0.18386112731561244,-0.07569859944759949
22,0.35,1.0,1.0,0.0,0.0,0.0,0.0,0.5116279069767442,0.5813953488372093,0.06976744186046513,0.4883720930232558,0.4186046511627907,-0.06976744186046507,0.01570044540312754,0.013114768772230612,-0.002585676630896927,0.0,0.0,0.0,0.0575219661202287,0.06567665858095206,0.00815469246072336,0.08357459331013438,0.0967637660749434,0.01318917276480902,0.25955972676321193,0.18340602551532628,-0.07615370124788565
22,0.4,1.0,1.0,0.0,0.0,0.0,0.0,0.5348837209302325,0.5813953488372093,0.04651162790697683,0.46511627906976744,0.4186046511627907,-0.046511627906976716,0.016199083225869937,0.013273356994640162,-0.002925726231229775,0.0,0.0,0.0,0.0575219661202287,0.06551795578386856,0.007995989663639853,0.08357459331013438,0.09530700728885112,0.011732413978716744,0.25955972676321193,0.15503801329748837,-0.10452171346572356
22,0.45,1.0,1.0,0.0,0.0,0.0,0.0,0.5348837209302325,0.5813953488372093,0.04651162790697683,0.46511627906976744,0.4186046511627907,-0.046511627906976716,0.016199083225869937,0.013273356994640162,-0.002925726231229775,0.0,0.0,0.0,0.0575219661202287,0.06551795578386856,0.007995989663639853,0.08357459331013438,0.09530700728885112,0.011732413978716744,0.25955972676321193,0.15503801329748837,-0.10452171346572356
22,0.5,1.0,1.0,0.0,0.0,0.0,0.0,0.5348837209302325,0.5813953488372093,0.04651162790697683,0.46511627906976744,0.4186046511627907,-0.046511627906976716,0.016199083225869937,0.013273356994640162,-0.002925726231229775,0.0,0.0,0.0,0.0575219661202287,0.06551795578386856,0.007995989663639853,0.08357459331013438,0.09530700728885112,0.011732413978716744,0.25955972676321193,0.15503801329748837,-0.10452171346572356
22,0.55,1.0,1.0,0.0,0.0,0.0,0.0,0.5348837209302325,0.5813953488372093,0.04651162790697683,0.46511627906976744,0.4186046511627907,-0.046511627906976716,0.016199083225869937,0.013273356994640162,-0.002925726231229775,0.0,0.0,0.0,0.0575219661202287,0.06551795578386856,0.007995989663639853,0.08357459331013438,0.09530700728885112,0.011732413978716744,0.25955972676321193,0.15503801329748837,-0.10452171346572356
22,0.6,1.0,1.0,0.0,0.0,0.0,0.0,0.5348837209302325,0.5813953488372093,0.04651162790697683,0.46511627906976744,0.4186046511627907,-0.046511627906976716,0.016199083225869937,0.013273356994640162,-0.002925726231229775,0.0,0.0,0.0,0.0575219661202287,0.06551795578386856,0.007995989663639853,0.08357459331013438,0.09530700728885112,0.011732413978716744,0.25955972676321193,0.15503801329748837,-0.10452171346572356
23,0.1,1.0,1.0,0.0,0.0,0.0,0.0,0.07692307692307693,0.07692307692307693,0.0,0.9230769230769231,0.9230769230769231,0.0,0.00342172242924188,0.00342172242924188,0.0,0.0,0.0,0.0,0.047355010594794036,0.04837161881510557,0.001016608220311535,0.07484526746732555,0.07565230389665312,0.0008070364293275706,0.14806793696697407,0.15845509623150733,0.010387159264533263
23,0.15,1.0,1.0,0.0,0.0,0.0,0.0,0.3076923076923077,0.23076923076923078,-0.07692307692307693,0.6923076923076923,0.7692307692307693,0.07692307692307698,0.0029651362280326277,0.003609986090272299,0.0006448498622396714,0.0,0.0,0.0,0.047355010594794036,0.04854940871449359,0.0011943981196995551,0.07484526746732555,0.07483839370125811,-6.873766067436171e-06,0.14806793696697407,0.11548077064686975,-0.03258716632010432
23,0.2,1.0,1.0,0.0,0.0,0.0,0.0,0.46153846153846156,0.41025641025641024,-0.05128205128205132,0.5384615384615384,0.5897435897435898,0.05128205128205132,0.0008973833317703628,-0.0006351832938820134,-0.0015325666256523762,0.0,0.0,0.0,0.047355010594794036,0.05193567597815203,0.004580665383357996,0.07484526746732555,0.0771732845130992,0.0023280170457736504,0.14806793696697407,-0.024440374740078253,-0.17250831170705233
23,0.25,1.0,1.0,0.0,0.0,0.0,0.0,0.46153846153846156,0.41025641025641024,-0.05128205128205132,0.5384615384615384,0.5897435897435898,0.05128205128205132,0.0008973833317703628,-0.0006351832938820134,-0.0015325666256523762,0.0,0.0,0.0,0.047355010594794036,0.05193567597815203,0.004580665383357996,0.07484526746732555,0.0771732845130992,0.0023280170457736504,0.14806793696697407,-0.024440374740078253,-0.17250831170705233
23,0.3,1.0,1.0,0.0,0.0,0.0,0.0,0.46153846153846156,0.41025641025641024,-0.05128205128205132,0.5384615384615384,0.5897435897435898,0.05128205128205132,0.0008973833317703628,-0.0006351832938820134,-0.0015325666256523762,0.0,0.0,0.0,0.047355010594794036,0.05193567597815203,0.004580665383357996,0.07484526746732555,0.0771732845130992,0.0023280170457736504,0.14806793696697407,-0.024440374740078253,-0.17250831170705233
23,0.35,1.0,1.0,0.0,0.0,0.0,0.0,0.48717948717948717,0.41025641025641024,-0.07692307692307693,0.5128205128205128,0.5897435897435898,0.07692307692307698,0.003180648297460009,-0.0006351832938820134,-0.0038158315913420227,0.0,0.0,0.0,0.047355010594794036,0.05193567597815203,0.004580665383357996,0.07484526746732555,0.0771732845130992,0.0023280170457736504,0.14806793696697407,-0.024440374740078253,-0.17250831170705233
23,0.4,1.0,1.0,0.0,0.0,0.0,0.0,0.48717948717948717,0.41025641025641024,-0.07692307692307693,0.5128205128205128,0.5897435897435898,0.07692307692307698,0.003180648297460009,-0.0006351832938820134,-0.0038158315913420227,0.0,0.0,0.0,0.047355010594794036,0.05193567597815203,0.004580665383357996,0.07484526746732555,0.0771732845130992,0.0023280170457736504,0.14806793696697407,-0.024440374740078253,-0.17250831170705233
23,0.45,1.0,1.0,0.0,0.0,0.0,0.0,0.5128205128205128,0.4358974358974359,-0.07692307692307687,0.48717948717948717,0.5641025641025641,0.07692307692307693,0.0033623043862027746,-0.00018213309028358715,-0.0035444374764863618,0.0,0.0,0.0,0.047355010594794036,0.05171076993773948,0.004355759342945444,0.07484526746732555,0.07735530284486414,0.0025100353775385914,0.14806793696697407,-0.01547890400204956,-0.16354684096902364
23,0.5,0.5,0.5,0.0,0.5,0.5,0.0,0.5384615384615384,0.46153846153846156,-0.07692307692307687,0.46153846153846156,0.5384615384615384,0.07692307692307687,0.00010457210295300445,-0.0031432577843302223,-0.0032478298872832267,0.0,0.0,0.0,0.047355010594794036,0.0512759159067699,0.003920905311975864,0.07484526746732555,0.07704397023876476,0.002198702771439215,0.14806793696697407,-0.06313763474520215,-0.21120557171217622
23,0.55,0.5,0.5,0.0,0.5,0.5,0.0,0.5384615384615384,0.48717948717948717,-0.051282051282051266,0.46153846153846156,0.5128205128205128,0.05128205128205121,0.00010457210295300445,-0.0035316396044965392,-0.0036362117074495437,0.0,0.0,0.0,0.047355010594794036,0.0512759159067699,0.003920905311975864,0.07484526746732555,0.07704397023876476,0.002198702771439215,0.14806793696697407,-0.06313763474520215,-0.21120557171217622
23,0.6,0.5,0.5,0.0,0.5,0.5,0.0,0.5384615384615384,0.48717948717948717,-0.051282051282051266,0.46153846153846156,0.5128205128205128,0.05128205128205121,0.00010457210295300445,-0.0035316396044965392,-0.0036362117074495437,0.0,0.0,0.0,0.047355010594794036,0.0512759159067699,0.003920905311975864,0.07484526746732555,0.07704397023876476,0.002198702771439215,0.14806793696697407,-0.06313763474520215,-0.21120557171217622
24,0.1,1.0,1.0,0.0,0.0,0.0,0.0,0.0,0.0,0.0,1.0,1.0,0.0,0.0,0.0,0.0,0.0,0.0,0.0,0.06403451137678294,0.06403451137678294,0.0,0.10283624682824277,0.10283624682824277,0.0,-0.16674201947534104,-0.16674201947534104,0.0
24,0.15,0.9230769230769231,0.8461538461538461,-0.07692307692307698,0.07692307692307693,0.15384615384615385,0.07692307692307693,0.09090909090909091,0.11363636363636363,0.02272727272727272,0.9090909090909091,0.8863636363636364,-0.022727272727272707,0.0009628528634875178,0.0009949986535049415,3.214579001742379e-05,0.0,0.0,0.0,0.06403451137678294,0.06346717163352021,-0.0005673397432627292,0.10283624682824277,0.10167527583740442,-0.001160970990838353,-0.16674201947534104,-0.1504156403866529,0.016326379088688142
24,0.2,0.9230769230769231,0.8461538461538461,-0.07692307692307698,0.07692307692307693,0.15384615384615385,0.07692307692307693,0.09090909090909091,0.13636363636363635,0.04545454545454544,0.9090909090909091,0.8636363636363636,-0.045454545454545414,0.0009628528634875178,0.001336477945387049,0.00037362508189953125,0.0,0.0,0.0,0.06403451137678294,0.06346717163352021,-0.0005673397432627292,0.10283624682824277,0.10167527583740442,-0.001160970990838353,-0.16674201947534104,-0.1504156403866529,0.016326379088688142
24,0.25,0.9230769230769231,0.9230769230769231,0.0,0.07692307692307693,0.07692307692307693,0.0,0.09090909090909091,0.13636363636363635,0.04545454545454544,0.9090909090909091,0.8636363636363636,-0.045454545454545414,0.0009628528634875178,0.0016928485103737678,0.0007299956468862501,0.0,0.0,0.0,0.06403451137678294,0.06131755498549407,-0.002716956391288869,0.10283624682824277,0.10063321946998346,-0.0022030273582593074,-0.16674201947534104,-0.11350382679483623,0.05323819268050481
24,0.3,0.7692307692307692,0.0,-0.7692307692307692,0.23076923076923078,1.0,0.7692307692307692,0.29545454545454547,1.0,0.7045454545454546,0.7045454545454546,0.0,-0.7045454545454546,-0.00917010882742375,,,0.0,,,0.06403451137678294,0.056930635802591896,-0.0071038755741910445,0.10283624682824277,0.09795189423337237,-0.0048843525948703975,-0.16674201947534104,,
24,0.35,0.7692307692307692,0.0,-0.7692307692307692,0.23076923076923078,1.0,0.7692307692307692,0.29545454545454547,1.0,0.7045454545454546,0.7045454545454546,0.0,-0.7045454545454546,-0.00917010882742375,,,0.0,,,0.06403451137678294,0.056930635802591896,-0.0071038755741910445,0.10283624682824277,0.09795189423337237,-0.0048843525948703975,-0.16674201947534104,,
24,0.4,0.7692307692307692,0.0,-0.7692307692307692,0.23076923076923078,1.0,0.7692307692307692,0.3181818181818182,1.0,0.6818181818181819,0.6818181818181818,0.0,-0.6818181818181818,-0.009076405307070767,,,0.0,,,0.06403451137678294,0.056930635802591896,-0.0071038755741910445,0.10283624682824277,0.09795189423337237,-0.0048843525948703975,-0.16674201947534104,,
24,0.45,0.7692307692307692,0.0,-0.7692307692307692,0.23076923076923078,1.0,0.7692307692307692,0.3181818181818182,1.0,0.6818181818181819,0.6818181818181818,0.0,-0.6818181818181818,-0.009076405307070767,,,0.0,,,0.06403451137678294,0.056930635802591896,-0.0071038755741910445,0.10283624682824277,0.09795189423337237,-0.0048843525948703975,-0.16674201947534104,,
24,0.5,0.6923076923076923,0.0,-0.6923076923076923,0.3076923076923077,1.0,0.6923076923076923,0.3409090909090909,1.0,0.6590909090909092,0.6590909090909091,0.0,-0.6590909090909091,-0.009379356078100809,,,0.0,,,0.06403451137678294,0.056930635802591896,-0.0071038755741910445,0.10283624682824277,0.09795189423337237,-0.0048843525948703975,-0.16674201947534104,,
24,0.55,0.6923076923076923,0.0,-0.6923076923076923,0.3076923076923077,1.0,0.6923076923076923,0.3409090909090909,1.0,0.6590909090909092,0.6590909090909091,0.0,-0.6590909090909091,-0.009379356078100809,,,0.0,,,0.06403451137678294,0.056930635802591896,-0.0071038755741910445,0.10283624682824277,0.09795189423337237,-0.0048843525948703975,-0.16674201947534104,,
24,0.6,0.6923076923076923,0.0,-0.6923076923076923,0.3076923076923077,1.0,0.6923076923076923,0.3409090909090909,1.0,0.6590909090909092,0.6590909090909091,0.0,-0.6590909090909091,-0.009379356078100809,,,0.0,,,0.06403451137678294,0.056930635802591896,-0.0071038755741910445,0.10283624682824277,0.09795189423337237,-0.0048843525948703975,-0.16674201947534104,,
25,0.1,1.0,1.0,0.0,0.0,0.0,0.0,0.023255813953488372,0.023255813953488372,0.0,0.9767441860465116,0.9767441860465116,0.0,0.0001075774625866055,0.0001075774625866055,0.0,0.0,0.0,0.0,0.06627484779820808,0.06627484779820808,0.0,0.10531556491619418,0.10531556491619418,0.0,0.05749452743615274,0.05749452743615274,0.0
25,0.15,0.9333333333333333,0.9333333333333333,0.0,0.06666666666666667,0.06666666666666667,0.0,0.13953488372093023,0.13953488372093023,0.0,0.8604651162790697,0.8604651162790697,0.0,-0.0038354807660839763,0.0027862401881578736,0.00662172095424185,0.0,0.0,0.0,0.06627484779820808,0.06528508621424221,-0.0009897615839658674,0.10531556491619418,0.10443417742872065,-0.0008813874874735311,0.05749452743615274,0.10224620446429274,0.044751677028139994
25,0.2,0.8666666666666667,0.8666666666666667,0.0,0.13333333333333333,0.13333333333333333,0.0,0.20930232558139536,0.16279069767441862,-0.046511627906976744,0.7906976744186046,0.8372093023255814,0.04651162790697683,0.003111566786699549,0.00262069683204158,-0.0004908699546579687,0.0,0.0,0.0,0.06627484779820808,0.06444264797544995,-0.001832199822758132,0.10531556491619418,0.10326561328730471,-0.0020499516288894626,0.05749452743615274,0.045813581228807715,-0.011680946207345028
25,0.25,0.8666666666666667,0.8666666666666667,0.0,0.13333333333333333,0.13333333333333333,0.0,0.20930232558139536,0.18604651162790697,-0.023255813953488386,0.7906976744186046,0.813953488372093,0.023255813953488413,0.003111566786699549,0.0028935719234042256,-0.00021799486329532325,0.0,0.0,0.0,0.06627484779820808,0.06444264797544995,-0.001832199822758132,0.10531556491619418,0.10326561328730471,-0.0020499516288894626,0.05749452743615274,0.045813581228807715,-0.011680946207345028
25,0.3,0.8666666666666667,0.8666666666666667,0.0,0.13333333333333333,0.13333333333333333,0.0,0.20930232558139536,0.18604651162790697,-0.023255813953488386,0.7906976744186046,0.813953488372093,0.023255813953488413,0.003111566786699549,0.0028935719234042256,-0.00021799486329532325,0.0,0.0,0.0,0.06627484779820808,0.06444264797544995,-0.001832199822758132,0.10531556491619418,0.10326561328730471,-0.0020499516288894626,0.05749452743615274,0.045813581228807715,-0.011680946207345028
25,0.35,0.8666666666666667,0.8666666666666667,0.0,0.13333333333333333,0.13333333333333333,0.0,0.20930232558139536,0.18604651162790697,-0.023255813953488386,0.7906976744186046,0.813953488372093,0.023255813953488413,0.003111566786699549,0.0028935719234042256,-0.00021799486329532325,0.0,0.0,0.0,0.06627484779820808,0.06444264797544995,-0.001832199822758132,0.10531556491619418,0.10326561328730471,-0.0020499516288894626,0.05749452743615274,0.045813581228807715,-0.011680946207345028
25,0.4,0.8666666666666667,0.8666666666666667,0.0,0.13333333333333333,0.13333333333333333,0.0,0.20930232558139536,0.18604651162790697,-0.023255813953488386,0.7906976744186046,0.813953488372093,0.023255813953488413,0.003111566786699549,0.0028935719234042256,-0.00021799486329532325,0.0,0.0,0.0,0.06627484779820808,0.06444264797544995,-0.001832199822758132,0.10531556491619418,0.10326561328730471,-0.0020499516288894626,0.05749452743615274,0.045813581228807715,-0.011680946207345028
25,0.45,0.8666666666666667,0.8666666666666667,0.0,0.13333333333333333,0.13333333333333333,0.0,0.23255813953488372,0.23255813953488372,0.0,0.7674418604651163,0.7674418604651163,0.0,0.0037868680650285924,0.0037470306940577958,-3.983737097079665e-05,0.0,0.0,0.0,0.06627484779820808,0.06875481389868653,0.002479966100478445,0.10531556491619418,0.10841440002719681,0.003098835111002632,0.05749452743615274,-0.05597752143519884,-0.11347204887135158
25,0.5,0.8,0.8666666666666667,0.06666666666666665,0.2,0.13333333333333333,-0.06666666666666668,0.2558139534883721,0.23255813953488372,-0.023255813953488386,0.7441860465116279,0.7674418604651163,0.023255813953488413,-0.0026145006052312736,0.0037470306940577958,0.006361531299289069,0.0,0.0,0.0,0.06627484779820808,0.06875481389868653,0.002479966100478445,0.10531556491619418,0.10841440002719681,0.003098835111002632,0.05749452743615274,-0.05597752143519884,-0.11347204887135158
25,0.55,0.8,0.8666666666666667,0.06666666666666665,0.2,0.13333333333333333,-0.06666666666666668,0.2558139534883721,0.23255813953488372,-0.023255813953488386,0.7441860465116279,0.7674418604651163,0.023255813953488413,-0.0026145006052312736,0.0037470306940577958,0.006361531299289069,0.0,0.0,0.0,0.06627484779820808,0.06875481389868653,0.002479966100478445,0.10531556491619418,0.10841440002719681,0.003098835111002632,0.05749452743615274,-0.05597752143519884,-0.11347204887135158
25,0.6,0.4,0.0,-0.4,0.6,1.0,0.4,0.46511627906976744,1.0,0.5348837209302326,0.5348837209302325,0.0,-0.5348837209302325,-0.014002843732012216,,,0.11422399162752828,,,0.06627484779820808,0.053364607723187366,-0.012910240075020715,0.10531556491619418,0.09669893655558541,-0.008616628360608766,0.05749452743615274,,
26,0.1,1.0,1.0,0.0,0.0,0.0,0.0,0.023255813953488372,0.023255813953488372,0.0,0.9767441860465116,0.9767441860465116,0.0,0.0008054417103828815,0.0008054417103828815,0.0,0.0,0.0,0.0,0.04029476999242592,0.04028500004861293,-9.769943812992787e-06,0.06549180586761175,0.06469109824058043,-0.0008007076270313135,0.0879678330829254,0.21422754644900657,0.12625971336608116
26,0.15,1.0,1.0,0.0,0.0,0.0,0.0,0.023255813953488372,0.023255813953488372,0.0,0.9767441860465116,0.9767441860465116,0.0,0.0008054417103828815,0.0008054417103828815,0.0,0.0,0.0,0.0,0.04029476999242592,0.04028500004861293,-9.769943812992787e-06,0.06549180586761175,0.06469109824058043,-0.0008007076270313135,0.0879678330829254,0.21422754644900657,0.12625971336608116
26,0.2,1.0,1.0,0.0,0.0,0.0,0.0,0.09302325581395349,0.11627906976744186,0.023255813953488372,0.9069767441860465,0.8837209302325582,-0.023255813953488302,0.001106122986642144,0.001077313215199549,-2.8809771442595e-05,0.0,0.0,0.0,0.04029476999242592,0.040637199363749495,0.0003424293713235743,0.06549180586761175,0.0656741244972375,0.00018231862962575507,0.0879678330829254,0.15850131734670087,0.07053348426377547
26,0.25,1.0,1.0,0.0,0.0,0.0,0.0,0.16279069767441862,0.18604651162790697,0.023255813953488358,0.8372093023255814,0.813953488372093,-0.023255813953488413,0.0014993752780390057,0.001479331877369816,-2.0043400669189637e-05,0.0,0.0,0.0,0.04029476999242592,0.04102387475374165,0.000729104761315727,0.06549180586761175,0.06607563970708043,0.000583833839468681,0.0879678330829254,0.22202921852332935,0.13406138544040397
26,0.3,1.0,1.0,0.0,0.0,0.0,0.0,0.20930232558139536,0.20930232558139536,0.0,0.7906976744186046,0.7906976744186046,0.0,0.0014287545163043092,0.0015509314792683249,0.0001221769629640157,0.0,0.0,0.0,0.04029476999242592,0.040603599464003486,0.00030882947157756524,0.06549180586761175,0.06614915440091554,0.0006573485333037921,0.0879678330829254,0.22091469394128324,0.13294686085835783
26,0.35,1.0,1.0,0.0,0.0,0.0,0.0,0.23255813953488372,0.23255813953488372,0.0,0.7674418604651163,0.7674418604651163,0.0,0.0014943895395012063,0.0016202688346762528,0.00012587929517504648,0.0,0.0,0.0,0.04029476999242592,0.04301867460712828,0.0027239046147023577,0.06549180586761175,0.06758218138797739,0.002090375520365645,0.0879678330829254,0.1680543851928104,0.08008655210988501
26,0.4,1.0,1.0,0.0,0.0,0.0,0.0,0.27906976744186046,0.23255813953488372,-0.046511627906976744,0.7209302325581395,0.7674418604651163,0.04651162790697683,0.0015870380717392107,0.0016202688346762528,3.323076293704208e-05,0.0,0.0,0.0,0.04029476999242592,0.04301867460712828,0.0027239046147023577,0.06549180586761175,0.06758218138797739,0.002090375520365645,0.0879678330829254,0.1680543851928104,0.08008655210988501
26,0.45,1.0,0.875,-0.125,0.0,0.125,0.125,0.27906976744186046,0.2558139534883721,-0.023255813953488358,0.7209302325581395,0.7441860465116279,0.023255813953488413,0.0015870380717392107,0.00046531964384810554,-0.0011217184278911052,0.0,0.0,0.0,0.04029476999242592,0.04301867460712828,0.0027239046147023577,0.06549180586761175,0.06758218138797739,0.002090375520365645,0.0879678330829254,0.1680543851928104,0.08008655210988501
26,0.5,1.0,0.75,-0.25,0.0,0.25,0.25,0.27906976744186046,0.27906976744186046,0.0,0.7209302325581395,0.7209302325581395,0.0,0.0015870380717392107,4.480090219594057e-05,-0.0015422371695432702,0.0,0.0,0.0,0.04029476999242592,0.043191160901680535,0.0028963909092546147,0.06549180586761175,0.0680315418243849,0.002539735956773148,0.0879678330829254,0.1680543851928104,0.08008655210988501
26,0.55,0.75,0.75,0.0,0.25,0.25,0.0,0.32558139534883723,0.27906976744186046,-0.04651162790697677,0.6744186046511628,0.7209302325581395,0.046511627906976716,-9.937459835629436e-05,4.480090219594057e-05,0.00014417550055223494,0.0,0.0,0.0,0.04029476999242592,0.043191160901680535,0.0028963909092546147,0.06549180586761175,0.0680315418243849,0.002539735956773148,0.0879678330829254,0.1680543851928104,0.08008655210988501
26,0.6,0.5,0.0,-0.5,0.5,1.0,0.5,0.7906976744186046,1.0,0.2093023255813954,0.20930232558139536,0.0,-0.20930232558139536,0.026850678704634423,,,0.0,,,0.04029476999242592,0.03056753085146967,-0.009727239140956249,0.06549180586761175,0.061589812265990376,-0.00390199360162137,0.0879678330829254,,
27,0.1,1.0,1.0,0.0,0.0,0.0,0.0,0.09090909090909091,0.045454545454545456,-0.045454545454545456,0.9090909090909091,0.9545454545454546,0.045454545454545525,0.006625364418372581,0.0055292467442168425,-0.0010961176741557388,0.0,0.0,0.0,0.04033299839337399,0.04008544722637624,-0.0002475511669977476,0.06695439491148476,0.06638013656119153,-0.000574258350293233,0.22616316531063527,0.2567257552174778,0.030562589906842547
27,0.15,1.0,1.0,0.0,0.0,0.0,0.0,0.13636363636363635,0.09090909090909091,-0.04545454545454544,0.8636363636363636,0.9090909090909091,0.045454545454545414,0.007281674834492491,0.006464313805060851,-0.0008173610294316402,0.0,0.0,0.0,0.04033299839337399,0.04014382095157178,-0.00018917744180220464,0.06695439491148476,0.06588432181755655,-0.0010700730939282171,0.22616316531063527,0.2733574901900387,0.04719432487940342
27,0.2,1.0,1.0,0.0,0.0,0.0,0.0,0.22727272727272727,0.18181818181818182,-0.04545454545454544,0.7727272727272727,0.8181818181818182,0.045454545454545525,0.007403549151184019,0.006276339182700985,-0.001127209968483034,0.0,0.0,0.0,0.04033299839337399,0.040683160751305694,0.0003501623579317062,0.06695439491148476,0.06675343063941416,-0.00020096427207060008,0.22616316531063527,0.25160829830284376,0.02544513299220849
27,0.25,1.0,1.0,0.0,0.0,0.0,0.0,0.22727272727272727,0.18181818181818182,-0.04545454545454544,0.7727272727272727,0.8181818181818182,0.045454545454545525,0.007403549151184019,0.006276339182700985,-0.001127209968483034,0.0,0.0,0.0,0.04033299839337399,0.040683160751305694,0.0003501623579317062,0.06695439491148476,0.06675343063941416,-0.00020096427207060008,0.22616316531063527,0.25160829830284376,0.02544513299220849
27,0.3,1.0,1.0,0.0,0.0,0.0,0.0,0.22727272727272727,0.20454545454545456,-0.022727272727272707,0.7727272727272727,0.7954545454545454,0.022727272727272707,0.007403549151184019,0.006256705786469308,-0.0011468433647147114,0.0,0.0,0.0,0.04033299839337399,0.040683160751305694,0.0003501623579317062,0.06695439491148476,0.06675343063941416,-0.00020096427207060008,0.22616316531063527,0.25160829830284376,0.02544513299220849
27,0.35,1.0,1.0,0.0,0.0,0.0,0.0,0.25,0.22727272727272727,-0.022727272727272735,0.75,0.7727272727272727,0.022727272727272707,0.007854376718817835,0.006176306197695047,-0.0016780705211227875,0.0,0.0,0.0,0.04033299839337399,0.040683160751305694,0.0003501623579317062,0.06695439491148476,0.06675343063941416,-0.00020096427207060008,0.22616316531063527,0.25160829830284376,0.02544513299220849
27,0.4,0.8333333333333334,1.0,0.16666666666666663,0.16666666666666666,0.0,-0.16666666666666666,0.2727272727272727,0.22727272727272727,-0.04545454545454544,0.7272727272727273,0.7727272727272727,0.045454545454545414,0.0018944854970120995,0.006176306197695047,0.004281820700682948,0.12002803999109979,0.0,-0.12002803999109979,0.04033299839337399,0.040683160751305694,0.0003501623579317062,0.06695439491148476,0.06675343063941416,-0.00020096427207060008,0.22616316531063527,0.25160829830284376,0.02544513299220849
27,0.45,0.8333333333333334,1.0,0.16666666666666663,0.16666666666666666,0.0,-0.16666666666666666,0.2727272727272727,0.22727272727272727,-0.04545454545454544,0.7272727272727273,0.7727272727272727,0.045454545454545414,0.0018944854970120995,0.006176306197695047,0.004281820700682948,0.12002803999109979,0.0,-0.12002803999109979,0.04033299839337399,0.040683160751305694,0.0003501623579317062,0.06695439491148476,0.06675343063941416,-0.00020096427207060008,0.22616316531063527,0.25160829830284376,0.02544513299220849
27,0.5,0.8333333333333334,1.0,0.16666666666666663,0.16666666666666666,0.0,-0.16666666666666666,0.2727272727272727,0.2727272727272727,0.0,0.7272727272727273,0.7272727272727273,0.0,0.0018944854970120995,0.007809733917175987,0.005915248420163888,0.12002803999109979,0.0,-0.12002803999109979,0.04033299839337399,0.04165564234454822,0.001322643951174235,0.06695439491148476,0.06716859907393832,0.0002142041624535601,0.22616316531063527,0.2544513299220849,0.028288164611449645
27,0.55,0.8333333333333334,1.0,0.16666666666666663,0.16666666666666666,0.0,-0.16666666666666666,0.2727272727272727,0.2727272727272727,0.0,0.7272727272727273,0.7272727272727273,0.0,0.0018944854970120995,0.007809733917175987,0.005915248420163888,0.12002803999109979,0.0,-0.12002803999109979,0.04033299839337399,0.04165564234454822,0.001322643951174235,0.06695439491148476,0.06716859907393832,0.0002142041624535601,0.22616316531063527,0.2544513299220849,0.028288164611449645
27,0.6,0.8333333333333334,1.0,0.16666666666666663,0.16666666666666666,0.0,-0.16666666666666666,0.2727272727272727,0.2727272727272727,0.0,0.7272727272727273,0.7272727272727273,0.0,0.0018944854970120995,0.007809733917175987,0.005915248420163888,0.12002803999109979,0.0,-0.12002803999109979,0.04033299839337399,0.04165564234454822,0.001322643951174235,0.06695439491148476,0.06716859907393832,0.0002142041624535601,0.22616316531063527,0.2544513299220849,0.028288164611449645
28,0.1,1.0,1.0,0.0,0.0,0.0,0.0,0.125,0.075,-0.05,0.875,0.925,0.050000000000000044,0.00019524099987711097,0.006701390347748859,0.006506149347871748,0.0,0.0,0.0,0.06300496919665809,0.06212919838088231,-0.0008757708157757782,0.10193081021820385,0.10447840863591049,0.0025475984177066313,0.1704358048080235,0.15792327631266248,-0.012512528495361025
28,0.15,1.0,0.8571428571428572,-0.1428571428571428,0.0,0.14285714285714285,0.14285714285714285,0.225,0.3,0.07499999999999998,0.775,0.7,-0.07500000000000007,0.008538338817028257,-0.0018131827372763754,-0.010351521554304632,0.0,0.010924089113984126,0.010924089113984126,0.06300496919665809,0.06344464171623469,0.000439672519576606,0.10193081021820385,0.10369041078435415,0.0017596005661502934,0.1704358048080235,0.08000434886427799,-0.09043145594374552
28,0.2,1.0,0.8571428571428572,-0.1428571428571428,0.0,0.14285714285714285,0.14285714285714285,0.225,0.3,0.07499999999999998,0.775,0.7,-0.07500000000000007,0.008538338817028257,0.008593064554547336,5.4725737519079054e-05,0.0,0.0,0.0,0.06300496919665809,0.06307962698577632,7.465778911823484e-05,0.10193081021820385,0.10155387429271544,-0.0003769359254884169,0.1704358048080235,0.09289604488980147,-0.07753975991822204
28,0.25,1.0,0.8571428571428572,-0.1428571428571428,0.0,0.14285714285714285,0.14285714285714285,0.225,0.3,0.07499999999999998,0.775,0.7,-0.07500000000000007,0.008538338817028257,0.008593064554547336,5.4725737519079054e-05,0.0,0.0,0.0,0.06300496919665809,0.06307962698577632,7.465778911823484e-05,0.10193081021820385,0.10155387429271544,-0.0003769359254884169,0.1704358048080235,0.09289604488980147,-0.07753975991822204
28,0.3,1.0,0.8571428571428572,-0.1428571428571428,0.0,0.14285714285714285,0.14285714285714285,0.225,0.3,0.07499999999999998,0.775,0.7,-0.07500000000000007,0.008538338817028257,0.008593064554547336,5.4725737519079054e-05,0.0,0.0,0.0,0.06300496919665809,0.06307962698577632,7.465778911823484e-05,0.10193081021820385,0.10155387429271544,-0.0003769359254884169,0.1704358048080235,0.09289604488980147,-0.07753975991822204
28,0.35,1.0,0.8571428571428572,-0.1428571428571428,0.0,0.14285714285714285,0.14285714285714285,0.225,0.3,0.07499999999999998,0.775,0.7,-0.07500000000000007,0.008538338817028257,0.008593064554547336,5.4725737519079054e-05,0.0,0.0,0.0,0.06300496919665809,0.06307962698577632,7.465778911823484e-05,0.10193081021820385,0.10155387429271544,-0.0003769359254884169,0.1704358048080235,0.09289604488980147,-0.07753975991822204
28,0.4,1.0,0.8571428571428572,-0.1428571428571428,0.0,0.14285714285714285,0.14285714285714285,0.3,0.325,0.025000000000000022,0.7,0.675,-0.02499999999999991,0.010863001619047075,0.010246575198588626,-0.0006164264204584491,0.0,0.0,0.0,0.06300496919665809,0.06270599842266125,-0.00029897077399683447,0.10193081021820385,0.10188895321282296,-4.185700538089643e-05,0.1704358048080235,0.1323294680266968,-0.038106336781326716
28,0.45,1.0,0.8571428571428572,-0.1428571428571428,0.0,0.14285714285714285,0.14285714285714285,0.3,0.35,0.04999999999999999,0.7,0.65,-0.04999999999999993,0.010863001619047075,0.010357931118488595,-0.0005050705005584799,0.0,0.0,0.0,0.06300496919665809,0.06270599842266125,-0.00029897077399683447,0.10193081021820385,0.10188895321282296,-4.185700538089643e-05,0.1704358048080235,0.1323294680266968,-0.038106336781326716
28,0.5,0.7142857142857143,0.8571428571428572,0.1428571428571429,0.2857142857142857,0.14285714285714285,-0.14285714285714285,0.35,0.35,0.0,0.65,0.65,0.0,0.008878775776602232,0.010357931118488595,0.0014791553418863623,0.0,0.0,0.0,0.06300496919665809,0.06270599842266125,-0.00029897077399683447,0.10193081021820385,0.10188895321282296,-4.185700538089643e-05,0.1704358048080235,0.1323294680266968,-0.038106336781326716
28,0.55,0.7142857142857143,0.8571428571428572,0.1428571428571429,0.2857142857142857,0.14285714285714285,-0.14285714285714285,0.35,0.35,0.0,0.65,0.65,0.0,0.008878775776602232,0.010357931118488595,0.0014791553418863623,0.0,0.0,0.0,0.06300496919665809,0.06270599842266125,-0.00029897077399683447,0.10193081021820385,0.10188895321282296,-4.185700538089643e-05,0.1704358048080235,0.1323294680266968,-0.038106336781326716
28,0.6,0.7142857142857143,0.8571428571428572,0.1428571428571429,0.2857142857142857,0.14285714285714285,-0.14285714285714285,0.35,0.35,0.0,0.65,0.65,0.0,0.008878775776602232,0.010357931118488595,0.0014791553418863623,0.0,0.0,0.0,0.06300496919665809,0.06270599842266125,-0.00029897077399683447,0.10193081021820385,0.10188895321282296,-4.185700538089643e-05,0.1704358048080235,0.1323294680266968,-0.038106336781326716
29,0.1,0.9,1.0,0.09999999999999998,0.1,0.0,-0.1,0.11627906976744186,0.09302325581395349,-0.023255813953488372,0.8837209302325582,0.9069767441860465,0.023255813953488302,0.0017164165477759896,0.0043695295008499,0.0026531129530739106,0.0,0.0,0.0,0.0700210987822736,0.06653971046790005,-0.003481388314373543,0.1031359599002078,0.1015097258426468,-0.0016262340575610018,0.03352583262108115,-0.011225844407058847,-0.044751677028139994
29,0.15,0.85,0.95,0.09999999999999998,0.15,0.05,-0.09999999999999999,0.20930232558139536,0.20930232558139536,0.0,0.7906976744186046,0.7906976744186046,0.0,0.0028746627737499253,0.0056004829584709315,0.002725820184721006,0.0,0.0,0.0,0.0700210987822736,0.0654873985445954,-0.004533700237678198,0.1031359599002078,0.10132002861653948,-0.0018159312836683178,0.03352583262108115,0.01683876661058827,-0.01668706601049288
29,0.2,0.8,0.9,0.09999999999999998,0.2,0.1,-0.1,0.27906976744186046,0.20930232558139536,-0.0697674418604651,0.7209302325581395,0.7906976744186046,0.06976744186046513,0.006183753444922169,0.005136407763011941,-0.0010473456819102278,0.0,0.0,0.0,0.0700210987822736,0.06612210841277298,-0.0038989903695006156,0.1031359599002078,0.10242448136523312,-0.0007114785349746772,0.03352583262108115,0.03367753322117654,0.00015170060009538772
29,0.25,0.8,0.85,0.04999999999999993,0.2,0.15,-0.05000000000000002,0.27906976744186046,0.23255813953488372,-0.046511627906976744,0.7209302325581395,0.7674418604651163,0.04651162790697683,0.006183753444922169,0.005204373131817874,-0.0009793803131042944,0.0,0.0,0.0,0.0700210987822736,0.06477244417807644,-0.005248654604197156,0.1031359599002078,0.10075532351053983,-0.00238063638966797,0.03352583262108115,0.045510180028616946,0.011984347407535796
29,0.3,0.8,0.85,0.04999999999999993,0.2,0.15,-0.05000000000000002,0.27906976744186046,0.23255813953488372,-0.046511627906976744,0.7209302325581395,0.7674418604651163,0.04651162790697683,0.006183753444922169,0.005204373131817874,-0.0009793803131042944,0.0,0.0,0.0,0.0700210987822736,0.06477244417807644,-0.005248654604197156,0.1031359599002078,0.10075532351053983,-0.00238063638966797,0.03352583262108115,0.045510180028616946,0.011984347407535796
29,0.35,0.8,0.85,0.04999999999999993,0.2,0.15,-0.05000000000000002,0.27906976744186046,0.23255813953488372,-0.046511627906976744,0.7209302325581395,0.7674418604651163,0.04651162790697683,0.006183753444922169,0.005204373131817874,-0.0009793803131042944,0.0,0.0,0.0,0.0700210987822736,0.06477244417807644,-0.005248654604197156,0.1031359599002078,0.10075532351053983,-0.00238063638966797,0.03352583262108115,0.045510180028616946,0.011984347407535796
29,0.4,0.8,0.85,0.04999999999999993,0.2,0.15,-0.05000000000000002,0.27906976744186046,0.23255813953488372,-0.046511627906976744,0.7209302325581395,0.7674418604651163,0.04651162790697683,0.006183753444922169,0.005204373131817874,-0.0009793803131042944,0.0,0.0,0.0,0.0700210987822736,0.06477244417807644,-0.005248654604197156,0.1031359599002078,0.10075532351053983,-0.00238063638966797,0.03352583262108115,0.045510180028616946,0.011984347407535796
29,0.45,0.65,0.0,-0.65,0.35,1.0,0.65,0.4883720930232558,1.0,0.5116279069767442,0.5116279069767442,0.0,-0.5116279069767442,0.016148463055658313,,,0.0,,,0.0700210987822736,0.05504327742683999,-0.014977821355433608,0.1031359599002078,0.09180446924640476,-0.011331490653803039,0.03352583262108115,,
29,0.5,0.6,0.0,-0.6,0.4,1.0,0.6,0.5116279069767442,1.0,0.4883720930232558,0.4883720930232558,0.0,-0.4883720930232558,0.014825891609216657,,,0.0,,,0.0700210987822736,0.05504327742683999,-0.014977821355433608,0.1031359599002078,0.09180446924640476,-0.011331490653803039,0.03352583262108115,,
29,0.55,0.5,0.0,-0.5,0.5,1.0,0.5,0.5813953488372093,1.0,0.41860465116279066,0.4186046511627907,0.0,-0.4186046511627907,0.015112159065261865,,,0.0,,,0.0700210987822736,0.05504327742683999,-0.014977821355433608,0.1031359599002078,0.09180446924640476,-0.011331490653803039,0.03352583262108115,,
29,0.6,0.5,0.0,-0.5,0.5,1.0,0.5,0.5813953488372093,1.0,0.41860465116279066,0.4186046511627907,0.0,-0.4186046511627907,0.015112159065261865,,,0.0,,,0.0700210987822736,0.05504327742683999,-0.014977821355433608,0.1031359599002078,0.09180446924640476,-0.011331490653803039,0.03352583262108115,,
30,0.1,1.0,1.0,0.0,0.0,0.0,0.0,0.5454545454545454,0.5681818181818182,0.022727272727272818,0.45454545454545453,0.4318181818181818,-0.022727272727272707,0.016145924247811916,0.01675823062136328,0.0006123063735513634,0.0,0.0,0.0,0.07460502043644555,0.08075506337507256,0.006150042938627004,0.1057073002897211,0.11192251977997622,0.006215219490255122,0.2742981437700387,0.15241942426993865,-0.12187871950010004
30,0.15,1.0,0.75,-0.25,0.0,0.25,0.25,0.5681818181818182,0.6136363636363636,0.045454545454545414,0.4318181818181818,0.38636363636363635,-0.04545454545454547,0.017214403235066733,0.015670611691257164,-0.0015437915438095695,0.0,0.0,0.0,0.07460502043644555,0.07821243288179908,0.0036074124453535222,0.1057073002897211,0.10894192199941255,0.0032346217096914515,0.2742981437700387,0.2100916388585641,-0.06420650491147459
30,0.2,1.0,0.75,-0.25,0.0,0.25,0.25,0.5681818181818182,0.6136363636363636,0.045454545454545414,0.4318181818181818,0.38636363636363635,-0.04545454545454547,0.017214403235066733,0.015670611691257164,-0.0015437915438095695,0.0,0.0,0.0,0.07460502043644555,0.07821243288179908,0.0036074124453535222,0.1057073002897211,0.10894192199941255,0.0032346217096914515,0.2742981437700387,0.2100916388585641,-0.06420650491147459
30,0.25,1.0,0.75,-0.25,0.0,0.25,0.25,0.5681818181818182,0.6136363636363636,0.045454545454545414,0.4318181818181818,0.38636363636363635,-0.04545454545454547,0.017214403235066733,0.015670611691257164,-0.0015437915438095695,0.0,0.0,0.0,0.07460502043644555,0.07821243288179908,0.0036074124453535222,0.1057073002897211,0.10894192199941255,0.0032346217096914515,0.2742981437700387,0.2100916388585641,-0.06420650491147459
30,0.3,1.0,0.75,-0.25,0.0,0.25,0.25,0.5681818181818182,0.6136363636363636,0.045454545454545414,0.4318181818181818,0.38636363636363635,-0.04545454545454547,0.017214403235066733,0.015670611691257164,-0.0015437915438095695,0.0,0.0,0.0,0.07460502043644555,0.07821243288179908,0.0036074124453535222,0.1057073002897211,0.10894192199941255,0.0032346217096914515,0.2742981437700387,0.2100916388585641,-0.06420650491147459
30,0.35,1.0,0.75,-0.25,0.0,0.25,0.25,0.5681818181818182,0.6136363636363636,0.045454545454545414,0.4318181818181818,0.38636363636363635,-0.04545454545454547,0.017214403235066733,0.015670611691257164,-0.0015437915438095695,0.0,0.0,0.0,0.07460502043644555,0.07821243288179908,0.0036074124453535222,0.1057073002897211,0.10894192199941255,0.0032346217096914515,0.2742981437700387,0.2100916388585641,-0.06420650491147459
30,0.4,1.0,0.75,-0.25,0.0,0.25,0.25,0.5681818181818182,0.6136363636363636,0.045454545454545414,0.4318181818181818,0.38636363636363635,-0.04545454545454547,0.017214403235066733,0.015670611691257164,-0.0015437915438095695,0.0,0.0,0.0,0.07460502043644555,0.07821243288179908,0.0036074124453535222,0.1057073002897211,0.10894192199941255,0.0032346217096914515,0.2742981437700387,0.2100916388585641,-0.06420650491147459
30,0.45,1.0,0.5,-0.5,0.0,0.5,0.5,0.5909090909090909,0.6590909090909091,0.06818181818181812,0.4090909090909091,0.3409090909090909,-0.06818181818181823,0.017348637981196013,0.0023123920668339792,-0.015036245914362034,0.0,0.0,0.0,0.07460502043644555,0.07806693244375897,0.0034619120073134113,0.1057073002897211,0.10894989982326798,0.003242599533546886,0.2742981437700387,0.20497784643198644,-0.06932029733805226
30,0.5,1.0,0.5,-0.5,0.0,0.5,0.5,0.5909090909090909,0.6590909090909091,0.06818181818181812,0.4090909090909091,0.3409090909090909,-0.06818181818181823,0.017348637981196013,0.0023123920668339792,-0.015036245914362034,0.0,0.0,0.0,0.07460502043644555,0.07806693244375897,0.0034619120073134113,0.1057073002897211,0.10894989982326798,0.003242599533546886,0.2742981437700387,0.20497784643198644,-0.06932029733805226
30,0.55,1.0,0.5,-0.5,0.0,0.5,0.5,0.5909090909090909,0.6590909090909091,0.06818181818181812,0.4090909090909091,0.3409090909090909,-0.06818181818181823,0.017348637981196013,0.0023123920668339792,-0.015036245914362034,0.0,0.0,0.0,0.07460502043644555,0.07806693244375897,0.0034619120073134113,0.1057073002897211,0.10894989982326798,0.003242599533546886,0.2742981437700387,0.20497784643198644,-0.06932029733805226
30,0.6,0.75,0.0,-0.75,0.25,1.0,0.75,0.8409090909090909,1.0,0.15909090909090906,0.1590909090909091,0.0,-0.1590909090909091,0.07440455792363898,,,0.0,,,0.07460502043644555,0.05782216565761732,-0.01678285477882823,0.1057073002897211,0.10038886561265827,-0.005318434677062833,0.2742981437700387,,
31,0.1,1.0,1.0,0.0,0.0,0.0,0.0,0.09302325581395349,0.09302325581395349,0.0,0.9069767441860465,0.9069767441860465,0.0,0.005409939245347162,0.005409939245347162,0.0,0.0,0.0,0.0,0.05458535811744585,0.05428960172630533,-0.00029575639114052393,0.07856572226101005,0.07631518324892156,-0.0022505390120884927,0.35391262382438515,0.3626720765199952,0.00875945269561007
31,0.15,1.0,1.0,0.0,0.0,0.0,0.0,0.09302325581395349,0.09302325581395349,0.0,0.9069767441860465,0.9069767441860465,0.0,0.005409939245347162,0.005409939245347162,0.0,0.0,0.0,0.0,0.05458535811744585,0.05428960172630533,-0.00029575639114052393,0.07856572226101005,0.07631518324892156,-0.0022505390120884927,0.35391262382438515,0.3626720765199952,0.00875945269561007
31,0.2,1.0,1.0,0.0,0.0,0.0,0.0,0.16279069767441862,0.16279069767441862,0.0,0.8372093023255814,0.8372093023255814,0.0,0.005683687320346298,0.006135718105442556,0.00045203078509625794,0.0,0.0,0.0,0.05458535811744585,0.05499364949684357,0.0004082913793977197,0.07856572226101005,0.07699437635315323,-0.0015713459078568193,0.35391262382438515,0.3654382194765037,0.011525595652118525
31,0.25,1.0,1.0,0.0,0.0,0.0,0.0,0.18604651162790697,0.16279069767441862,-0.023255813953488358,0.813953488372093,0.8372093023255814,0.023255813953488413,0.0059620775637864165,0.006135718105442556,0.0001736405416561393,0.0,0.0,0.0,0.05458535811744585,0.05499364949684357,0.0004082913793977197,0.07856572226101005,0.07699437635315323,-0.0015713459078568193,0.35391262382438515,0.3654382194765037,0.011525595652118525
31,0.3,1.0,1.0,0.0,0.0,0.0,0.0,0.18604651162790697,0.18604651162790697,0.0,0.813953488372093,0.813953488372093,0.0,0.0059620775637864165,0.006083663391312832,0.00012158582752641589,0.0,0.0,0.0,0.05458535811744585,0.05499364949684357,0.0004082913793977197,0.07856572226101005,0.07699437635315323,-0.0015713459078568193,0.35391262382438515,0.3654382194765037,0.011525595652118525
31,0.35,1.0,1.0,0.0,0.0,0.0,0.0,0.18604651162790697,0.18604651162790697,0.0,0.813953488372093,0.813953488372093,0.0,0.0059620775637864165,0.006083663391312832,0.00012158582752641589,0.0,0.0,0.0,0.05458535811744585,0.05499364949684357,0.0004082913793977197,0.07856572226101005,0.07699437635315323,-0.0015713459078568193,0.35391262382438515,0.3654382194765037,0.011525595652118525
31,0.4,1.0,1.0,0.0,0.0,0.0,0.0,0.18604651162790697,0.18604651162790697,0.0,0.813953488372093,0.813953488372093,0.0,0.0059620775637864165,0.006083663391312832,0.00012158582752641589,0.0,0.0,0.0,0.05458535811744585,0.05499364949684357,0.0004082913793977197,0.07856572226101005,0.07699437635315323,-0.0015713459078568193,0.35391262382438515,0.3654382194765037,0.011525595652118525
31,0.45,1.0,1.0,0.0,0.0,0.0,0.0,0.18604651162790697,0.18604651162790697,0.0,0.813953488372093,0.813953488372093,0.0,0.0059620775637864165,0.006083663391312832,0.00012158582752641589,0.0,0.0,0.0,0.05458535811744585,0.05499364949684357,0.0004082913793977197,0.07856572226101005,0.07699437635315323,-0.0015713459078568193,0.35391262382438515,0.3654382194765037,0.011525595652118525
31,0.5,1.0,1.0,0.0,0.0,0.0,0.0,0.18604651162790697,0.18604651162790697,0.0,0.813953488372093,0.813953488372093,0.0,0.0059620775637864165,0.006083663391312832,0.00012158582752641589,0.0,0.0,0.0,0.05458535811744585,0.05499364949684357,0.0004082913793977197,0.07856572226101005,0.07699437635315323,-0.0015713459078568193,0.35391262382438515,0.3654382194765037,0.011525595652118525
31,0.55,1.0,1.0,0.0,0.0,0.0,0.0,0.23255813953488372,0.20930232558139536,-0.023255813953488358,0.7674418604651163,0.7906976744186046,0.023255813953488302,0.005773597827973376,0.0058922959235818695,0.00011869809560849376,0.0,0.0,0.0,0.05458535811744585,0.055865477275928214,0.0012801191584823624,0.07856572226101005,0.07749078489067006,-0.0010749373703399928,0.35391262382438515,0.3614426796504359,0.007530055826050763
31,0.6,1.0,1.0,0.0,0.0,0.0,0.0,0.27906976744186046,0.2558139534883721,-0.023255813953488358,0.7209302325581395,0.7441860465116279,0.023255813953488413,0.007738472464842716,0.008213655215936089,0.0004751827510933726,0.0,0.0,0.0,0.05458535811744585,0.055873613149170616,0.0012882550317247637,0.07856572226101005,0.07846922220849051,-9.650005251954363e-05,0.35391262382438515,0.396634165041571,0.042721541217185854
32,0.1,0.625,0.5,-0.125,0.375,0.5,0.125,0.5348837209302325,0.5813953488372093,0.04651162790697683,0.46511627906976744,0.4186046511627907,-0.046511627906976716,-0.0007035044856877892,-0.0182647807827655,-0.01756127629707771,0.010924089113984126,0.11422399162752828,0.10329990251354415,0.07489687965408313,0.07392782826328011,-0.0009690513908030274,0.11300747798263079,0.11412982311886467,0.001122345136233882,0.047791844204579347,0.04688007611164619,-0.0009117680929331545
32,0.15,0.375,0.375,0.0,0.625,0.625,0.0,0.627906976744186,0.6511627906976745,0.023255813953488413,0.37209302325581395,0.3488372093023256,-0.023255813953488358,-0.023289424230816258,-0.0166123138690496,0.006677110361766658,0.11422399162752828,0.11422399162752828,0.0,0.07489687965408313,0.07292834893326151,-0.0019685307208216207,0.11300747798263079,0.11403792149026679,0.0010304435076359947,0.047791844204579347,0.07848803666666211,0.030696192462082765
32,0.2,0.375,0.375,0.0,0.625,0.625,0.0,0.627906976744186,0.6511627906976745,0.023255813953488413,0.37209302325581395,0.3488372093023256,-0.023255813953488358,-0.023289424230816258,-0.0166123138690496,0.006677110361766658,0.11422399162752828,0.11422399162752828,0.0,0.07489687965408313,0.07292834893326151,-0.0019685307208216207,0.11300747798263079,0.11403792149026679,0.0010304435076359947,0.047791844204579347,0.07848803666666211,0.030696192462082765
32,0.25,0.375,0.375,0.0,0.625,0.625,0.0,0.627906976744186,0.6511627906976745,0.023255813953488413,0.37209302325581395,0.3488372093023256,-0.023255813953488358,-0.023289424230816258,-0.0166123138690496,0.006677110361766658,0.11422399162752828,0.11422399162752828,0.0,0.07489687965408313,0.07292834893326151,-0.0019685307208216207,0.11300747798263079,0.11403792149026679,0.0010304435076359947,0.047791844204579347,0.07848803666666211,0.030696192462082765
32,0.3,0.375,0.375,0.0,0.625,0.625,0.0,0.627906976744186,0.6511627906976745,0.023255813953488413,0.37209302325581395,0.3488372093023256,-0.023255813953488358,-0.023289424230816258,-0.0166123138690496,0.006677110361766658,0.11422399162752828,0.11422399162752828,0.0,0.07489687965408313,0.07292834893326151,-0.0019685307208216207,0.11300747798263079,0.11403792149026679,0.0010304435076359947,0.047791844204579347,0.07848803666666211,0.030696192462082765
32,0.35,0.375,0.375,0.0,0.625,0.625,0.0,0.627906976744186,0.6511627906976745,0.023255813953488413,0.37209302325581395,0.3488372093023256,-0.023255813953488358,-0.023289424230816258,-0.0166123138690496,0.006677110361766658,0.11422399162752828,0.11422399162752828,0.0,0.07489687965408313,0.07292834893326151,-0.0019685307208216207,0.11300747798263079,0.11403792149026679,0.0010304435076359947,0.047791844204579347,0.07848803666666211,0.030696192462082765
32,0.4,0.375,0.375,0.0,0.625,0.625,0.0,0.6511627906976745,0.6511627906976745,0.0,0.3488372093023256,0.3488372093023256,0.0,-0.025501674982760125,-0.0166123138690496,0.008889361113710526,0.11422399162752828,0.11422399162752828,0.0,0.07489687965408313,0.07292834893326151,-0.0019685307208216207,0.11300747798263079,0.11403792149026679,0.0010304435076359947,0.047791844204579347,0.07848803666666211,0.030696192462082765
32,0.45,0.375,0.375,0.0,0.625,0.625,0.0,0.6511627906976745,0.6511627906976745,0.0,0.3488372093023256,0.3488372093023256,0.0,-0.025501674982760125,-0.0166123138690496,0.008889361113710526,0.11422399162752828,0.11422399162752828,0.0,0.07489687965408313,0.07292834893326151,-0.0019685307208216207,0.11300747798263079,0.11403792149026679,0.0010304435076359947,0.047791844204579347,0.07848803666666211,0.030696192462082765
32,0.5,0.375,0.375,0.0,0.625,0.625,0.0,0.6511627906976745,0.6511627906976745,0.0,0.3488372093023256,0.3488372093023256,0.0,-0.025501674982760125,-0.0166123138690496,0.008889361113710526,0.11422399162752828,0.11422399162752828,0.0,0.07489687965408313,0.07292834893326151,-0.0019685307208216207,0.11300747798263079,0.11403792149026679,0.0010304435076359947,0.047791844204579347,0.07848803666666211,0.030696192462082765
32,0.55,0.375,0.375,0.0,0.625,0.625,0.0,0.6511627906976745,0.6511627906976745,0.0,0.3488372093023256,0.3488372093023256,0.0,-0.025501674982760125,-0.0166123138690496,0.008889361113710526,0.11422399162752828,0.11422399162752828,0.0,0.07489687965408313,0.07292834893326151,-0.0019685307208216207,0.11300747798263079,0.11403792149026679,0.0010304435076359947,0.047791844204579347,0.07848803666666211,0.030696192462082765
32,0.6,0.375,0.375,0.0,0.625,0.625,0.0,0.6511627906976745,0.6511627906976745,0.0,0.3488372093023256,0.3488372093023256,0.0,-0.025501674982760125,-0.0166123138690496,0.008889361113710526,0.11422399162752828,0.11422399162752828,0.0,0.07489687965408313,0.07292834893326151,-0.0019685307208216207,0.11300747798263079,0.11403792149026679,0.0010304435076359947,0.047791844204579347,0.07848803666666211,0.030696192462082765
33,0.1,1.0,1.0,0.0,0.0,0.0,0.0,0.022727272727272728,0.022727272727272728,0.0,0.9772727272727273,0.9772727272727273,0.0,0.0011114084383195832,0.0011114084383195832,0.0,0.0,0.0,0.0,0.06576380410459842,0.06576380410459842,0.0,0.10206869271605237,0.10206869271605237,0.0,0.22757552764493122,0.22757552764493122,0.0
33,0.15,1.0,1.0,0.0,0.0,0.0,0.0,0.09090909090909091,0.09090909090909091,0.0,0.9090909090909091,0.9090909090909091,0.0,0.0026381657315691642,0.0026381657315691642,0.0,0.0,0.0,0.0,0.06576380410459842,0.06540353304244417,-0.0003602710621542493,0.10206869271605237,0.1019008515804924,-0.00016784113555996794,0.22757552764493122,0.22147088155089997,-0.006104646094031246
33,0.2,0.95,1.0,0.050000000000000044,0.05,0.0,-0.05,0.22727272727272727,0.20454545454545456,-0.022727272727272707,0.7727272727272727,0.7954545454545454,0.022727272727272707,0.0057487422420821055,0.00557992844737909,-0.0001688137947030155,0.0,0.0,0.0,0.06576380410459842,0.06453711884426011,-0.0012266852603383116,0.10206869271605237,0.10103094219946267,-0.0010377505165897055,0.22757552764493122,0.2217548185785293,-0.005820709066401919
33,0.25,0.6,0.0,-0.6,0.4,1.0,0.6,0.45454545454545453,1.0,0.5454545454545454,0.5454545454545454,0.0,-0.5454545454545454,-0.0026960974306030616,,,0.0,,,0.06576380410459842,0.05816871755744512,-0.007595086547153303,0.10206869271605237,0.09809955931956475,-0.00396913339648762,0.22757552764493122,,
33,0.3,0.6,0.0,-0.6,0.4,1.0,0.6,0.45454545454545453,1.0,0.5454545454545454,0.5454545454545454,0.0,-0.5454545454545454,-0.0026960974306030616,,,0.0,,,0.06576380410459842,0.05816871755744512,-0.007595086547153303,0.10206869271605237,0.09809955931956475,-0.00396913339648762,0.22757552764493122,,
33,0.35,0.6,0.0,-0.6,0.4,1.0,0.6,0.45454545454545453,1.0,0.5454545454545454,0.5454545454545454,0.0,-0.5454545454545454,-0.0026960974306030616,,,0.0,,,0.06576380410459842,0.05816871755744512,-0.007595086547153303,0.10206869271605237,0.09809955931956475,-0.00396913339648762,0.22757552764493122,,
33,0.4,0.6,0.0,-0.6,0.4,1.0,0.6,0.45454545454545453,1.0,0.5454545454545454,0.5454545454545454,0.0,-0.5454545454545454,-0.0026960974306030616,,,0.0,,,0.06576380410459842,0.05816871755744512,-0.007595086547153303,0.10206869271605237,0.09809955931956475,-0.00396913339648762,0.22757552764493122,,
33,0.45,0.6,0.0,-0.6,0.4,1.0,0.6,0.45454545454545453,1.0,0.5454545454545454,0.5454545454545454,0.0,-0.5454545454545454,-0.0026960974306030616,,,0.0,,,0.06576380410459842,0.05816871755744512,-0.007595086547153303,0.10206869271605237,0.09809955931956475,-0.00396913339648762,0.22757552764493122,,
33,0.5,0.6,0.0,-0.6,0.4,1.0,0.6,0.45454545454545453,1.0,0.5454545454545454,0.5454545454545454,0.0,-0.5454545454545454,-0.0026960974306030616,,,0.0,,,0.06576380410459842,0.05816871755744512,-0.007595086547153303,0.10206869271605237,0.09809955931956475,-0.00396913339648762,0.22757552764493122,,
33,0.55,0.6,0.0,-0.6,0.4,1.0,0.6,0.45454545454545453,1.0,0.5454545454545454,0.5454545454545454,0.0,-0.5454545454545454,-0.0026960974306030616,,,0.0,,,0.06576380410459842,0.05816871755744512,-0.007595086547153303,0.10206869271605237,0.09809955931956475,-0.00396913339648762,0.22757552764493122,,
33,0.6,0.6,0.0,-0.6,0.4,1.0,0.6,0.4772727272727273,1.0,0.5227272727272727,0.5227272727272727,0.0,-0.5227272727272727,0.005806880787973201,,,0.0,,,0.06576380410459842,0.05816871755744512,-0.007595086547153303,0.10206869271605237,0.09809955931956475,-0.00396913339648762,0.22757552764493122,,
34,0.1,0.9285714285714286,0.9285714285714286,0.0,0.07142857142857142,0.07142857142857142,0.0,0.05,0.05,0.0,0.95,0.95,0.0,-0.003297159450614373,-0.003297159450614373,0.0,0.0,0.0,0.0,0.07634049852026834,0.07589923189583583,-0.0004412666244325014,0.1226119864082396,0.12206187510489512,-0.0005501113033444804,0.06347761093266284,-0.012996899567815242,-0.07647451050047809
34,0.15,0.8571428571428572,0.7142857142857143,-0.1428571428571429,0.14285714285714285,0.2857142857142857,0.14285714285714285,0.225,0.2,-0.024999999999999994,0.775,0.8,0.025000000000000022,-0.009703017282394644,-0.013238041371460008,-0.003535024089065364,0.0,0.0,0.0,0.07634049852026834,0.07616466424055127,-0.00017583427971706866,0.1226119864082396,0.12213345793312792,-0.00047852847511167806,0.06347761093266284,-0.004143938992636744,-0.06762154992529959
34,0.2,0.8571428571428572,0.7142857142857143,-0.1428571428571429,0.14285714285714285,0.2857142857142857,0.14285714285714285,0.225,0.225,0.0,0.775,0.775,0.0,-0.009703017282394644,-0.013193933995906293,-0.0034909167135116492,0.0,0.0,0.0,0.07634049852026834,0.07616466424055127,-0.00017583427971706866,0.1226119864082396,0.12213345793312792,-0.00047852847511167806,0.06347761093266284,-0.004143938992636744,-0.06762154992529959
34,0.25,0.6428571428571428,0.0,-0.6428571428571428,0.35714285714285715,1.0,0.6428571428571428,0.5,1.0,0.5,0.5,0.0,-0.5,0.0010924869111910152,,,0.0924646071133608,,,0.07634049852026834,0.06921889700159442,-0.0071216015186739146,0.1226119864082396,0.11300328771788497,-0.009608698690354633,0.06347761093266284,,
34,0.3,0.6428571428571428,0.0,-0.6428571428571428,0.35714285714285715,1.0,0.6428571428571428,0.5,1.0,0.5,0.5,0.0,-0.5,0.0010924869111910152,,,0.0924646071133608,,,0.07634049852026834,0.06921889700159442,-0.0071216015186739146,0.1226119864082396,0.11300328771788497,-0.009608698690354633,0.06347761093266284,,
34,0.35,0.6428571428571428,0.0,-0.6428571428571428,0.35714285714285715,1.0,0.6428571428571428,0.5,1.0,0.5,0.5,0.0,-0.5,0.0010924869111910152,,,0.0924646071133608,,,0.07634049852026834,0.06921889700159442,-0.0071216015186739146,0.1226119864082396,0.11300328771788497,-0.009608698690354633,0.06347761093266284,,
34,0.4,0.6428571428571428,0.0,-0.6428571428571428,0.35714285714285715,1.0,0.6428571428571428,0.5,1.0,0.5,0.5,0.0,-0.5,0.0010924869111910152,,,0.0924646071133608,,,0.07634049852026834,0.06921889700159442,-0.0071216015186739146,0.1226119864082396,0.11300328771788497,-0.009608698690354633,0.06347761093266284,,
34,0.45,0.5714285714285714,0.0,-0.5714285714285714,0.42857142857142855,1.0,0.5714285714285714,0.55,1.0,0.44999999999999996,0.45,0.0,-0.45,-5.044566493805913e-05,,,0.0924646071133608,,,0.07634049852026834,0.06921889700159442,-0.0071216015186739146,0.1226119864082396,0.11300328771788497,-0.009608698690354633,0.06347761093266284,,
34,0.5,0.5714285714285714,0.0,-0.5714285714285714,0.42857142857142855,1.0,0.5714285714285714,0.55,1.0,0.44999999999999996,0.45,0.0,-0.45,-5.044566493805913e-05,,,0.0924646071133608,,,0.07634049852026834,0.06921889700159442,-0.0071216015186739146,0.1226119864082396,0.11300328771788497,-0.009608698690354633,0.06347761093266284,,
34,0.55,0.5,0.0,-0.5,0.5,1.0,0.5,0.575,1.0,0.42500000000000004,0.425,0.0,-0.425,-0.011732445346896325,,,0.11422399162752828,,,0.07634049852026834,0.06921889700159442,-0.0071216015186739146,0.1226119864082396,0.11300328771788497,-0.009608698690354633,0.06347761093266284,,
34,0.6,0.5,0.0,-0.5,0.5,1.0,0.5,0.575,1.0,0.42500000000000004,0.425,0.0,-0.425,-0.011732445346896325,,,0.11422399162752828,,,0.07634049852026834,0.06921889700159442,-0.0071216015186739146,0.1226119864082396,0.11300328771788497,-0.009608698690354633,0.06347761093266284,,
35,0.1,1.0,1.0,0.0,0.0,0.0,0.0,0.045454545454545456,0.022727272727272728,-0.022727272727272728,0.9545454545454546,0.9772727272727273,0.022727272727272707,0.00044239410074498053,0.0004145712909832122,-2.782280976176832e-05,0.0,0.0,0.0,0.05937112695437983,0.058947757860216575,-0.0004233690941632534,0.10092458264537577,0.10086947781361429,-5.51048317614794e-05,0.1836362726192879,0.18264249302258515,-0.000993779596702743
35,0.15,1.0,1.0,0.0,0.0,0.0,0.0,0.2727272727272727,0.25,-0.022727272727272707,0.7272727272727273,0.75,0.022727272727272707,0.010609413936744971,0.010265068462328109,-0.0003443454744168628,0.0,0.0,0.0,0.05937112695437983,0.057061959202559694,-0.002309167751820135,0.10092458264537577,0.09909280436023418,-0.0018317782851415831,0.1836362726192879,0.24155942625567708,0.057923153636389196
35,0.2,0.875,1.0,0.125,0.125,0.0,-0.125,0.3409090909090909,0.3181818181818182,-0.022727272727272707,0.6590909090909091,0.6818181818181818,0.022727272727272707,0.011775278389869581,0.012359766371419112,0.0005844879815495307,0.0,0.0,0.0,0.05937112695437983,0.05643027012273672,-0.002940856831643107,0.10092458264537577,0.0985615826092912,-0.00236300003608457,0.1836362726192879,0.23488690610638716,0.05125063348709927
35,0.25,0.625,0.0,-0.625,0.375,1.0,0.625,0.5454545454545454,1.0,0.4545454545454546,0.45454545454545453,0.0,-0.45454545454545453,0.0005811822968432301,,,0.0,,,0.05937112695437983,0.04987277642332067,-0.009498350531059158,0.10092458264537577,0.09666052031435976,-0.004264062331016005,0.1836362726192879,,
35,0.3,0.625,0.0,-0.625,0.375,1.0,0.625,0.5454545454545454,1.0,0.4545454545454546,0.45454545454545453,0.0,-0.45454545454545453,0.0005811822968432301,,,0.0,,,0.05937112695437983,0.04987277642332067,-0.009498350531059158,0.10092458264537577,0.09666052031435976,-0.004264062331016005,0.1836362726192879,,
35,0.35,0.625,0.0,-0.625,0.375,1.0,0.625,0.5454545454545454,1.0,0.4545454545454546,0.45454545454545453,0.0,-0.45454545454545453,0.0005811822968432301,,,0.0,,,0.05937112695437983,0.04987277642332067,-0.009498350531059158,0.10092458264537577,0.09666052031435976,-0.004264062331016005,0.1836362726192879,,
35,0.4,0.625,0.0,-0.625,0.375,1.0,0.625,0.5681818181818182,1.0,0.43181818181818177,0.4318181818181818,0.0,-0.4318181818181818,0.001579176989864095,,,0.0,,,0.05937112695437983,0.04987277642332067,-0.009498350531059158,0.10092458264537577,0.09666052031435976,-0.004264062331016005,0.1836362726192879,,
35,0.45,0.625,0.0,-0.625,0.375,1.0,0.625,0.5681818181818182,1.0,0.43181818181818177,0.4318181818181818,0.0,-0.4318181818181818,0.001579176989864095,,,0.0,,,0.05937112695437983,0.04987277642332067,-0.009498350531059158,0.10092458264537577,0.09666052031435976,-0.004264062331016005,0.1836362726192879,,
35,0.5,0.625,0.0,-0.625,0.375,1.0,0.625,0.5681818181818182,1.0,0.43181818181818177,0.4318181818181818,0.0,-0.4318181818181818,0.001579176989864095,,,0.0,,,0.05937112695437983,0.04987277642332067,-0.009498350531059158,0.10092458264537577,0.09666052031435976,-0.004264062331016005,0.1836362726192879,,
35,0.55,0.625,0.0,-0.625,0.375,1.0,0.625,0.5681818181818182,1.0,0.43181818181818177,0.4318181818181818,0.0,-0.4318181818181818,0.001579176989864095,,,0.0,,,0.05937112695437983,0.04987277642332067,-0.009498350531059158,0.10092458264537577,0.09666052031435976,-0.004264062331016005,0.1836362726192879,,
35,0.6,0.625,0.0,-0.625,0.375,1.0,0.625,0.5681818181818182,1.0,0.43181818181818177,0.4318181818181818,0.0,-0.4318181818181818,0.001579176989864095,,,0.0,,,0.05937112695437983,0.04987277642332067,-0.009498350531059158,0.10092458264537577,0.09666052031435976,-0.004264062331016005,0.1836362726192879,,
36,0.1,1.0,1.0,0.0,0.0,0.0,0.0,0.022727272727272728,0.022727272727272728,0.0,0.9772727272727273,0.9772727272727273,0.0,0.0008677420702520866,0.0008677420702520866,0.0,0.0,0.0,0.0,0.04856803275653427,0.048208151787310194,-0.0003598809692240759,0.08432580591982393,0.08358894781892726,-0.0007368581008966729,0.3326346994512171,0.33974227849932004,0.007107579048102941
36,0.15,0.8571428571428572,0.7142857142857143,-0.1428571428571429,0.14285714285714285,0.2857142857142857,0.14285714285714285,0.1590909090909091,0.22727272727272727,0.06818181818181818,0.8409090909090909,0.7727272727272727,-0.06818181818181823,0.008696244522161778,0.001548317697654178,-0.0071479268245076,0.0,0.06665291169410226,0.06665291169410226,0.04856803275653427,0.050468784729299214,0.0019007519727649441,0.08432580591982393,0.08984746596170401,0.00552166004188008,0.3326346994512171,0.28074937240006576,-0.05188532705115134
36,0.2,0.7142857142857143,0.7142857142857143,0.0,0.2857142857142857,0.2857142857142857,0.0,0.25,0.22727272727272727,-0.022727272727272735,0.75,0.7727272727272727,0.022727272727272707,0.0018185263136728524,0.001548317697654178,-0.0002702086160186745,0.06665291169410226,0.06665291169410226,0.0,0.04856803275653427,0.050468784729299214,0.0019007519727649441,0.08432580591982393,0.08984746596170401,0.00552166004188008,0.3326346994512171,0.28074937240006576,-0.05188532705115134
36,0.25,0.7142857142857143,0.7142857142857143,0.0,0.2857142857142857,0.2857142857142857,0.0,0.25,0.25,0.0,0.75,0.75,0.0,0.0018185263136728524,0.0018185263136728524,0.0,0.06665291169410226,0.06665291169410226,0.0,0.04856803275653427,0.04996458889833894,0.0013965561418046724,0.08432580591982393,0.08746744535096586,0.0031416394311419293,0.3326346994512171,0.30662096013516044,-0.02601373931605666
36,0.3,0.7142857142857143,0.7142857142857143,0.0,0.2857142857142857,0.2857142857142857,0.0,0.2727272727272727,0.25,-0.022727272727272707,0.7272727272727273,0.75,0.022727272727272707,0.009739008750909939,0.0092205973757018,-0.0005184113752081387,0.06665291169410226,0.06665291169410226,0.0,0.04856803275653427,0.04633268905268233,-0.0022353437038519428,0.08432580591982393,0.08359775316525943,-0.000728052754564501,0.3326346994512171,0.28615113247662394,-0.04648356697459316
36,0.35,0.7142857142857143,0.7142857142857143,0.0,0.2857142857142857,0.2857142857142857,0.0,0.29545454545454547,0.25,-0.04545454545454547,0.7045454545454546,0.75,0.045454545454545414,0.010662095497825486,0.0092205973757018,-0.0014414981221236856,0.06665291169410226,0.06665291169410226,0.0,0.04856803275653427,0.04633268905268233,-0.0022353437038519428,0.08432580591982393,0.08359775316525943,-0.000728052754564501,0.3326346994512171,0.28615113247662394,-0.04648356697459316
36,0.4,0.7142857142857143,0.7142857142857143,0.0,0.2857142857142857,0.2857142857142857,0.0,0.29545454545454547,0.25,-0.04545454545454547,0.7045454545454546,0.75,0.045454545454545414,0.010662095497825486,0.0092205973757018,-0.0014414981221236856,0.06665291169410226,0.06665291169410226,0.0,0.04856803275653427,0.04633268905268233,-0.0022353437038519428,0.08432580591982393,0.08359775316525943,-0.000728052754564501,0.3326346994512171,0.28615113247662394,-0.04648356697459316
36,0.45,0.7142857142857143,0.7142857142857143,0.0,0.2857142857142857,0.2857142857142857,0.0,0.29545454545454547,0.25,-0.04545454545454547,0.7045454545454546,0.75,0.045454545454545414,0.010662095497825486,0.0092205973757018,-0.0014414981221236856,0.06665291169410226,0.06665291169410226,0.0,0.04856803275653427,0.04633268905268233,-0.0022353437038519428,0.08432580591982393,0.08359775316525943,-0.000728052754564501,0.3326346994512171,0.28615113247662394,-0.04648356697459316
36,0.5,0.7142857142857143,0.7142857142857143,0.0,0.2857142857142857,0.2857142857142857,0.0,0.3409090909090909,0.29545454545454547,-0.045454545454545414,0.6590909090909091,0.7045454545454546,0.045454545454545525,0.011721798503319225,0.01011893256651053,-0.001602865936808695,0.06665291169410226,0.06665291169410226,0.0,0.04856803275653427,0.046112093964862384,-0.0024559387916718856,0.08432580591982393,0.08254663488546744,-0.001779171034356486,0.3326346994512171,0.28416101034315516,-0.048473689108061935
36,0.55,0.7142857142857143,0.7142857142857143,0.0,0.2857142857142857,0.2857142857142857,0.0,0.3409090909090909,0.29545454545454547,-0.045454545454545414,0.6590909090909091,0.7045454545454546,0.045454545454545525,0.011721798503319225,0.01011893256651053,-0.001602865936808695,0.06665291169410226,0.06665291169410226,0.0,0.04856803275653427,0.046112093964862384,-0.0024559387916718856,0.08432580591982393,0.08254663488546744,-0.001779171034356486,0.3326346994512171,0.28416101034315516,-0.048473689108061935
36,0.6,0.7142857142857143,0.0,-0.7142857142857143,0.2857142857142857,1.0,0.7142857142857143,0.5454545454545454,1.0,0.4545454545454546,0.45454545454545453,0.0,-0.45454545454545453,0.017162685261565613,,,0.06665291169410226,,,0.04856803275653427,0.041778167657279645,-0.0067898650992546244,0.08432580591982393,0.0838928872356628,-0.0004329186841611349,0.3326346994512171,,
37,0.1,1.0,1.0,0.0,0.0,0.0,0.0,0.022727272727272728,0.022727272727272728,0.0,0.9772727272727273,0.9772727272727273,0.0,0.0008271079913936275,0.0008271079913936275,0.0,0.0,0.0,0.0,0.05221600819153738,0.05221600819153738,0.0,0.08388549958936323,0.08388549958936323,0.0,0.41518420294027186,0.41518420294027186,0.0
37,0.15,1.0,1.0,0.0,0.0,0.0,0.0,0.09090909090909091,0.09090909090909091,0.0,0.9090909090909091,0.9090909090909091,0.0,0.002148236085231181,0.002148236085231181,0.0,0.0,0.0,0.0,0.05221600819153738,0.05337265737075169,0.0011566491792143127,0.08388549958936323,0.08502999361141857,0.0011444940220553396,0.41518420294027186,0.38741982722924545,-0.027764375711026412
37,0.2,0.9545454545454546,0.9545454545454546,0.0,0.045454545454545456,0.045454545454545456,0.0,0.13636363636363635,0.13636363636363635,0.0,0.8636363636363636,0.8636363636363636,0.0,0.0023702144865948016,0.0023702144865948016,0.0,0.0,0.0,0.0,0.05221600819153738,0.05367082366519178,0.0014548154736544056,0.08388549958936323,0.08517094611124336,0.001285446521880132,0.41518420294027186,0.3660626151438405,-0.04912158779643139
37,0.25,0.9545454545454546,0.9545454545454546,0.0,0.045454545454545456,0.045454545454545456,0.0,0.13636363636363635,0.13636363636363635,0.0,0.8636363636363636,0.8636363636363636,0.0,0.0023702144865948016,0.0023702144865948016,0.0,0.0,0.0,0.0,0.05221600819153738,0.05367082366519178,0.0014548154736544056,0.08388549958936323,0.08517094611124336,0.001285446521880132,0.41518420294027186,0.3660626151438405,-0.04912158779643139
37,0.3,0.9545454545454546,0.9545454545454546,0.0,0.045454545454545456,0.045454545454545456,0.0,0.13636363636363635,0.13636363636363635,0.0,0.8636363636363636,0.8636363636363636,0.0,0.0023702144865948016,0.0023702144865948016,0.0,0.0,0.0,0.0,0.05221600819153738,0.05367082366519178,0.0014548154736544056,0.08388549958936323,0.08517094611124336,0.001285446521880132,0.41518420294027186,0.3660626151438405,-0.04912158779643139
37,0.35,0.9545454545454546,0.9090909090909091,-0.045454545454545525,0.045454545454545456,0.09090909090909091,0.045454545454545456,0.1590909090909091,0.18181818181818182,0.022727272727272735,0.8409090909090909,0.8181818181818182,-0.022727272727272707,0.007462373722449955,0.001862984824020586,-0.005599388898429369,0.0,0.0,0.0,0.05221600819153738,0.05367082366519178,0.0014548154736544056,0.08388549958936323,0.08517094611124336,0.001285446521880132,0.41518420294027186,0.3660626151438405,-0.04912158779643139
37,0.4,0.9545454545454546,0.9090909090909091,-0.045454545454545525,0.045454545454545456,0.09090909090909091,0.045454545454545456,0.1590909090909091,0.18181818181818182,0.022727272727272735,0.8409090909090909,0.8181818181818182,-0.022727272727272707,0.007462373722449955,0.001862984824020586,-0.005599388898429369,0.0,0.0,0.0,0.05221600819153738,0.05367082366519178,0.0014548154736544056,0.08388549958936323,0.08517094611124336,0.001285446521880132,0.41518420294027186,0.3660626151438405,-0.04912158779643139
37,0.45,0.9545454545454546,0.9090909090909091,-0.045454545454545525,0.045454545454545456,0.09090909090909091,0.045454545454545456,0.1590909090909091,0.18181818181818182,0.022727272727272735,0.8409090909090909,0.8181818181818182,-0.022727272727272707,0.007462373722449955,0.001862984824020586,-0.005599388898429369,0.0,0.0,0.0,0.05221600819153738,0.05367082366519178,0.0014548154736544056,0.08388549958936323,0.08517094611124336,0.001285446521880132,0.41518420294027186,0.3660626151438405,-0.04912158779643139
37,0.5,0.9545454545454546,0.9090909090909091,-0.045454545454545525,0.045454545454545456,0.09090909090909091,0.045454545454545456,0.1590909090909091,0.18181818181818182,0.022727272727272735,0.8409090909090909,0.8181818181818182,-0.022727272727272707,0.007462373722449955,0.001862984824020586,-0.005599388898429369,0.0,0.0,0.0,0.05221600819153738,0.05367082366519178,0.0014548154736544056,0.08388549958936323,0.08517094611124336,0.001285446521880132,0.41518420294027186,0.3660626151438405,-0.04912158779643139
37,0.55,0.9545454545454546,0.8636363636363636,-0.09090909090909094,0.045454545454545456,0.13636363636363635,0.0909090909090909,0.1590909090909091,0.22727272727272727,0.06818181818181818,0.8409090909090909,0.7727272727272727,-0.06818181818181823,0.007462373722449955,0.007161994845769737,-0.00030037887668021845,0.0,0.0,0.0,0.05221600819153738,0.05414016019755501,0.0019241520060176293,0.08388549958936323,0.08534519465237443,0.0014596950630112043,0.41518420294027186,0.3701916761470188,-0.04499252679325305
37,0.6,0.9090909090909091,0.8636363636363636,-0.045454545454545414,0.09090909090909091,0.13636363636363635,0.04545454545454544,0.18181818181818182,0.22727272727272727,0.04545454545454544,0.8181818181818182,0.7727272727272727,-0.045454545454545525,0.00740301448838987,0.007161994845769737,-0.00024101964262013276,0.0,0.0,0.0,0.05221600819153738,0.05414016019755501,0.0019241520060176293,0.08388549958936323,0.08534519465237443,0.0014596950630112043,0.41518420294027186,0.3701916761470188,-0.04499252679325305
38,0.1,1.0,1.0,0.0,0.0,0.0,0.0,0.075,0.075,0.0,0.925,0.925,0.0,0.001882079118893265,0.001882079118893265,0.0,0.0,0.0,0.0,0.06316208923915904,0.06346190480813271,0.0002998155689736687,0.08978284873276286,0.09090535128230515,0.0011225025495422841,0.339802997396213,0.3748381179703236,0.03503512057411062
38,0.15,0.8333333333333334,0.75,-0.08333333333333337,0.16666666666666666,0.25,0.08333333333333334,0.225,0.275,0.05000000000000002,0.775,0.725,-0.050000000000000044,0.007359719236284645,0.0072502936563914044,-0.00010942557989324087,0.0,0.0,0.0,0.06316208923915904,0.06367345494804241,0.0005113657088833684,0.08978284873276286,0.09285302148828736,0.0030701727555245,0.339802997396213,0.18101478963290502,-0.158788207763308
38,0.2,0.8333333333333334,0.75,-0.08333333333333337,0.16666666666666666,0.25,0.08333333333333334,0.25,0.275,0.025000000000000022,0.75,0.725,-0.025000000000000022,0.014013379966024364,0.0072502936563914044,-0.00676308630963296,0.0,0.0,0.0,0.06316208923915904,0.06367345494804241,0.0005113657088833684,0.08978284873276286,0.09285302148828736,0.0030701727555245,0.339802997396213,0.18101478963290502,-0.158788207763308
38,0.25,0.8333333333333334,0.75,-0.08333333333333337,0.16666666666666666,0.25,0.08333333333333334,0.25,0.275,0.025000000000000022,0.75,0.725,-0.025000000000000022,0.014013379966024364,0.0072502936563914044,-0.00676308630963296,0.0,0.0,0.0,0.06316208923915904,0.06367345494804241,0.0005113657088833684,0.08978284873276286,0.09285302148828736,0.0030701727555245,0.339802997396213,0.18101478963290502,-0.158788207763308
38,0.3,0.8333333333333334,0.75,-0.08333333333333337,0.16666666666666666,0.25,0.08333333333333334,0.275,0.325,0.04999999999999999,0.725,0.675,-0.04999999999999993,0.014889324853879282,0.00882425384400709,-0.006065071009872192,0.0,0.0,0.0,0.06316208923915904,0.06463083914230498,0.0014687499031459383,0.08978284873276286,0.09364670086713228,0.0038638521343694193,0.339802997396213,0.18346348085582675,-0.15633951654038625
38,0.35,0.8333333333333334,0.75,-0.08333333333333337,0.16666666666666666,0.25,0.08333333333333334,0.275,0.325,0.04999999999999999,0.725,0.675,-0.04999999999999993,0.014889324853879282,0.00882425384400709,-0.006065071009872192,0.0,0.0,0.0,0.06316208923915904,0.06463083914230498,0.0014687499031459383,0.08978284873276286,0.09364670086713228,0.0038638521343694193,0.339802997396213,0.18346348085582675,-0.15633951654038625
38,0.4,0.8333333333333334,0.75,-0.08333333333333337,0.16666666666666666,0.25,0.08333333333333334,0.275,0.325,0.04999999999999999,0.725,0.675,-0.04999999999999993,0.014889324853879282,0.00882425384400709,-0.006065071009872192,0.0,0.0,0.0,0.06316208923915904,0.06463083914230498,0.0014687499031459383,0.08978284873276286,0.09364670086713228,0.0038638521343694193,0.339802997396213,0.18346348085582675,-0.15633951654038625
38,0.45,0.8333333333333334,0.75,-0.08333333333333337,0.16666666666666666,0.25,0.08333333333333334,0.3,0.325,0.025000000000000022,0.7,0.675,-0.02499999999999991,0.015666650314478447,0.00882425384400709,-0.006842396470471357,0.0,0.0,0.0,0.06316208923915904,0.06463083914230498,0.0014687499031459383,0.08978284873276286,0.09364670086713228,0.0038638521343694193,0.339802997396213,0.18346348085582675,-0.15633951654038625
38,0.5,0.5,0.0,-0.5,0.5,1.0,0.5,0.525,1.0,0.475,0.475,0.0,-0.475,0.027343191974624315,,,0.0,,,0.06316208923915904,0.05653331049045046,-0.006628778748708583,0.08978284873276286,0.09664580834256073,0.006862959609797867,0.339802997396213,,
38,0.55,0.5,0.0,-0.5,0.5,1.0,0.5,0.525,1.0,0.475,0.475,0.0,-0.475,0.027343191974624315,,,0.0,,,0.06316208923915904,0.05653331049045046,-0.006628778748708583,0.08978284873276286,0.09664580834256073,0.006862959609797867,0.339802997396213,,
38,0.6,0.5,0.0,-0.5,0.5,1.0,0.5,0.55,1.0,0.44999999999999996,0.45,0.0,-0.45,0.029519576342987408,,,0.0,,,0.06316208923915904,0.05653331049045046,-0.006628778748708583,0.08978284873276286,0.09664580834256073,0.006862959609797867,0.339802997396213,,
39,0.1,1.0,1.0,0.0,0.0,0.0,0.0,0.045454545454545456,0.045454545454545456,0.0,0.9545454545454546,0.9545454545454546,0.0,0.004826704200125542,0.004826704200125542,0.0,0.0,0.0,0.0,0.06241553804937914,0.06173198292689285,-0.0006835551224862874,0.09706214660111476,0.09788361763321766,0.0008214710321029078,0.29219000425542996,0.2991367826195814,0.006946778364151418
39,0.15,0.9230769230769231,1.0,0.07692307692307687,0.07692307692307693,0.0,-0.07692307692307693,0.06818181818181818,0.09090909090909091,0.022727272727272735,0.9318181818181818,0.9090909090909091,-0.022727272727272707,0.004721593592392104,0.005172490371155636,0.00045089677876353207,0.0,0.0,0.0,0.06241553804937914,0.06040626258395298,-0.0020092754654261608,0.09706214660111476,0.09463849464424649,-0.002423651956868264,0.29219000425542996,0.36591091750764904,0.07372091325221908
39,0.2,0.8461538461538461,0.8461538461538461,0.0,0.15384615384615385,0.15384615384615385,0.0,0.20454545454545456,0.18181818181818182,-0.022727272727272735,0.7954545454545454,0.8181818181818182,0.022727272727272818,0.005384328854209808,0.00504810739285777,-0.00033622146135203757,0.0,0.0,0.0,0.06241553804937914,0.06044828252907933,-0.0019672555202998113,0.09706214660111476,0.09479891100498868,-0.0022632355961260814,0.29219000425542996,0.33840734602509037,0.046217341769660414
39,0.25,0.8461538461538461,0.8461538461538461,0.0,0.15384615384615385,0.15384615384615385,0.0,0.22727272727272727,0.20454545454545456,-0.022727272727272707,0.7727272727272727,0.7954545454545454,0.022727272727272707,0.005785320025336049,0.005558188961286015,-0.00022713106405003458,0.0,0.0,0.0,0.06241553804937914,0.06085139525417225,-0.001564142795206891,0.09706214660111476,0.09727742930044003,0.00021528269932527544,0.29219000425542996,0.285101454904255,-0.0070885493511749775
39,0.3,0.8461538461538461,0.8461538461538461,0.0,0.15384615384615385,0.15384615384615385,0.0,0.25,0.25,0.0,0.75,0.75,0.0,0.006092903123464777,0.006092903123464777,0.0,0.0,0.0,0.0,0.06241553804937914,0.05840871823859944,-0.004006819810779702,0.09706214660111476,0.09237384292090348,-0.004688303680211281,0.29219000425542996,0.3008380344638633,0.008648030208433355
39,0.35,0.8461538461538461,0.8461538461538461,0.0,0.15384615384615385,0.15384615384615385,0.0,0.25,0.25,0.0,0.75,0.75,0.0,0.006092903123464777,0.006092903123464777,0.0,0.0,0.0,0.0,0.06241553804937914,0.05840871823859944,-0.004006819810779702,0.09706214660111476,0.09237384292090348,-0.004688303680211281,0.29219000425542996,0.3008380344638633,0.008648030208433355
39,0.4,0.8461538461538461,0.8461538461538461,0.0,0.15384615384615385,0.15384615384615385,0.0,0.25,0.25,0.0,0.75,0.75,0.0,0.006092903123464777,0.006092903123464777,0.0,0.0,0.0,0.0,0.06241553804937914,0.05840871823859944,-0.004006819810779702,0.09706214660111476,0.09237384292090348,-0.004688303680211281,0.29219000425542996,0.3008380344638633,0.008648030208433355
39,0.45,0.8461538461538461,0.8461538461538461,0.0,0.15384615384615385,0.15384615384615385,0.0,0.25,0.25,0.0,0.75,0.75,0.0,0.006092903123464777,0.006092903123464777,0.0,0.0,0.0,0.0,0.06241553804937914,0.05840871823859944,-0.004006819810779702,0.09706214660111476,0.09237384292090348,-0.004688303680211281,0.29219000425542996,0.3008380344638633,0.008648030208433355
39,0.5,0.8461538461538461,0.8461538461538461,0.0,0.15384615384615385,0.15384615384615385,0.0,0.25,0.25,0.0,0.75,0.75,0.0,0.006092903123464777,0.006092903123464777,0.0,0.0,0.0,0.0,0.06241553804937914,0.05840871823859944,-0.004006819810779702,0.09706214660111476,0.09237384292090348,-0.004688303680211281,0.29219000425542996,0.3008380344638633,0.008648030208433355
39,0.55,0.7692307692307692,0.8461538461538461,0.07692307692307698,0.23076923076923078,0.15384615384615385,-0.07692307692307693,0.3181818181818182,0.3181818181818182,0.0,0.6818181818181818,0.6818181818181818,0.0,-0.00218033431753506,0.008259530275983473,0.010439864593518533,0.06665291169410226,0.0,-0.06665291169410226,0.06241553804937914,0.05825958812688354,-0.0041559499224956,0.09706214660111476,0.09271021146097898,-0.004351935140135779,0.29219000425542996,0.36293372678015556,0.0707437225247256
39,0.6,0.7692307692307692,0.8461538461538461,0.07692307692307698,0.23076923076923078,0.15384615384615385,-0.07692307692307693,0.3181818181818182,0.3181818181818182,0.0,0.6818181818181818,0.6818181818181818,0.0,-0.00218033431753506,0.008259530275983473,0.010439864593518533,0.06665291169410226,0.0,-0.06665291169410226,0.06241553804937914,0.05825958812688354,-0.0041559499224956,0.09706214660111476,0.09271021146097898,-0.004351935140135779,0.29219000425542996,0.36293372678015556,0.0707437225247256
40,0.1,0.8333333333333334,1.0,0.16666666666666663,0.16666666666666666,0.0,-0.16666666666666666,0.2727272727272727,0.25,-0.022727272727272707,0.7272727272727273,0.75,0.022727272727272707,-0.0008218653545326582,0.0019492012506509004,0.0027710666051835586,0.0,0.0,0.0,0.06600277640658984,0.06466611351738918,-0.00133666288920066,0.08799042126278728,0.08280751065913348,-0.0051829106036537925,0.005373979877900855,-0.005224702659070275,-0.01059868253697113
40,0.15,0.6666666666666667,0.8333333333333334,0.16666666666666663,0.3333333333333333,0.16666666666666666,-0.16666666666666666,0.29545454545454547,0.3181818181818182,0.022727272727272707,0.7045454545454546,0.6818181818181818,-0.022727272727272818,-0.002737979797265533,-0.0006088049327628298,0.002129174864502703,0.0,0.0,0.0,0.06600277640658984,0.06520045471998767,-0.0008023216866021726,0.08799042126278728,0.08288490901688594,-0.005105512245901334,0.005373979877900855,-0.007463860941528966,-0.012837840819429822
40,0.2,0.6666666666666667,0.6666666666666667,0.0,0.3333333333333333,0.3333333333333333,0.0,0.29545454545454547,0.3409090909090909,0.045454545454545414,0.7045454545454546,0.6590909090909091,-0.045454545454545525,-0.002737979797265533,-0.0037547407103245556,-0.0010167609130590227,0.0,0.0,0.0,0.06600277640658984,0.06520045471998767,-0.0008023216866021726,0.08799042126278728,0.08288490901688594,-0.005105512245901334,0.005373979877900855,-0.007463860941528966,-0.012837840819429822
40,0.25,0.6666666666666667,0.6666666666666667,0.0,0.3333333333333333,0.3333333333333333,0.0,0.29545454545454547,0.3409090909090909,0.045454545454545414,0.7045454545454546,0.6590909090909091,-0.045454545454545525,-0.002737979797265533,-0.0037547407103245556,-0.0010167609130590227,0.0,0.0,0.0,0.06600277640658984,0.06520045471998767,-0.0008023216866021726,0.08799042126278728,0.08288490901688594,-0.005105512245901334,0.005373979877900855,-0.007463860941528966,-0.012837840819429822
40,0.3,0.6666666666666667,0.6666666666666667,0.0,0.3333333333333333,0.3333333333333333,0.0,0.29545454545454547,0.3409090909090909,0.045454545454545414,0.7045454545454546,0.6590909090909091,-0.045454545454545525,-0.002737979797265533,-0.0037547407103245556,-0.0010167609130590227,0.0,0.0,0.0,0.06600277640658984,0.06520045471998767,-0.0008023216866021726,0.08799042126278728,0.08288490901688594,-0.005105512245901334,0.005373979877900855,-0.007463860941528966,-0.012837840819429822
40,0.35,0.6666666666666667,0.6666666666666667,0.0,0.3333333333333333,0.3333333333333333,0.0,0.29545454545454547,0.3409090909090909,0.045454545454545414,0.7045454545454546,0.6590909090909091,-0.045454545454545525,-0.002737979797265533,-0.0037547407103245556,-0.0010167609130590227,0.0,0.0,0.0,0.06600277640658984,0.06520045471998767,-0.0008023216866021726,0.08799042126278728,0.08288490901688594,-0.005105512245901334,0.005373979877900855,-0.007463860941528966,-0.012837840819429822
40,0.4,0.6666666666666667,0.6666666666666667,0.0,0.3333333333333333,0.3333333333333333,0.0,0.29545454545454547,0.3409090909090909,0.045454545454545414,0.7045454545454546,0.6590909090909091,-0.045454545454545525,-0.002737979797265533,-0.0037547407103245556,-0.0010167609130590227,0.0,0.0,0.0,0.06600277640658984,0.06520045471998767,-0.0008023216866021726,0.08799042126278728,0.08288490901688594,-0.005105512245901334,0.005373979877900855,-0.007463860941528966,-0.012837840819429822
40,0.45,0.6666666666666667,0.6666666666666667,0.0,0.3333333333333333,0.3333333333333333,0.0,0.29545454545454547,0.3409090909090909,0.045454545454545414,0.7045454545454546,0.6590909090909091,-0.045454545454545525,-0.002737979797265533,-0.0037547407103245556,-0.0010167609130590227,0.0,0.0,0.0,0.06600277640658984,0.06520045471998767,-0.0008023216866021726,0.08799042126278728,0.08288490901688594,-0.005105512245901334,0.005373979877900855,-0.007463860941528966,-0.012837840819429822
40,0.5,0.6666666666666667,0.6666666666666667,0.0,0.3333333333333333,0.3333333333333333,0.0,0.3181818181818182,0.3409090909090909,0.022727272727272707,0.6818181818181818,0.6590909090909091,-0.022727272727272707,-0.003092421687220459,-0.0037547407103245556,-0.0006623190231040965,0.0,0.0,0.0,0.06600277640658984,0.06520045471998767,-0.0008023216866021726,0.08799042126278728,0.08288490901688594,-0.005105512245901334,0.005373979877900855,-0.007463860941528966,-0.012837840819429822
40,0.55,0.6666666666666667,0.6666666666666667,0.0,0.3333333333333333,0.3333333333333333,0.0,0.3409090909090909,0.3409090909090909,0.0,0.6590909090909091,0.6590909090909091,0.0,-0.0037547407103245556,-0.0037547407103245556,0.0,0.0,0.0,0.0,0.06600277640658984,0.06520045471998767,-0.0008023216866021726,0.08799042126278728,0.08288490901688594,-0.005105512245901334,0.005373979877900855,-0.007463860941528966,-0.012837840819429822
40,0.6,0.6666666666666667,0.6666666666666667,0.0,0.3333333333333333,0.3333333333333333,0.0,0.3409090909090909,0.3409090909090909,0.0,0.6590909090909091,0.6590909090909091,0.0,-0.0037547407103245556,-0.0037547407103245556,0.0,0.0,0.0,0.0,0.06600277640658984,0.06520045471998767,-0.0008023216866021726,0.08799042126278728,0.08288490901688594,-0.005105512245901334,0.005373979877900855,-0.007463860941528966,-0.012837840819429822
41,0.1,1.0,1.0,0.0,0.0,0.0,0.0,0.0,0.0,0.0,1.0,1.0,0.0,0.0,0.0,0.0,0.0,0.0,0.0,0.059841628640499835,0.059841628640499835,0.0,0.10468004485123011,0.10468004485123011,0.0,0.25757448625361523,0.25757448625361523,0.0
41,0.15,0.7142857142857143,1.0,0.2857142857142857,0.2857142857142857,0.0,-0.2857142857142857,0.11627906976744186,0.046511627906976744,-0.06976744186046512,0.8837209302325582,0.9534883720930233,0.06976744186046513,-0.0006768218844453999,0.00789724283267823,0.00857406471712363,0.0,0.0,0.0,0.059841628640499835,0.05560109448899691,-0.0042405341515029255,0.10468004485123011,0.0970832227045556,-0.007596822146674509,0.25757448625361523,0.32626101592124596,0.06868652966763072
41,0.2,0.5714285714285714,0.5714285714285714,0.0,0.42857142857142855,0.42857142857142855,0.0,0.3488372093023256,0.32558139534883723,-0.023255813953488358,0.6511627906976745,0.6744186046511628,0.023255813953488302,-0.004413590163119707,0.0025175992354341536,0.006931189398553861,0.07757700080808638,0.0,-0.07757700080808638,0.059841628640499835,0.05870532200767862,-0.0011363066328212157,0.10468004485123011,0.10044866810870692,-0.004231376742523191,0.25757448625361523,0.1290151851500409,-0.12855930110357433
41,0.25,0.5714285714285714,0.4285714285714286,-0.1428571428571428,0.42857142857142855,0.5714285714285714,0.14285714285714285,0.37209302325581395,0.3488372093023256,-0.023255813953488358,0.627906976744186,0.6511627906976745,0.023255813953488413,-0.001444477619465645,-0.006888572658580894,-0.005444095039115249,0.07757700080808638,0.07757700080808638,0.0,0.059841628640499835,0.05907912051296877,-0.0007625081275310641,0.10468004485123011,0.09978222806589188,-0.004897816785338238,0.25757448625361523,0.15576038254274668,-0.10181410371086855
41,0.3,0.5714285714285714,0.4285714285714286,-0.1428571428571428,0.42857142857142855,0.5714285714285714,0.14285714285714285,0.4186046511627907,0.3953488372093023,-0.023255813953488413,0.5813953488372093,0.6046511627906976,0.023255813953488302,0.0009519128595040227,-0.0034791016073473235,-0.004431014466851346,0.07757700080808638,0.07757700080808638,0.0,0.059841628640499835,0.05869000971714699,-0.0011516189233528457,0.10468004485123011,0.10057762094262357,-0.004102423908606545,0.25757448625361523,0.17110847877378804,-0.08646600747982719
41,0.35,0.5714285714285714,0.0,-0.5714285714285714,0.42857142857142855,1.0,0.5714285714285714,0.6511627906976745,1.0,0.34883720930232553,0.3488372093023256,0.0,-0.3488372093023256,0.023268357601631928,,,0.07757700080808638,,,0.059841628640499835,0.05334466552021375,-0.006496963120286081,0.10468004485123011,0.0991864118997871,-0.00549363295144302,0.25757448625361523,,
41,0.4,0.5714285714285714,0.0,-0.5714285714285714,0.42857142857142855,1.0,0.5714285714285714,0.6511627906976745,1.0,0.34883720930232553,0.3488372093023256,0.0,-0.3488372093023256,0.023268357601631928,,,0.07757700080808638,,,0.059841628640499835,0.05334466552021375,-0.006496963120286081,0.10468004485123011,0.0991864118997871,-0.00549363295144302,0.25757448625361523,,
41,0.45,0.5714285714285714,0.0,-0.5714285714285714,0.42857142857142855,1.0,0.5714285714285714,0.6744186046511628,1.0,0.32558139534883723,0.32558139534883723,0.0,-0.32558139534883723,0.026057313073369892,,,0.07757700080808638,,,0.059841628640499835,0.05334466552021375,-0.006496963120286081,0.10468004485123011,0.0991864118997871,-0.00549363295144302,0.25757448625361523,,
41,0.5,0.4285714285714286,0.0,-0.4285714285714286,0.5714285714285714,1.0,0.4285714285714286,0.7209302325581395,1.0,0.2790697674418605,0.27906976744186046,0.0,-0.27906976744186046,0.026811975164898305,,,0.07757700080808638,,,0.059841628640499835,0.05334466552021375,-0.006496963120286081,0.10468004485123011,0.0991864118997871,-0.00549363295144302,0.25757448625361523,,
41,0.55,0.4285714285714286,0.0,-0.4285714285714286,0.5714285714285714,1.0,0.4285714285714286,0.7441860465116279,1.0,0.2558139534883721,0.2558139534883721,0.0,-0.2558139534883721,0.0300891522098099,,,0.07757700080808638,,,0.059841628640499835,0.05334466552021375,-0.006496963120286081,0.10468004485123011,0.0991864118997871,-0.00549363295144302,0.25757448625361523,,
41,0.6,0.4285714285714286,0.0,-0.4285714285714286,0.5714285714285714,1.0,0.4285714285714286,0.7674418604651163,1.0,0.2325581395348837,0.23255813953488372,0.0,-0.23255813953488372,0.033809041365024606,,,0.07757700080808638,,,0.059841628640499835,0.05334466552021375,-0.006496963120286081,0.10468004485123011,0.0991864118997871,-0.00549363295144302,0.25757448625361523,,
42,0.1,,,,,,,0.045454545454545456,0.045454545454545456,0.0,0.9545454545454546,0.9545454545454546,0.0,0.0051657621866650905,0.0051657621866650905,0.0,0.0,0.0,0.0,0.056743745774036077,0.056741929287243954,-1.8164867921222072e-06,0.07685036006934934,0.07676351226204778,-8.684780730155994e-05,0.12929200687317563,0.06511159792117266,-0.06418040895200297
42,0.15,,,,,,,0.11363636363636363,0.13636363636363635,0.02272727272727272,0.8863636363636364,0.8636363636363636,-0.022727272727272707,0.004593695435198386,0.004359545416623756,-0.00023415001857463036,0.0,0.0,0.0,0.056743745774036077,0.05586865884974666,-0.0008750869242894199,0.07685036006934934,0.07670332805314903,-0.00014703201620031026,0.12929200687317563,0.032878133603760455,-0.09641387326941517
42,0.2,,,,,,,0.18181818181818182,0.22727272727272727,0.04545454545454544,0.8181818181818182,0.7727272727272727,-0.045454545454545525,0.0033133627583528114,0.001417369285536374,-0.0018959934728164374,0.0,0.0,0.0,0.056743745774036077,0.05696754175254825,0.00022379597851217292,0.07685036006934934,0.07655683798592869,-0.0002935220834206498,0.12929200687317563,0.054940149181011484,-0.07435185769216415
42,0.25,,,,,,,0.22727272727272727,0.2727272727272727,0.04545454545454544,0.7727272727272727,0.7272727272727273,-0.045454545454545414,0.0028542568350844455,0.0007513975621759039,-0.0021028592729085416,0.0,0.0,0.0,0.056743745774036077,0.05588218745095792,-0.0008615583230781598,0.07685036006934934,0.07574110797142829,-0.0011092520979210513,0.12929200687317563,0.12599703052072905,-0.003294976352446577
42,0.3,,,,,,,0.25,0.2727272727272727,0.022727272727272707,0.75,0.7272727272727273,-0.022727272727272707,0.003133155094157125,0.0007513975621759039,-0.002381757531981221,0.0,0.0,0.0,0.056743745774036077,0.05588218745095792,-0.0008615583230781598,0.07685036006934934,0.07574110797142829,-0.0011092520979210513,0.12929200687317563,0.12599703052072905,-0.003294976352446577
42,0.35,,,,,,,0.25,0.3181818181818182,0.06818181818181818,0.75,0.6818181818181818,-0.06818181818181823,0.003133155094157125,0.0003289145485192435,-0.0028042405456378816,0.0,0.0,0.0,0.056743745774036077,0.056542392992511174,-0.0002013527815249022,0.07685036006934934,0.0760008326862703,-0.0008495273830790434,0.12929200687317563,0.13616847926089026,0.006876472387714633
42,0.4,,,,,,,0.25,0.3181818181818182,0.06818181818181818,0.75,0.6818181818181818,-0.06818181818181823,0.003133155094157125,0.0003289145485192435,-0.0028042405456378816,0.0,0.0,0.0,0.056743745774036077,0.056542392992511174,-0.0002013527815249022,0.07685036006934934,0.0760008326862703,-0.0008495273830790434,0.12929200687317563,0.13616847926089026,0.006876472387714633
42,0.45,,,,,,,0.2727272727272727,0.3181818181818182,0.04545454545454547,0.7272727272727273,0.6818181818181818,-0.045454545454545525,0.0029705711045791006,0.0003289145485192435,-0.002641656556059857,0.0,0.0,0.0,0.056743745774036077,0.056542392992511174,-0.0002013527815249022,0.07685036006934934,0.0760008326862703,-0.0008495273830790434,0.12929200687317563,0.13616847926089026,0.006876472387714633
42,0.5,,,,,,,0.2727272727272727,0.3181818181818182,0.04545454545454547,0.7272727272727273,0.6818181818181818,-0.045454545454545525,0.0029705711045791006,0.0003289145485192435,-0.002641656556059857,0.0,0.0,0.0,0.056743745774036077,0.056542392992511174,-0.0002013527815249022,0.07685036006934934,0.0760008326862703,-0.0008495273830790434,0.12929200687317563,0.13616847926089026,0.006876472387714633
42,0.55,,,,,,,0.2727272727272727,0.3181818181818182,0.04545454545454547,0.7272727272727273,0.6818181818181818,-0.045454545454545525,0.0029705711045791006,0.0003289145485192435,-0.002641656556059857,0.0,0.0,0.0,0.056743745774036077,0.056542392992511174,-0.0002013527815249022,0.07685036006934934,0.0760008326862703,-0.0008495273830790434,0.12929200687317563,0.13616847926089026,0.006876472387714633
42,0.6,,,,,,,0.2727272727272727,0.3181818181818182,0.04545454545454547,0.7272727272727273,0.6818181818181818,-0.045454545454545525,0.0029705711045791006,0.0003289145485192435,-0.002641656556059857,0.0,0.0,0.0,0.056743745774036077,0.056542392992511174,-0.0002013527815249022,0.07685036006934934,0.0760008326862703,-0.0008495273830790434,0.12929200687317563,0.13616847926089026,0.006876472387714633
43,0.1,1.0,1.0,0.0,0.0,0.0,0.0,0.0,0.0,0.0,1.0,1.0,0.0,0.0,0.0,0.0,0.0,0.0,0.0,0.0550419856971262,0.0550419856971262,0.0,0.08755979436806385,0.08755979436806385,0.0,0.46808956567801363,0.46808956567801363,0.0
43,0.15,1.0,1.0,0.0,0.0,0.0,0.0,0.023809523809523808,0.023809523809523808,0.0,0.9761904761904762,0.9761904761904762,0.0,0.00039973862110520564,0.00039973862110520564,0.0,0.0,0.0,0.0,0.0550419856971262,0.054680635758473005,-0.00036134993865319376,0.08755979436806385,0.08663676360410966,-0.0009230307639541968,0.46808956567801363,0.502564114201112,0.03447454852309839
43,0.2,1.0,0.9090909090909091,-0.09090909090909094,0.0,0.09090909090909091,0.09090909090909091,0.19047619047619047,0.23809523809523808,0.047619047619047616,0.8095238095238095,0.7619047619047619,-0.04761904761904767,0.008281982658464249,0.0007182513306317473,-0.007563731327832501,0.0,0.0,0.0,0.0550419856971262,0.05644126311566674,0.0013992774185405399,0.08755979436806385,0.09009450858991737,0.002534714221853515,0.46808956567801363,0.4562186126488335,-0.01187095302918012
43,0.25,0.9090909090909091,0.9090909090909091,0.0,0.09090909090909091,0.09090909090909091,0.0,0.23809523809523808,0.2619047619047619,0.023809523809523836,0.7619047619047619,0.7380952380952381,-0.023809523809523725,0.008767269411514955,0.009930609876369845,0.0011633404648548895,0.0,0.0,0.0,0.0550419856971262,0.05517396035067678,0.0001319746535505817,0.08755979436806385,0.08649965990368237,-0.001060134464381482,0.46808956567801363,0.5157359935896545,0.047646427911640865
43,0.3,0.8181818181818181,0.7272727272727273,-0.09090909090909083,0.18181818181818182,0.2727272727272727,0.09090909090909088,0.35714285714285715,0.40476190476190477,0.047619047619047616,0.6428571428571429,0.5952380952380952,-0.04761904761904767,0.002087312701623878,0.0018788517278073291,-0.00020846097381654882,0.0,0.0,0.0,0.0550419856971262,0.05725332028984731,0.0022113345927211106,0.08755979436806385,0.08962831978636192,0.0020685254182980645,0.46808956567801363,0.4380056436177627,-0.030083922060250956
43,0.35,0.7272727272727273,0.7272727272727273,0.0,0.2727272727272727,0.2727272727272727,0.0,0.40476190476190477,0.40476190476190477,0.0,0.5952380952380952,0.5952380952380952,0.0,0.002125106715490266,0.0018788517278073291,-0.00024625498768293674,0.0,0.0,0.0,0.0550419856971262,0.05725332028984731,0.0022113345927211106,0.08755979436806385,0.08962831978636192,0.0020685254182980645,0.46808956567801363,0.4380056436177627,-0.030083922060250956
43,0.4,0.4545454545454546,0.0,-0.4545454545454546,0.5454545454545454,1.0,0.4545454545454546,0.5952380952380952,1.0,0.40476190476190477,0.40476190476190477,0.0,-0.40476190476190477,0.010197798153574245,,,0.0,,,0.0550419856971262,0.04300089453197644,-0.012041091165149759,0.08755979436806385,0.08604341502924141,-0.0015163793388224406,0.46808956567801363,,
43,0.45,0.4545454545454546,0.0,-0.4545454545454546,0.5454545454545454,1.0,0.4545454545454546,0.5952380952380952,1.0,0.40476190476190477,0.40476190476190477,0.0,-0.40476190476190477,0.010197798153574245,,,0.0,,,0.0550419856971262,0.04300089453197644,-0.012041091165149759,0.08755979436806385,0.08604341502924141,-0.0015163793388224406,0.46808956567801363,,
43,0.5,0.4545454545454546,0.0,-0.4545454545454546,0.5454545454545454,1.0,0.4545454545454546,0.6190476190476191,1.0,0.38095238095238093,0.38095238095238093,0.0,-0.38095238095238093,0.014640559416840504,,,0.0,,,0.0550419856971262,0.04300089453197644,-0.012041091165149759,0.08755979436806385,0.08604341502924141,-0.0015163793388224406,0.46808956567801363,,
43,0.55,0.4545454545454546,0.0,-0.4545454545454546,0.5454545454545454,1.0,0.4545454545454546,0.6190476190476191,1.0,0.38095238095238093,0.38095238095238093,0.0,-0.38095238095238093,0.014640559416840504,,,0.0,,,0.0550419856971262,0.04300089453197644,-0.012041091165149759,0.08755979436806385,0.08604341502924141,-0.0015163793388224406,0.46808956567801363,,
43,0.6,0.4545454545454546,0.0,-0.4545454545454546,0.5454545454545454,1.0,0.4545454545454546,0.6428571428571429,1.0,0.3571428571428571,0.35714285714285715,0.0,-0.35714285714285715,0.016365687223444336,,,0.0,,,0.0550419856971262,0.04300089453197644,-0.012041091165149759,0.08755979436806385,0.08604341502924141,-0.0015163793388224406,0.46808956567801363,,
44,0.1,1.0,1.0,0.0,0.0,0.0,0.0,0.11363636363636363,0.13636363636363635,0.02272727272727272,0.8863636363636364,0.8636363636363636,-0.022727272727272707,0.003131297077808126,0.0034188676138403595,0.00028757053603223337,0.0,0.0,0.0,0.05231069083312598,0.05384995687618715,0.0015392660430611702,0.09224637278488286,0.09248815276979386,0.0002417799849109975,0.46941889092823763,0.46530180402761195,-0.004117086900625677
44,0.15,1.0,0.9230769230769231,-0.07692307692307687,0.0,0.07692307692307693,0.07692307692307693,0.2727272727272727,0.2727272727272727,0.0,0.7272727272727273,0.7272727272727273,0.0,0.016172494180537456,0.011644518538869941,-0.004527975641667514,0.0,0.0,0.0,0.05231069083312598,0.05570795089449561,0.0033972600613696308,0.09224637278488286,0.09372783414926994,0.0014814613643870794,0.46941889092823763,0.4377599123475641,-0.031658978580673514
44,0.2,1.0,0.9230769230769231,-0.07692307692307687,0.0,0.07692307692307693,0.07692307692307693,0.2727272727272727,0.2727272727272727,0.0,0.7272727272727273,0.7272727272727273,0.0,0.016172494180537456,0.011644518538869941,-0.004527975641667514,0.0,0.0,0.0,0.05231069083312598,0.05570795089449561,0.0033972600613696308,0.09224637278488286,0.09372783414926994,0.0014814613643870794,0.46941889092823763,0.4377599123475641,-0.031658978580673514
44,0.25,1.0,0.9230769230769231,-0.07692307692307687,0.0,0.07692307692307693,0.07692307692307693,0.29545454545454547,0.2727272727272727,-0.022727272727272763,0.7045454545454546,0.7272727272727273,0.022727272727272707,0.01673584851425547,0.011644518538869941,-0.005091329975385528,0.0,0.0,0.0,0.05231069083312598,0.05570795089449561,0.0033972600613696308,0.09224637278488286,0.09372783414926994,0.0014814613643870794,0.46941889092823763,0.4377599123475641,-0.031658978580673514
44,0.3,1.0,0.9230769230769231,-0.07692307692307687,0.0,0.07692307692307693,0.07692307692307693,0.3181818181818182,0.2727272727272727,-0.04545454545454547,0.6818181818181818,0.7272727272727273,0.045454545454545525,0.017331164436567237,0.010520292127806252,-0.006810872308760985,0.0,0.0,0.0,0.05231069083312598,0.055551798469655474,0.003241107636529496,0.09224637278488286,0.09245977819491927,0.00021340541003640745,0.46941889092823763,0.44258684181726327,-0.026832049110974365
44,0.35,1.0,0.9230769230769231,-0.07692307692307687,0.0,0.07692307692307693,0.07692307692307693,0.3181818181818182,0.2727272727272727,-0.04545454545454547,0.6818181818181818,0.7272727272727273,0.045454545454545525,0.017331164436567237,0.010520292127806252,-0.006810872308760985,0.0,0.0,0.0,0.05231069083312598,0.055551798469655474,0.003241107636529496,0.09224637278488286,0.09245977819491927,0.00021340541003640745,0.46941889092823763,0.44258684181726327,-0.026832049110974365
44,0.4,1.0,0.9230769230769231,-0.07692307692307687,0.0,0.07692307692307693,0.07692307692307693,0.3409090909090909,0.3409090909090909,0.0,0.6590909090909091,0.6590909090909091,0.0,0.0182809107238876,0.013284523808944293,-0.004996386914943307,0.0,0.0,0.0,0.05231069083312598,0.05557738257721361,0.003266691744087634,0.09224637278488286,0.09502039415027587,0.002774021365393009,0.46941889092823763,0.43648219572323205,-0.032936695205005584
44,0.45,1.0,0.9230769230769231,-0.07692307692307687,0.0,0.07692307692307693,0.07692307692307693,0.3409090909090909,0.36363636363636365,0.022727272727272763,0.6590909090909091,0.6363636363636364,-0.022727272727272707,0.0182809107238876,0.01634392261333295,-0.0019369881105546494,0.0,0.0,0.0,0.05231069083312598,0.05557738257721361,0.003266691744087634,0.09224637278488286,0.09502039415027587,0.002774021365393009,0.46941889092823763,0.43648219572323205,-0.032936695205005584
44,0.5,0.9230769230769231,0.9230769230769231,0.0,0.07692307692307693,0.07692307692307693,0.0,0.36363636363636365,0.36363636363636365,0.0,0.6363636363636364,0.6363636363636364,0.0,0.01634392261333295,0.01373070467621984,-0.0026132179371131103,0.0,0.0,0.0,0.05231069083312598,0.05562046147639341,0.003309770643267429,0.09224637278488286,0.09518306736010013,0.0029366945752172663,0.46941889092823763,0.4335008569331238,-0.03591803399511384
44,0.55,0.9230769230769231,0.9230769230769231,0.0,0.07692307692307693,0.07692307692307693,0.0,0.36363636363636365,0.38636363636363635,0.022727272727272707,0.6363636363636364,0.6136363636363636,-0.022727272727272707,0.01634392261333295,0.016919939764744263,0.0005760171514113122,0.0,0.0,0.0,0.05231069083312598,0.05562046147639341,0.003309770643267429,0.09224637278488286,0.09518306736010013,0.0029366945752172663,0.46941889092823763,0.4335008569331238,-0.03591803399511384
44,0.6,0.9230769230769231,0.9230769230769231,0.0,0.07692307692307693,0.07692307692307693,0.0,0.38636363636363635,0.38636363636363635,0.0,0.6136363636363636,0.6136363636363636,0.0,0.016919939764744263,0.016919939764744263,0.0,0.0,0.0,0.0,0.05231069083312598,0.05562046147639341,0.003309770643267429,0.09224637278488286,0.09518306736010013,0.0029366945752172663,0.46941889092823763,0.4335008569331238,-0.03591803399511384
45,0.1,1.0,1.0,0.0,0.0,0.0,0.0,0.0,0.0,0.0,1.0,1.0,0.0,0.0,0.0,0.0,0.0,0.0,0.0,0.07474301427942763,0.07474301427942763,0.0,0.11125473695663121,0.11125473695663121,0.0,-0.3404454999716314,-0.3404454999716314,0.0
45,0.15,1.0,1.0,0.0,0.0,0.0,0.0,0.046511627906976744,0.046511627906976744,0.0,0.9534883720930233,0.9534883720930233,0.0,0.0004802358007028884,0.0004802358007028884,0.0,0.0,0.0,0.0,0.07474301427942763,0.07462146912065241,-0.00012154515877521588,0.11125473695663121,0.11147441690996514,0.0002196799533339261,-0.3404454999716314,-0.3482071094926655,-0.007761609521034052
45,0.2,1.0,1.0,0.0,0.0,0.0,0.0,0.11627906976744186,0.09302325581395349,-0.023255813953488372,0.8837209302325582,0.9069767441860465,0.023255813953488302,0.0021700092700374096,0.0017769070564613854,-0.00039310221357602426,0.0,0.0,0.0,0.07474301427942763,0.07637956723405365,0.0016365529546260166,0.11125473695663121,0.11337887742083368,0.0021241404642024647,-0.3404454999716314,-0.40010336138820707,-0.05965786141657564
45,0.25,0.625,0.0,-0.625,0.375,1.0,0.625,0.3023255813953488,1.0,0.6976744186046512,0.6976744186046512,0.0,-0.6976744186046512,-0.010959068010497952,,,0.0,,,0.07474301427942763,0.056804431971872196,-0.017938582307555434,0.11125473695663121,0.10272101404672919,-0.008533722909902022,-0.3404454999716314,,
45,0.3,0.625,0.0,-0.625,0.375,1.0,0.625,0.32558139534883723,1.0,0.6744186046511628,0.6744186046511628,0.0,-0.6744186046511628,-0.009647199431057962,,,0.0,,,0.07474301427942763,0.056804431971872196,-0.017938582307555434,0.11125473695663121,0.10272101404672919,-0.008533722909902022,-0.3404454999716314,,
45,0.35,0.625,0.0,-0.625,0.375,1.0,0.625,0.32558139534883723,1.0,0.6744186046511628,0.6744186046511628,0.0,-0.6744186046511628,-0.009647199431057962,,,0.0,,,0.07474301427942763,0.056804431971872196,-0.017938582307555434,0.11125473695663121,0.10272101404672919,-0.008533722909902022,-0.3404454999716314,,
45,0.4,0.625,0.0,-0.625,0.375,1.0,0.625,0.32558139534883723,1.0,0.6744186046511628,0.6744186046511628,0.0,-0.6744186046511628,-0.009647199431057962,,,0.0,,,0.07474301427942763,0.056804431971872196,-0.017938582307555434,0.11125473695663121,0.10272101404672919,-0.008533722909902022,-0.3404454999716314,,
45,0.45,0.625,0.0,-0.625,0.375,1.0,0.625,0.32558139534883723,1.0,0.6744186046511628,0.6744186046511628,0.0,-0.6744186046511628,-0.009647199431057962,,,0.0,,,0.07474301427942763,0.056804431971872196,-0.017938582307555434,0.11125473695663121,0.10272101404672919,-0.008533722909902022,-0.3404454999716314,,
45,0.5,0.625,0.0,-0.625,0.375,1.0,0.625,0.32558139534883723,1.0,0.6744186046511628,0.6744186046511628,0.0,-0.6744186046511628,-0.009647199431057962,,,0.0,,,0.07474301427942763,0.056804431971872196,-0.017938582307555434,0.11125473695663121,0.10272101404672919,-0.008533722909902022,-0.3404454999716314,,
45,0.55,0.625,0.0,-0.625,0.375,1.0,0.625,0.32558139534883723,1.0,0.6744186046511628,0.6744186046511628,0.0,-0.6744186046511628,-0.009647199431057962,,,0.0,,,0.07474301427942763,0.056804431971872196,-0.017938582307555434,0.11125473695663121,0.10272101404672919,-0.008533722909902022,-0.3404454999716314,,
45,0.6,0.625,0.0,-0.625,0.375,1.0,0.625,0.3488372093023256,1.0,0.6511627906976745,0.6511627906976745,0.0,-0.6511627906976745,-0.009600058251438837,,,0.0,,,0.07474301427942763,0.056804431971872196,-0.017938582307555434,0.11125473695663121,0.10272101404672919,-0.008533722909902022,-0.3404454999716314,,
46,0.1,1.0,1.0,0.0,0.0,0.0,0.0,0.09302325581395349,0.06976744186046512,-0.023255813953488372,0.9069767441860465,0.9302325581395349,0.023255813953488413,0.0021692898135579064,0.0019835142372012227,-0.00018577557635668374,0.0,0.0,0.0,0.06596028023619903,0.06556118329452867,-0.00039909694167035437,0.10516220277445888,0.10426459013006781,-0.0008976126443910742,-0.0684169706430208,-0.11407885127173314,-0.04566188062871235
46,0.15,0.7272727272727273,0.8181818181818181,0.09090909090909083,0.2727272727272727,0.18181818181818182,-0.09090909090909088,0.3023255813953488,0.2558139534883721,-0.046511627906976716,0.6976744186046512,0.7441860465116279,0.046511627906976716,-0.015043800901332838,-0.006906964440886898,0.00813683646044594,0.11422399162752828,0.0,-0.11422399162752828,0.06596028023619903,0.06243359534274683,-0.0035266848934521963,0.10516220277445888,0.10228722383958272,-0.002874978934876163,-0.0684169706430208,-0.05977003643758358,0.008646934205437218
46,0.2,0.6363636363636364,0.5454545454545454,-0.09090909090909094,0.36363636363636365,0.45454545454545453,0.09090909090909088,0.32558139534883723,0.4186046511627907,0.09302325581395349,0.6744186046511628,0.5813953488372093,-0.09302325581395343,-0.015853212895803992,-0.010950245037672612,0.00490296785813138,0.11422399162752828,0.0,-0.11422399162752828,0.06596028023619903,0.06596600921583874,5.728979639713083e-06,0.10516220277445888,0.10254226243540185,-0.0026199403390570336,-0.0684169706430208,0.06507955744092223,0.13349652808394302
46,0.25,0.6363636363636364,0.5454545454545454,-0.09090909090909094,0.36363636363636365,0.45454545454545453,0.09090909090909088,0.3953488372093023,0.3953488372093023,0.0,0.6046511627906976,0.6046511627906976,0.0,-0.009824846723039515,-0.005972867104979462,0.003851979618060053,0.11422399162752828,0.0,-0.11422399162752828,0.06596028023619903,0.06248717347137287,-0.0034731067648261574,0.10516220277445888,0.10188639768113031,-0.0032758050933285737,-0.0684169706430208,-0.10209450386419733,-0.03367753322117653
46,0.3,0.6363636363636364,0.4545454545454546,-0.18181818181818177,0.36363636363636365,0.5454545454545454,0.18181818181818177,0.3953488372093023,0.4186046511627907,0.023255813953488413,0.6046511627906976,0.5813953488372093,-0.023255813953488302,-0.009824846723039515,-0.01829054474125935,-0.008465698018219836,0.11422399162752828,0.11422399162752828,0.0,0.06596028023619903,0.06248717347137287,-0.0034731067648261574,0.10516220277445888,0.10188639768113031,-0.0032758050933285737,-0.0684169706430208,-0.10209450386419733,-0.03367753322117653
46,0.35,0.6363636363636364,0.4545454545454546,-0.18181818181818177,0.36363636363636365,0.5454545454545454,0.18181818181818177,0.3953488372093023,0.4186046511627907,0.023255813953488413,0.6046511627906976,0.5813953488372093,-0.023255813953488302,-0.009824846723039515,-0.01829054474125935,-0.008465698018219836,0.11422399162752828,0.11422399162752828,0.0,0.06596028023619903,0.06248717347137287,-0.0034731067648261574,0.10516220277445888,0.10188639768113031,-0.0032758050933285737,-0.0684169706430208,-0.10209450386419733,-0.03367753322117653
46,0.4,0.6363636363636364,0.4545454545454546,-0.18181818181818177,0.36363636363636365,0.5454545454545454,0.18181818181818177,0.3953488372093023,0.4186046511627907,0.023255813953488413,0.6046511627906976,0.5813953488372093,-0.023255813953488302,-0.009824846723039515,-0.01829054474125935,-0.008465698018219836,0.11422399162752828,0.11422399162752828,0.0,0.06596028023619903,0.06248717347137287,-0.0034731067648261574,0.10516220277445888,0.10188639768113031,-0.0032758050933285737,-0.0684169706430208,-0.10209450386419733,-0.03367753322117653
46,0.45,0.6363636363636364,0.4545454545454546,-0.18181818181818177,0.36363636363636365,0.5454545454545454,0.18181818181818177,0.3953488372093023,0.4186046511627907,0.023255813953488413,0.6046511627906976,0.5813953488372093,-0.023255813953488302,-0.009824846723039515,-0.01829054474125935,-0.008465698018219836,0.11422399162752828,0.11422399162752828,0.0,0.06596028023619903,0.06248717347137287,-0.0034731067648261574,0.10516220277445888,0.10188639768113031,-0.0032758050933285737,-0.0684169706430208,-0.10209450386419733,-0.03367753322117653
46,0.5,0.5454545454545454,0.4545454545454546,-0.09090909090909083,0.45454545454545453,0.5454545454545454,0.09090909090909088,0.4186046511627907,0.4418604651162791,0.023255813953488358,0.5813953488372093,0.5581395348837209,-0.023255813953488413,-0.010515882818711075,-0.006629214506037262,0.0038866683126738133,0.11422399162752828,0.0,-0.11422399162752828,0.06596028023619903,0.06221999658091812,-0.00374028365528091,0.10516220277445888,0.10120777792018641,-0.00395442485427247,-0.0684169706430208,-0.07554689884750411,-0.007129928204483313
46,0.55,0.5454545454545454,0.4545454545454546,-0.09090909090909083,0.45454545454545453,0.5454545454545454,0.09090909090909088,0.4186046511627907,0.46511627906976744,0.046511627906976716,0.5813953488372093,0.5348837209302325,-0.04651162790697683,-0.010515882818711075,-0.006816144744939412,0.0036997380737716634,0.11422399162752828,0.0,-0.11422399162752828,0.06596028023619903,0.06246828128487458,-0.003491998951324446,0.10516220277445888,0.10095690969313606,-0.004205293081322822,-0.0684169706430208,-0.052791808833195654,0.015625161809825143
46,0.6,0.4545454545454546,0.4545454545454546,0.0,0.5454545454545454,0.5454545454545454,0.0,0.4418604651162791,0.46511627906976744,0.023255813953488358,0.5581395348837209,0.5348837209302325,-0.023255813953488413,-0.011395467504113466,-0.006816144744939412,0.004579322759174054,0.11422399162752828,0.0,-0.11422399162752828,0.06596028023619903,0.06246828128487458,-0.003491998951324446,0.10516220277445888,0.10095690969313606,-0.004205293081322822,-0.0684169706430208,-0.052791808833195654,0.015625161809825143
47,0.1,1.0,1.0,0.0,0.0,0.0,0.0,0.0,0.0,0.0,1.0,1.0,0.0,0.0,0.0,0.0,0.0,0.0,0.0,0.061454217457095714,0.061454217457095714,0.0,0.09798227877383517,0.09798227877383517,0.0,0.5641129032258064,0.5641129032258064,0.0
47,0.15,1.0,1.0,0.0,0.0,0.0,0.0,0.06451612903225806,0.06451612903225806,0.0,0.9354838709677419,0.9354838709677419,0.0,0.0022919249519421925,0.0022919249519421925,0.0,0.0,0.0,0.0,0.061454217457095714,0.06366640346322039,0.002212186006124675,0.09798227877383517,0.10006703206317007,0.002084753289334898,0.5641129032258064,0.6161290322580645,0.05201612903225805
47,0.2,1.0,1.0,0.0,0.0,0.0,0.0,0.16129032258064516,0.16129032258064516,0.0,0.8387096774193549,0.8387096774193549,0.0,0.008193906950906826,0.008286663794638383,9.275684373155624e-05,0.0,0.0,0.0,0.061454217457095714,0.06548043508780235,0.004026217630706638,0.09798227877383517,0.10211070828931705,0.004128429515481882,0.5641129032258064,0.6008064516129032,0.03669354838709682
47,0.25,1.0,1.0,0.0,0.0,0.0,0.0,0.3225806451612903,0.2903225806451613,-0.032258064516129004,0.6774193548387096,0.7096774193548387,0.032258064516129115,0.018644339999179915,0.016217802310079965,-0.00242653768909995,0.0,0.0,0.0,0.061454217457095714,0.06523398229543041,0.0037797648383346982,0.09798227877383517,0.10140198877561882,0.003419710001783649,0.5641129032258064,0.640725806451613,0.0766129032258066
47,0.3,1.0,1.0,0.0,0.0,0.0,0.0,0.3225806451612903,0.2903225806451613,-0.032258064516129004,0.6774193548387096,0.7096774193548387,0.032258064516129115,0.018644339999179915,0.016217802310079965,-0.00242653768909995,0.0,0.0,0.0,0.061454217457095714,0.06523398229543041,0.0037797648383346982,0.09798227877383517,0.10140198877561882,0.003419710001783649,0.5641129032258064,0.640725806451613,0.0766129032258066
47,0.35,1.0,1.0,0.0,0.0,0.0,0.0,0.3225806451612903,0.3225806451612903,0.0,0.6774193548387096,0.6774193548387096,0.0,0.018644339999179915,0.01865471396765528,1.0373968475363426e-05,0.0,0.0,0.0,0.061454217457095714,0.0657448243841408,0.004290606927045082,0.09798227877383517,0.10153242475151276,0.003550145977677596,0.5641129032258064,0.6258064516129033,0.06169354838709684
47,0.4,1.0,1.0,0.0,0.0,0.0,0.0,0.3225806451612903,0.3548387096774194,0.03225806451612906,0.6774193548387096,0.6451612903225806,-0.032258064516129004,0.018644339999179915,0.021098760978109476,0.0024544209789295612,0.0,0.0,0.0,0.061454217457095714,0.06664406362836292,0.005189846171267207,0.09798227877383517,0.10200642700706228,0.0040241482332271095,0.5641129032258064,0.6286290322580647,0.06451612903225823
47,0.45,1.0,1.0,0.0,0.0,0.0,0.0,0.3225806451612903,0.3548387096774194,0.03225806451612906,0.6774193548387096,0.6451612903225806,-0.032258064516129004,0.018644339999179915,0.021098760978109476,0.0024544209789295612,0.0,0.0,0.0,0.061454217457095714,0.06664406362836292,0.005189846171267207,0.09798227877383517,0.10200642700706228,0.0040241482332271095,0.5641129032258064,0.6286290322580647,0.06451612903225823
47,0.5,1.0,1.0,0.0,0.0,0.0,0.0,0.3225806451612903,0.3548387096774194,0.03225806451612906,0.6774193548387096,0.6451612903225806,-0.032258064516129004,0.018644339999179915,0.021098760978109476,0.0024544209789295612,0.0,0.0,0.0,0.061454217457095714,0.06664406362836292,0.005189846171267207,0.09798227877383517,0.10200642700706228,0.0040241482332271095,0.5641129032258064,0.6286290322580647,0.06451612903225823
47,0.55,0.9230769230769231,1.0,0.07692307692307687,0.07692307692307693,0.0,-0.07692307692307693,0.41935483870967744,0.3870967741935484,-0.03225806451612906,0.5806451612903226,0.6129032258064516,0.032258064516129004,0.026168421801237685,0.023942407848762448,-0.0022260139524752365,0.0,0.0,0.0,0.061454217457095714,0.06423367272570545,0.002779455268609732,0.09798227877383517,0.10157401413458238,0.0035917353607472086,0.5641129032258064,0.5870967741935484,0.022983870967742015
47,0.6,0.9230769230769231,0.8461538461538461,-0.07692307692307698,0.07692307692307693,0.15384615384615385,0.07692307692307693,0.41935483870967744,0.45161290322580644,0.032258064516129004,0.5806451612903226,0.5483870967741935,-0.032258064516129115,0.026168421801237685,0.02880239480666924,0.0026339730054315558,0.0,0.0,0.0,0.061454217457095714,0.0652835796813687,0.003829362224272992,0.09798227877383517,0.1015643247035043,0.0035820459296691254,0.5641129032258064,0.5661290322580645,0.0020161290322581182
48,0.1,1.0,1.0,0.0,0.0,0.0,0.0,0.075,0.075,0.0,0.925,0.925,0.0,0.004199383577050186,0.004199383577050186,0.0,0.0,0.0,0.0,0.056542794447433,0.05597914458933041,-0.0005636498581025884,0.09414177002635853,0.09314435332858449,-0.000997416697774034,0.36881057034467024,0.3795471395528654,0.010736569208195157
48,0.15,0.5714285714285714,0.5714285714285714,0.0,0.42857142857142855,0.42857142857142855,0.0,0.375,0.3,-0.07500000000000001,0.625,0.7,0.07499999999999996,0.004002290304568001,0.004343456627433184,0.0003411663228651829,0.0,0.0,0.0,0.056542794447433,0.06050716550747857,0.003964371060045567,0.09414177002635853,0.09983482346056612,0.00569305343420759,0.36881057034467024,0.20964564085475887,-0.15916492948991137
48,0.2,0.5714285714285714,0.4285714285714286,-0.1428571428571428,0.42857142857142855,0.5714285714285714,0.14285714285714285,0.45,0.525,0.07500000000000001,0.55,0.475,-0.07500000000000007,0.005465923747299262,0.002010008188996326,-0.0034559155583029355,0.0,0.0,0.0,0.056542794447433,0.06448734019676136,0.00794454574932836,0.09414177002635853,0.1014651223105387,0.007323352284180171,0.36881057034467024,0.19306988488421192,-0.17574068546045832
48,0.25,0.5714285714285714,0.2857142857142857,-0.2857142857142857,0.42857142857142855,0.7142857142857143,0.28571428571428575,0.5,0.6,0.09999999999999998,0.5,0.4,-0.09999999999999998,0.00748411421553441,-0.008701197202066857,-0.016185311417601267,0.0,0.0,0.0,0.056542794447433,0.06524947983474885,0.008706685387315852,0.09414177002635853,0.10325982065128872,0.009118050624930193,0.36881057034467024,0.12959227395154907,-0.23921829639312117
48,0.3,0.5714285714285714,0.2857142857142857,-0.2857142857142857,0.42857142857142855,0.7142857142857143,0.28571428571428575,0.525,0.6,0.07499999999999996,0.475,0.4,-0.07499999999999996,0.008474101483177732,-0.008701197202066857,-0.01717529868524459,0.0,0.0,0.0,0.056542794447433,0.06524947983474885,0.008706685387315852,0.09414177002635853,0.10325982065128872,0.009118050624930193,0.36881057034467024,0.12959227395154907,-0.23921829639312117
48,0.35,0.4285714285714286,0.0,-0.4285714285714286,0.5714285714285714,1.0,0.4285714285714286,0.8,1.0,0.19999999999999996,0.2,0.0,-0.2,0.03217169871906722,,,0.07757700080808638,,,0.056542794447433,0.05086242260384573,-0.005680371843587273,0.09414177002635853,0.0930525901820952,-0.0010891798442633216,0.36881057034467024,,
48,0.4,0.4285714285714286,0.0,-0.4285714285714286,0.5714285714285714,1.0,0.4285714285714286,0.8,1.0,0.19999999999999996,0.2,0.0,-0.2,0.03217169871906722,,,0.07757700080808638,,,0.056542794447433,0.05086242260384573,-0.005680371843587273,0.09414177002635853,0.0930525901820952,-0.0010891798442633216,0.36881057034467024,,
48,0.45,0.4285714285714286,0.0,-0.4285714285714286,0.5714285714285714,1.0,0.4285714285714286,0.8,1.0,0.19999999999999996,0.2,0.0,-0.2,0.03217169871906722,,,0.07757700080808638,,,0.056542794447433,0.05086242260384573,-0.005680371843587273,0.09414177002635853,0.0930525901820952,-0.0010891798442633216,0.36881057034467024,,
48,0.5,0.4285714285714286,0.0,-0.4285714285714286,0.5714285714285714,1.0,0.4285714285714286,0.8,1.0,0.19999999999999996,0.2,0.0,-0.2,0.03217169871906722,,,0.07757700080808638,,,0.056542794447433,0.05086242260384573,-0.005680371843587273,0.09414177002635853,0.0930525901820952,-0.0010891798442633216,0.36881057034467024,,
48,0.55,0.4285714285714286,0.0,-0.4285714285714286,0.5714285714285714,1.0,0.4285714285714286,0.8,1.0,0.19999999999999996,0.2,0.0,-0.2,0.03217169871906722,,,0.07757700080808638,,,0.056542794447433,0.05086242260384573,-0.005680371843587273,0.09414177002635853,0.0930525901820952,-0.0010891798442633216,0.36881057034467024,,
48,0.6,0.4285714285714286,0.0,-0.4285714285714286,0.5714285714285714,1.0,0.4285714285714286,0.8,1.0,0.19999999999999996,0.2,0.0,-0.2,0.03217169871906722,,,0.07757700080808638,,,0.056542794447433,0.05086242260384573,-0.005680371843587273,0.09414177002635853,0.0930525901820952,-0.0010891798442633216,0.36881057034467024,,
49,0.1,1.0,1.0,0.0,0.0,0.0,0.0,0.0,0.0,0.0,1.0,1.0,0.0,0.0,0.0,0.0,0.0,0.0,0.0,0.04356360167472705,0.04356360167472705,0.0,0.07863396817281561,0.07863396817281561,0.0,0.3833965559129898,0.3833965559129898,0.0
49,0.15,1.0,1.0,0.0,0.0,0.0,0.0,0.11363636363636363,0.11363636363636363,0.0,0.8863636363636364,0.8863636363636364,0.0,0.004748822761564853,0.004748822761564853,0.0,0.0,0.0,0.0,0.04356360167472705,0.04289466692781547,-0.0006689347469115842,0.07863396817281561,0.0784613577591374,-0.0001726104136782064,0.3833965559129898,0.4024455505338057,0.019048994620815884
49,0.2,1.0,1.0,0.0,0.0,0.0,0.0,0.18181818181818182,0.20454545454545456,0.022727272727272735,0.8181818181818182,0.7954545454545454,-0.022727272727272818,0.00641778323256581,0.006631510825413578,0.00021372759284776777,0.0,0.0,0.0,0.04356360167472705,0.043187030490505825,-0.0003765711842212277,0.07863396817281561,0.07829721739242777,-0.00033675078038783446,0.3833965559129898,0.36989167166688897,-0.013504884246100857
49,0.25,1.0,1.0,0.0,0.0,0.0,0.0,0.3409090909090909,0.3409090909090909,0.0,0.6590909090909091,0.6590909090909091,0.0,0.01072913655959562,0.01072913655959562,0.0,0.0,0.0,0.0,0.04356360167472705,0.04423399150905321,0.0006703898343261572,0.07863396817281561,0.07935735346615333,0.0007233852933377222,0.3833965559129898,0.3963328134539917,0.012936257541001861
49,0.3,0.8333333333333334,0.8333333333333334,0.0,0.16666666666666666,0.16666666666666666,0.0,0.45454545454545453,0.45454545454545453,0.0,0.5454545454545454,0.5454545454545454,0.0,0.016803208438105233,0.016803208438105233,0.0,0.0,0.0,0.0,0.04356360167472705,0.04307565537661444,-0.000487946298112614,0.07863396817281561,0.07834432364957768,-0.0002896445232379308,0.3833965559129898,0.3853867493808363,0.0019901934678464572
49,0.35,0.8333333333333334,0.8333333333333334,0.0,0.16666666666666666,0.16666666666666666,0.0,0.45454545454545453,0.45454545454545453,0.0,0.5454545454545454,0.5454545454545454,0.0,0.016803208438105233,0.016803208438105233,0.0,0.0,0.0,0.0,0.04356360167472705,0.04307565537661444,-0.000487946298112614,0.07863396817281561,0.07834432364957768,-0.0002896445232379308,0.3833965559129898,0.3853867493808363,0.0019901934678464572
49,0.4,0.8333333333333334,0.8333333333333334,0.0,0.16666666666666666,0.16666666666666666,0.0,0.45454545454545453,0.45454545454545453,0.0,0.5454545454545454,0.5454545454545454,0.0,0.016803208438105233,0.016803208438105233,0.0,0.0,0.0,0.0,0.04356360167472705,0.04307565537661444,-0.000487946298112614,0.07863396817281561,0.07834432364957768,-0.0002896445232379308,0.3833965559129898,0.3853867493808363,0.0019901934678464572
49,0.45,0.8333333333333334,0.8333333333333334,0.0,0.16666666666666666,0.16666666666666666,0.0,0.45454545454545453,0.45454545454545453,0.0,0.5454545454545454,0.5454545454545454,0.0,0.016803208438105233,0.016803208438105233,0.0,0.0,0.0,0.0,0.04356360167472705,0.04307565537661444,-0.000487946298112614,0.07863396817281561,0.07834432364957768,-0.0002896445232379308,0.3833965559129898,0.3853867493808363,0.0019901934678464572
49,0.5,0.33333333333333337,0.0,-0.33333333333333337,0.6666666666666666,1.0,0.33333333333333337,0.6590909090909091,1.0,0.34090909090909094,0.3409090909090909,0.0,-0.3409090909090909,0.006825995340764668,,,0.0,,,0.04356360167472705,0.034154765467105185,-0.009408836207621868,0.07863396817281561,0.0754349718078593,-0.003198996364956311,0.3833965559129898,,
49,0.55,0.33333333333333337,0.0,-0.33333333333333337,0.6666666666666666,1.0,0.33333333333333337,0.6590909090909091,1.0,0.34090909090909094,0.3409090909090909,0.0,-0.3409090909090909,0.006825995340764668,,,0.0,,,0.04356360167472705,0.034154765467105185,-0.009408836207621868,0.07863396817281561,0.0754349718078593,-0.003198996364956311,0.3833965559129898,,
49,0.6,0.33333333333333337,0.0,-0.33333333333333337,0.6666666666666666,1.0,0.33333333333333337,0.6818181818181818,1.0,0.31818181818181823,0.3181818181818182,0.0,-0.3181818181818182,0.006736936356255829,,,0.0,,,0.04356360167472705,0.034154765467105185,-0.009408836207621868,0.07863396817281561,0.0754349718078593,-0.003198996364956311,0.3833965559129898,,
