n,n_valuable,n_false_stops,stop_rate,valuable_run_recall,valuable_false_stop_rate,endpoint_observation_rate,mean_true_outcome,mean_observed_outcome,endpoint_selection_bias,simple_regret_batch,mae,rmse,spearman,seed,stop_quantile,learner
32,5,0,0.0625,1.0,0.0,0.9375,0.6662605741832348,0.6653388259686933,-0.0009217482145414957,0.0,0.07269545171427119,0.10300975701067515,0.19024926686217006,0,0.1,completed_only
32,5,0,0.0625,1.0,0.0,0.9375,0.6662605741832348,0.6653388259686933,-0.0009217482145414957,0.0,0.07014203751273877,0.10197794030915046,0.19648093841642225,0,0.1,oracle_all_endpoints
32,5,0,0.15625,1.0,0.0,0.84375,0.6662605741832348,0.6756928529758217,0.009432278792586901,0.0,0.0718085456229297,0.10235511905499538,0.3900293255131964,0,0.1,static_initial
32,5,0,0.34375,1.0,0.0,0.65625,0.6662605741832348,0.6729330026267932,0.00667242844355842,0.0,0.06691877821613773,0.09598659234272734,0.26832844574780057,0,0.15,completed_only
32,5,0,0.25,1.0,0.0,0.75,0.6662605741832348,0.6722014667971226,0.005940892613887749,0.0,0.07014203751273877,0.10197794030915046,0.19648093841642225,0,0.15,oracle_all_endpoints
32,5,0,0.40625,1.0,0.0,0.59375,0.6662605741832348,0.6771204012684628,0.010859827085228035,0.0,0.0718085456229297,0.10235511905499538,0.3900293255131964,0,0.15,static_initial
32,5,0,0.34375,1.0,0.0,0.65625,0.6662605741832348,0.6729330026267932,0.00667242844355842,0.0,0.06691877821613773,0.09598659234272734,0.26832844574780057,0,0.2,completed_only
32,5,0,0.25,1.0,0.0,0.75,0.6662605741832348,0.6722014667971226,0.005940892613887749,0.0,0.07014203751273877,0.10197794030915046,0.19648093841642225,0,0.2,oracle_all_endpoints
32,5,0,0.40625,1.0,0.0,0.59375,0.6662605741832348,0.6771204012684628,0.010859827085228035,0.0,0.0718085456229297,0.10235511905499538,0.3900293255131964,0,0.2,static_initial
32,5,0,0.34375,1.0,0.0,0.65625,0.6662605741832348,0.6729330026267932,0.00667242844355842,0.0,0.06691877821613773,0.09598659234272734,0.26832844574780057,0,0.25,completed_only
32,5,0,0.28125,1.0,0.0,0.71875,0.6662605741832348,0.6722938998737937,0.006033325690558922,0.0,0.07014203751273877,0.10197794030915046,0.19648093841642225,0,0.25,oracle_all_endpoints
32,5,0,0.40625,1.0,0.0,0.59375,0.6662605741832348,0.6771204012684628,0.010859827085228035,0.0,0.0718085456229297,0.10235511905499538,0.3900293255131964,0,0.25,static_initial
32,5,0,0.34375,1.0,0.0,0.65625,0.6662605741832348,0.6729330026267932,0.00667242844355842,0.0,0.06691877821613773,0.09598659234272734,0.26832844574780057,0,0.3,completed_only
32,5,0,0.3125,1.0,0.0,0.6875,0.6662605741832348,0.6721622337252933,0.005901659542058457,0.0,0.07014203751273877,0.10197794030915046,0.19648093841642225,0,0.3,oracle_all_endpoints
32,5,0,0.40625,1.0,0.0,0.59375,0.6662605741832348,0.6771204012684628,0.010859827085228035,0.0,0.0718085456229297,0.10235511905499538,0.3900293255131964,0,0.3,static_initial
32,5,0,0.34375,1.0,0.0,0.65625,0.6662605741832348,0.6729330026267932,0.00667242844355842,0.0,0.06691877821613773,0.09598659234272734,0.26832844574780057,0,0.35,completed_only
32,5,0,0.3125,1.0,0.0,0.6875,0.6662605741832348,0.6721622337252933,0.005901659542058457,0.0,0.07014203751273877,0.10197794030915046,0.19648093841642225,0,0.35,oracle_all_endpoints
32,5,0,0.40625,1.0,0.0,0.59375,0.6662605741832348,0.6771204012684628,0.010859827085228035,0.0,0.0718085456229297,0.10235511905499538,0.3900293255131964,0,0.35,static_initial
32,5,0,0.34375,1.0,0.0,0.65625,0.6662605741832348,0.6729330026267932,0.00667242844355842,0.0,0.06691877821613773,0.09598659234272734,0.26832844574780057,0,0.4,completed_only
32,5,0,0.3125,1.0,0.0,0.6875,0.6662605741832348,0.6721622337252933,0.005901659542058457,0.0,0.07014203751273877,0.10197794030915046,0.19648093841642225,0,0.4,oracle_all_endpoints
32,5,0,0.40625,1.0,0.0,0.59375,0.6662605741832348,0.6771204012684628,0.010859827085228035,0.0,0.0718085456229297,0.10235511905499538,0.3900293255131964,0,0.4,static_initial
32,5,0,0.34375,1.0,0.0,0.65625,0.6662605741832348,0.6729330026267932,0.00667242844355842,0.0,0.06691877821613773,0.09598659234272734,0.26832844574780057,0,0.45,completed_only
32,5,0,0.3125,1.0,0.0,0.6875,0.6662605741832348,0.6721622337252933,0.005901659542058457,0.0,0.07014203751273877,0.10197794030915046,0.19648093841642225,0,0.45,oracle_all_endpoints
32,5,0,0.40625,1.0,0.0,0.59375,0.6662605741832348,0.6771204012684628,0.010859827085228035,0.0,0.0718085456229297,0.10235511905499538,0.3900293255131964,0,0.45,static_initial
32,5,0,0.5,1.0,0.0,0.5,0.6662605741832348,0.6736564528865362,0.007395878703301384,0.0,0.06655492578533379,0.09616976955487372,0.23093841642228732,0,0.5,completed_only
32,5,0,0.34375,1.0,0.0,0.65625,0.6662605741832348,0.6711969915292859,0.004936417346051103,0.0,0.07014203751273877,0.10197794030915046,0.19648093841642225,0,0.5,oracle_all_endpoints
32,5,0,0.40625,1.0,0.0,0.59375,0.6662605741832348,0.6771204012684628,0.010859827085228035,0.0,0.0718085456229297,0.10235511905499538,0.3900293255131964,0,0.5,static_initial
32,5,0,0.5,1.0,0.0,0.5,0.6662605741832348,0.6736564528865362,0.007395878703301384,0.0,0.06655492578533379,0.09616976955487372,0.23093841642228732,0,0.55,completed_only
32,5,0,0.34375,1.0,0.0,0.65625,0.6662605741832348,0.6711969915292859,0.004936417346051103,0.0,0.07014203751273877,0.10197794030915046,0.19648093841642225,0,0.55,oracle_all_endpoints
32,5,0,0.40625,1.0,0.0,0.59375,0.6662605741832348,0.6771204012684628,0.010859827085228035,0.0,0.0718085456229297,0.10235511905499538,0.3900293255131964,0,0.55,static_initial
32,5,0,0.5,1.0,0.0,0.5,0.6662605741832348,0.6736564528865362,0.007395878703301384,0.0,0.06655492578533379,0.09616976955487372,0.23093841642228732,0,0.6,completed_only
32,5,0,0.375,1.0,0.0,0.625,0.6662605741832348,0.6705186932180658,0.004258119034830976,0.0,0.07014203751273877,0.10197794030915046,0.19648093841642225,0,0.6,oracle_all_endpoints
32,5,0,0.40625,1.0,0.0,0.59375,0.6662605741832348,0.6771204012684628,0.010859827085228035,0.0,0.0718085456229297,0.10235511905499538,0.3900293255131964,0,0.6,static_initial
44,1,0,0.022727272727272728,1.0,0.0,0.9772727272727273,0.666978193476638,0.666850939921101,-0.00012725355553699913,0.0,0.04899622034700684,0.06926502377406397,0.24766710163580655,1,0.1,completed_only
44,1,0,0.022727272727272728,1.0,0.0,0.9772727272727273,0.666978193476638,0.666850939921101,-0.00012725355553699913,0.0,0.048748258519987916,0.06936251438519846,0.3351315195107941,1,0.1,oracle_all_endpoints
44,1,0,0.0,1.0,0.0,1.0,0.666978193476638,0.666978193476638,0.0,0.0,0.041957939899449695,0.06067530306545707,,1,0.1,static_initial
44,1,0,0.045454545454545456,1.0,0.0,0.9545454545454546,0.666978193476638,0.6665096834977732,-0.00046850997886482837,0.0,0.04899622034700684,0.06926502377406397,0.24766710163580655,1,0.15,completed_only
44,1,0,0.045454545454545456,1.0,0.0,0.9545454545454546,0.666978193476638,0.6664614267417258,-0.0005167667349121885,0.0,0.048748258519987916,0.06936251438519846,0.3351315195107941,1,0.15,oracle_all_endpoints
44,1,0,0.0,1.0,0.0,1.0,0.666978193476638,0.666978193476638,0.0,0.0,0.041957939899449695,0.06067530306545707,,1,0.15,static_initial
44,1,0,0.06818181818181818,1.0,0.0,0.9318181818181818,0.666978193476638,0.6661023466695517,-0.0008758468070863001,0.0,0.04899622034700684,0.06926502377406397,0.24766710163580655,1,0.2,completed_only
44,1,0,0.06818181818181818,1.0,0.0,0.9318181818181818,0.666978193476638,0.6661023466695517,-0.0008758468070863001,0.0,0.048748258519987916,0.06936251438519846,0.3351315195107941,1,0.2,oracle_all_endpoints
44,1,0,0.0,1.0,0.0,1.0,0.666978193476638,0.666978193476638,0.0,0.0,0.041957939899449695,0.06067530306545707,,1,0.2,static_initial
44,1,0,0.06818181818181818,1.0,0.0,0.9318181818181818,0.666978193476638,0.6661023466695517,-0.0008758468070863001,0.0,0.04899622034700684,0.06926502377406397,0.24766710163580655,1,0.25,completed_only
44,1,0,0.06818181818181818,1.0,0.0,0.9318181818181818,0.666978193476638,0.6661023466695517,-0.0008758468070863001,0.0,0.048748258519987916,0.06936251438519846,0.3351315195107941,1,0.25,oracle_all_endpoints
44,1,0,0.0,1.0,0.0,1.0,0.666978193476638,0.666978193476638,0.0,0.0,0.041957939899449695,0.06067530306545707,,1,0.25,static_initial
44,1,0,0.06818181818181818,1.0,0.0,0.9318181818181818,0.666978193476638,0.6661023466695517,-0.0008758468070863001,0.0,0.04899622034700684,0.06926502377406397,0.24766710163580655,1,0.3,completed_only
44,1,0,0.09090909090909091,1.0,0.0,0.9090909090909091,0.666978193476638,0.6675582094127354,0.0005800159360973556,0.0,0.048748258519987916,0.06936251438519846,0.3351315195107941,1,0.3,oracle_all_endpoints
44,1,0,0.0,1.0,0.0,1.0,0.666978193476638,0.666978193476638,0.0,0.0,0.041957939899449695,0.06067530306545707,,1,0.3,static_initial
44,1,0,0.06818181818181818,1.0,0.0,0.9318181818181818,0.666978193476638,0.6661023466695517,-0.0008758468070863001,0.0,0.04899622034700684,0.06926502377406397,0.24766710163580655,1,0.35,completed_only
44,1,0,0.09090909090909091,1.0,0.0,0.9090909090909091,0.666978193476638,0.6675582094127354,0.0005800159360973556,0.0,0.048748258519987916,0.06936251438519846,0.3351315195107941,1,0.35,oracle_all_endpoints
44,1,0,0.0,1.0,0.0,1.0,0.666978193476638,0.666978193476638,0.0,0.0,0.041957939899449695,0.06067530306545707,,1,0.35,static_initial
44,1,0,0.06818181818181818,1.0,0.0,0.9318181818181818,0.666978193476638,0.6661023466695517,-0.0008758468070863001,0.0,0.04899622034700684,0.06926502377406397,0.24766710163580655,1,0.4,completed_only
44,1,0,0.09090909090909091,1.0,0.0,0.9090909090909091,0.666978193476638,0.6675582094127354,0.0005800159360973556,0.0,0.048748258519987916,0.06936251438519846,0.3351315195107941,1,0.4,oracle_all_endpoints
44,1,0,0.0,1.0,0.0,1.0,0.666978193476638,0.666978193476638,0.0,0.0,0.041957939899449695,0.06067530306545707,,1,0.4,static_initial
44,1,1,0.09090909090909091,0.0,1.0,0.9090909090909091,0.666978193476638,0.6639358288994013,-0.0030423645772367225,0.024810649414197083,0.04899622034700684,0.06926502377406397,0.24766710163580655,1,0.45,completed_only
44,1,0,0.09090909090909091,1.0,0.0,0.9090909090909091,0.666978193476638,0.6675582094127354,0.0005800159360973556,0.0,0.048748258519987916,0.06936251438519846,0.3351315195107941,1,0.45,oracle_all_endpoints
44,1,0,0.0,1.0,0.0,1.0,0.666978193476638,0.666978193476638,0.0,0.0,0.041957939899449695,0.06067530306545707,,1,0.45,static_initial
44,1,0,0.11363636363636363,1.0,0.0,0.8863636363636364,0.666978193476638,0.6672659842825123,0.0002877908058742662,0.0,0.04847513250845818,0.06885318105733582,0.2565920422352951,1,0.5,completed_only
44,1,0,0.11363636363636363,1.0,0.0,0.8863636363636364,0.666978193476638,0.6672659842825123,0.0002877908058742662,0.0,0.048748258519987916,0.06936251438519846,0.3351315195107941,1,0.5,oracle_all_endpoints
44,1,0,0.0,1.0,0.0,1.0,0.666978193476638,0.666978193476638,0.0,0.0,0.041957939899449695,0.06067530306545707,,1,0.5,static_initial
44,1,0,0.11363636363636363,1.0,0.0,0.8863636363636364,0.666978193476638,0.6672659842825123,0.0002877908058742662,0.0,0.04847513250845818,0.06885318105733582,0.2565920422352951,1,0.55,completed_only
44,1,0,0.11363636363636363,1.0,0.0,0.8863636363636364,0.666978193476638,0.6672659842825123,0.0002877908058742662,0.0,0.048748258519987916,0.06936251438519846,0.3351315195107941,1,0.55,oracle_all_endpoints
44,1,0,0.0,1.0,0.0,1.0,0.666978193476638,0.666978193476638,0.0,0.0,0.041957939899449695,0.06067530306545707,,1,0.55,static_initial
44,1,0,0.11363636363636363,1.0,0.0,0.8863636363636364,0.666978193476638,0.6672659842825123,0.0002877908058742662,0.0,0.04847513250845818,0.06885318105733582,0.2565920422352951,1,0.6,completed_only
44,1,0,0.11363636363636363,1.0,0.0,0.8863636363636364,0.666978193476638,0.6672659842825123,0.0002877908058742662,0.0,0.048748258519987916,0.06936251438519846,0.3351315195107941,1,0.6,oracle_all_endpoints
44,1,0,0.0,1.0,0.0,1.0,0.666978193476638,0.666978193476638,0.0,0.0,0.041957939899449695,0.06067530306545707,,1,0.6,static_initial
39,1,0,0.05128205128205128,1.0,0.0,0.9487179487179487,0.6682147334461804,0.6752227240340309,0.00700799058785051,0.0,0.046824478357192716,0.0799505189813276,0.056378559846385644,2,0.1,completed_only
39,1,0,0.05128205128205128,1.0,0.0,0.9487179487179487,0.6682147334461804,0.6752227240340309,0.00700799058785051,0.0,0.0470663673858446,0.08030034952814558,0.03975274635671427,2,0.1,oracle_all_endpoints
39,1,0,0.0,1.0,0.0,1.0,0.6682147334461804,0.6682147334461804,0.0,0.0,0.04513429185724984,0.07807380207628917,,2,0.1,static_initial
39,1,0,0.10256410256410256,1.0,0.0,0.8974358974358975,0.6682147334461804,0.675590433877873,0.007375700431692556,0.0,0.046824478357192716,0.0799505189813276,0.056378559846385644,2,0.15,completed_only
39,1,0,0.10256410256410256,1.0,0.0,0.8974358974358975,0.6682147334461804,0.675590433877873,0.007375700431692556,0.0,0.0470663673858446,0.08030034952814558,0.03975274635671427,2,0.15,oracle_all_endpoints
39,1,0,0.0,1.0,0.0,1.0,0.6682147334461804,0.6682147334461804,0.0,0.0,0.04513429185724984,0.07807380207628917,,2,0.15,static_initial
39,1,0,0.20512820512820512,1.0,0.0,0.7948717948717948,0.6682147334461804,0.6758149384237327,0.007600204977552316,0.0,0.047291978252381225,0.08060038834587141,0.12799744872497007,2,0.2,completed_only
39,1,0,0.1794871794871795,1.0,0.0,0.8205128205128205,0.6682147334461804,0.675537514885222,0.007322781439041526,0.0,0.0470663673858446,0.08030034952814558,0.03975274635671427,2,0.2,oracle_all_endpoints
39,1,0,0.0,1.0,0.0,1.0,0.6682147334461804,0.6682147334461804,0.0,0.0,0.04513429185724984,0.07807380207628917,,2,0.2,static_initial
39,1,0,0.23076923076923078,1.0,0.0,0.7692307692307693,0.6682147334461804,0.6760062528367341,0.0077915193905536695,0.0,0.047291978252381225,0.08060038834587141,0.12799744872497007,2,0.25,completed_only
39,1,0,0.1794871794871795,1.0,0.0,0.8205128205128205,0.6682147334461804,0.675537514885222,0.007322781439041526,0.0,0.0470663673858446,0.08030034952814558,0.03975274635671427,2,0.25,oracle_all_endpoints
39,1,0,0.0,1.0,0.0,1.0,0.6682147334461804,0.6682147334461804,0.0,0.0,0.04513429185724984,0.07807380207628917,,2,0.25,static_initial
39,1,0,0.23076923076923078,1.0,0.0,0.7692307692307693,0.6682147334461804,0.6760062528367341,0.0077915193905536695,0.0,0.047291978252381225,0.08060038834587141,0.12799744872497007,2,0.3,completed_only
39,1,0,0.20512820512820512,1.0,0.0,0.7948717948717948,0.6682147334461804,0.6758149384237327,0.007600204977552316,0.0,0.0470663673858446,0.08030034952814558,0.03975274635671427,2,0.3,oracle_all_endpoints
39,1,0,0.0,1.0,0.0,1.0,0.6682147334461804,0.6682147334461804,0.0,0.0,0.04513429185724984,0.07807380207628917,,2,0.3,static_initial
39,1,0,0.28205128205128205,1.0,0.0,0.717948717948718,0.6682147334461804,0.675850475723584,0.007635742277403601,0.0,0.04723429151235027,0.07998726221487096,0.0896301868257284,2,0.35,completed_only
39,1,0,0.23076923076923078,1.0,0.0,0.7692307692307693,0.6682147334461804,0.6756359793811614,0.007421245934980947,0.0,0.0470663673858446,0.08030034952814558,0.03975274635671427,2,0.35,oracle_all_endpoints
39,1,0,0.0,1.0,0.0,1.0,0.6682147334461804,0.6682147334461804,0.0,0.0,0.04513429185724984,0.07807380207628917,,2,0.35,static_initial
39,1,0,0.28205128205128205,1.0,0.0,0.717948717948718,0.6682147334461804,0.675850475723584,0.007635742277403601,0.0,0.04723429151235027,0.07998726221487096,0.0896301868257284,2,0.4,completed_only
39,1,0,0.23076923076923078,1.0,0.0,0.7692307692307693,0.6682147334461804,0.6756359793811614,0.007421245934980947,0.0,0.0470663673858446,0.08030034952814558,0.03975274635671427,2,0.4,oracle_all_endpoints
39,1,0,0.0,1.0,0.0,1.0,0.6682147334461804,0.6682147334461804,0.0,0.0,0.04513429185724984,0.07807380207628917,,2,0.4,static_initial
39,1,0,0.28205128205128205,1.0,0.0,0.717948717948718,0.6682147334461804,0.675850475723584,0.007635742277403601,0.0,0.04723429151235027,0.07998726221487096,0.0896301868257284,2,0.45,completed_only
39,1,0,0.23076923076923078,1.0,0.0,0.7692307692307693,0.6682147334461804,0.6756359793811614,0.007421245934980947,0.0,0.0470663673858446,0.08030034952814558,0.03975274635671427,2,0.45,oracle_all_endpoints
39,1,0,0.0,1.0,0.0,1.0,0.6682147334461804,0.6682147334461804,0.0,0.0,0.04513429185724984,0.07807380207628917,,2,0.45,static_initial
39,1,0,0.28205128205128205,1.0,0.0,0.717948717948718,0.6682147334461804,0.675850475723584,0.007635742277403601,0.0,0.04723429151235027,0.07998726221487096,0.0896301868257284,2,0.5,completed_only
39,1,0,0.23076923076923078,1.0,0.0,0.7692307692307693,0.6682147334461804,0.6756359793811614,0.007421245934980947,0.0,0.0470663673858446,0.08030034952814558,0.03975274635671427,2,0.5,oracle_all_endpoints
39,1,0,0.0,1.0,0.0,1.0,0.6682147334461804,0.6682147334461804,0.0,0.0,0.04513429185724984,0.07807380207628917,,2,0.5,static_initial
39,1,0,0.28205128205128205,1.0,0.0,0.717948717948718,0.6682147334461804,0.675850475723584,0.007635742277403601,0.0,0.04723429151235027,0.07998726221487096,0.0896301868257284,2,0.55,completed_only
39,1,1,0.2564102564102564,0.0,1.0,0.7435897435897436,0.6682147334461804,0.6652754614294701,-0.0029392720167102926,0.25537359275098326,0.0470663673858446,0.08030034952814558,0.03975274635671427,2,0.55,oracle_all_endpoints
39,1,0,0.0,1.0,0.0,1.0,0.6682147334461804,0.6682147334461804,0.0,0.0,0.04513429185724984,0.07807380207628917,,2,0.55,static_initial
39,1,0,0.28205128205128205,1.0,0.0,0.717948717948718,0.6682147334461804,0.675850475723584,0.007635742277403601,0.0,0.04723429151235027,0.07998726221487096,0.0896301868257284,2,0.6,completed_only
39,1,1,0.3076923076923077,0.0,1.0,0.6923076923076923,0.6682147334461804,0.6647304563066718,-0.003484277139508607,0.25537359275098326,0.0470663673858446,0.08030034952814558,0.03975274635671427,2,0.6,oracle_all_endpoints
39,1,0,0.0,1.0,0.0,1.0,0.6682147334461804,0.6682147334461804,0.0,0.0,0.04513429185724984,0.07807380207628917,,2,0.6,static_initial
44,10,0,0.06818181818181818,1.0,0.0,0.9318181818181818,0.6771116830068841,0.6820104390834045,0.004898756076520461,0.0,0.057531477822215085,0.09122544191021192,0.267784878015817,3,0.1,completed_only
44,10,0,0.06818181818181818,1.0,0.0,0.9318181818181818,0.6771116830068841,0.6820104390834045,0.004898756076520461,0.0,0.056827152858986055,0.09194606238564963,0.16809749409312888,3,0.1,oracle_all_endpoints
44,10,0,0.0,1.0,0.0,1.0,0.6771116830068841,0.6771116830068841,0.0,0.0,0.0491536216722017,0.0867789053691121,,3,0.1,static_initial
44,10,0,0.1590909090909091,1.0,0.0,0.8409090909090909,0.6771116830068841,0.6829261933580255,0.005814510351141444,0.0,0.0565477485622142,0.08927698977503014,0.19394766098425575,3,0.15,completed_only
44,10,0,0.18181818181818182,1.0,0.0,0.8181818181818182,0.6771116830068841,0.6844763163503799,0.007364633343495797,0.0,0.056827152858986055,0.09194606238564963,0.16809749409312888,3,0.15,oracle_all_endpoints
44,10,0,0.0,1.0,0.0,1.0,0.6771116830068841,0.6771116830068841,0.0,0.0,0.0491536216722017,0.0867789053691121,,3,0.15,static_initial
44,10,0,0.1590909090909091,1.0,0.0,0.8409090909090909,0.6771116830068841,0.6829261933580255,0.005814510351141444,0.0,0.0565477485622142,0.08927698977503014,0.19394766098425575,3,0.2,completed_only
44,10,0,0.18181818181818182,1.0,0.0,0.8181818181818182,0.6771116830068841,0.6844763163503799,0.007364633343495797,0.0,0.056827152858986055,0.09194606238564963,0.16809749409312888,3,0.2,oracle_all_endpoints
44,10,0,0.0,1.0,0.0,1.0,0.6771116830068841,0.6771116830068841,0.0,0.0,0.0491536216722017,0.0867789053691121,,3,0.2,static_initial
44,10,0,0.1590909090909091,1.0,0.0,0.8409090909090909,0.6771116830068841,0.6829261933580255,0.005814510351141444,0.0,0.0565477485622142,0.08927698977503014,0.19394766098425575,3,0.25,completed_only
44,10,0,0.18181818181818182,1.0,0.0,0.8181818181818182,0.6771116830068841,0.6844763163503799,0.007364633343495797,0.0,0.056827152858986055,0.09194606238564963,0.16809749409312888,3,0.25,oracle_all_endpoints
44,10,0,0.0,1.0,0.0,1.0,0.6771116830068841,0.6771116830068841,0.0,0.0,0.0491536216722017,0.0867789053691121,,3,0.25,static_initial
44,10,1,0.25,0.9,0.1,0.75,0.6771116830068841,0.6871596993903176,0.010048016383433556,0.0,0.0573839117569924,0.08860051217202602,0.18766364251348458,3,0.3,completed_only
44,10,0,0.20454545454545456,1.0,0.0,0.7954545454545454,0.6771116830068841,0.6846081651524616,0.007496482145577521,0.0,0.056827152858986055,0.09194606238564963,0.16809749409312888,3,0.3,oracle_all_endpoints
44,10,0,0.0,1.0,0.0,1.0,0.6771116830068841,0.6771116830068841,0.0,0.0,0.0491536216722017,0.0867789053691121,,3,0.3,static_initial
44,10,1,0.25,0.9,0.1,0.75,0.6771116830068841,0.6871596993903176,0.010048016383433556,0.0,0.0573839117569924,0.08860051217202602,0.18766364251348458,3,0.35,completed_only
44,10,0,0.20454545454545456,1.0,0.0,0.7954545454545454,0.6771116830068841,0.6846081651524616,0.007496482145577521,0.0,0.056827152858986055,0.09194606238564963,0.16809749409312888,3,0.35,oracle_all_endpoints
44,10,0,0.0,1.0,0.0,1.0,0.6771116830068841,0.6771116830068841,0.0,0.0,0.0491536216722017,0.0867789053691121,,3,0.35,static_initial
44,10,1,0.25,0.9,0.1,0.75,0.6771116830068841,0.6871596993903176,0.010048016383433556,0.0,0.0573839117569924,0.08860051217202602,0.18766364251348458,3,0.4,completed_only
44,10,0,0.20454545454545456,1.0,0.0,0.7954545454545454,0.6771116830068841,0.6846081651524616,0.007496482145577521,0.0,0.056827152858986055,0.09194606238564963,0.16809749409312888,3,0.4,oracle_all_endpoints
44,10,0,0.0,1.0,0.0,1.0,0.6771116830068841,0.6771116830068841,0.0,0.0,0.0491536216722017,0.0867789053691121,,3,0.4,static_initial
44,10,1,0.2727272727272727,0.9,0.1,0.7272727272727273,0.6771116830068841,0.6873464490681127,0.01023476606122864,0.0,0.0573839117569924,0.08860051217202602,0.18766364251348458,3,0.45,completed_only
44,10,0,0.20454545454545456,1.0,0.0,0.7954545454545454,0.6771116830068841,0.6846081651524616,0.007496482145577521,0.0,0.056827152858986055,0.09194606238564963,0.16809749409312888,3,0.45,oracle_all_endpoints
44,10,0,0.0,1.0,0.0,1.0,0.6771116830068841,0.6771116830068841,0.0,0.0,0.0491536216722017,0.0867789053691121,,3,0.45,static_initial
44,10,1,0.2727272727272727,0.9,0.1,0.7272727272727273,0.6771116830068841,0.6873464490681127,0.01023476606122864,0.0,0.0573839117569924,0.08860051217202602,0.18766364251348458,3,0.5,completed_only
44,10,0,0.20454545454545456,1.0,0.0,0.7954545454545454,0.6771116830068841,0.6846081651524616,0.007496482145577521,0.0,0.056827152858986055,0.09194606238564963,0.16809749409312888,3,0.5,oracle_all_endpoints
44,10,0,0.0,1.0,0.0,1.0,0.6771116830068841,0.6771116830068841,0.0,0.0,0.0491536216722017,0.0867789053691121,,3,0.5,static_initial
44,10,1,0.29545454545454547,0.9,0.1,0.7045454545454546,0.6771116830068841,0.687308191806147,0.010196508799262927,0.0,0.0573839117569924,0.08860051217202602,0.18766364251348458,3,0.55,completed_only
44,10,0,0.20454545454545456,1.0,0.0,0.7954545454545454,0.6771116830068841,0.6846081651524616,0.007496482145577521,0.0,0.056827152858986055,0.09194606238564963,0.16809749409312888,3,0.55,oracle_all_endpoints
44,10,0,0.0,1.0,0.0,1.0,0.6771116830068841,0.6771116830068841,0.0,0.0,0.0491536216722017,0.0867789053691121,,3,0.55,static_initial
44,10,1,0.29545454545454547,0.9,0.1,0.7045454545454546,0.6771116830068841,0.687308191806147,0.010196508799262927,0.0,0.0573839117569924,0.08860051217202602,0.18766364251348458,3,0.6,completed_only
44,10,0,0.20454545454545456,1.0,0.0,0.7954545454545454,0.6771116830068841,0.6846081651524616,0.007496482145577521,0.0,0.056827152858986055,0.09194606238564963,0.16809749409312888,3,0.6,oracle_all_endpoints
44,10,0,0.0,1.0,0.0,1.0,0.6771116830068841,0.6771116830068841,0.0,0.0,0.0491536216722017,0.0867789053691121,,3,0.6,static_initial
44,22,2,0.09090909090909091,0.9090909090909091,0.09090909090909091,0.9090909090909091,0.682746178760381,0.6763204411985541,-0.006425737561826961,0.10329990251354415,0.05305148750140375,0.0916350446850737,0.2390749772639202,4,0.1,completed_only
44,22,2,0.09090909090909091,0.9090909090909091,0.09090909090909091,0.9090909090909091,0.682746178760381,0.6763204411985541,-0.006425737561826961,0.10329990251354415,0.053056232797539744,0.09155591619344093,0.26306765609860105,4,0.1,oracle_all_endpoints
44,22,0,0.0,1.0,0.0,1.0,0.682746178760381,0.682746178760381,0.0,0.0,0.040115138478295065,0.07713055498179289,,4,0.1,static_initial
44,22,1,0.1590909090909091,0.9545454545454546,0.045454545454545456,0.8409090909090909,0.682746178760381,0.691563769556728,0.00881759079634703,0.0,0.05305517384205454,0.08702709876839605,0.29784994198319753,4,0.15,completed_only
44,22,2,0.11363636363636363,0.9090909090909091,0.09090909090909091,0.8863636363636364,0.682746178760381,0.6808969607461619,-0.0018492180142191117,0.10329990251354415,0.053056232797539744,0.09155591619344093,0.26306765609860105,4,0.15,oracle_all_endpoints
44,22,0,0.0,1.0,0.0,1.0,0.682746178760381,0.682746178760381,0.0,0.0,0.040115138478295065,0.07713055498179289,,4,0.15,static_initial
44,22,2,0.20454545454545456,0.9090909090909091,0.09090909090909091,0.7954545454545454,0.682746178760381,0.6835269949809168,0.0007808162205358293,0.10329990251354415,0.05068210506002679,0.08487688628275213,0.31091104525414803,4,0.2,completed_only
44,22,3,0.25,0.8636363636363636,0.13636363636363635,0.75,0.682746178760381,0.6822876196623048,-0.00045855909807623885,0.10329990251354415,0.053056232797539744,0.09155591619344093,0.26306765609860105,4,0.2,oracle_all_endpoints
44,22,0,0.0,1.0,0.0,1.0,0.682746178760381,0.682746178760381,0.0,0.0,0.040115138478295065,0.07713055498179289,,4,0.2,static_initial
44,22,1,0.22727272727272727,0.9545454545454546,0.045454545454545456,0.7727272727272727,0.682746178760381,0.6928464457017683,0.010100266941387326,0.0,0.04972182547941328,0.08355680894741778,0.32638561325994814,4,0.25,completed_only
44,22,3,0.2727272727272727,0.8636363636363636,0.13636363636363635,0.7272727272727273,0.682746178760381,0.6823634325180794,-0.0003827462423016126,0.10329990251354415,0.053056232797539744,0.09155591619344093,0.26306765609860105,4,0.25,oracle_all_endpoints
44,22,0,0.0,1.0,0.0,1.0,0.682746178760381,0.682746178760381,0.0,0.0,0.040115138478295065,0.07713055498179289,,4,0.25,static_initial
44,22,1,0.22727272727272727,0.9545454545454546,0.045454545454545456,0.7727272727272727,0.682746178760381,0.6928464457017683,0.010100266941387326,0.0,0.04972182547941328,0.08355680894741778,0.32638561325994814,4,0.3,completed_only
44,22,3,0.2727272727272727,0.8636363636363636,0.13636363636363635,0.7272727272727273,0.682746178760381,0.6823634325180794,-0.0003827462423016126,0.10329990251354415,0.053056232797539744,0.09155591619344093,0.26306765609860105,4,0.3,oracle_all_endpoints
44,22,0,0.0,1.0,0.0,1.0,0.682746178760381,0.682746178760381,0.0,0.0,0.040115138478295065,0.07713055498179289,,4,0.3,static_initial
44,22,3,0.29545454545454547,0.8636363636363636,0.13636363636363635,0.7045454545454546,0.682746178760381,0.6895736458655681,0.006827467105187113,0.0,0.050749785988754126,0.08375250303179377,0.336181440713161,4,0.35,completed_only
44,22,4,0.29545454545454547,0.8181818181818181,0.18181818181818182,0.7045454545454546,0.682746178760381,0.6802371534038072,-0.002509025356573824,0.10329990251354415,0.053056232797539744,0.09155591619344093,0.26306765609860105,4,0.35,oracle_all_endpoints
44,22,0,0.0,1.0,0.0,1.0,0.682746178760381,0.682746178760381,0.0,0.0,0.040115138478295065,0.07713055498179289,,4,0.35,static_initial
44,22,3,0.29545454545454547,0.8636363636363636,0.13636363636363635,0.7045454545454546,0.682746178760381,0.6895736458655681,0.006827467105187113,0.0,0.050749785988754126,0.08375250303179377,0.336181440713161,4,0.4,completed_only
44,22,4,0.29545454545454547,0.8181818181818181,0.18181818181818182,0.7045454545454546,0.682746178760381,0.6802371534038072,-0.002509025356573824,0.10329990251354415,0.053056232797539744,0.09155591619344093,0.26306765609860105,4,0.4,oracle_all_endpoints
44,22,0,0.0,1.0,0.0,1.0,0.682746178760381,0.682746178760381,0.0,0.0,0.040115138478295065,0.07713055498179289,,4,0.4,static_initial
44,22,3,0.29545454545454547,0.8636363636363636,0.13636363636363635,0.7045454545454546,0.682746178760381,0.6895736458655681,0.006827467105187113,0.0,0.050749785988754126,0.08375250303179377,0.336181440713161,4,0.45,completed_only
44,22,4,0.29545454545454547,0.8181818181818181,0.18181818181818182,0.7045454545454546,0.682746178760381,0.6802371534038072,-0.002509025356573824,0.10329990251354415,0.053056232797539744,0.09155591619344093,0.26306765609860105,4,0.45,oracle_all_endpoints
44,22,0,0.0,1.0,0.0,1.0,0.682746178760381,0.682746178760381,0.0,0.0,0.040115138478295065,0.07713055498179289,,4,0.45,static_initial
44,22,3,0.29545454545454547,0.8636363636363636,0.13636363636363635,0.7045454545454546,0.682746178760381,0.6895736458655681,0.006827467105187113,0.0,0.050749785988754126,0.08375250303179377,0.336181440713161,4,0.5,completed_only
44,22,4,0.29545454545454547,0.8181818181818181,0.18181818181818182,0.7045454545454546,0.682746178760381,0.6802371534038072,-0.002509025356573824,0.10329990251354415,0.053056232797539744,0.09155591619344093,0.26306765609860105,4,0.5,oracle_all_endpoints
44,22,0,0.0,1.0,0.0,1.0,0.682746178760381,0.682746178760381,0.0,0.0,0.040115138478295065,0.07713055498179289,,4,0.5,static_initial
44,22,3,0.3181818181818182,0.8636363636363636,0.13636363636363635,0.6818181818181818,0.682746178760381,0.6901101352101977,0.007363956449816689,0.0,0.05040416494230966,0.0836748610220089,0.3309286057020178,4,0.55,completed_only
44,22,4,0.29545454545454547,0.8181818181818181,0.18181818181818182,0.7045454545454546,0.682746178760381,0.6802371534038072,-0.002509025356573824,0.10329990251354415,0.053056232797539744,0.09155591619344093,0.26306765609860105,4,0.55,oracle_all_endpoints
44,22,0,0.0,1.0,0.0,1.0,0.682746178760381,0.682746178760381,0.0,0.0,0.040115138478295065,0.07713055498179289,,4,0.55,static_initial
44,22,3,0.3181818181818182,0.8636363636363636,0.13636363636363635,0.6818181818181818,0.682746178760381,0.6901101352101977,0.007363956449816689,0.0,0.05040416494230966,0.0836748610220089,0.3309286057020178,4,0.6,completed_only
44,22,4,0.3181818181818182,0.8181818181818181,0.18181818181818182,0.6818181818181818,0.682746178760381,0.6802056015272384,-0.0025405772331426046,0.10329990251354415,0.053056232797539744,0.09155591619344093,0.26306765609860105,4,0.6,oracle_all_endpoints
44,22,0,0.0,1.0,0.0,1.0,0.682746178760381,0.682746178760381,0.0,0.0,0.040115138478295065,0.07713055498179289,,4,0.6,static_initial
39,8,0,0.02564102564102564,1.0,0.0,0.9743589743589743,0.6872626441285143,0.6877848827690511,0.0005222386405367985,0.0,0.06206435607445202,0.09337829096877028,0.2401932846101799,5,0.1,completed_only
39,8,0,0.02564102564102564,1.0,0.0,0.9743589743589743,0.6872626441285143,0.6877848827690511,0.0005222386405367985,0.0,0.0625687066198988,0.09448231018569311,0.2212868305528403,5,0.1,oracle_all_endpoints
39,8,0,0.0,1.0,0.0,1.0,0.6872626441285143,0.6872626441285143,0.0,0.0,0.04166864400168159,0.08338530686319146,,5,0.1,static_initial
39,8,0,0.02564102564102564,1.0,0.0,0.9743589743589743,0.6872626441285143,0.6877848827690511,0.0005222386405367985,0.0,0.06206435607445202,0.09337829096877028,0.2401932846101799,5,0.15,completed_only
39,8,0,0.02564102564102564,1.0,0.0,0.9743589743589743,0.6872626441285143,0.6877848827690511,0.0005222386405367985,0.0,0.0625687066198988,0.09448231018569311,0.2212868305528403,5,0.15,oracle_all_endpoints
39,8,0,0.0,1.0,0.0,1.0,0.6872626441285143,0.6872626441285143,0.0,0.0,0.04166864400168159,0.08338530686319146,,5,0.15,static_initial
39,8,0,0.05128205128205128,1.0,0.0,0.9487179487179487,0.6872626441285143,0.6881993364556546,0.0009366923271402205,0.0,0.06206435607445202,0.09337829096877028,0.2401932846101799,5,0.2,completed_only
39,8,0,0.02564102564102564,1.0,0.0,0.9743589743589743,0.6872626441285143,0.6877848827690511,0.0005222386405367985,0.0,0.0625687066198988,0.09448231018569311,0.2212868305528403,5,0.2,oracle_all_endpoints
39,8,0,0.0,1.0,0.0,1.0,0.6872626441285143,0.6872626441285143,0.0,0.0,0.04166864400168159,0.08338530686319146,,5,0.2,static_initial
39,8,1,0.1794871794871795,0.875,0.125,0.8205128205128205,0.6872626441285143,0.6908099244309438,0.0035472803024294564,0.0,0.060946020581438526,0.09292262377186483,0.20725946141352383,5,0.25,completed_only
39,8,1,0.15384615384615385,0.875,0.125,0.8461538461538461,0.6872626441285143,0.6894217238519966,0.0021590797234822823,0.0,0.0625687066198988,0.09448231018569311,0.2212868305528403,5,0.25,oracle_all_endpoints
39,8,0,0.0,1.0,0.0,1.0,0.6872626441285143,0.6872626441285143,0.0,0.0,0.04166864400168159,0.08338530686319146,,5,0.25,static_initial
39,8,1,0.1794871794871795,0.875,0.125,0.8205128205128205,0.6872626441285143,0.6908099244309438,0.0035472803024294564,0.0,0.060946020581438526,0.09292262377186483,0.20725946141352383,5,0.3,completed_only
39,8,1,0.15384615384615385,0.875,0.125,0.8461538461538461,0.6872626441285143,0.6894217238519966,0.0021590797234822823,0.0,0.0625687066198988,0.09448231018569311,0.2212868305528403,5,0.3,oracle_all_endpoints
39,8,0,0.0,1.0,0.0,1.0,0.6872626441285143,0.6872626441285143,0.0,0.0,0.04166864400168159,0.08338530686319146,,5,0.3,static_initial
39,8,1,0.1794871794871795,0.875,0.125,0.8205128205128205,0.6872626441285143,0.6908099244309438,0.0035472803024294564,0.0,0.060946020581438526,0.09292262377186483,0.20725946141352383,5,0.35,completed_only
39,8,1,0.1794871794871795,0.875,0.125,0.8205128205128205,0.6872626441285143,0.6896909436764307,0.002428299547916346,0.0,0.0625687066198988,0.09448231018569311,0.2212868305528403,5,0.35,oracle_all_endpoints
39,8,0,0.0,1.0,0.0,1.0,0.6872626441285143,0.6872626441285143,0.0,0.0,0.04166864400168159,0.08338530686319146,,5,0.35,static_initial
39,8,1,0.1794871794871795,0.875,0.125,0.8205128205128205,0.6872626441285143,0.6908099244309438,0.0035472803024294564,0.0,0.060946020581438526,0.09292262377186483,0.20725946141352383,5,0.4,completed_only
39,8,1,0.20512820512820512,0.875,0.125,0.7948717948717948,0.6872626441285143,0.6911923416870571,0.003929697558542777,0.0,0.0625687066198988,0.09448231018569311,0.2212868305528403,5,0.4,oracle_all_endpoints
39,8,0,0.0,1.0,0.0,1.0,0.6872626441285143,0.6872626441285143,0.0,0.0,0.04166864400168159,0.08338530686319146,,5,0.4,static_initial
39,8,8,1.0,0.0,1.0,0.0,0.6872626441285143,,,,0.04166864400168159,0.08338530686319146,,5,0.45,completed_only
39,8,3,0.41025641025641024,0.625,0.375,0.5897435897435898,0.6872626441285143,0.6812371070311534,-0.006025537097360978,0.0,0.0625687066198988,0.09448231018569311,0.2212868305528403,5,0.45,oracle_all_endpoints
39,8,8,1.0,0.0,1.0,0.0,0.6872626441285143,,,,0.04166864400168159,0.08338530686319146,,5,0.45,static_initial
39,8,8,1.0,0.0,1.0,0.0,0.6872626441285143,,,,0.04166864400168159,0.08338530686319146,,5,0.5,completed_only
39,8,3,0.41025641025641024,0.625,0.375,0.5897435897435898,0.6872626441285143,0.6812371070311534,-0.006025537097360978,0.0,0.0625687066198988,0.09448231018569311,0.2212868305528403,5,0.5,oracle_all_endpoints
39,8,8,1.0,0.0,1.0,0.0,0.6872626441285143,,,,0.04166864400168159,0.08338530686319146,,5,0.5,static_initial
39,8,8,1.0,0.0,1.0,0.0,0.6872626441285143,,,,0.04166864400168159,0.08338530686319146,,5,0.55,completed_only
39,8,3,0.4358974358974359,0.625,0.375,0.5641025641025641,0.6872626441285143,0.6862748847297018,-0.000987759398812571,0.0,0.0625687066198988,0.09448231018569311,0.2212868305528403,5,0.55,oracle_all_endpoints
39,8,8,1.0,0.0,1.0,0.0,0.6872626441285143,,,,0.04166864400168159,0.08338530686319146,,5,0.55,static_initial
39,8,8,1.0,0.0,1.0,0.0,0.6872626441285143,,,,0.04166864400168159,0.08338530686319146,,5,0.6,completed_only
39,8,3,0.46153846153846156,0.625,0.375,0.5384615384615384,0.6872626441285143,0.6871992399820757,-6.340414643868364e-05,0.0,0.0625687066198988,0.09448231018569311,0.2212868305528403,5,0.6,oracle_all_endpoints
39,8,8,1.0,0.0,1.0,0.0,0.6872626441285143,,,,0.04166864400168159,0.08338530686319146,,5,0.6,static_initial
44,3,0,0.0,1.0,0.0,1.0,0.6818366695076242,0.6818366695076242,0.0,0.0,0.044816923132881346,0.08139443809071678,0.17888032740649612,6,0.1,completed_only
44,3,0,0.0,1.0,0.0,1.0,0.6818366695076242,0.6818366695076242,0.0,0.0,0.044816923132881346,0.08139443809071678,0.17888032740649612,6,0.1,oracle_all_endpoints
44,3,0,0.0,1.0,0.0,1.0,0.6818366695076242,0.6818366695076242,0.0,0.0,0.03602224934860972,0.0770260307647681,,6,0.1,static_initial
44,3,0,0.022727272727272728,1.0,0.0,0.9772727272727273,0.6818366695076242,0.6821876050527008,0.00035093554507659164,0.0,0.04516541030761522,0.08148090564650483,0.16056638912440246,6,0.15,completed_only
44,3,0,0.022727272727272728,1.0,0.0,0.9772727272727273,0.6818366695076242,0.6821876050527008,0.00035093554507659164,0.0,0.044816923132881346,0.08139443809071678,0.17888032740649612,6,0.15,oracle_all_endpoints
44,3,0,0.0,1.0,0.0,1.0,0.6818366695076242,0.6818366695076242,0.0,0.0,0.03602224934860972,0.0770260307647681,,6,0.15,static_initial
44,3,0,0.11363636363636363,1.0,0.0,0.8863636363636364,0.6818366695076242,0.6867854236820582,0.004948754174433967,0.0,0.04556120635700594,0.08231383472755566,0.14438197854952903,6,0.2,completed_only
44,3,0,0.11363636363636363,1.0,0.0,0.8863636363636364,0.6818366695076242,0.6867854236820582,0.004948754174433967,0.0,0.044816923132881346,0.08139443809071678,0.17888032740649612,6,0.2,oracle_all_endpoints
44,3,0,0.0,1.0,0.0,1.0,0.6818366695076242,0.6818366695076242,0.0,0.0,0.03602224934860972,0.0770260307647681,,6,0.2,static_initial
44,3,0,0.1590909090909091,1.0,0.0,0.8409090909090909,0.6818366695076242,0.6883157257985116,0.006479056290887408,0.0,0.04460770798113509,0.08135724847792808,0.17888032740649612,6,0.25,completed_only
44,3,0,0.13636363636363635,1.0,0.0,0.8636363636363636,0.6818366695076242,0.6871270910497878,0.005290421542163526,0.0,0.044816923132881346,0.08139443809071678,0.17888032740649612,6,0.25,oracle_all_endpoints
44,3,0,0.0,1.0,0.0,1.0,0.6818366695076242,0.6818366695076242,0.0,0.0,0.03602224934860972,0.0770260307647681,,6,0.25,static_initial
44,3,0,0.18181818181818182,1.0,0.0,0.8181818181818182,0.6818366695076242,0.6890218553436188,0.00718518583599459,0.0,0.044382454287212984,0.08078559072053597,0.1682326888703952,6,0.3,completed_only
44,3,0,0.1590909090909091,1.0,0.0,0.8409090909090909,0.6818366695076242,0.6877820107491157,0.005945341241491486,0.0,0.044816923132881346,0.08139443809071678,0.17888032740649612,6,0.3,oracle_all_endpoints
44,3,0,0.0,1.0,0.0,1.0,0.6818366695076242,0.6818366695076242,0.0,0.0,0.03602224934860972,0.0770260307647681,,6,0.3,static_initial
44,3,0,0.20454545454545456,1.0,0.0,0.7954545454545454,0.6818366695076242,0.6866741746675776,0.004837505159953404,0.0,0.04576411207745152,0.0819041002369856,0.08404536017829024,6,0.35,completed_only
44,3,0,0.22727272727272727,1.0,0.0,0.7727272727272727,0.6818366695076242,0.6884257161097631,0.006589046602138882,0.0,0.044816923132881346,0.08139443809071678,0.17888032740649612,6,0.35,oracle_all_endpoints
44,3,0,0.0,1.0,0.0,1.0,0.6818366695076242,0.6818366695076242,0.0,0.0,0.03602224934860972,0.0770260307647681,,6,0.35,static_initial
44,3,0,0.25,1.0,0.0,0.75,0.6818366695076242,0.6870875561321983,0.005250886624574069,0.0,0.04594253322765538,0.08210283467798381,0.07865055665333243,6,0.4,completed_only
44,3,0,0.2727272727272727,1.0,0.0,0.7272727272727273,0.6818366695076242,0.6905016344132411,0.008664964905616857,0.0,0.044816923132881346,0.08139443809071678,0.17888032740649612,6,0.4,oracle_all_endpoints
44,3,0,0.0,1.0,0.0,1.0,0.6818366695076242,0.6818366695076242,0.0,0.0,0.03602224934860972,0.0770260307647681,,6,0.4,static_initial
44,3,0,0.25,1.0,0.0,0.75,0.6818366695076242,0.6890666638354764,0.007229994327852207,0.0,0.04566879428490607,0.0820647472132494,0.10051370778079308,6,0.45,completed_only
44,3,0,0.2727272727272727,1.0,0.0,0.7272727272727273,0.6818366695076242,0.6905016344132411,0.008664964905616857,0.0,0.044816923132881346,0.08139443809071678,0.17888032740649612,6,0.45,oracle_all_endpoints
44,3,0,0.0,1.0,0.0,1.0,0.6818366695076242,0.6818366695076242,0.0,0.0,0.03602224934860972,0.0770260307647681,,6,0.45,static_initial
44,3,0,0.25,1.0,0.0,0.75,0.6818366695076242,0.6890666638354764,0.007229994327852207,0.0,0.04566879428490607,0.0820647472132494,0.10051370778079308,6,0.5,completed_only
44,3,0,0.2727272727272727,1.0,0.0,0.7272727272727273,0.6818366695076242,0.6905016344132411,0.008664964905616857,0.0,0.044816923132881346,0.08139443809071678,0.17888032740649612,6,0.5,oracle_all_endpoints
44,3,0,0.0,1.0,0.0,1.0,0.6818366695076242,0.6818366695076242,0.0,0.0,0.03602224934860972,0.0770260307647681,,6,0.5,static_initial
44,3,0,0.25,1.0,0.0,0.75,0.6818366695076242,0.6890666638354764,0.007229994327852207,0.0,0.04566879428490607,0.0820647472132494,0.10051370778079308,6,0.55,completed_only
44,3,0,0.2727272727272727,1.0,0.0,0.7272727272727273,0.6818366695076242,0.6905016344132411,0.008664964905616857,0.0,0.044816923132881346,0.08139443809071678,0.17888032740649612,6,0.55,oracle_all_endpoints
44,3,0,0.0,1.0,0.0,1.0,0.6818366695076242,0.6818366695076242,0.0,0.0,0.03602224934860972,0.0770260307647681,,6,0.55,static_initial
44,3,3,1.0,0.0,1.0,0.0,0.6818366695076242,,,,0.03602224934860972,0.0770260307647681,,6,0.6,completed_only
44,3,2,0.5,0.33333333333333337,0.6666666666666666,0.5,0.6818366695076242,0.6833442244579294,0.00150755495030519,0.010924089113984126,0.044816923132881346,0.08139443809071678,0.17888032740649612,6,0.6,oracle_all_endpoints
44,3,3,1.0,0.0,1.0,0.0,0.6818366695076242,,,,0.03602224934860972,0.0770260307647681,,6,0.6,static_initial
39,5,1,0.10256410256410256,0.8,0.2,0.8974358974358975,0.6818688153031269,0.6814891741434127,-0.00037964115971422796,0.0,0.06528179339479366,0.09950435825073804,0.2592716420343302,7,0.1,completed_only
39,5,1,0.1282051282051282,0.8,0.2,0.8717948717948718,0.6818688153031269,0.6815393180284701,-0.0003294972746568092,0.0,0.06933305664242778,0.10397624437500864,0.17210097212805103,7,0.1,oracle_all_endpoints
39,5,0,0.0,1.0,0.0,1.0,0.6818688153031269,0.6818688153031269,0.0,0.0,0.04807731726315284,0.09360118528282078,,7,0.1,static_initial
39,5,1,0.3076923076923077,0.8,0.2,0.6923076923076923,0.6818688153031269,0.6935464856117236,0.011677670308596677,0.0,0.06715466986952431,0.1051078530064802,0.05193579632266628,7,0.15,completed_only
39,5,2,0.46153846153846156,0.6,0.4,0.5384615384615384,0.6818688153031269,0.682583949618188,0.0007151343150610945,0.07757700080808638,0.06933305664242778,0.10397624437500864,0.17210097212805103,7,0.15,oracle_all_endpoints
39,5,0,0.0,1.0,0.0,1.0,0.6818688153031269,0.6818688153031269,0.0,0.0,0.04807731726315284,0.09360118528282078,,7,0.15,static_initial
39,5,1,0.3076923076923077,0.8,0.2,0.6923076923076923,0.6818688153031269,0.6935464856117236,0.011677670308596677,0.0,0.06715466986952431,0.1051078530064802,0.05193579632266628,7,0.2,completed_only
39,5,2,0.48717948717948717,0.6,0.4,0.5128205128205128,0.6818688153031269,0.6863197552519871,0.004450939948860144,0.07757700080808638,0.06933305664242778,0.10397624437500864,0.17210097212805103,7,0.2,oracle_all_endpoints
39,5,0,0.0,1.0,0.0,1.0,0.6818688153031269,0.6818688153031269,0.0,0.0,0.04807731726315284,0.09360118528282078,,7,0.2,static_initial
39,5,1,0.3333333333333333,0.8,0.2,0.6666666666666666,0.6818688153031269,0.6934659594843622,0.011597144181235253,0.0,0.06715466986952431,0.1051078530064802,0.05193579632266628,7,0.25,completed_only
39,5,2,0.48717948717948717,0.6,0.4,0.5128205128205128,0.6818688153031269,0.6863197552519871,0.004450939948860144,0.07757700080808638,0.06933305664242778,0.10397624437500864,0.17210097212805103,7,0.25,oracle_all_endpoints
39,5,0,0.0,1.0,0.0,1.0,0.6818688153031269,0.6818688153031269,0.0,0.0,0.04807731726315284,0.09360118528282078,,7,0.25,static_initial
39,5,1,0.3333333333333333,0.8,0.2,0.6666666666666666,0.6818688153031269,0.6934659594843622,0.011597144181235253,0.0,0.06715466986952431,0.1051078530064802,0.05193579632266628,7,0.3,completed_only
39,5,2,0.48717948717948717,0.6,0.4,0.5128205128205128,0.6818688153031269,0.6863197552519871,0.004450939948860144,0.07757700080808638,0.06933305664242778,0.10397624437500864,0.17210097212805103,7,0.3,oracle_all_endpoints
39,5,0,0.0,1.0,0.0,1.0,0.6818688153031269,0.6818688153031269,0.0,0.0,0.04807731726315284,0.09360118528282078,,7,0.3,static_initial
39,5,1,0.3333333333333333,0.8,0.2,0.6666666666666666,0.6818688153031269,0.6934659594843622,0.011597144181235253,0.0,0.06715466986952431,0.1051078530064802,0.05193579632266628,7,0.35,completed_only
39,5,2,0.48717948717948717,0.6,0.4,0.5128205128205128,0.6818688153031269,0.6863197552519871,0.004450939948860144,0.07757700080808638,0.06933305664242778,0.10397624437500864,0.17210097212805103,7,0.35,oracle_all_endpoints
39,5,0,0.0,1.0,0.0,1.0,0.6818688153031269,0.6818688153031269,0.0,0.0,0.04807731726315284,0.09360118528282078,,7,0.35,static_initial
39,5,1,0.3333333333333333,0.8,0.2,0.6666666666666666,0.6818688153031269,0.6934659594843622,0.011597144181235253,0.0,0.06715466986952431,0.1051078530064802,0.05193579632266628,7,0.4,completed_only
39,5,2,0.5128205128205128,0.6,0.4,0.48717948717948717,0.6818688153031269,0.6867442394840999,0.004875424180972976,0.07757700080808638,0.06933305664242778,0.10397624437500864,0.17210097212805103,7,0.4,oracle_all_endpoints
39,5,0,0.0,1.0,0.0,1.0,0.6818688153031269,0.6818688153031269,0.0,0.0,0.04807731726315284,0.09360118528282078,,7,0.4,static_initial
39,5,1,0.3333333333333333,0.8,0.2,0.6666666666666666,0.6818688153031269,0.6934659594843622,0.011597144181235253,0.0,0.06715466986952431,0.1051078530064802,0.05193579632266628,7,0.45,completed_only
39,5,2,0.5128205128205128,0.6,0.4,0.48717948717948717,0.6818688153031269,0.6867442394840999,0.004875424180972976,0.07757700080808638,0.06933305664242778,0.10397624437500864,0.17210097212805103,7,0.45,oracle_all_endpoints
39,5,0,0.0,1.0,0.0,1.0,0.6818688153031269,0.6818688153031269,0.0,0.0,0.04807731726315284,0.09360118528282078,,7,0.45,static_initial
39,5,1,0.3333333333333333,0.8,0.2,0.6666666666666666,0.6818688153031269,0.6934659594843622,0.011597144181235253,0.0,0.06715466986952431,0.1051078530064802,0.05193579632266628,7,0.5,completed_only
39,5,2,0.5128205128205128,0.6,0.4,0.48717948717948717,0.6818688153031269,0.6867442394840999,0.004875424180972976,0.07757700080808638,0.06933305664242778,0.10397624437500864,0.17210097212805103,7,0.5,oracle_all_endpoints
39,5,0,0.0,1.0,0.0,1.0,0.6818688153031269,0.6818688153031269,0.0,0.0,0.04807731726315284,0.09360118528282078,,7,0.5,static_initial
39,5,1,0.3333333333333333,0.8,0.2,0.6666666666666666,0.6818688153031269,0.694195564028279,0.012326748725152048,0.0,0.0642125780964405,0.1016868614871224,0.16151014307401712,7,0.55,completed_only
39,5,2,0.5128205128205128,0.6,0.4,0.48717948717948717,0.6818688153031269,0.6867442394840999,0.004875424180972976,0.07757700080808638,0.06933305664242778,0.10397624437500864,0.17210097212805103,7,0.55,oracle_all_endpoints
39,5,0,0.0,1.0,0.0,1.0,0.6818688153031269,0.6818688153031269,0.0,0.0,0.04807731726315284,0.09360118528282078,,7,0.55,static_initial
39,5,5,1.0,0.0,1.0,0.0,0.6818688153031269,,,,0.04807731726315284,0.09360118528282078,,7,0.6,completed_only
39,5,5,0.7435897435897436,0.0,1.0,0.2564102564102564,0.6818688153031269,0.646314399619158,-0.03555441568396889,0.29353992686368735,0.06933305664242778,0.10397624437500864,0.17210097212805103,7,0.6,oracle_all_endpoints
39,5,5,1.0,0.0,1.0,0.0,0.6818688153031269,,,,0.04807731726315284,0.09360118528282078,,7,0.6,static_initial
44,20,0,0.045454545454545456,1.0,0.0,0.9545454545454546,0.692682210569133,0.6940439391502945,0.0013617285811614588,0.0,0.07361672033200443,0.10941947764446297,0.06741210432967343,8,0.1,completed_only
44,20,0,0.045454545454545456,1.0,0.0,0.9545454545454546,0.692682210569133,0.6940439391502945,0.0013617285811614588,0.0,0.07361672033200443,0.10941947764446297,0.06741210432967343,8,0.1,oracle_all_endpoints
44,20,0,0.0,1.0,0.0,1.0,0.692682210569133,0.692682210569133,0.0,0.0,0.0675582662057136,0.11053596010473998,,8,0.1,static_initial
44,20,2,0.25,0.9,0.1,0.75,0.692682210569133,0.6963408943231705,0.0036586837540374395,0.0,0.07511018701545269,0.11082811973389663,0.0781866993434593,8,0.15,completed_only
44,20,2,0.18181818181818182,0.9,0.1,0.8181818181818182,0.692682210569133,0.6942930715444318,0.0016108609752987224,0.0,0.07361672033200443,0.10941947764446297,0.06741210432967343,8,0.15,oracle_all_endpoints
44,20,0,0.0,1.0,0.0,1.0,0.692682210569133,0.692682210569133,0.0,0.0,0.0675582662057136,0.11053596010473998,,8,0.15,static_initial
44,20,5,0.36363636363636365,0.75,0.25,0.6363636363636364,0.692682210569133,0.6927599399616077,7.772939247463473e-05,0.010924089113984126,0.07801530395294122,0.11526818475721276,0.04104270074330275,8,0.2,completed_only
44,20,4,0.25,0.8,0.2,0.75,0.692682210569133,0.699280755082891,0.006598544513757965,0.0,0.07361672033200443,0.10941947764446297,0.06741210432967343,8,0.2,oracle_all_endpoints
44,20,0,0.0,1.0,0.0,1.0,0.692682210569133,0.692682210569133,0.0,0.0,0.0675582662057136,0.11053596010473998,,8,0.2,static_initial
44,20,20,1.0,0.0,1.0,0.0,0.692682210569133,,,,0.0675582662057136,0.11053596010473998,,8,0.25,completed_only
44,20,11,0.5,0.44999999999999996,0.55,0.5,0.692682210569133,0.693844754786076,0.0011625442169429512,0.0,0.07361672033200443,0.10941947764446297,0.06741210432967343,8,0.25,oracle_all_endpoints
44,20,20,1.0,0.0,1.0,0.0,0.692682210569133,,,,0.0675582662057136,0.11053596010473998,,8,0.25,static_initial
44,20,20,1.0,0.0,1.0,0.0,0.692682210569133,,,,0.0675582662057136,0.11053596010473998,,8,0.3,completed_only
44,20,11,0.5227272727272727,0.44999999999999996,0.55,0.4772727272727273,0.692682210569133,0.6949766237742848,0.0022944132051517796,0.0,0.07361672033200443,0.10941947764446297,0.06741210432967343,8,0.3,oracle_all_endpoints
44,20,20,1.0,0.0,1.0,0.0,0.692682210569133,,,,0.0675582662057136,0.11053596010473998,,8,0.3,static_initial
44,20,20,1.0,0.0,1.0,0.0,0.692682210569133,,,,0.0675582662057136,0.11053596010473998,,8,0.35,completed_only
44,20,11,0.5454545454545454,0.44999999999999996,0.55,0.45454545454545453,0.692682210569133,0.695965927205959,0.0032837166368259174,0.0,0.07361672033200443,0.10941947764446297,0.06741210432967343,8,0.35,oracle_all_endpoints
44,20,20,1.0,0.0,1.0,0.0,0.692682210569133,,,,0.0675582662057136,0.11053596010473998,,8,0.35,static_initial
44,20,20,1.0,0.0,1.0,0.0,0.692682210569133,,,,0.0675582662057136,0.11053596010473998,,8,0.4,completed_only
44,20,12,0.5681818181818182,0.4,0.6,0.4318181818181818,0.692682210569133,0.6938549567124997,0.0011727461433667097,0.0,0.07361672033200443,0.10941947764446297,0.06741210432967343,8,0.4,oracle_all_endpoints
44,20,20,1.0,0.0,1.0,0.0,0.692682210569133,,,,0.0675582662057136,0.11053596010473998,,8,0.4,static_initial
44,20,20,1.0,0.0,1.0,0.0,0.692682210569133,,,,0.0675582662057136,0.11053596010473998,,8,0.45,completed_only
44,20,12,0.5681818181818182,0.4,0.6,0.4318181818181818,0.692682210569133,0.6938549567124997,0.0011727461433667097,0.0,0.07361672033200443,0.10941947764446297,0.06741210432967343,8,0.45,oracle_all_endpoints
44,20,20,1.0,0.0,1.0,0.0,0.692682210569133,,,,0.0675582662057136,0.11053596010473998,,8,0.45,static_initial
44,20,20,1.0,0.0,1.0,0.0,0.692682210569133,,,,0.0675582662057136,0.11053596010473998,,8,0.5,completed_only
44,20,12,0.5681818181818182,0.4,0.6,0.4318181818181818,0.692682210569133,0.6938549567124997,0.0011727461433667097,0.0,0.07361672033200443,0.10941947764446297,0.06741210432967343,8,0.5,oracle_all_endpoints
44,20,20,1.0,0.0,1.0,0.0,0.692682210569133,,,,0.0675582662057136,0.11053596010473998,,8,0.5,static_initial
44,20,20,1.0,0.0,1.0,0.0,0.692682210569133,,,,0.0675582662057136,0.11053596010473998,,8,0.55,completed_only
44,20,12,0.5909090909090909,0.4,0.6,0.4090909090909091,0.692682210569133,0.6951782875431707,0.002496076974037642,0.0,0.07361672033200443,0.10941947764446297,0.06741210432967343,8,0.55,oracle_all_endpoints
44,20,20,1.0,0.0,1.0,0.0,0.692682210569133,,,,0.0675582662057136,0.11053596010473998,,8,0.55,static_initial
44,20,20,1.0,0.0,1.0,0.0,0.692682210569133,,,,0.0675582662057136,0.11053596010473998,,8,0.6,completed_only
44,20,12,0.5909090909090909,0.4,0.6,0.4090909090909091,0.692682210569133,0.6951782875431707,0.002496076974037642,0.0,0.07361672033200443,0.10941947764446297,0.06741210432967343,8,0.6,oracle_all_endpoints
44,20,20,1.0,0.0,1.0,0.0,0.692682210569133,,,,0.0675582662057136,0.11053596010473998,,8,0.6,static_initial
44,6,0,0.06818181818181818,1.0,0.0,0.9318181818181818,0.663536980505628,0.668656567444144,0.0051195869385159964,0.0,0.05606659154654865,0.08709025611567202,0.0919955969519123,9,0.1,completed_only
44,6,0,0.06818181818181818,1.0,0.0,0.9318181818181818,0.663536980505628,0.668656567444144,0.0051195869385159964,0.0,0.05658433115102917,0.08773849170125607,0.08290961206777281,9,0.1,oracle_all_endpoints
44,6,0,0.0,1.0,0.0,1.0,0.663536980505628,0.663536980505628,0.0,0.0,0.05656091832645116,0.08241551878387036,,9,0.1,static_initial
44,6,1,0.1590909090909091,0.8333333333333334,0.16666666666666666,0.8409090909090909,0.663536980505628,0.6659769002072599,0.002439919701631821,0.0,0.05723973422477402,0.08855163685976622,0.06388583121660575,9,0.15,completed_only
44,6,1,0.18181818181818182,0.8333333333333334,0.16666666666666666,0.8181818181818182,0.663536980505628,0.6662720981773097,0.002735117671681664,0.0,0.05658433115102917,0.08773849170125607,0.08290961206777281,9,0.15,oracle_all_endpoints
44,6,0,0.0,1.0,0.0,1.0,0.663536980505628,0.663536980505628,0.0,0.0,0.05656091832645116,0.08241551878387036,,9,0.15,static_initial
44,6,2,0.25,0.6666666666666667,0.3333333333333333,0.75,0.663536980505628,0.6627701443001787,-0.0007668362054493727,0.12451301240614787,0.05748162180286283,0.08822174128695548,0.08035417881910857,9,0.2,completed_only
44,6,2,0.25,0.6666666666666667,0.3333333333333333,0.75,0.663536980505628,0.6627701443001787,-0.0007668362054493727,0.12451301240614787,0.05658433115102917,0.08773849170125607,0.08290961206777281,9,0.2,oracle_all_endpoints
44,6,0,0.0,1.0,0.0,1.0,0.663536980505628,0.663536980505628,0.0,0.0,0.05656091832645116,0.08241551878387036,,9,0.2,static_initial
44,6,2,0.2727272727272727,0.6666666666666667,0.3333333333333333,0.7272727272727273,0.663536980505628,0.662629385023271,-0.000907595482357082,0.12451301240614787,0.057009433111438426,0.08787418891338608,0.08333551760921684,9,0.25,completed_only
44,6,2,0.2727272727272727,0.6666666666666667,0.3333333333333333,0.7272727272727273,0.663536980505628,0.662629385023271,-0.000907595482357082,0.12451301240614787,0.05658433115102917,0.08773849170125607,0.08290961206777281,9,0.25,oracle_all_endpoints
44,6,0,0.0,1.0,0.0,1.0,0.663536980505628,0.663536980505628,0.0,0.0,0.05656091832645116,0.08241551878387036,,9,0.25,static_initial
44,6,2,0.3181818181818182,0.6666666666666667,0.3333333333333333,0.6818181818181818,0.663536980505628,0.662221574630762,-0.0013154058748660047,0.12451301240614787,0.05787124654210423,0.08888021140158589,0.0712681939349691,9,0.3,completed_only
44,6,2,0.29545454545454547,0.6666666666666667,0.3333333333333333,0.7045454545454546,0.663536980505628,0.6624749272566629,-0.0010620532489651335,0.12451301240614787,0.05658433115102917,0.08773849170125607,0.08290961206777281,9,0.3,oracle_all_endpoints
44,6,0,0.0,1.0,0.0,1.0,0.663536980505628,0.663536980505628,0.0,0.0,0.05656091832645116,0.08241551878387036,,9,0.3,static_initial
44,6,2,0.3181818181818182,0.6666666666666667,0.3333333333333333,0.6818181818181818,0.663536980505628,0.662221574630762,-0.0013154058748660047,0.12451301240614787,0.05787124654210423,0.08888021140158589,0.0712681939349691,9,0.35,completed_only
44,6,2,0.29545454545454547,0.6666666666666667,0.3333333333333333,0.7045454545454546,0.663536980505628,0.6624749272566629,-0.0010620532489651335,0.12451301240614787,0.05658433115102917,0.08773849170125607,0.08290961206777281,9,0.35,oracle_all_endpoints
44,6,0,0.0,1.0,0.0,1.0,0.663536980505628,0.663536980505628,0.0,0.0,0.05656091832645116,0.08241551878387036,,9,0.35,static_initial
44,6,2,0.3181818181818182,0.6666666666666667,0.3333333333333333,0.6818181818181818,0.663536980505628,0.662221574630762,-0.0013154058748660047,0.12451301240614787,0.05787124654210423,0.08888021140158589,0.0712681939349691,9,0.4,completed_only
44,6,2,0.29545454545454547,0.6666666666666667,0.3333333333333333,0.7045454545454546,0.663536980505628,0.6624749272566629,-0.0010620532489651335,0.12451301240614787,0.05658433115102917,0.08773849170125607,0.08290961206777281,9,0.4,oracle_all_endpoints
44,6,0,0.0,1.0,0.0,1.0,0.663536980505628,0.663536980505628,0.0,0.0,0.05656091832645116,0.08241551878387036,,9,0.4,static_initial
44,6,2,0.3181818181818182,0.6666666666666667,0.3333333333333333,0.6818181818181818,0.663536980505628,0.662221574630762,-0.0013154058748660047,0.12451301240614787,0.05787124654210423,0.08888021140158589,0.0712681939349691,9,0.45,completed_only
44,6,2,0.29545454545454547,0.6666666666666667,0.3333333333333333,0.7045454545454546,0.663536980505628,0.6624749272566629,-0.0010620532489651335,0.12451301240614787,0.05658433115102917,0.08773849170125607,0.08290961206777281,9,0.45,oracle_all_endpoints
44,6,0,0.0,1.0,0.0,1.0,0.663536980505628,0.663536980505628,0.0,0.0,0.05656091832645116,0.08241551878387036,,9,0.45,static_initial
44,6,2,0.3181818181818182,0.6666666666666667,0.3333333333333333,0.6818181818181818,0.663536980505628,0.662221574630762,-0.0013154058748660047,0.12451301240614787,0.05787124654210423,0.08888021140158589,0.0712681939349691,9,0.5,completed_only
44,6,2,0.29545454545454547,0.6666666666666667,0.3333333333333333,0.7045454545454546,0.663536980505628,0.6624749272566629,-0.0010620532489651335,0.12451301240614787,0.05658433115102917,0.08773849170125607,0.08290961206777281,9,0.5,oracle_all_endpoints
44,6,0,0.0,1.0,0.0,1.0,0.663536980505628,0.663536980505628,0.0,0.0,0.05656091832645116,0.08241551878387036,,9,0.5,static_initial
44,6,2,0.3181818181818182,0.6666666666666667,0.3333333333333333,0.6818181818181818,0.663536980505628,0.662221574630762,-0.0013154058748660047,0.12451301240614787,0.05787124654210423,0.08888021140158589,0.0712681939349691,9,0.55,completed_only
44,6,2,0.29545454545454547,0.6666666666666667,0.3333333333333333,0.7045454545454546,0.663536980505628,0.6624749272566629,-0.0010620532489651335,0.12451301240614787,0.05658433115102917,0.08773849170125607,0.08290961206777281,9,0.55,oracle_all_endpoints
44,6,0,0.0,1.0,0.0,1.0,0.663536980505628,0.663536980505628,0.0,0.0,0.05656091832645116,0.08241551878387036,,9,0.55,static_initial
44,6,2,0.3181818181818182,0.6666666666666667,0.3333333333333333,0.6818181818181818,0.663536980505628,0.662221574630762,-0.0013154058748660047,0.12451301240614787,0.05787124654210423,0.08888021140158589,0.0712681939349691,9,0.6,completed_only
44,6,2,0.3181818181818182,0.6666666666666667,0.3333333333333333,0.6818181818181818,0.663536980505628,0.662221574630762,-0.0013154058748660047,0.12451301240614787,0.05658433115102917,0.08773849170125607,0.08290961206777281,9,0.6,oracle_all_endpoints
44,6,0,0.0,1.0,0.0,1.0,0.663536980505628,0.663536980505628,0.0,0.0,0.05656091832645116,0.08241551878387036,,9,0.6,static_initial
43,4,0,0.0,1.0,0.0,1.0,0.6736881492343388,0.6736881492343388,0.0,0.0,0.060758512157442546,0.08269866666167879,0.06551711566284639,10,0.1,completed_only
43,4,0,0.0,1.0,0.0,1.0,0.6736881492343388,0.6736881492343388,0.0,0.0,0.060758512157442546,0.08269866666167879,0.06551711566284639,10,0.1,oracle_all_endpoints
43,4,0,0.0,1.0,0.0,1.0,0.6736881492343388,0.6736881492343388,0.0,0.0,0.03454457608462351,0.05881100501712067,,10,0.1,static_initial
43,4,0,0.0,1.0,0.0,1.0,0.6736881492343388,0.6736881492343388,0.0,0.0,0.060758512157442546,0.08269866666167879,0.06551711566284639,10,0.15,completed_only
43,4,0,0.0,1.0,0.0,1.0,0.6736881492343388,0.6736881492343388,0.0,0.0,0.060758512157442546,0.08269866666167879,0.06551711566284639,10,0.15,oracle_all_endpoints
43,4,0,0.0,1.0,0.0,1.0,0.6736881492343388,0.6736881492343388,0.0,0.0,0.03454457608462351,0.05881100501712067,,10,0.15,static_initial
43,4,0,0.0,1.0,0.0,1.0,0.6736881492343388,0.6736881492343388,0.0,0.0,0.060758512157442546,0.08269866666167879,0.06551711566284639,10,0.2,completed_only
43,4,0,0.0,1.0,0.0,1.0,0.6736881492343388,0.6736881492343388,0.0,0.0,0.060758512157442546,0.08269866666167879,0.06551711566284639,10,0.2,oracle_all_endpoints
43,4,0,0.0,1.0,0.0,1.0,0.6736881492343388,0.6736881492343388,0.0,0.0,0.03454457608462351,0.05881100501712067,,10,0.2,static_initial
43,4,0,0.0,1.0,0.0,1.0,0.6736881492343388,0.6736881492343388,0.0,0.0,0.060758512157442546,0.08269866666167879,0.06551711566284639,10,0.25,completed_only
43,4,0,0.0,1.0,0.0,1.0,0.6736881492343388,0.6736881492343388,0.0,0.0,0.060758512157442546,0.08269866666167879,0.06551711566284639,10,0.25,oracle_all_endpoints
43,4,0,0.0,1.0,0.0,1.0,0.6736881492343388,0.6736881492343388,0.0,0.0,0.03454457608462351,0.05881100501712067,,10,0.25,static_initial
43,4,0,0.023255813953488372,1.0,0.0,0.9767441860465116,0.6736881492343388,0.6761472480812734,0.0024590988469345154,0.0,0.0616503009411798,0.08324015785204965,0.12319652759366816,10,0.3,completed_only
43,4,0,0.023255813953488372,1.0,0.0,0.9767441860465116,0.6736881492343388,0.6761472480812734,0.0024590988469345154,0.0,0.060758512157442546,0.08269866666167879,0.06551711566284639,10,0.3,oracle_all_endpoints
43,4,0,0.0,1.0,0.0,1.0,0.6736881492343388,0.6736881492343388,0.0,0.0,0.03454457608462351,0.05881100501712067,,10,0.3,static_initial
43,4,0,0.023255813953488372,1.0,0.0,0.9767441860465116,0.6736881492343388,0.6761472480812734,0.0024590988469345154,0.0,0.0616503009411798,0.08324015785204965,0.12319652759366816,10,0.35,completed_only
43,4,0,0.023255813953488372,1.0,0.0,0.9767441860465116,0.6736881492343388,0.6761472480812734,0.0024590988469345154,0.0,0.060758512157442546,0.08269866666167879,0.06551711566284639,10,0.35,oracle_all_endpoints
43,4,0,0.0,1.0,0.0,1.0,0.6736881492343388,0.6736881492343388,0.0,0.0,0.03454457608462351,0.05881100501712067,,10,0.35,static_initial
43,4,0,0.023255813953488372,1.0,0.0,0.9767441860465116,0.6736881492343388,0.6761472480812734,0.0024590988469345154,0.0,0.0616503009411798,0.08324015785204965,0.12319652759366816,10,0.4,completed_only
43,4,0,0.023255813953488372,1.0,0.0,0.9767441860465116,0.6736881492343388,0.6761472480812734,0.0024590988469345154,0.0,0.060758512157442546,0.08269866666167879,0.06551711566284639,10,0.4,oracle_all_endpoints
43,4,0,0.0,1.0,0.0,1.0,0.6736881492343388,0.6736881492343388,0.0,0.0,0.03454457608462351,0.05881100501712067,,10,0.4,static_initial
43,4,0,0.023255813953488372,1.0,0.0,0.9767441860465116,0.6736881492343388,0.6761472480812734,0.0024590988469345154,0.0,0.0616503009411798,0.08324015785204965,0.12319652759366816,10,0.45,completed_only
43,4,0,0.023255813953488372,1.0,0.0,0.9767441860465116,0.6736881492343388,0.6761472480812734,0.0024590988469345154,0.0,0.060758512157442546,0.08269866666167879,0.06551711566284639,10,0.45,oracle_all_endpoints
43,4,0,0.0,1.0,0.0,1.0,0.6736881492343388,0.6736881492343388,0.0,0.0,0.03454457608462351,0.05881100501712067,,10,0.45,static_initial
43,4,0,0.023255813953488372,1.0,0.0,0.9767441860465116,0.6736881492343388,0.6761472480812734,0.0024590988469345154,0.0,0.0616503009411798,0.08324015785204965,0.12319652759366816,10,0.5,completed_only
43,4,0,0.023255813953488372,1.0,0.0,0.9767441860465116,0.6736881492343388,0.6761472480812734,0.0024590988469345154,0.0,0.060758512157442546,0.08269866666167879,0.06551711566284639,10,0.5,oracle_all_endpoints
43,4,0,0.0,1.0,0.0,1.0,0.6736881492343388,0.6736881492343388,0.0,0.0,0.03454457608462351,0.05881100501712067,,10,0.5,static_initial
43,4,0,0.023255813953488372,1.0,0.0,0.9767441860465116,0.6736881492343388,0.6761472480812734,0.0024590988469345154,0.0,0.0616503009411798,0.08324015785204965,0.12319652759366816,10,0.55,completed_only
43,4,0,0.023255813953488372,1.0,0.0,0.9767441860465116,0.6736881492343388,0.6761472480812734,0.0024590988469345154,0.0,0.060758512157442546,0.08269866666167879,0.06551711566284639,10,0.55,oracle_all_endpoints
43,4,0,0.0,1.0,0.0,1.0,0.6736881492343388,0.6736881492343388,0.0,0.0,0.03454457608462351,0.05881100501712067,,10,0.55,static_initial
43,4,0,0.023255813953488372,1.0,0.0,0.9767441860465116,0.6736881492343388,0.6761472480812734,0.0024590988469345154,0.0,0.0616503009411798,0.08324015785204965,0.12319652759366816,10,0.6,completed_only
43,4,0,0.023255813953488372,1.0,0.0,0.9767441860465116,0.6736881492343388,0.6761472480812734,0.0024590988469345154,0.0,0.060758512157442546,0.08269866666167879,0.06551711566284639,10,0.6,oracle_all_endpoints
43,4,0,0.0,1.0,0.0,1.0,0.6736881492343388,0.6736881492343388,0.0,0.0,0.03454457608462351,0.05881100501712067,,10,0.6,static_initial
44,9,0,0.11363636363636363,1.0,0.0,0.8863636363636364,0.6834812840570303,0.6842614143182808,0.0007801302612504557,0.0,0.06355055169057705,0.09582283344279828,0.3563223012619429,11,0.1,completed_only
44,9,0,0.09090909090909091,1.0,0.0,0.9090909090909091,0.6834812840570303,0.6855592010215152,0.002077916964484894,0.0,0.06356075885717098,0.09578678795620932,0.361448216484892,11,0.1,oracle_all_endpoints
44,9,0,0.0,1.0,0.0,1.0,0.6834812840570303,0.6834812840570303,0.0,0.0,0.05001749012057713,0.09424291135358628,,11,0.1,static_initial
44,9,0,0.25,1.0,0.0,0.75,0.6834812840570303,0.6930575343113315,0.0095762502543012,0.0,0.06444708461912457,0.09514235738087955,0.45869821918695275,11,0.15,completed_only
44,9,1,0.20454545454545456,0.8888888888888888,0.1111111111111111,0.7954545454545454,0.6834812840570303,0.6865043974667192,0.00302311340968886,0.0,0.06356075885717098,0.09578678795620932,0.361448216484892,11,0.15,oracle_all_endpoints
44,9,0,0.0,1.0,0.0,1.0,0.6834812840570303,0.6834812840570303,0.0,0.0,0.05001749012057713,0.09424291135358628,,11,0.15,static_initial
44,9,0,0.25,1.0,0.0,0.75,0.6834812840570303,0.6930575343113315,0.0095762502543012,0.0,0.06444708461912457,0.09514235738087955,0.45869821918695275,11,0.2,completed_only
44,9,1,0.29545454545454547,0.8888888888888888,0.1111111111111111,0.7045454545454546,0.6834812840570303,0.6933110543572878,0.009829770300257445,0.0,0.06356075885717098,0.09578678795620932,0.361448216484892,11,0.2,oracle_all_endpoints
44,9,0,0.0,1.0,0.0,1.0,0.6834812840570303,0.6834812840570303,0.0,0.0,0.05001749012057713,0.09424291135358628,,11,0.2,static_initial
44,9,0,0.25,1.0,0.0,0.75,0.6834812840570303,0.6930575343113315,0.0095762502543012,0.0,0.06444708461912457,0.09514235738087955,0.45869821918695275,11,0.25,completed_only
44,9,1,0.29545454545454547,0.8888888888888888,0.1111111111111111,0.7045454545454546,0.6834812840570303,0.6933110543572878,0.009829770300257445,0.0,0.06356075885717098,0.09578678795620932,0.361448216484892,11,0.25,oracle_all_endpoints
44,9,0,0.0,1.0,0.0,1.0,0.6834812840570303,0.6834812840570303,0.0,0.0,0.05001749012057713,0.09424291135358628,,11,0.25,static_initial
44,9,0,0.29545454545454547,1.0,0.0,0.7045454545454546,0.6834812840570303,0.6939691766384448,0.01048789258141447,0.0,0.06590055412711998,0.09578136998537473,0.39661769037568106,11,0.3,completed_only
44,9,1,0.29545454545454547,0.8888888888888888,0.1111111111111111,0.7045454545454546,0.6834812840570303,0.6933110543572878,0.009829770300257445,0.0,0.06356075885717098,0.09578678795620932,0.361448216484892,11,0.3,oracle_all_endpoints
44,9,0,0.0,1.0,0.0,1.0,0.6834812840570303,0.6834812840570303,0.0,0.0,0.05001749012057713,0.09424291135358628,,11,0.3,static_initial
44,9,0,0.29545454545454547,1.0,0.0,0.7045454545454546,0.6834812840570303,0.6939691766384448,0.01048789258141447,0.0,0.06590055412711998,0.09578136998537473,0.39661769037568106,11,0.35,completed_only
44,9,1,0.29545454545454547,0.8888888888888888,0.1111111111111111,0.7045454545454546,0.6834812840570303,0.6933110543572878,0.009829770300257445,0.0,0.06356075885717098,0.09578678795620932,0.361448216484892,11,0.35,oracle_all_endpoints
44,9,0,0.0,1.0,0.0,1.0,0.6834812840570303,0.6834812840570303,0.0,0.0,0.05001749012057713,0.09424291135358628,,11,0.35,static_initial
44,9,0,0.29545454545454547,1.0,0.0,0.7045454545454546,0.6834812840570303,0.6939691766384448,0.01048789258141447,0.0,0.06590055412711998,0.09578136998537473,0.39661769037568106,11,0.4,completed_only
44,9,1,0.29545454545454547,0.8888888888888888,0.1111111111111111,0.7045454545454546,0.6834812840570303,0.6933110543572878,0.009829770300257445,0.0,0.06356075885717098,0.09578678795620932,0.361448216484892,11,0.4,oracle_all_endpoints
44,9,0,0.0,1.0,0.0,1.0,0.6834812840570303,0.6834812840570303,0.0,0.0,0.05001749012057713,0.09424291135358628,,11,0.4,static_initial
44,9,1,0.3181818181818182,0.8888888888888888,0.1111111111111111,0.6818181818181818,0.6834812840570303,0.6939333007349541,0.010452016677923726,0.0,0.06590055412711998,0.09578136998537473,0.39661769037568106,11,0.45,completed_only
44,9,1,0.3181818181818182,0.8888888888888888,0.1111111111111111,0.6818181818181818,0.6834812840570303,0.6937152991791683,0.010234015122137952,0.0,0.06356075885717098,0.09578678795620932,0.361448216484892,11,0.45,oracle_all_endpoints
44,9,0,0.0,1.0,0.0,1.0,0.6834812840570303,0.6834812840570303,0.0,0.0,0.05001749012057713,0.09424291135358628,,11,0.45,static_initial
44,9,1,0.3409090909090909,0.8888888888888888,0.1111111111111111,0.6590909090909091,0.6834812840570303,0.6924844894638064,0.009003205406776016,0.0,0.0681250914721503,0.09924933628777652,0.36657413170784103,11,0.5,completed_only
44,9,1,0.3409090909090909,0.8888888888888888,0.1111111111111111,0.6590909090909091,0.6834812840570303,0.6940945785894539,0.010613294532423545,0.0,0.06356075885717098,0.09578678795620932,0.361448216484892,11,0.5,oracle_all_endpoints
44,9,0,0.0,1.0,0.0,1.0,0.6834812840570303,0.6834812840570303,0.0,0.0,0.05001749012057713,0.09424291135358628,,11,0.5,static_initial
44,9,1,0.3409090909090909,0.8888888888888888,0.1111111111111111,0.6590909090909091,0.6834812840570303,0.6924844894638064,0.009003205406776016,0.0,0.0681250914721503,0.09924933628777652,0.36657413170784103,11,0.55,completed_only
44,9,1,0.3409090909090909,0.8888888888888888,0.1111111111111111,0.6590909090909091,0.6834812840570303,0.6940945785894539,0.010613294532423545,0.0,0.06356075885717098,0.09578678795620932,0.361448216484892,11,0.55,oracle_all_endpoints
44,9,0,0.0,1.0,0.0,1.0,0.6834812840570303,0.6834812840570303,0.0,0.0,0.05001749012057713,0.09424291135358628,,11,0.55,static_initial
44,9,9,1.0,0.0,1.0,0.0,0.6834812840570303,,,,0.05001749012057713,0.09424291135358628,,11,0.6,completed_only
44,9,1,0.6136363636363636,0.8888888888888888,0.1111111111111111,0.38636363636363635,0.6834812840570303,0.7347974772191274,0.05131619316209701,0.0,0.06356075885717098,0.09578678795620932,0.361448216484892,11,0.6,oracle_all_endpoints
44,9,9,1.0,0.0,1.0,0.0,0.6834812840570303,,,,0.05001749012057713,0.09424291135358628,,11,0.6,static_initial
43,7,0,0.046511627906976744,1.0,0.0,0.9534883720930233,0.6698755649353895,0.6722697467612478,0.002394181825858377,0.0,0.04038729737969935,0.06682192480220955,0.310112700413609,12,0.1,completed_only
43,7,0,0.046511627906976744,1.0,0.0,0.9534883720930233,0.6698755649353895,0.6722697467612478,0.002394181825858377,0.0,0.03971857205557148,0.0671769549179994,0.28731588342657577,12,0.1,oracle_all_endpoints
43,7,0,0.0,1.0,0.0,1.0,0.6698755649353895,0.6698755649353895,0.0,0.0,0.045305277293320345,0.06814635645745952,,12,0.1,static_initial
43,7,0,0.13953488372093023,1.0,0.0,0.8604651162790697,0.6698755649353895,0.6726865594379771,0.0028109945025875938,0.0,0.04028286615942854,0.06744663355188524,0.3357971142189998,12,0.15,completed_only
43,7,0,0.13953488372093023,1.0,0.0,0.8604651162790697,0.6698755649353895,0.6726865594379771,0.0028109945025875938,0.0,0.03971857205557148,0.0671769549179994,0.28731588342657577,12,0.15,oracle_all_endpoints
43,7,0,0.0,1.0,0.0,1.0,0.6698755649353895,0.6698755649353895,0.0,0.0,0.045305277293320345,0.06814635645745952,,12,0.15,static_initial
43,7,0,0.23255813953488372,1.0,0.0,0.7674418604651163,0.6698755649353895,0.6736640731744226,0.003788508239033095,0.0,0.041290103314454187,0.06650095098837928,0.2994741858196602,12,0.2,completed_only
43,7,0,0.23255813953488372,1.0,0.0,0.7674418604651163,0.6698755649353895,0.6736640731744226,0.003788508239033095,0.0,0.03971857205557148,0.0671769549179994,0.28731588342657577,12,0.2,oracle_all_endpoints
43,7,0,0.0,1.0,0.0,1.0,0.6698755649353895,0.6698755649353895,0.0,0.0,0.045305277293320345,0.06814635645745952,,12,0.2,static_initial
43,7,0,0.2558139534883721,1.0,0.0,0.7441860465116279,0.6698755649353895,0.6738423277203502,0.003966762784960776,0.0,0.041551648815517477,0.06554978201822893,0.3216630876870392,12,0.25,completed_only
43,7,0,0.2558139534883721,1.0,0.0,0.7441860465116279,0.6698755649353895,0.6738423277203502,0.003966762784960776,0.0,0.03971857205557148,0.0671769549179994,0.28731588342657577,12,0.25,oracle_all_endpoints
43,7,0,0.0,1.0,0.0,1.0,0.6698755649353895,0.6698755649353895,0.0,0.0,0.045305277293320345,0.06814635645745952,,12,0.25,static_initial
43,7,0,0.2558139534883721,1.0,0.0,0.7441860465116279,0.6698755649353895,0.6738423277203502,0.003966762784960776,0.0,0.041551648815517477,0.06554978201822893,0.3216630876870392,12,0.3,completed_only
43,7,0,0.2558139534883721,1.0,0.0,0.7441860465116279,0.6698755649353895,0.6738423277203502,0.003966762784960776,0.0,0.03971857205557148,0.0671769549179994,0.28731588342657577,12,0.3,oracle_all_endpoints
43,7,0,0.0,1.0,0.0,1.0,0.6698755649353895,0.6698755649353895,0.0,0.0,0.045305277293320345,0.06814635645745952,,12,0.3,static_initial
43,7,0,0.2558139534883721,1.0,0.0,0.7441860465116279,0.6698755649353895,0.6738423277203502,0.003966762784960776,0.0,0.041551648815517477,0.06554978201822893,0.3216630876870392,12,0.35,completed_only
43,7,0,0.2558139534883721,1.0,0.0,0.7441860465116279,0.6698755649353895,0.6738423277203502,0.003966762784960776,0.0,0.03971857205557148,0.0671769549179994,0.28731588342657577,12,0.35,oracle_all_endpoints
43,7,0,0.0,1.0,0.0,1.0,0.6698755649353895,0.6698755649353895,0.0,0.0,0.045305277293320345,0.06814635645745952,,12,0.35,static_initial
43,7,0,0.2558139534883721,1.0,0.0,0.7441860465116279,0.6698755649353895,0.6738423277203502,0.003966762784960776,0.0,0.041551648815517477,0.06554978201822893,0.3216630876870392,12,0.4,completed_only
43,7,0,0.27906976744186046,1.0,0.0,0.7209302325581395,0.6698755649353895,0.6778414325903873,0.007965867654997849,0.0,0.03971857205557148,0.0671769549179994,0.28731588342657577,12,0.4,oracle_all_endpoints
43,7,0,0.0,1.0,0.0,1.0,0.6698755649353895,0.6698755649353895,0.0,0.0,0.045305277293320345,0.06814635645745952,,12,0.4,static_initial
43,7,0,0.2558139534883721,1.0,0.0,0.7441860465116279,0.6698755649353895,0.6738423277203502,0.003966762784960776,0.0,0.041551648815517477,0.06554978201822893,0.3216630876870392,12,0.45,completed_only
43,7,0,0.3023255813953488,1.0,0.0,0.6976744186046512,0.6698755649353895,0.677551125361308,0.007675560425918548,0.0,0.03971857205557148,0.0671769549179994,0.28731588342657577,12,0.45,oracle_all_endpoints
43,7,0,0.0,1.0,0.0,1.0,0.6698755649353895,0.6698755649353895,0.0,0.0,0.045305277293320345,0.06814635645745952,,12,0.45,static_initial
43,7,0,0.2558139534883721,1.0,0.0,0.7441860465116279,0.6698755649353895,0.6738423277203502,0.003966762784960776,0.0,0.041551648815517477,0.06554978201822893,0.3216630876870392,12,0.5,completed_only
43,7,0,0.3023255813953488,1.0,0.0,0.6976744186046512,0.6698755649353895,0.677551125361308,0.007675560425918548,0.0,0.03971857205557148,0.0671769549179994,0.28731588342657577,12,0.5,oracle_all_endpoints
43,7,0,0.0,1.0,0.0,1.0,0.6698755649353895,0.6698755649353895,0.0,0.0,0.045305277293320345,0.06814635645745952,,12,0.5,static_initial
43,7,0,0.32558139534883723,1.0,0.0,0.6744186046511628,0.6698755649353895,0.6778782718878564,0.008002706952466965,0.0,0.03946541092942759,0.06312693724970064,0.31588789405032414,12,0.55,completed_only
43,7,0,0.32558139534883723,1.0,0.0,0.6744186046511628,0.6698755649353895,0.6776932049995151,0.007817640064125664,0.0,0.03971857205557148,0.0671769549179994,0.28731588342657577,12,0.55,oracle_all_endpoints
43,7,0,0.0,1.0,0.0,1.0,0.6698755649353895,0.6698755649353895,0.0,0.0,0.045305277293320345,0.06814635645745952,,12,0.55,static_initial
43,7,0,0.32558139534883723,1.0,0.0,0.6744186046511628,0.6698755649353895,0.6778782718878564,0.008002706952466965,0.0,0.03946541092942759,0.06312693724970064,0.31588789405032414,12,0.6,completed_only
43,7,0,0.32558139534883723,1.0,0.0,0.6744186046511628,0.6698755649353895,0.6776932049995151,0.007817640064125664,0.0,0.03971857205557148,0.0671769549179994,0.28731588342657577,12,0.6,oracle_all_endpoints
43,7,0,0.0,1.0,0.0,1.0,0.6698755649353895,0.6698755649353895,0.0,0.0,0.045305277293320345,0.06814635645745952,,12,0.6,static_initial
43,11,0,0.0,1.0,0.0,1.0,0.6865133485679046,0.6865133485679046,0.0,0.0,0.04837061204595956,0.07842196125345674,0.3561974016392177,13,0.1,completed_only
43,11,0,0.0,1.0,0.0,1.0,0.6865133485679046,0.6865133485679046,0.0,0.0,0.04837061204595956,0.07842196125345674,0.3561974016392177,13,0.1,oracle_all_endpoints
43,11,0,0.0,1.0,0.0,1.0,0.6865133485679046,0.6865133485679046,0.0,0.0,0.04291943204757789,0.08364539832133973,,13,0.1,static_initial
43,11,0,0.023255813953488372,1.0,0.0,0.9767441860465116,0.6865133485679046,0.6866735644373436,0.00016021586943903987,0.0,0.04831912035044958,0.07803375462611056,0.3954034296353433,13,0.15,completed_only
43,11,0,0.023255813953488372,1.0,0.0,0.9767441860465116,0.6865133485679046,0.6866735644373436,0.00016021586943903987,0.0,0.04837061204595956,0.07842196125345674,0.3561974016392177,13,0.15,oracle_all_endpoints
43,11,0,0.0,1.0,0.0,1.0,0.6865133485679046,0.6865133485679046,0.0,0.0,0.04291943204757789,0.08364539832133973,,13,0.15,static_initial
43,11,0,0.11627906976744186,1.0,0.0,0.8837209302325582,0.6865133485679046,0.6873970738908805,0.0008837253229758701,0.0,0.051191177403896816,0.08293190756138216,0.2580303703000818,13,0.2,completed_only
43,11,0,0.11627906976744186,1.0,0.0,0.8837209302325582,0.6865133485679046,0.6923170330692723,0.005803684501367701,0.0,0.04837061204595956,0.07842196125345674,0.3561974016392177,13,0.2,oracle_all_endpoints
43,11,0,0.0,1.0,0.0,1.0,0.6865133485679046,0.6865133485679046,0.0,0.0,0.04291943204757789,0.08364539832133973,,13,0.2,static_initial
43,11,0,0.11627906976744186,1.0,0.0,0.8837209302325582,0.6865133485679046,0.6873970738908805,0.0008837253229758701,0.0,0.051191177403896816,0.08293190756138216,0.2580303703000818,13,0.25,completed_only
43,11,0,0.11627906976744186,1.0,0.0,0.8837209302325582,0.6865133485679046,0.6923170330692723,0.005803684501367701,0.0,0.04837061204595956,0.07842196125345674,0.3561974016392177,13,0.25,oracle_all_endpoints
43,11,0,0.0,1.0,0.0,1.0,0.6865133485679046,0.6865133485679046,0.0,0.0,0.04291943204757789,0.08364539832133973,,13,0.25,static_initial
43,11,1,0.16279069767441862,0.9090909090909091,0.09090909090909091,0.8372093023255814,0.6865133485679046,0.686587802976927,7.445440902242861e-05,0.0,0.05155380190371601,0.08385429300207671,0.1571280346821464,13,0.3,completed_only
43,11,0,0.11627906976744186,1.0,0.0,0.8837209302325582,0.6865133485679046,0.6923170330692723,0.005803684501367701,0.0,0.04837061204595956,0.07842196125345674,0.3561974016392177,13,0.3,oracle_all_endpoints
43,11,0,0.0,1.0,0.0,1.0,0.6865133485679046,0.6865133485679046,0.0,0.0,0.04291943204757789,0.08364539832133973,,13,0.3,static_initial
43,11,1,0.16279069767441862,0.9090909090909091,0.09090909090909091,0.8372093023255814,0.6865133485679046,0.686587802976927,7.445440902242861e-05,0.0,0.05155380190371601,0.08385429300207671,0.1571280346821464,13,0.35,completed_only
43,11,0,0.11627906976744186,1.0,0.0,0.8837209302325582,0.6865133485679046,0.6923170330692723,0.005803684501367701,0.0,0.04837061204595956,0.07842196125345674,0.3561974016392177,13,0.35,oracle_all_endpoints
43,11,0,0.0,1.0,0.0,1.0,0.6865133485679046,0.6865133485679046,0.0,0.0,0.04291943204757789,0.08364539832133973,,13,0.35,static_initial
43,11,1,0.16279069767441862,0.9090909090909091,0.09090909090909091,0.8372093023255814,0.6865133485679046,0.686587802976927,7.445440902242861e-05,0.0,0.05155380190371601,0.08385429300207671,0.1571280346821464,13,0.4,completed_only
43,11,0,0.11627906976744186,1.0,0.0,0.8837209302325582,0.6865133485679046,0.6923170330692723,0.005803684501367701,0.0,0.04837061204595956,0.07842196125345674,0.3561974016392177,13,0.4,oracle_all_endpoints
43,11,0,0.0,1.0,0.0,1.0,0.6865133485679046,0.6865133485679046,0.0,0.0,0.04291943204757789,0.08364539832133973,,13,0.4,static_initial
43,11,1,0.16279069767441862,0.9090909090909091,0.09090909090909091,0.8372093023255814,0.6865133485679046,0.686587802976927,7.445440902242861e-05,0.0,0.05155380190371601,0.08385429300207671,0.1571280346821464,13,0.45,completed_only
43,11,0,0.11627906976744186,1.0,0.0,0.8837209302325582,0.6865133485679046,0.6923170330692723,0.005803684501367701,0.0,0.04837061204595956,0.07842196125345674,0.3561974016392177,13,0.45,oracle_all_endpoints
43,11,0,0.0,1.0,0.0,1.0,0.6865133485679046,0.6865133485679046,0.0,0.0,0.04291943204757789,0.08364539832133973,,13,0.45,static_initial
43,11,1,0.16279069767441862,0.9090909090909091,0.09090909090909091,0.8372093023255814,0.6865133485679046,0.686587802976927,7.445440902242861e-05,0.0,0.05155380190371601,0.08385429300207671,0.1571280346821464,13,0.5,completed_only
43,11,0,0.11627906976744186,1.0,0.0,0.8837209302325582,0.6865133485679046,0.6923170330692723,0.005803684501367701,0.0,0.04837061204595956,0.07842196125345674,0.3561974016392177,13,0.5,oracle_all_endpoints
43,11,0,0.0,1.0,0.0,1.0,0.6865133485679046,0.6865133485679046,0.0,0.0,0.04291943204757789,0.08364539832133973,,13,0.5,static_initial
43,11,1,0.16279069767441862,0.9090909090909091,0.09090909090909091,0.8372093023255814,0.6865133485679046,0.686587802976927,7.445440902242861e-05,0.0,0.05155380190371601,0.08385429300207671,0.1571280346821464,13,0.55,completed_only
43,11,0,0.11627906976744186,1.0,0.0,0.8837209302325582,0.6865133485679046,0.6923170330692723,0.005803684501367701,0.0,0.04837061204595956,0.07842196125345674,0.3561974016392177,13,0.55,oracle_all_endpoints
43,11,0,0.0,1.0,0.0,1.0,0.6865133485679046,0.6865133485679046,0.0,0.0,0.04291943204757789,0.08364539832133973,,13,0.55,static_initial
43,11,1,0.18604651162790697,0.9090909090909091,0.09090909090909091,0.813953488372093,0.6865133485679046,0.6867422056419573,0.00022885707405273514,0.0,0.05155380190371601,0.08385429300207671,0.1571280346821464,13,0.6,completed_only
43,11,0,0.13953488372093023,1.0,0.0,0.8604651162790697,0.6865133485679046,0.6928261700298829,0.006312821461978313,0.0,0.04837061204595956,0.07842196125345674,0.3561974016392177,13,0.6,oracle_all_endpoints
43,11,0,0.0,1.0,0.0,1.0,0.6865133485679046,0.6865133485679046,0.0,0.0,0.04291943204757789,0.08364539832133973,,13,0.6,static_initial
43,3,1,0.06976744186046512,0.6666666666666667,0.3333333333333333,0.9302325581395349,0.669093494508094,0.6672923109769666,-0.0018011835311273483,0.0,0.05120137407886391,0.07704971930667694,-0.146626879437092,14,0.1,completed_only
43,3,1,0.046511627906976744,0.6666666666666667,0.3333333333333333,0.9534883720930233,0.669093494508094,0.6675596827785488,-0.0015338117295451426,0.0,0.05302037811477054,0.08025292377173128,-0.17792578219811161,14,0.1,oracle_all_endpoints
43,3,0,0.0,1.0,0.0,1.0,0.669093494508094,0.669093494508094,0.0,0.0,0.04805936337083898,0.07718784549169526,,14,0.1,static_initial
43,3,1,0.13953488372093023,0.6666666666666667,0.3333333333333333,0.8604651162790697,0.669093494508094,0.6724941022245728,0.003400607716478876,0.0,0.051594925428438174,0.07748966583273564,-0.15248578734309567,14,0.15,completed_only
43,3,1,0.11627906976744186,0.6666666666666667,0.3333333333333333,0.8837209302325582,0.669093494508094,0.666217578739581,-0.002875915768512982,0.0,0.05302037811477054,0.08025292377173128,-0.17792578219811161,14,0.15,oracle_all_endpoints
43,3,0,0.0,1.0,0.0,1.0,0.669093494508094,0.669093494508094,0.0,0.0,0.04805936337083898,0.07718784549169526,,14,0.15,static_initial
43,3,1,0.18604651162790697,0.6666666666666667,0.3333333333333333,0.813953488372093,0.669093494508094,0.6719181552642737,0.002824660756179709,0.0,0.05390677915512003,0.07990038300856724,-0.17977596364211276,14,0.2,completed_only
43,3,1,0.20930232558139536,0.6666666666666667,0.3333333333333333,0.7906976744186046,0.669093494508094,0.6718722490800852,0.002778754571991282,0.0,0.05302037811477054,0.08025292377173128,-0.17792578219811161,14,0.2,oracle_all_endpoints
43,3,0,0.0,1.0,0.0,1.0,0.669093494508094,0.669093494508094,0.0,0.0,0.04805936337083898,0.07718784549169526,,14,0.2,static_initial
43,3,1,0.20930232558139536,0.6666666666666667,0.3333333333333333,0.7906976744186046,0.669093494508094,0.6738019881560993,0.004708493648005296,0.0,0.05377608903684025,0.08005297939807735,-0.17145014714410756,14,0.25,completed_only
43,3,1,0.2558139534883721,0.6666666666666667,0.3333333333333333,0.7441860465116279,0.669093494508094,0.6743887143279759,0.005295219819881902,0.0,0.05302037811477054,0.08025292377173128,-0.17792578219811161,14,0.25,oracle_all_endpoints
43,3,0,0.0,1.0,0.0,1.0,0.669093494508094,0.669093494508094,0.0,0.0,0.04805936337083898,0.07718784549169526,,14,0.25,static_initial
43,3,1,0.20930232558139536,0.6666666666666667,0.3333333333333333,0.7906976744186046,0.669093494508094,0.6738019881560993,0.004708493648005296,0.0,0.05377608903684025,0.08005297939807735,-0.17145014714410756,14,0.3,completed_only
43,3,1,0.2558139534883721,0.6666666666666667,0.3333333333333333,0.7441860465116279,0.669093494508094,0.6743887143279759,0.005295219819881902,0.0,0.05302037811477054,0.08025292377173128,-0.17792578219811161,14,0.3,oracle_all_endpoints
43,3,0,0.0,1.0,0.0,1.0,0.669093494508094,0.669093494508094,0.0,0.0,0.04805936337083898,0.07718784549169526,,14,0.3,static_initial
43,3,1,0.20930232558139536,0.6666666666666667,0.3333333333333333,0.7906976744186046,0.669093494508094,0.6738019881560993,0.004708493648005296,0.0,0.05377608903684025,0.08005297939807735,-0.17145014714410756,14,0.35,completed_only
43,3,1,0.2558139534883721,0.6666666666666667,0.3333333333333333,0.7441860465116279,0.669093494508094,0.6743887143279759,0.005295219819881902,0.0,0.05302037811477054,0.08025292377173128,-0.17792578219811161,14,0.35,oracle_all_endpoints
43,3,0,0.0,1.0,0.0,1.0,0.669093494508094,0.669093494508094,0.0,0.0,0.04805936337083898,0.07718784549169526,,14,0.35,static_initial
43,3,1,0.20930232558139536,0.6666666666666667,0.3333333333333333,0.7906976744186046,0.669093494508094,0.6738019881560993,0.004708493648005296,0.0,0.05377608903684025,0.08005297939807735,-0.17145014714410756,14,0.4,completed_only
43,3,1,0.2558139534883721,0.6666666666666667,0.3333333333333333,0.7441860465116279,0.669093494508094,0.6743887143279759,0.005295219819881902,0.0,0.05302037811477054,0.08025292377173128,-0.17792578219811161,14,0.4,oracle_all_endpoints
43,3,0,0.0,1.0,0.0,1.0,0.669093494508094,0.669093494508094,0.0,0.0,0.04805936337083898,0.07718784549169526,,14,0.4,static_initial
43,3,1,0.23255813953488372,0.6666666666666667,0.3333333333333333,0.7674418604651163,0.669093494508094,0.6739161392589984,0.004822644750904437,0.0,0.05384616300458766,0.0800834082199001,-0.17145014714410756,14,0.45,completed_only
43,3,1,0.2558139534883721,0.6666666666666667,0.3333333333333333,0.7441860465116279,0.669093494508094,0.6743887143279759,0.005295219819881902,0.0,0.05302037811477054,0.08025292377173128,-0.17792578219811161,14,0.45,oracle_all_endpoints
43,3,0,0.0,1.0,0.0,1.0,0.669093494508094,0.669093494508094,0.0,0.0,0.04805936337083898,0.07718784549169526,,14,0.45,static_initial
43,3,1,0.23255813953488372,0.6666666666666667,0.3333333333333333,0.7674418604651163,0.669093494508094,0.6739161392589984,0.004822644750904437,0.0,0.05384616300458766,0.0800834082199001,-0.17145014714410756,14,0.5,completed_only
43,3,1,0.2558139534883721,0.6666666666666667,0.3333333333333333,0.7441860465116279,0.669093494508094,0.6743887143279759,0.005295219819881902,0.0,0.05302037811477054,0.08025292377173128,-0.17792578219811161,14,0.5,oracle_all_endpoints
43,3,0,0.0,1.0,0.0,1.0,0.669093494508094,0.669093494508094,0.0,0.0,0.04805936337083898,0.07718784549169526,,14,0.5,static_initial
43,3,1,0.23255813953488372,0.6666666666666667,0.3333333333333333,0.7674418604651163,0.669093494508094,0.6739161392589984,0.004822644750904437,0.0,0.05384616300458766,0.0800834082199001,-0.17145014714410756,14,0.55,completed_only
43,3,1,0.2558139534883721,0.6666666666666667,0.3333333333333333,0.7441860465116279,0.669093494508094,0.6743887143279759,0.005295219819881902,0.0,0.05302037811477054,0.08025292377173128,-0.17792578219811161,14,0.55,oracle_all_endpoints
43,3,0,0.0,1.0,0.0,1.0,0.669093494508094,0.669093494508094,0.0,0.0,0.04805936337083898,0.07718784549169526,,14,0.55,static_initial
43,3,1,0.23255813953488372,0.6666666666666667,0.3333333333333333,0.7674418604651163,0.669093494508094,0.6739161392589984,0.004822644750904437,0.0,0.05384616300458766,0.0800834082199001,-0.17145014714410756,14,0.6,completed_only
43,3,1,0.2558139534883721,0.6666666666666667,0.3333333333333333,0.7441860465116279,0.669093494508094,0.6743887143279759,0.005295219819881902,0.0,0.05302037811477054,0.08025292377173128,-0.17792578219811161,14,0.6,oracle_all_endpoints
43,3,0,0.0,1.0,0.0,1.0,0.669093494508094,0.669093494508094,0.0,0.0,0.04805936337083898,0.07718784549169526,,14,0.6,static_initial
44,9,0,0.0,1.0,0.0,1.0,0.6868816446535694,0.6868816446535694,0.0,0.0,0.06313350703916659,0.11000886075033936,0.33398092874903346,15,0.1,completed_only
44,9,0,0.0,1.0,0.0,1.0,0.6868816446535694,0.6868816446535694,0.0,0.0,0.06313350703916659,0.11000886075033936,0.33398092874903346,15,0.1,oracle_all_endpoints
44,9,0,0.0,1.0,0.0,1.0,0.6868816446535694,0.6868816446535694,0.0,0.0,0.061599447984359595,0.10884804302765795,,15,0.1,static_initial
44,9,1,0.20454545454545456,0.8888888888888888,0.1111111111111111,0.7954545454545454,0.6868816446535694,0.689071678153293,0.002190033499723576,0.010924089113984126,0.06559062665530908,0.11326136996430558,0.27506399551594146,15,0.15,completed_only
44,9,1,0.18181818181818182,0.8888888888888888,0.1111111111111111,0.8181818181818182,0.6868816446535694,0.688686091402946,0.0018044467493766314,0.010924089113984126,0.06313350703916659,0.11000886075033936,0.33398092874903346,15,0.15,oracle_all_endpoints
44,9,0,0.0,1.0,0.0,1.0,0.6868816446535694,0.6868816446535694,0.0,0.0,0.061599447984359595,0.10884804302765795,,15,0.15,static_initial
44,9,2,0.2727272727272727,0.7777777777777778,0.2222222222222222,0.7272727272727273,0.6868816446535694,0.6894516146796477,0.002569970026078283,0.010924089113984126,0.06689421380819875,0.11271278045555057,0.2299180081228734,15,0.2,completed_only
44,9,1,0.22727272727272727,0.8888888888888888,0.1111111111111111,0.7727272727272727,0.6868816446535694,0.6899517538858458,0.0030701092322764634,0.010924089113984126,0.06313350703916659,0.11000886075033936,0.33398092874903346,15,0.2,oracle_all_endpoints
44,9,0,0.0,1.0,0.0,1.0,0.6868816446535694,0.6868816446535694,0.0,0.0,0.061599447984359595,0.10884804302765795,,15,0.2,static_initial
44,9,2,0.29545454545454547,0.7777777777777778,0.2222222222222222,0.7045454545454546,0.6868816446535694,0.6907787566869924,0.0038971120334230225,0.010924089113984126,0.0681240303570573,0.11281721993622758,0.2729344678087213,15,0.25,completed_only
44,9,1,0.2727272727272727,0.8888888888888888,0.1111111111111111,0.7272727272727273,0.6868816446535694,0.6917143395164371,0.004832694862867748,0.010924089113984126,0.06313350703916659,0.11000886075033936,0.33398092874903346,15,0.25,oracle_all_endpoints
44,9,0,0.0,1.0,0.0,1.0,0.6868816446535694,0.6868816446535694,0.0,0.0,0.061599447984359595,0.10884804302765795,,15,0.25,static_initial
44,9,2,0.29545454545454547,0.7777777777777778,0.2222222222222222,0.7045454545454546,0.6868816446535694,0.6907787566869924,0.0038971120334230225,0.010924089113984126,0.0681240303570573,0.11281721993622758,0.2729344678087213,15,0.3,completed_only
44,9,1,0.2727272727272727,0.8888888888888888,0.1111111111111111,0.7272727272727273,0.6868816446535694,0.6917143395164371,0.004832694862867748,0.010924089113984126,0.06313350703916659,0.11000886075033936,0.33398092874903346,15,0.3,oracle_all_endpoints
44,9,0,0.0,1.0,0.0,1.0,0.6868816446535694,0.6868816446535694,0.0,0.0,0.061599447984359595,0.10884804302765795,,15,0.3,static_initial
44,9,1,0.3409090909090909,0.8888888888888888,0.1111111111111111,0.6590909090909091,0.6868816446535694,0.6992046069065047,0.012322962252935277,0.010924089113984126,0.0671104212407314,0.11298585164501238,0.28060076755471397,15,0.35,completed_only
44,9,1,0.29545454545454547,0.8888888888888888,0.1111111111111111,0.7045454545454546,0.6868816446535694,0.6980541390229634,0.011172494369394048,0.010924089113984126,0.06313350703916659,0.11000886075033936,0.33398092874903346,15,0.35,oracle_all_endpoints
44,9,0,0.0,1.0,0.0,1.0,0.6868816446535694,0.6868816446535694,0.0,0.0,0.061599447984359595,0.10884804302765795,,15,0.35,static_initial
44,9,1,0.3409090909090909,0.8888888888888888,0.1111111111111111,0.6590909090909091,0.6868816446535694,0.6992046069065047,0.012322962252935277,0.010924089113984126,0.0671104212407314,0.11298585164501238,0.28060076755471397,15,0.4,completed_only
44,9,1,0.29545454545454547,0.8888888888888888,0.1111111111111111,0.7045454545454546,0.6868816446535694,0.6980541390229634,0.011172494369394048,0.010924089113984126,0.06313350703916659,0.11000886075033936,0.33398092874903346,15,0.4,oracle_all_endpoints
44,9,0,0.0,1.0,0.0,1.0,0.6868816446535694,0.6868816446535694,0.0,0.0,0.061599447984359595,0.10884804302765795,,15,0.4,static_initial
44,9,1,0.3409090909090909,0.8888888888888888,0.1111111111111111,0.6590909090909091,0.6868816446535694,0.6992046069065047,0.012322962252935277,0.010924089113984126,0.0671104212407314,0.11298585164501238,0.28060076755471397,15,0.45,completed_only
44,9,1,0.29545454545454547,0.8888888888888888,0.1111111111111111,0.7045454545454546,0.6868816446535694,0.6980541390229634,0.011172494369394048,0.010924089113984126,0.06313350703916659,0.11000886075033936,0.33398092874903346,15,0.45,oracle_all_endpoints
44,9,0,0.0,1.0,0.0,1.0,0.6868816446535694,0.6868816446535694,0.0,0.0,0.061599447984359595,0.10884804302765795,,15,0.45,static_initial
44,9,1,0.3409090909090909,0.8888888888888888,0.1111111111111111,0.6590909090909091,0.6868816446535694,0.6992046069065047,0.012322962252935277,0.010924089113984126,0.0671104212407314,0.11298585164501238,0.28060076755471397,15,0.5,completed_only
44,9,1,0.3181818181818182,0.8888888888888888,0.1111111111111111,0.6818181818181818,0.6868816446535694,0.6987141251623341,0.011832480508764731,0.010924089113984126,0.06313350703916659,0.11000886075033936,0.33398092874903346,15,0.5,oracle_all_endpoints
44,9,0,0.0,1.0,0.0,1.0,0.6868816446535694,0.6868816446535694,0.0,0.0,0.061599447984359595,0.10884804302765795,,15,0.5,static_initial
44,9,1,0.3409090909090909,0.8888888888888888,0.1111111111111111,0.6590909090909091,0.6868816446535694,0.6992046069065047,0.012322962252935277,0.010924089113984126,0.0671104212407314,0.11298585164501238,0.28060076755471397,15,0.55,completed_only
44,9,1,0.3181818181818182,0.8888888888888888,0.1111111111111111,0.6818181818181818,0.6868816446535694,0.6987141251623341,0.011832480508764731,0.010924089113984126,0.06313350703916659,0.11000886075033936,0.33398092874903346,15,0.55,oracle_all_endpoints
44,9,0,0.0,1.0,0.0,1.0,0.6868816446535694,0.6868816446535694,0.0,0.0,0.061599447984359595,0.10884804302765795,,15,0.55,static_initial
44,9,9,1.0,0.0,1.0,0.0,0.6868816446535694,,,,0.061599447984359595,0.10884804302765795,,15,0.6,completed_only
44,9,4,0.5227272727272727,0.5555555555555556,0.4444444444444444,0.4772727272727273,0.6868816446535694,0.6899538125274252,0.00307216787385578,0.07757700080808638,0.06313350703916659,0.11000886075033936,0.33398092874903346,15,0.6,oracle_all_endpoints
44,9,9,1.0,0.0,1.0,0.0,0.6868816446535694,,,,0.061599447984359595,0.10884804302765795,,15,0.6,static_initial
44,1,0,0.09090909090909091,1.0,0.0,0.9090909090909091,0.6674612367828627,0.6670795586692592,-0.0003816781136035674,0.0,0.05633591951306848,0.08436802068567573,-0.18558898469727736,16,0.1,completed_only
44,1,0,0.09090909090909091,1.0,0.0,0.9090909090909091,0.6674612367828627,0.6670795586692592,-0.0003816781136035674,0.0,0.05652716766636381,0.08560912136729865,-0.18500491236148733,16,0.1,oracle_all_endpoints
44,1,0,0.0,1.0,0.0,1.0,0.6674612367828627,0.6674612367828627,0.0,0.0,0.04912032777017581,0.07520719685883881,,16,0.1,static_initial
44,1,0,0.22727272727272727,1.0,0.0,0.7727272727272727,0.6674612367828627,0.6708943737145905,0.003433136931727754,0.0,0.05824400943485957,0.08588687782692038,-0.19361997931439004,16,0.15,completed_only
44,1,0,0.20454545454545456,1.0,0.0,0.7954545454545454,0.6674612367828627,0.6659250454136778,-0.001536191369184925,0.0,0.05652716766636381,0.08560912136729865,-0.18500491236148733,16,0.15,oracle_all_endpoints
44,1,0,0.0,1.0,0.0,1.0,0.6674612367828627,0.6674612367828627,0.0,0.0,0.04912032777017581,0.07520719685883881,,16,0.15,static_initial
44,1,0,0.25,1.0,0.0,0.75,0.6674612367828627,0.6706501126304438,0.0031888758475810963,0.0,0.05824400943485957,0.08588687782692038,-0.19361997931439004,16,0.2,completed_only
44,1,0,0.25,1.0,0.0,0.75,0.6674612367828627,0.6706450259331829,0.0031837891503201377,0.0,0.05652716766636381,0.08560912136729865,-0.18500491236148733,16,0.2,oracle_all_endpoints
44,1,0,0.0,1.0,0.0,1.0,0.6674612367828627,0.6674612367828627,0.0,0.0,0.04912032777017581,0.07520719685883881,,16,0.2,static_initial
44,1,0,0.2727272727272727,1.0,0.0,0.7272727272727273,0.6674612367828627,0.6703853395719876,0.002924102789124916,0.0,0.05824400943485957,0.08588687782692038,-0.19361997931439004,16,0.25,completed_only
44,1,0,0.2727272727272727,1.0,0.0,0.7272727272727273,0.6674612367828627,0.6705564653208861,0.0030952285380233535,0.0,0.05652716766636381,0.08560912136729865,-0.18500491236148733,16,0.25,oracle_all_endpoints
44,1,0,0.0,1.0,0.0,1.0,0.6674612367828627,0.6674612367828627,0.0,0.0,0.04912032777017581,0.07520719685883881,,16,0.25,static_initial
44,1,0,0.29545454545454547,1.0,0.0,0.7045454545454546,0.6674612367828627,0.6696741466600693,0.0022129098772065703,0.0,0.05824400943485957,0.08588687782692038,-0.19361997931439004,16,0.3,completed_only
44,1,0,0.29545454545454547,1.0,0.0,0.7045454545454546,0.6674612367828627,0.6702855451863523,0.0028243084034895727,0.0,0.05652716766636381,0.08560912136729865,-0.18500491236148733,16,0.3,oracle_all_endpoints
44,1,0,0.0,1.0,0.0,1.0,0.6674612367828627,0.6674612367828627,0.0,0.0,0.04912032777017581,0.07520719685883881,,16,0.3,static_initial
44,1,0,0.29545454545454547,1.0,0.0,0.7045454545454546,0.6674612367828627,0.6696741466600693,0.0022129098772065703,0.0,0.05824400943485957,0.08588687782692038,-0.19361997931439004,16,0.35,completed_only
44,1,0,0.29545454545454547,1.0,0.0,0.7045454545454546,0.6674612367828627,0.6702855451863523,0.0028243084034895727,0.0,0.05652716766636381,0.08560912136729865,-0.18500491236148733,16,0.35,oracle_all_endpoints
44,1,0,0.0,1.0,0.0,1.0,0.6674612367828627,0.6674612367828627,0.0,0.0,0.04912032777017581,0.07520719685883881,,16,0.35,static_initial
44,1,0,0.29545454545454547,1.0,0.0,0.7045454545454546,0.6674612367828627,0.663759710180746,-0.003701526602116756,0.0,0.05748224771905202,0.08578156347025409,-0.22063332484467824,16,0.4,completed_only
44,1,0,0.3409090909090909,1.0,0.0,0.6590909090909091,0.6674612367828627,0.6691460645253311,0.0016848277424683644,0.0,0.05652716766636381,0.08560912136729865,-0.18500491236148733,16,0.4,oracle_all_endpoints
44,1,0,0.0,1.0,0.0,1.0,0.6674612367828627,0.6674612367828627,0.0,0.0,0.04912032777017581,0.07520719685883881,,16,0.4,static_initial
44,1,0,0.29545454545454547,1.0,0.0,0.7045454545454546,0.6674612367828627,0.663759710180746,-0.003701526602116756,0.0,0.05748224771905202,0.08578156347025409,-0.22063332484467824,16,0.45,completed_only
44,1,0,0.3409090909090909,1.0,0.0,0.6590909090909091,0.6674612367828627,0.6691460645253311,0.0016848277424683644,0.0,0.05652716766636381,0.08560912136729865,-0.18500491236148733,16,0.45,oracle_all_endpoints
44,1,0,0.0,1.0,0.0,1.0,0.6674612367828627,0.6674612367828627,0.0,0.0,0.04912032777017581,0.07520719685883881,,16,0.45,static_initial
44,1,0,0.3409090909090909,1.0,0.0,0.6590909090909091,0.6674612367828627,0.6684565405010613,0.0009953037181985591,0.0,0.05737583282274902,0.08580758854176479,-0.22077934292862572,16,0.5,completed_only
44,1,0,0.3409090909090909,1.0,0.0,0.6590909090909091,0.6674612367828627,0.6691460645253311,0.0016848277424683644,0.0,0.05652716766636381,0.08560912136729865,-0.18500491236148733,16,0.5,oracle_all_endpoints
44,1,0,0.0,1.0,0.0,1.0,0.6674612367828627,0.6674612367828627,0.0,0.0,0.04912032777017581,0.07520719685883881,,16,0.5,static_initial
44,1,0,0.3409090909090909,1.0,0.0,0.6590909090909091,0.6674612367828627,0.6684565405010613,0.0009953037181985591,0.0,0.05737583282274902,0.08580758854176479,-0.22077934292862572,16,0.55,completed_only
44,1,0,0.3409090909090909,1.0,0.0,0.6590909090909091,0.6674612367828627,0.6691460645253311,0.0016848277424683644,0.0,0.05652716766636381,0.08560912136729865,-0.18500491236148733,16,0.55,oracle_all_endpoints
44,1,0,0.0,1.0,0.0,1.0,0.6674612367828627,0.6674612367828627,0.0,0.0,0.04912032777017581,0.07520719685883881,,16,0.55,static_initial
44,1,1,0.3409090909090909,0.0,1.0,0.6590909090909091,0.6674612367828627,0.6579829035177641,-0.009478333265098615,0.2550014041806974,0.05748063448278648,0.08463359314604255,-0.23304486198021607,16,0.6,completed_only
44,1,0,0.38636363636363635,1.0,0.0,0.6136363636363636,0.6674612367828627,0.6677329205352808,0.0002716837524180393,0.0,0.05652716766636381,0.08560912136729865,-0.18500491236148733,16,0.6,oracle_all_endpoints
44,1,0,0.0,1.0,0.0,1.0,0.6674612367828627,0.6674612367828627,0.0,0.0,0.04912032777017581,0.07520719685883881,,16,0.6,static_initial
43,0,0,0.09302325581395349,,,0.9069767441860465,0.6618420878788248,0.6641510850138154,0.0023089971349905536,0.0,0.04768482771317272,0.06892137886788711,0.1521133101710141,17,0.1,completed_only
43,0,0,0.09302325581395349,,,0.9069767441860465,0.6618420878788248,0.6641510850138154,0.0023089971349905536,0.0,0.049321529894099006,0.06878027186013787,0.24739307588252837,17,0.1,oracle_all_endpoints
43,0,0,0.0,,,1.0,0.6618420878788248,0.6618420878788248,0.0,0.0,0.0478426409565469,0.06827756238020882,,17,0.1,static_initial
43,0,0,0.11627906976744186,,,0.8837209302325582,0.6618420878788248,0.6638971118902753,0.0020550240114505236,0.0,0.048523604534602485,0.07057039069434279,0.17825066216843108,17,0.15,completed_only
43,0,0,0.13953488372093023,,,0.8604651162790697,0.6618420878788248,0.6634677289129459,0.0016256410341211058,0.0,0.049321529894099006,0.06878027186013787,0.24739307588252837,17,0.15,oracle_all_endpoints
43,0,0,0.0,,,1.0,0.6618420878788248,0.6618420878788248,0.0,0.0,0.0478426409565469,0.06827756238020882,,17,0.15,static_initial
43,0,0,0.32558139534883723,,,0.6744186046511628,0.6618420878788248,0.6581369084351752,-0.0037051794436495644,0.026021634947701267,0.05169408833791298,0.07176987069565248,0.14694662431105954,17,0.2,completed_only
43,0,0,0.3023255813953488,,,0.6976744186046512,0.6618420878788248,0.659093208176061,-0.002748879702763829,0.019508605393585343,0.049321529894099006,0.06878027186013787,0.24739307588252837,17,0.2,oracle_all_endpoints
43,0,0,0.0,,,1.0,0.6618420878788248,0.6618420878788248,0.0,0.0,0.0478426409565469,0.06827756238020882,,17,0.2,static_initial
43,0,0,0.3953488372093023,,,0.6046511627906976,0.6618420878788248,0.6559083159138315,-0.00593377196499334,0.026021634947701267,0.05031042568082223,0.07081028155025988,0.09786310864149156,17,0.25,completed_only
43,0,0,0.3488372093023256,,,0.6511627906976745,0.6618420878788248,0.6645357192405446,0.0026936313617197394,0.019508605393585343,0.049321529894099006,0.06878027186013787,0.24739307588252837,17,0.25,oracle_all_endpoints
43,0,0,0.0,,,1.0,0.6618420878788248,0.6618420878788248,0.0,0.0,0.0478426409565469,0.06827756238020882,,17,0.25,static_initial
43,0,0,0.3953488372093023,,,0.6046511627906976,0.6618420878788248,0.6559083159138315,-0.00593377196499334,0.026021634947701267,0.05031042568082223,0.07081028155025988,0.09786310864149156,17,0.3,completed_only
43,0,0,0.3488372093023256,,,0.6511627906976745,0.6618420878788248,0.6645357192405446,0.0026936313617197394,0.019508605393585343,0.049321529894099006,0.06878027186013787,0.24739307588252837,17,0.3,oracle_all_endpoints
43,0,0,0.0,,,1.0,0.6618420878788248,0.6618420878788248,0.0,0.0,0.0478426409565469,0.06827756238020882,,17,0.3,static_initial
43,0,0,0.3953488372093023,,,0.6046511627906976,0.6618420878788248,0.6559083159138315,-0.00593377196499334,0.026021634947701267,0.05031042568082223,0.07081028155025988,0.09786310864149156,17,0.35,completed_only
43,0,0,0.37209302325581395,,,0.627906976744186,0.6618420878788248,0.663844060936311,0.0020019730574861727,0.019508605393585343,0.049321529894099006,0.06878027186013787,0.24739307588252837,17,0.35,oracle_all_endpoints
43,0,0,0.0,,,1.0,0.6618420878788248,0.6618420878788248,0.0,0.0,0.0478426409565469,0.06827756238020882,,17,0.35,static_initial
43,0,0,0.3953488372093023,,,0.6046511627906976,0.6618420878788248,0.6559083159138315,-0.00593377196499334,0.026021634947701267,0.05031042568082223,0.07081028155025988,0.09786310864149156,17,0.4,completed_only
43,0,0,0.37209302325581395,,,0.627906976744186,0.6618420878788248,0.663844060936311,0.0020019730574861727,0.019508605393585343,0.049321529894099006,0.06878027186013787,0.24739307588252837,17,0.4,oracle_all_endpoints
43,0,0,0.0,,,1.0,0.6618420878788248,0.6618420878788248,0.0,0.0,0.0478426409565469,0.06827756238020882,,17,0.4,static_initial
43,0,0,0.4883720930232558,,,0.5116279069767442,0.6618420878788248,0.652747420297841,-0.009094667580983762,0.026021634947701267,0.050642289623577585,0.071691661784627,0.050603129157789896,17,0.45,completed_only
43,0,0,0.4186046511627907,,,0.5813953488372093,0.6618420878788248,0.6637217844318092,0.0018796965529843668,0.019508605393585343,0.049321529894099006,0.06878027186013787,0.24739307588252837,17,0.45,oracle_all_endpoints
43,0,0,0.0,,,1.0,0.6618420878788248,0.6618420878788248,0.0,0.0,0.0478426409565469,0.06827756238020882,,17,0.45,static_initial
43,0,0,0.4883720930232558,,,0.5116279069767442,0.6618420878788248,0.652747420297841,-0.009094667580983762,0.026021634947701267,0.050642289623577585,0.071691661784627,0.050603129157789896,17,0.5,completed_only
43,0,0,0.4186046511627907,,,0.5813953488372093,0.6618420878788248,0.6637217844318092,0.0018796965529843668,0.019508605393585343,0.049321529894099006,0.06878027186013787,0.24739307588252837,17,0.5,oracle_all_endpoints
43,0,0,0.0,,,1.0,0.6618420878788248,0.6618420878788248,0.0,0.0,0.0478426409565469,0.06827756238020882,,17,0.5,static_initial
43,0,0,0.5348837209302325,,,0.46511627906976744,0.6618420878788248,0.6506592968881942,-0.011182790990630576,0.026021634947701267,0.050157628755456915,0.07137883598616634,0.038598182600836736,17,0.55,completed_only
43,0,0,0.5348837209302325,,,0.46511627906976744,0.6618420878788248,0.6600931908133771,-0.0017488970654476743,0.026021634947701267,0.049321529894099006,0.06878027186013787,0.24739307588252837,17,0.55,oracle_all_endpoints
43,0,0,0.0,,,1.0,0.6618420878788248,0.6618420878788248,0.0,0.0,0.0478426409565469,0.06827756238020882,,17,0.55,static_initial
43,0,0,0.5581395348837209,,,0.4418604651162791,0.6618420878788248,0.6486659743986753,-0.013176113480149465,0.02768239937318362,0.050157628755456915,0.07137883598616634,0.038598182600836736,17,0.6,completed_only
43,0,0,0.5348837209302325,,,0.46511627906976744,0.6618420878788248,0.6600931908133771,-0.0017488970654476743,0.026021634947701267,0.049321529894099006,0.06878027186013787,0.24739307588252837,17,0.6,oracle_all_endpoints
43,0,0,0.0,,,1.0,0.6618420878788248,0.6618420878788248,0.0,0.0,0.0478426409565469,0.06827756238020882,,17,0.6,static_initial
44,13,3,0.2727272727272727,0.7692307692307692,0.23076923076923078,0.7272727272727273,0.681892670163149,0.6791583263127721,-0.0027343438503769635,0.010924089113984126,0.06380093716246112,0.10496488730732358,-0.010137709877213146,18,0.1,completed_only
44,13,2,0.22727272727272727,0.8461538461538461,0.15384615384615385,0.7727272727272727,0.681892670163149,0.6890652436801493,0.007172573517000291,0.0,0.0609528282662922,0.10245913960495324,0.035801003412535934,18,0.1,oracle_all_endpoints
44,13,0,0.0,1.0,0.0,1.0,0.681892670163149,0.681892670163149,0.0,0.0,0.051511041288456474,0.095393587497193,,18,0.1,static_initial
44,13,3,0.3181818181818182,0.7692307692307692,0.23076923076923078,0.6818181818181818,0.681892670163149,0.6793875486847382,-0.0025051214784108655,0.010924089113984126,0.06621649914296866,0.1062729645559935,-0.015950942114496203,18,0.15,completed_only
44,13,3,0.3181818181818182,0.7692307692307692,0.23076923076923078,0.6818181818181818,0.681892670163149,0.6812230069101964,-0.0006696632529525903,0.010924089113984126,0.0609528282662922,0.10245913960495324,0.035801003412535934,18,0.15,oracle_all_endpoints
44,13,0,0.0,1.0,0.0,1.0,0.681892670163149,0.681892670163149,0.0,0.0,0.051511041288456474,0.095393587497193,,18,0.15,static_initial
44,13,3,0.3181818181818182,0.7692307692307692,0.23076923076923078,0.6818181818181818,0.681892670163149,0.6793875486847382,-0.0025051214784108655,0.010924089113984126,0.06621649914296866,0.1062729645559935,-0.015950942114496203,18,0.2,completed_only
44,13,3,0.3181818181818182,0.7692307692307692,0.23076923076923078,0.6818181818181818,0.681892670163149,0.6812230069101964,-0.0006696632529525903,0.010924089113984126,0.0609528282662922,0.10245913960495324,0.035801003412535934,18,0.2,oracle_all_endpoints
44,13,0,0.0,1.0,0.0,1.0,0.681892670163149,0.681892670163149,0.0,0.0,0.051511041288456474,0.095393587497193,,18,0.2,static_initial
44,13,4,0.3409090909090909,0.6923076923076923,0.3076923076923077,0.6590909090909091,0.681892670163149,0.6691563951917909,-0.012736274971358097,0.11422399162752828,0.06621649914296866,0.1062729645559935,-0.015950942114496203,18,0.25,completed_only
44,13,3,0.3181818181818182,0.7692307692307692,0.23076923076923078,0.6818181818181818,0.681892670163149,0.6812230069101964,-0.0006696632529525903,0.010924089113984126,0.0609528282662922,0.10245913960495324,0.035801003412535934,18,0.25,oracle_all_endpoints
44,13,0,0.0,1.0,0.0,1.0,0.681892670163149,0.681892670163149,0.0,0.0,0.051511041288456474,0.095393587497193,,18,0.25,static_initial
44,13,4,0.3409090909090909,0.6923076923076923,0.3076923076923077,0.6590909090909091,0.681892670163149,0.6691563951917909,-0.012736274971358097,0.11422399162752828,0.06621649914296866,0.1062729645559935,-0.015950942114496203,18,0.3,completed_only
44,13,3,0.3181818181818182,0.7692307692307692,0.23076923076923078,0.6818181818181818,0.681892670163149,0.6812230069101964,-0.0006696632529525903,0.010924089113984126,0.0609528282662922,0.10245913960495324,0.035801003412535934,18,0.3,oracle_all_endpoints
44,13,0,0.0,1.0,0.0,1.0,0.681892670163149,0.681892670163149,0.0,0.0,0.051511041288456474,0.095393587497193,,18,0.3,static_initial
44,13,4,0.3409090909090909,0.6923076923076923,0.3076923076923077,0.6590909090909091,0.681892670163149,0.6691563951917909,-0.012736274971358097,0.11422399162752828,0.06621649914296866,0.1062729645559935,-0.015950942114496203,18,0.35,completed_only
44,13,3,0.3181818181818182,0.7692307692307692,0.23076923076923078,0.6818181818181818,0.681892670163149,0.6812230069101964,-0.0006696632529525903,0.010924089113984126,0.0609528282662922,0.10245913960495324,0.035801003412535934,18,0.35,oracle_all_endpoints
44,13,0,0.0,1.0,0.0,1.0,0.681892670163149,0.681892670163149,0.0,0.0,0.051511041288456474,0.095393587497193,,18,0.35,static_initial
44,13,4,0.3409090909090909,0.6923076923076923,0.3076923076923077,0.6590909090909091,0.681892670163149,0.6691563951917909,-0.012736274971358097,0.11422399162752828,0.06621649914296866,0.1062729645559935,-0.015950942114496203,18,0.4,completed_only
44,13,3,0.36363636363636365,0.7692307692307692,0.23076923076923078,0.6363636363636364,0.681892670163149,0.681314616681063,-0.0005780534820860606,0.010924089113984126,0.0609528282662922,0.10245913960495324,0.035801003412535934,18,0.4,oracle_all_endpoints
44,13,0,0.0,1.0,0.0,1.0,0.681892670163149,0.681892670163149,0.0,0.0,0.051511041288456474,0.095393587497193,,18,0.4,static_initial
44,13,4,0.3409090909090909,0.6923076923076923,0.3076923076923077,0.6590909090909091,0.681892670163149,0.6691563951917909,-0.012736274971358097,0.11422399162752828,0.06621649914296866,0.1062729645559935,-0.015950942114496203,18,0.45,completed_only
44,13,6,0.45454545454545453,0.5384615384615384,0.46153846153846156,0.5454545454545454,0.681892670163149,0.6681592041631564,-0.013733465999992589,0.11422399162752828,0.0609528282662922,0.10245913960495324,0.035801003412535934,18,0.45,oracle_all_endpoints
44,13,0,0.0,1.0,0.0,1.0,0.681892670163149,0.681892670163149,0.0,0.0,0.051511041288456474,0.095393587497193,,18,0.45,static_initial
44,13,4,0.38636363636363635,0.6923076923076923,0.3076923076923077,0.6136363636363636,0.681892670163149,0.6688440558424802,-0.013048614320668839,0.11422399162752828,0.06709370440037765,0.10697933843853269,-0.020346312830490716,18,0.5,completed_only
44,13,6,0.45454545454545453,0.5384615384615384,0.46153846153846156,0.5454545454545454,0.681892670163149,0.6681592041631564,-0.013733465999992589,0.11422399162752828,0.0609528282662922,0.10245913960495324,0.035801003412535934,18,0.5,oracle_all_endpoints
44,13,0,0.0,1.0,0.0,1.0,0.681892670163149,0.681892670163149,0.0,0.0,0.051511041288456474,0.095393587497193,,18,0.5,static_initial
44,13,4,0.4090909090909091,0.6923076923076923,0.3076923076923077,0.5909090909090909,0.681892670163149,0.6690809826451833,-0.012811687517965686,0.11422399162752828,0.066610490012836,0.10599991243435805,-0.01878666515707331,18,0.55,completed_only
44,13,6,0.4772727272727273,0.5384615384615384,0.46153846153846156,0.5227272727272727,0.681892670163149,0.6676537659941,-0.01423890416904905,0.11422399162752828,0.0609528282662922,0.10245913960495324,0.035801003412535934,18,0.55,oracle_all_endpoints
44,13,0,0.0,1.0,0.0,1.0,0.681892670163149,0.681892670163149,0.0,0.0,0.051511041288456474,0.095393587497193,,18,0.55,static_initial
44,13,4,0.4318181818181818,0.6923076923076923,0.3076923076923077,0.5681818181818182,0.681892670163149,0.6689462180964015,-0.012946452066747494,0.11422399162752828,0.06844375963824934,0.10849491108822605,-0.024458111242227517,18,0.6,completed_only
44,13,6,0.4772727272727273,0.5384615384615384,0.46153846153846156,0.5227272727272727,0.681892670163149,0.6676537659941,-0.01423890416904905,0.11422399162752828,0.0609528282662922,0.10245913960495324,0.035801003412535934,18,0.6,oracle_all_endpoints
44,13,0,0.0,1.0,0.0,1.0,0.681892670163149,0.681892670163149,0.0,0.0,0.051511041288456474,0.095393587497193,,18,0.6,static_initial
42,3,0,0.023809523809523808,1.0,0.0,0.9761904761904762,0.6741889482810656,0.6745054333028709,0.0003164850218053683,0.0,0.057030081348283655,0.0835314778832961,0.29125677018671453,19,0.1,completed_only
42,3,0,0.023809523809523808,1.0,0.0,0.9761904761904762,0.6741889482810656,0.6745054333028709,0.0003164850218053683,0.0,0.057567782168768886,0.08445496902717843,0.2564555703989106,19,0.1,oracle_all_endpoints
42,3,0,0.0,1.0,0.0,1.0,0.6741889482810656,0.6741889482810656,0.0,0.0,0.03733321753033752,0.06437612994659009,,19,0.1,static_initial
42,3,2,0.3333333333333333,0.33333333333333337,0.6666666666666666,0.6666666666666666,0.6741889482810656,0.6665728646559541,-0.007616083625111458,0.24813859191884102,0.05723817073006282,0.08547571471881411,0.2686522525675335,19,0.15,completed_only
42,3,2,0.3333333333333333,0.33333333333333337,0.6666666666666666,0.6666666666666666,0.6741889482810656,0.6665728646559541,-0.007616083625111458,0.24813859191884102,0.057567782168768886,0.08445496902717843,0.2564555703989106,19,0.15,oracle_all_endpoints
42,3,0,0.0,1.0,0.0,1.0,0.6741889482810656,0.6741889482810656,0.0,0.0,0.03733321753033752,0.06437612994659009,,19,0.15,static_initial
42,3,2,0.42857142857142855,0.33333333333333337,0.6666666666666666,0.5714285714285714,0.6741889482810656,0.6685101512182697,-0.005678797062795837,0.24813859191884102,0.05775533115210025,0.08866065410287655,0.2610089984085298,19,0.2,completed_only
42,3,2,0.4523809523809524,0.33333333333333337,0.6666666666666666,0.5476190476190477,0.6741889482810656,0.6673564424128393,-0.006832505868226257,0.24813859191884102,0.057567782168768886,0.08445496902717843,0.2564555703989106,19,0.2,oracle_all_endpoints
42,3,0,0.0,1.0,0.0,1.0,0.6741889482810656,0.6741889482810656,0.0,0.0,0.03733321753033752,0.06437612994659009,,19,0.2,static_initial
42,3,2,0.47619047619047616,0.33333333333333337,0.6666666666666666,0.5238095238095238,0.6741889482810656,0.6681794092738621,-0.006009539007203468,0.24813859191884102,0.05596602504566718,0.08626080319924806,0.33337597927569224,19,0.25,completed_only
42,3,2,0.47619047619047616,0.33333333333333337,0.6666666666666666,0.5238095238095238,0.6741889482810656,0.6667180278389296,-0.007470920442135931,0.24813859191884102,0.057567782168768886,0.08445496902717843,0.2564555703989106,19,0.25,oracle_all_endpoints
42,3,0,0.0,1.0,0.0,1.0,0.6741889482810656,0.6741889482810656,0.0,0.0,0.03733321753033752,0.06437612994659009,,19,0.25,static_initial
42,3,2,0.47619047619047616,0.33333333333333337,0.6666666666666666,0.5238095238095238,0.6741889482810656,0.6681794092738621,-0.006009539007203468,0.24813859191884102,0.05596602504566718,0.08626080319924806,0.33337597927569224,19,0.3,completed_only
42,3,2,0.5,0.33333333333333337,0.6666666666666666,0.5,0.6741889482810656,0.6669000738229427,-0.007288874458122874,0.24813859191884102,0.057567782168768886,0.08445496902717843,0.2564555703989106,19,0.3,oracle_all_endpoints
42,3,0,0.0,1.0,0.0,1.0,0.6741889482810656,0.6741889482810656,0.0,0.0,0.03733321753033752,0.06437612994659009,,19,0.3,static_initial
42,3,2,0.5,0.33333333333333337,0.6666666666666666,0.5,0.6741889482810656,0.6676785592528086,-0.006510389028256958,0.24813859191884102,0.05596602504566718,0.08626080319924806,0.33337597927569224,19,0.35,completed_only
42,3,2,0.5,0.33333333333333337,0.6666666666666666,0.5,0.6741889482810656,0.6669000738229427,-0.007288874458122874,0.24813859191884102,0.057567782168768886,0.08445496902717843,0.2564555703989106,19,0.35,oracle_all_endpoints
42,3,0,0.0,1.0,0.0,1.0,0.6741889482810656,0.6741889482810656,0.0,0.0,0.03733321753033752,0.06437612994659009,,19,0.35,static_initial
42,3,2,0.5,0.33333333333333337,0.6666666666666666,0.5,0.6741889482810656,0.6676785592528086,-0.006510389028256958,0.24813859191884102,0.05596602504566718,0.08626080319924806,0.33337597927569224,19,0.4,completed_only
42,3,2,0.5,0.33333333333333337,0.6666666666666666,0.5,0.6741889482810656,0.6669000738229427,-0.007288874458122874,0.24813859191884102,0.057567782168768886,0.08445496902717843,0.2564555703989106,19,0.4,oracle_all_endpoints
42,3,0,0.0,1.0,0.0,1.0,0.6741889482810656,0.6741889482810656,0.0,0.0,0.03733321753033752,0.06437612994659009,,19,0.4,static_initial
42,3,2,0.5,0.33333333333333337,0.6666666666666666,0.5,0.6741889482810656,0.6676785592528086,-0.006510389028256958,0.24813859191884102,0.05596602504566718,0.08626080319924806,0.33337597927569224,19,0.45,completed_only
42,3,2,0.5,0.33333333333333337,0.6666666666666666,0.5,0.6741889482810656,0.6669000738229427,-0.007288874458122874,0.24813859191884102,0.057567782168768886,0.08445496902717843,0.2564555703989106,19,0.45,oracle_all_endpoints
42,3,0,0.0,1.0,0.0,1.0,0.6741889482810656,0.6741889482810656,0.0,0.0,0.03733321753033752,0.06437612994659009,,19,0.45,static_initial
42,3,2,0.5,0.33333333333333337,0.6666666666666666,0.5,0.6741889482810656,0.6676785592528086,-0.006510389028256958,0.24813859191884102,0.05596602504566718,0.08626080319924806,0.33337597927569224,19,0.5,completed_only
42,3,2,0.5,0.33333333333333337,0.6666666666666666,0.5,0.6741889482810656,0.6669000738229427,-0.007288874458122874,0.24813859191884102,0.057567782168768886,0.08445496902717843,0.2564555703989106,19,0.5,oracle_all_endpoints
42,3,0,0.0,1.0,0.0,1.0,0.6741889482810656,0.6741889482810656,0.0,0.0,0.03733321753033752,0.06437612994659009,,19,0.5,static_initial
42,3,2,0.5,0.33333333333333337,0.6666666666666666,0.5,0.6741889482810656,0.6676785592528086,-0.006510389028256958,0.24813859191884102,0.05596602504566718,0.08626080319924806,0.33337597927569224,19,0.55,completed_only
42,3,2,0.5,0.33333333333333337,0.6666666666666666,0.5,0.6741889482810656,0.6669000738229427,-0.007288874458122874,0.24813859191884102,0.057567782168768886,0.08445496902717843,0.2564555703989106,19,0.55,oracle_all_endpoints
42,3,0,0.0,1.0,0.0,1.0,0.6741889482810656,0.6741889482810656,0.0,0.0,0.03733321753033752,0.06437612994659009,,19,0.55,static_initial
42,3,2,0.5,0.33333333333333337,0.6666666666666666,0.5,0.6741889482810656,0.6676785592528086,-0.006510389028256958,0.24813859191884102,0.05596602504566718,0.08626080319924806,0.33337597927569224,19,0.6,completed_only
42,3,2,0.5,0.33333333333333337,0.6666666666666666,0.5,0.6741889482810656,0.6669000738229427,-0.007288874458122874,0.24813859191884102,0.057567782168768886,0.08445496902717843,0.2564555703989106,19,0.6,oracle_all_endpoints
42,3,0,0.0,1.0,0.0,1.0,0.6741889482810656,0.6741889482810656,0.0,0.0,0.03733321753033752,0.06437612994659009,,19,0.6,static_initial
44,7,2,0.25,0.7142857142857143,0.2857142857142857,0.75,0.6812495570356504,0.6720269065314235,-0.009222650504226881,0.0,0.07313572881544986,0.11277323441159094,-0.19351739728707515,20,0.1,completed_only
44,7,2,0.18181818181818182,0.7142857142857143,0.2857142857142857,0.8181818181818182,0.6812495570356504,0.673339686902676,-0.007909870132974395,0.0,0.0683361347907891,0.1094763977427804,0.09371062242253235,20,0.1,oracle_all_endpoints
44,7,0,0.0,1.0,0.0,1.0,0.6812495570356504,0.6812495570356504,0.0,0.0,0.050444736217254,0.09519652067380671,,20,0.1,static_initial
44,7,4,0.3409090909090909,0.4285714285714286,0.5714285714285714,0.6590909090909091,0.6812495570356504,0.6590824516381961,-0.022167105397454256,0.11422399162752828,0.07336355751772733,0.11213754860263098,-0.15523923079073063,20,0.15,completed_only
44,7,2,0.20454545454545456,0.7142857142857143,0.2857142857142857,0.7954545454545454,0.6812495570356504,0.6727923330724404,-0.008457223963210025,0.0,0.0683361347907891,0.1094763977427804,0.09371062242253235,20,0.15,oracle_all_endpoints
44,7,0,0.0,1.0,0.0,1.0,0.6812495570356504,0.6812495570356504,0.0,0.0,0.050444736217254,0.09519652067380671,,20,0.15,static_initial
44,7,4,0.3409090909090909,0.4285714285714286,0.5714285714285714,0.6590909090909091,0.6812495570356504,0.6590824516381961,-0.022167105397454256,0.11422399162752828,0.07336355751772733,0.11213754860263098,-0.15523923079073063,20,0.2,completed_only
44,7,2,0.20454545454545456,0.7142857142857143,0.2857142857142857,0.7954545454545454,0.6812495570356504,0.6727923330724404,-0.008457223963210025,0.0,0.0683361347907891,0.1094763977427804,0.09371062242253235,20,0.2,oracle_all_endpoints
44,7,0,0.0,1.0,0.0,1.0,0.6812495570356504,0.6812495570356504,0.0,0.0,0.050444736217254,0.09519652067380671,,20,0.2,static_initial
44,7,4,0.3409090909090909,0.4285714285714286,0.5714285714285714,0.6590909090909091,0.6812495570356504,0.6590824516381961,-0.022167105397454256,0.11422399162752828,0.07336355751772733,0.11213754860263098,-0.15523923079073063,20,0.25,completed_only
44,7,2,0.25,0.7142857142857143,0.2857142857142857,0.75,0.6812495570356504,0.6717842727017406,-0.009465284333909807,0.0,0.0683361347907891,0.1094763977427804,0.09371062242253235,20,0.25,oracle_all_endpoints
44,7,0,0.0,1.0,0.0,1.0,0.6812495570356504,0.6812495570356504,0.0,0.0,0.050444736217254,0.09519652067380671,,20,0.25,static_initial
44,7,4,0.3409090909090909,0.4285714285714286,0.5714285714285714,0.6590909090909091,0.6812495570356504,0.6590824516381961,-0.022167105397454256,0.11422399162752828,0.07336355751772733,0.11213754860263098,-0.15523923079073063,20,0.3,completed_only
44,7,2,0.25,0.7142857142857143,0.2857142857142857,0.75,0.6812495570356504,0.6717842727017406,-0.009465284333909807,0.0,0.0683361347907891,0.1094763977427804,0.09371062242253235,20,0.3,oracle_all_endpoints
44,7,0,0.0,1.0,0.0,1.0,0.6812495570356504,0.6812495570356504,0.0,0.0,0.050444736217254,0.09519652067380671,,20,0.3,static_initial
44,7,4,0.3409090909090909,0.4285714285714286,0.5714285714285714,0.6590909090909091,0.6812495570356504,0.6590824516381961,-0.022167105397454256,0.11422399162752828,0.07336355751772733,0.11213754860263098,-0.15523923079073063,20,0.35,completed_only
44,7,2,0.25,0.7142857142857143,0.2857142857142857,0.75,0.6812495570356504,0.6717842727017406,-0.009465284333909807,0.0,0.0683361347907891,0.1094763977427804,0.09371062242253235,20,0.35,oracle_all_endpoints
44,7,0,0.0,1.0,0.0,1.0,0.6812495570356504,0.6812495570356504,0.0,0.0,0.050444736217254,0.09519652067380671,,20,0.35,static_initial
44,7,4,0.3409090909090909,0.4285714285714286,0.5714285714285714,0.6590909090909091,0.6812495570356504,0.6590824516381961,-0.022167105397454256,0.11422399162752828,0.07336355751772733,0.11213754860263098,-0.15523923079073063,20,0.4,completed_only
44,7,2,0.25,0.7142857142857143,0.2857142857142857,0.75,0.6812495570356504,0.6717842727017406,-0.009465284333909807,0.0,0.0683361347907891,0.1094763977427804,0.09371062242253235,20,0.4,oracle_all_endpoints
44,7,0,0.0,1.0,0.0,1.0,0.6812495570356504,0.6812495570356504,0.0,0.0,0.050444736217254,0.09519652067380671,,20,0.4,static_initial
44,7,4,0.3409090909090909,0.4285714285714286,0.5714285714285714,0.6590909090909091,0.6812495570356504,0.6590824516381961,-0.022167105397454256,0.11422399162752828,0.07336355751772733,0.11213754860263098,-0.15523923079073063,20,0.45,completed_only
44,7,2,0.25,0.7142857142857143,0.2857142857142857,0.75,0.6812495570356504,0.6717842727017406,-0.009465284333909807,0.0,0.0683361347907891,0.1094763977427804,0.09371062242253235,20,0.45,oracle_all_endpoints
44,7,0,0.0,1.0,0.0,1.0,0.6812495570356504,0.6812495570356504,0.0,0.0,0.050444736217254,0.09519652067380671,,20,0.45,static_initial
44,7,4,0.36363636363636365,0.4285714285714286,0.5714285714285714,0.6363636363636364,0.6812495570356504,0.6578913849166513,-0.023358172118999043,0.11422399162752828,0.07336355751772733,0.11213754860263098,-0.15523923079073063,20,0.5,completed_only
44,7,2,0.25,0.7142857142857143,0.2857142857142857,0.75,0.6812495570356504,0.6717842727017406,-0.009465284333909807,0.0,0.0683361347907891,0.1094763977427804,0.09371062242253235,20,0.5,oracle_all_endpoints
44,7,0,0.0,1.0,0.0,1.0,0.6812495570356504,0.6812495570356504,0.0,0.0,0.050444736217254,0.09519652067380671,,20,0.5,static_initial
44,7,4,0.36363636363636365,0.4285714285714286,0.5714285714285714,0.6363636363636364,0.6812495570356504,0.6578913849166513,-0.023358172118999043,0.11422399162752828,0.07336355751772733,0.11213754860263098,-0.15523923079073063,20,0.55,completed_only
44,7,2,0.2727272727272727,0.7142857142857143,0.2857142857142857,0.7272727272727273,0.6812495570356504,0.6720620605307119,-0.009187496504938442,0.0,0.0683361347907891,0.1094763977427804,0.09371062242253235,20,0.55,oracle_all_endpoints
44,7,0,0.0,1.0,0.0,1.0,0.6812495570356504,0.6812495570356504,0.0,0.0,0.050444736217254,0.09519652067380671,,20,0.55,static_initial
44,7,4,0.4090909090909091,0.4285714285714286,0.5714285714285714,0.5909090909090909,0.6812495570356504,0.6558988534239268,-0.025350703611723535,0.11422399162752828,0.07336355751772733,0.11213754860263098,-0.15523923079073063,20,0.6,completed_only
44,7,2,0.2727272727272727,0.7142857142857143,0.2857142857142857,0.7272727272727273,0.6812495570356504,0.6720620605307119,-0.009187496504938442,0.0,0.0683361347907891,0.1094763977427804,0.09371062242253235,20,0.6,oracle_all_endpoints
44,7,0,0.0,1.0,0.0,1.0,0.6812495570356504,0.6812495570356504,0.0,0.0,0.050444736217254,0.09519652067380671,,20,0.6,static_initial
37,7,0,0.10810810810810811,1.0,0.0,0.8918918918918919,0.6864742452215699,0.6893931240084774,0.0029188787869075528,0.0,0.08360766933143547,0.11669110853667801,0.20872312743996613,21,0.1,completed_only
37,7,0,0.10810810810810811,1.0,0.0,0.8918918918918919,0.6864742452215699,0.6893931240084774,0.0029188787869075528,0.0,0.08360576086200289,0.1174163009109646,0.14915602486006713,21,0.1,oracle_all_endpoints
37,7,0,0.0,1.0,0.0,1.0,0.6864742452215699,0.6864742452215699,0.0,0.0,0.06994836894662874,0.11827249561045042,,21,0.1,static_initial
37,7,0,0.10810810810810811,1.0,0.0,0.8918918918918919,0.6864742452215699,0.6893931240084774,0.0029188787869075528,0.0,0.08360766933143547,0.11669110853667801,0.20872312743996613,21,0.15,completed_only
37,7,0,0.13513513513513514,1.0,0.0,0.8648648648648649,0.6864742452215699,0.6897140700555848,0.0032398248340149705,0.0,0.08360576086200289,0.1174163009109646,0.14915602486006713,21,0.15,oracle_all_endpoints
37,7,0,0.0,1.0,0.0,1.0,0.6864742452215699,0.6864742452215699,0.0,0.0,0.06994836894662874,0.11827249561045042,,21,0.15,static_initial
37,7,0,0.16216216216216217,1.0,0.0,0.8378378378378378,0.6864742452215699,0.6959036794495763,0.009429434228006461,0.0,0.08360766933143547,0.11669110853667801,0.20872312743996613,21,0.2,completed_only
37,7,0,0.13513513513513514,1.0,0.0,0.8648648648648649,0.6864742452215699,0.6897140700555848,0.0032398248340149705,0.0,0.08360576086200289,0.1174163009109646,0.14915602486006713,21,0.2,oracle_all_endpoints
37,7,0,0.0,1.0,0.0,1.0,0.6864742452215699,0.6864742452215699,0.0,0.0,0.06994836894662874,0.11827249561045042,,21,0.2,static_initial
37,7,0,0.16216216216216217,1.0,0.0,0.8378378378378378,0.6864742452215699,0.6959036794495763,0.009429434228006461,0.0,0.08360766933143547,0.11669110853667801,0.20872312743996613,21,0.25,completed_only
37,7,0,0.13513513513513514,1.0,0.0,0.8648648648648649,0.6864742452215699,0.6897140700555848,0.0032398248340149705,0.0,0.08360576086200289,0.1174163009109646,0.14915602486006713,21,0.25,oracle_all_endpoints
37,7,0,0.0,1.0,0.0,1.0,0.6864742452215699,0.6864742452215699,0.0,0.0,0.06994836894662874,0.11827249561045042,,21,0.25,static_initial
37,7,0,0.16216216216216217,1.0,0.0,0.8378378378378378,0.6864742452215699,0.6959036794495763,0.009429434228006461,0.0,0.08360766933143547,0.11669110853667801,0.20872312743996613,21,0.3,completed_only
37,7,0,0.13513513513513514,1.0,0.0,0.8648648648648649,0.6864742452215699,0.6897140700555848,0.0032398248340149705,0.0,0.08360576086200289,0.1174163009109646,0.14915602486006713,21,0.3,oracle_all_endpoints
37,7,0,0.0,1.0,0.0,1.0,0.6864742452215699,0.6864742452215699,0.0,0.0,0.06994836894662874,0.11827249561045042,,21,0.3,static_initial
37,7,0,0.16216216216216217,1.0,0.0,0.8378378378378378,0.6864742452215699,0.6959036794495763,0.009429434228006461,0.0,0.08360766933143547,0.11669110853667801,0.20872312743996613,21,0.35,completed_only
37,7,0,0.16216216216216217,1.0,0.0,0.8378378378378378,0.6864742452215699,0.6903488787102674,0.003874633488697543,0.0,0.08360576086200289,0.1174163009109646,0.14915602486006713,21,0.35,oracle_all_endpoints
37,7,0,0.0,1.0,0.0,1.0,0.6864742452215699,0.6864742452215699,0.0,0.0,0.06994836894662874,0.11827249561045042,,21,0.35,static_initial
37,7,0,0.21621621621621623,1.0,0.0,0.7837837837837838,0.6864742452215699,0.6973890276365676,0.01091478241499777,0.0,0.08387129589160952,0.11679622093312282,0.24660780468078192,21,0.4,completed_only
37,7,0,0.1891891891891892,1.0,0.0,0.8108108108108109,0.6864742452215699,0.6907372660100769,0.004263020788507044,0.0,0.08360576086200289,0.1174163009109646,0.14915602486006713,21,0.4,oracle_all_endpoints
37,7,0,0.0,1.0,0.0,1.0,0.6864742452215699,0.6864742452215699,0.0,0.0,0.06994836894662874,0.11827249561045042,,21,0.4,static_initial
37,7,0,0.21621621621621623,1.0,0.0,0.7837837837837838,0.6864742452215699,0.6973890276365676,0.01091478241499777,0.0,0.08387129589160952,0.11679622093312282,0.24660780468078192,21,0.45,completed_only
37,7,0,0.1891891891891892,1.0,0.0,0.8108108108108109,0.6864742452215699,0.6907372660100769,0.004263020788507044,0.0,0.08360576086200289,0.1174163009109646,0.14915602486006713,21,0.45,oracle_all_endpoints
37,7,0,0.0,1.0,0.0,1.0,0.6864742452215699,0.6864742452215699,0.0,0.0,0.06994836894662874,0.11827249561045042,,21,0.45,static_initial
37,7,7,1.0,0.0,1.0,0.0,0.6864742452215699,,,,0.06994836894662874,0.11827249561045042,,21,0.5,completed_only
37,7,4,0.4594594594594595,0.4285714285714286,0.5714285714285714,0.5405405405405406,0.6864742452215699,0.6835698076150545,-0.0029044376065153754,0.0,0.08360576086200289,0.1174163009109646,0.14915602486006713,21,0.5,oracle_all_endpoints
37,7,7,1.0,0.0,1.0,0.0,0.6864742452215699,,,,0.06994836894662874,0.11827249561045042,,21,0.5,static_initial
37,7,7,1.0,0.0,1.0,0.0,0.6864742452215699,,,,0.06994836894662874,0.11827249561045042,,21,0.55,completed_only
37,7,4,0.4594594594594595,0.4285714285714286,0.5714285714285714,0.5405405405405406,0.6864742452215699,0.6835698076150545,-0.0029044376065153754,0.0,0.08360576086200289,0.1174163009109646,0.14915602486006713,21,0.55,oracle_all_endpoints
37,7,7,1.0,0.0,1.0,0.0,0.6864742452215699,,,,0.06994836894662874,0.11827249561045042,,21,0.55,static_initial
37,7,7,1.0,0.0,1.0,0.0,0.6864742452215699,,,,0.06994836894662874,0.11827249561045042,,21,0.6,completed_only
37,7,4,0.5135135135135135,0.4285714285714286,0.5714285714285714,0.4864864864864865,0.6864742452215699,0.7079016326495599,0.021427387427989997,0.0,0.08360576086200289,0.1174163009109646,0.14915602486006713,21,0.6,oracle_all_endpoints
37,7,7,1.0,0.0,1.0,0.0,0.6864742452215699,,,,0.06994836894662874,0.11827249561045042,,21,0.6,static_initial
43,2,0,0.32558139534883723,1.0,0.0,0.6744186046511628,0.674133919329236,0.6786134041079864,0.0044794847787503755,0.0,0.062333287628362107,0.08972720672220362,0.25911449693157135,22,0.1,completed_only
43,2,0,0.23255813953488372,1.0,0.0,0.7674418604651163,0.674133919329236,0.6790575226868061,0.004923603357570028,0.0,0.0575219661202287,0.08357459331013438,0.25955972676321193,22,0.1,oracle_all_endpoints
43,2,0,0.0,1.0,0.0,1.0,0.674133919329236,0.674133919329236,0.0,0.0,0.03785984970773169,0.06688297058333541,,22,0.1,static_initial
43,2,0,0.46511627906976744,1.0,0.0,0.5348837209302325,0.674133919329236,0.6791106292919621,0.004976709962726034,0.0,0.06637992204170572,0.09103491886285561,0.10437001286562818,22,0.15,completed_only
43,2,0,0.4186046511627907,1.0,0.0,0.5813953488372093,0.674133919329236,0.678962202035305,0.004828282706068943,0.0,0.0575219661202287,0.08357459331013438,0.25955972676321193,22,0.15,oracle_all_endpoints
43,2,0,0.0,1.0,0.0,1.0,0.674133919329236,0.674133919329236,0.0,0.0,0.03785984970773169,0.06688297058333541,,22,0.15,static_initial
43,2,0,0.46511627906976744,1.0,0.0,0.5348837209302325,0.674133919329236,0.6791106292919621,0.004976709962726034,0.0,0.06637992204170572,0.09103491886285561,0.10437001286562818,22,0.2,completed_only
43,2,0,0.46511627906976744,1.0,0.0,0.5348837209302325,0.674133919329236,0.6815995720896927,0.007465652760456631,0.0,0.0575219661202287,0.08357459331013438,0.25955972676321193,22,0.2,oracle_all_endpoints
43,2,0,0.0,1.0,0.0,1.0,0.674133919329236,0.674133919329236,0.0,0.0,0.03785984970773169,0.06688297058333541,,22,0.2,static_initial
43,2,0,0.5116279069767442,1.0,0.0,0.4883720930232558,0.674133919329236,0.6781801344614796,0.004046215132243569,0.0,0.06604409351284996,0.09020670433286067,0.10361150986515126,22,0.25,completed_only
43,2,0,0.46511627906976744,1.0,0.0,0.5348837209302325,0.674133919329236,0.6815995720896927,0.007465652760456631,0.0,0.0575219661202287,0.08357459331013438,0.25955972676321193,22,0.25,oracle_all_endpoints
43,2,0,0.0,1.0,0.0,1.0,0.674133919329236,0.674133919329236,0.0,0.0,0.03785984970773169,0.06688297058333541,,22,0.25,static_initial
43,2,0,0.5348837209302325,1.0,0.0,0.46511627906976744,0.674133919329236,0.6867297072573071,0.012595787928071034,0.0,0.06526449480029949,0.09643298571611264,0.18386112731561244,22,0.3,completed_only
43,2,0,0.5116279069767442,1.0,0.0,0.4883720930232558,0.674133919329236,0.6898343647323636,0.01570044540312754,0.0,0.0575219661202287,0.08357459331013438,0.25955972676321193,22,0.3,oracle_all_endpoints
43,2,0,0.0,1.0,0.0,1.0,0.674133919329236,0.674133919329236,0.0,0.0,0.03785984970773169,0.06688297058333541,,22,0.3,static_initial
43,2,0,0.5813953488372093,1.0,0.0,0.4186046511627907,0.674133919329236,0.6872486881014667,0.013114768772230612,0.0,0.06567665858095206,0.0967637660749434,0.18340602551532628,22,0.35,completed_only
43,2,0,0.5116279069767442,1.0,0.0,0.4883720930232558,0.674133919329236,0.6898343647323636,0.01570044540312754,0.0,0.0575219661202287,0.08357459331013438,0.25955972676321193,22,0.35,oracle_all_endpoints
43,2,0,0.0,1.0,0.0,1.0,0.674133919329236,0.674133919329236,0.0,0.0,0.03785984970773169,0.06688297058333541,,22,0.35,static_initial
43,2,0,0.5813953488372093,1.0,0.0,0.4186046511627907,0.674133919329236,0.6874072763238762,0.013273356994640162,0.0,0.06551795578386856,0.09530700728885112,0.15503801329748837,22,0.4,completed_only
43,2,0,0.5348837209302325,1.0,0.0,0.46511627906976744,0.674133919329236,0.690333002555106,0.016199083225869937,0.0,0.0575219661202287,0.08357459331013438,0.25955972676321193,22,0.4,oracle_all_endpoints
43,2,0,0.0,1.0,0.0,1.0,0.674133919329236,0.674133919329236,0.0,0.0,0.03785984970773169,0.06688297058333541,,22,0.4,static_initial
43,2,0,0.5813953488372093,1.0,0.0,0.4186046511627907,0.674133919329236,0.6874072763238762,0.013273356994640162,0.0,0.06551795578386856,0.09530700728885112,0.15503801329748837,22,0.45,completed_only
43,2,0,0.5348837209302325,1.0,0.0,0.46511627906976744,0.674133919329236,0.690333002555106,0.016199083225869937,0.0,0.0575219661202287,0.08357459331013438,0.25955972676321193,22,0.45,oracle_all_endpoints
43,2,0,0.0,1.0,0.0,1.0,0.674133919329236,0.674133919329236,0.0,0.0,0.03785984970773169,0.06688297058333541,,22,0.45,static_initial
43,2,0,0.5813953488372093,1.0,0.0,0.4186046511627907,0.674133919329236,0.6874072763238762,0.013273356994640162,0.0,0.06551795578386856,0.09530700728885112,0.15503801329748837,22,0.5,completed_only
43,2,0,0.5348837209302325,1.0,0.0,0.46511627906976744,0.674133919329236,0.690333002555106,0.016199083225869937,0.0,0.0575219661202287,0.08357459331013438,0.25955972676321193,22,0.5,oracle_all_endpoints
43,2,0,0.0,1.0,0.0,1.0,0.674133919329236,0.674133919329236,0.0,0.0,0.03785984970773169,0.06688297058333541,,22,0.5,static_initial
43,2,0,0.5813953488372093,1.0,0.0,0.4186046511627907,0.674133919329236,0.6874072763238762,0.013273356994640162,0.0,0.06551795578386856,0.09530700728885112,0.15503801329748837,22,0.55,completed_only
43,2,0,0.5348837209302325,1.0,0.0,0.46511627906976744,0.674133919329236,0.690333002555106,0.016199083225869937,0.0,0.0575219661202287,0.08357459331013438,0.25955972676321193,22,0.55,oracle_all_endpoints
43,2,0,0.0,1.0,0.0,1.0,0.674133919329236,0.674133919329236,0.0,0.0,0.03785984970773169,0.06688297058333541,,22,0.55,static_initial
43,2,0,0.5813953488372093,1.0,0.0,0.4186046511627907,0.674133919329236,0.6874072763238762,0.013273356994640162,0.0,0.06551795578386856,0.09530700728885112,0.15503801329748837,22,0.6,completed_only
43,2,0,0.5348837209302325,1.0,0.0,0.46511627906976744,0.674133919329236,0.690333002555106,0.016199083225869937,0.0,0.0575219661202287,0.08357459331013438,0.25955972676321193,22,0.6,oracle_all_endpoints
43,2,0,0.0,1.0,0.0,1.0,0.674133919329236,0.674133919329236,0.0,0.0,0.03785984970773169,0.06688297058333541,,22,0.6,static_initial
39,2,0,0.07692307692307693,1.0,0.0,0.9230769230769231,0.6740728810969857,0.6774946035262276,0.00342172242924188,0.0,0.04837161881510557,0.07565230389665312,0.15845509623150733,23,0.1,completed_only
39,2,0,0.07692307692307693,1.0,0.0,0.9230769230769231,0.6740728810969857,0.6774946035262276,0.00342172242924188,0.0,0.047355010594794036,0.07484526746732555,0.14806793696697407,23,0.1,oracle_all_endpoints
39,2,0,0.0,1.0,0.0,1.0,0.6740728810969857,0.6740728810969857,0.0,0.0,0.03697820579221615,0.06773817756549794,,23,0.1,static_initial
39,2,0,0.23076923076923078,1.0,0.0,0.7692307692307693,0.6740728810969857,0.677682867187258,0.003609986090272299,0.0,0.04854940871449359,0.07483839370125811,0.11548077064686975,23,0.15,completed_only
39,2,0,0.3076923076923077,1.0,0.0,0.6923076923076923,0.6740728810969857,0.6770380173250183,0.0029651362280326277,0.0,0.047355010594794036,0.07484526746732555,0.14806793696697407,23,0.15,oracle_all_endpoints
39,2,0,0.0,1.0,0.0,1.0,0.6740728810969857,0.6740728810969857,0.0,0.0,0.03697820579221615,0.06773817756549794,,23,0.15,static_initial
39,2,0,0.41025641025641024,1.0,0.0,0.5897435897435898,0.6740728810969857,0.6734376978031037,-0.0006351832938820134,0.0,0.05193567597815203,0.0771732845130992,-0.024440374740078253,23,0.2,completed_only
39,2,0,0.46153846153846156,1.0,0.0,0.5384615384615384,0.6740728810969857,0.6749702644287561,0.0008973833317703628,0.0,0.047355010594794036,0.07484526746732555,0.14806793696697407,23,0.2,oracle_all_endpoints
39,2,0,0.0,1.0,0.0,1.0,0.6740728810969857,0.6740728810969857,0.0,0.0,0.03697820579221615,0.06773817756549794,,23,0.2,static_initial
39,2,0,0.41025641025641024,1.0,0.0,0.5897435897435898,0.6740728810969857,0.6734376978031037,-0.0006351832938820134,0.0,0.05193567597815203,0.0771732845130992,-0.024440374740078253,23,0.25,completed_only
39,2,0,0.46153846153846156,1.0,0.0,0.5384615384615384,0.6740728810969857,0.6749702644287561,0.0008973833317703628,0.0,0.047355010594794036,0.07484526746732555,0.14806793696697407,23,0.25,oracle_all_endpoints
39,2,0,0.0,1.0,0.0,1.0,0.6740728810969857,0.6740728810969857,0.0,0.0,0.03697820579221615,0.06773817756549794,,23,0.25,static_initial
39,2,0,0.41025641025641024,1.0,0.0,0.5897435897435898,0.6740728810969857,0.6734376978031037,-0.0006351832938820134,0.0,0.05193567597815203,0.0771732845130992,-0.024440374740078253,23,0.3,completed_only
39,2,0,0.46153846153846156,1.0,0.0,0.5384615384615384,0.6740728810969857,0.6749702644287561,0.0008973833317703628,0.0,0.047355010594794036,0.07484526746732555,0.14806793696697407,23,0.3,oracle_all_endpoints
39,2,0,0.0,1.0,0.0,1.0,0.6740728810969857,0.6740728810969857,0.0,0.0,0.03697820579221615,0.06773817756549794,,23,0.3,static_initial
39,2,0,0.41025641025641024,1.0,0.0,0.5897435897435898,0.6740728810969857,0.6734376978031037,-0.0006351832938820134,0.0,0.05193567597815203,0.0771732845130992,-0.024440374740078253,23,0.35,completed_only
39,2,0,0.48717948717948717,1.0,0.0,0.5128205128205128,0.6740728810969857,0.6772535293944457,0.003180648297460009,0.0,0.047355010594794036,0.07484526746732555,0.14806793696697407,23,0.35,oracle_all_endpoints
39,2,0,0.0,1.0,0.0,1.0,0.6740728810969857,0.6740728810969857,0.0,0.0,0.03697820579221615,0.06773817756549794,,23,0.35,static_initial
39,2,0,0.41025641025641024,1.0,0.0,0.5897435897435898,0.6740728810969857,0.6734376978031037,-0.0006351832938820134,0.0,0.05193567597815203,0.0771732845130992,-0.024440374740078253,23,0.4,completed_only
39,2,0,0.48717948717948717,1.0,0.0,0.5128205128205128,0.6740728810969857,0.6772535293944457,0.003180648297460009,0.0,0.047355010594794036,0.07484526746732555,0.14806793696697407,23,0.4,oracle_all_endpoints
39,2,0,0.0,1.0,0.0,1.0,0.6740728810969857,0.6740728810969857,0.0,0.0,0.03697820579221615,0.06773817756549794,,23,0.4,static_initial
39,2,0,0.4358974358974359,1.0,0.0,0.5641025641025641,0.6740728810969857,0.6738907480067021,-0.00018213309028358715,0.0,0.05171076993773948,0.07735530284486414,-0.01547890400204956,23,0.45,completed_only
39,2,0,0.5128205128205128,1.0,0.0,0.48717948717948717,0.6740728810969857,0.6774351854831885,0.0033623043862027746,0.0,0.047355010594794036,0.07484526746732555,0.14806793696697407,23,0.45,oracle_all_endpoints
39,2,0,0.0,1.0,0.0,1.0,0.6740728810969857,0.6740728810969857,0.0,0.0,0.03697820579221615,0.06773817756549794,,23,0.45,static_initial
39,2,1,0.46153846153846156,0.5,0.5,0.5384615384615384,0.6740728810969857,0.6709296233126555,-0.0031432577843302223,0.0,0.0512759159067699,0.07704397023876476,-0.06313763474520215,23,0.5,completed_only
39,2,1,0.5384615384615384,0.5,0.5,0.46153846153846156,0.6740728810969857,0.6741774531999387,0.00010457210295300445,0.0,0.047355010594794036,0.07484526746732555,0.14806793696697407,23,0.5,oracle_all_endpoints
39,2,0,0.0,1.0,0.0,1.0,0.6740728810969857,0.6740728810969857,0.0,0.0,0.03697820579221615,0.06773817756549794,,23,0.5,static_initial
39,2,1,0.48717948717948717,0.5,0.5,0.5128205128205128,0.6740728810969857,0.6705412414924892,-0.0035316396044965392,0.0,0.0512759159067699,0.07704397023876476,-0.06313763474520215,23,0.55,completed_only
39,2,1,0.5384615384615384,0.5,0.5,0.46153846153846156,0.6740728810969857,0.6741774531999387,0.00010457210295300445,0.0,0.047355010594794036,0.07484526746732555,0.14806793696697407,23,0.55,oracle_all_endpoints
39,2,0,0.0,1.0,0.0,1.0,0.6740728810969857,0.6740728810969857,0.0,0.0,0.03697820579221615,0.06773817756549794,,23,0.55,static_initial
39,2,1,0.48717948717948717,0.5,0.5,0.5128205128205128,0.6740728810969857,0.6705412414924892,-0.0035316396044965392,0.0,0.0512759159067699,0.07704397023876476,-0.06313763474520215,23,0.6,completed_only
39,2,1,0.5384615384615384,0.5,0.5,0.46153846153846156,0.6740728810969857,0.6741774531999387,0.00010457210295300445,0.0,0.047355010594794036,0.07484526746732555,0.14806793696697407,23,0.6,oracle_all_endpoints
39,2,0,0.0,1.0,0.0,1.0,0.6740728810969857,0.6740728810969857,0.0,0.0,0.03697820579221615,0.06773817756549794,,23,0.6,static_initial
44,13,0,0.0,1.0,0.0,1.0,0.6927879039081235,0.6927879039081235,0.0,0.0,0.06403451137678294,0.10283624682824277,-0.16674201947534104,24,0.1,completed_only
44,13,0,0.0,1.0,0.0,1.0,0.6927879039081235,0.6927879039081235,0.0,0.0,0.06403451137678294,0.10283624682824277,-0.16674201947534104,24,0.1,oracle_all_endpoints
44,13,0,0.0,1.0,0.0,1.0,0.6927879039081235,0.6927879039081235,0.0,0.0,0.056930635802591896,0.09795189423337237,,24,0.1,static_initial
44,13,2,0.11363636363636363,0.8461538461538461,0.15384615384615385,0.8863636363636364,0.6927879039081235,0.6937829025616284,0.0009949986535049415,0.0,0.06346717163352021,0.10167527583740442,-0.1504156403866529,24,0.15,completed_only
44,13,1,0.09090909090909091,0.9230769230769231,0.07692307692307693,0.9090909090909091,0.6927879039081235,0.693750756771611,0.0009628528634875178,0.0,0.06403451137678294,0.10283624682824277,-0.16674201947534104,24,0.15,oracle_all_endpoints
44,13,0,0.0,1.0,0.0,1.0,0.6927879039081235,0.6927879039081235,0.0,0.0,0.056930635802591896,0.09795189423337237,,24,0.15,static_initial
44,13,2,0.13636363636363635,0.8461538461538461,0.15384615384615385,0.8636363636363636,0.6927879039081235,0.6941243818535106,0.001336477945387049,0.0,0.06346717163352021,0.10167527583740442,-0.1504156403866529,24,0.2,completed_only
44,13,1,0.09090909090909091,0.9230769230769231,0.07692307692307693,0.9090909090909091,0.6927879039081235,0.693750756771611,0.0009628528634875178,0.0,0.06403451137678294,0.10283624682824277,-0.16674201947534104,24,0.2,oracle_all_endpoints
44,13,0,0.0,1.0,0.0,1.0,0.6927879039081235,0.6927879039081235,0.0,0.0,0.056930635802591896,0.09795189423337237,,24,0.2,static_initial
44,13,1,0.13636363636363635,0.9230769230769231,0.07692307692307693,0.8636363636363636,0.6927879039081235,0.6944807524184973,0.0016928485103737678,0.0,0.06131755498549407,0.10063321946998346,-0.11350382679483623,24,0.25,completed_only
44,13,1,0.09090909090909091,0.9230769230769231,0.07692307692307693,0.9090909090909091,0.6927879039081235,0.693750756771611,0.0009628528634875178,0.0,0.06403451137678294,0.10283624682824277,-0.16674201947534104,24,0.25,oracle_all_endpoints
44,13,0,0.0,1.0,0.0,1.0,0.6927879039081235,0.6927879039081235,0.0,0.0,0.056930635802591896,0.09795189423337237,,24,0.25,static_initial
44,13,13,1.0,0.0,1.0,0.0,0.6927879039081235,,,,0.056930635802591896,0.09795189423337237,,24,0.3,completed_only
44,13,3,0.29545454545454547,0.7692307692307692,0.23076923076923078,0.7045454545454546,0.6927879039081235,0.6836177950806998,-0.00917010882742375,0.0,0.06403451137678294,0.10283624682824277,-0.16674201947534104,24,0.3,oracle_all_endpoints
44,13,13,1.0,0.0,1.0,0.0,0.6927879039081235,,,,0.056930635802591896,0.09795189423337237,,24,0.3,static_initial
44,13,13,1.0,0.0,1.0,0.0,0.6927879039081235,,,,0.056930635802591896,0.09795189423337237,,24,0.35,completed_only
44,13,3,0.29545454545454547,0.7692307692307692,0.23076923076923078,0.7045454545454546,0.6927879039081235,0.6836177950806998,-0.00917010882742375,0.0,0.06403451137678294,0.10283624682824277,-0.16674201947534104,24,0.35,oracle_all_endpoints
44,13,13,1.0,0.0,1.0,0.0,0.6927879039081235,,,,0.056930635802591896,0.09795189423337237,,24,0.35,static_initial
44,13,13,1.0,0.0,1.0,0.0,0.6927879039081235,,,,0.056930635802591896,0.09795189423337237,,24,0.4,completed_only
44,13,3,0.3181818181818182,0.7692307692307692,0.23076923076923078,0.6818181818181818,0.6927879039081235,0.6837114986010527,-0.009076405307070767,0.0,0.06403451137678294,0.10283624682824277,-0.16674201947534104,24,0.4,oracle_all_endpoints
44,13,13,1.0,0.0,1.0,0.0,0.6927879039081235,,,,0.056930635802591896,0.09795189423337237,,24,0.4,static_initial
44,13,13,1.0,0.0,1.0,0.0,0.6927879039081235,,,,0.056930635802591896,0.09795189423337237,,24,0.45,completed_only
44,13,3,0.3181818181818182,0.7692307692307692,0.23076923076923078,0.6818181818181818,0.6927879039081235,0.6837114986010527,-0.009076405307070767,0.0,0.06403451137678294,0.10283624682824277,-0.16674201947534104,24,0.45,oracle_all_endpoints
44,13,13,1.0,0.0,1.0,0.0,0.6927879039081235,,,,0.056930635802591896,0.09795189423337237,,24,0.45,static_initial
44,13,13,1.0,0.0,1.0,0.0,0.6927879039081235,,,,0.056930635802591896,0.09795189423337237,,24,0.5,completed_only
44,13,4,0.3409090909090909,0.6923076923076923,0.3076923076923077,0.6590909090909091,0.6927879039081235,0.6834085478300227,-0.009379356078100809,0.0,0.06403451137678294,0.10283624682824277,-0.16674201947534104,24,0.5,oracle_all_endpoints
44,13,13,1.0,0.0,1.0,0.0,0.6927879039081235,,,,0.056930635802591896,0.09795189423337237,,24,0.5,static_initial
44,13,13,1.0,0.0,1.0,0.0,0.6927879039081235,,,,0.056930635802591896,0.09795189423337237,,24,0.55,completed_only
44,13,4,0.3409090909090909,0.6923076923076923,0.3076923076923077,0.6590909090909091,0.6927879039081235,0.6834085478300227,-0.009379356078100809,0.0,0.06403451137678294,0.10283624682824277,-0.16674201947534104,24,0.55,oracle_all_endpoints
44,13,13,1.0,0.0,1.0,0.0,0.6927879039081235,,,,0.056930635802591896,0.09795189423337237,,24,0.55,static_initial
44,13,13,1.0,0.0,1.0,0.0,0.6927879039081235,,,,0.056930635802591896,0.09795189423337237,,24,0.6,completed_only
44,13,4,0.3409090909090909,0.6923076923076923,0.3076923076923077,0.6590909090909091,0.6927879039081235,0.6834085478300227,-0.009379356078100809,0.0,0.06403451137678294,0.10283624682824277,-0.16674201947534104,24,0.6,oracle_all_endpoints
44,13,13,1.0,0.0,1.0,0.0,0.6927879039081235,,,,0.056930635802591896,0.09795189423337237,,24,0.6,static_initial
43,15,0,0.023255813953488372,1.0,0.0,0.9767441860465116,0.6859198164674886,0.6860273939300752,0.0001075774625866055,0.0,0.06627484779820808,0.10531556491619418,0.05749452743615274,25,0.1,completed_only
43,15,0,0.023255813953488372,1.0,0.0,0.9767441860465116,0.6859198164674886,0.6860273939300752,0.0001075774625866055,0.0,0.06627484779820808,0.10531556491619418,0.05749452743615274,25,0.1,oracle_all_endpoints
43,15,0,0.0,1.0,0.0,1.0,0.6859198164674886,0.6859198164674886,0.0,0.0,0.053364607723187366,0.09669893655558541,,25,0.1,static_initial
43,15,1,0.13953488372093023,0.9333333333333333,0.06666666666666667,0.8604651162790697,0.6859198164674886,0.6887060566556464,0.0027862401881578736,0.0,0.06528508621424221,0.10443417742872065,0.10224620446429274,25,0.15,completed_only
43,15,1,0.13953488372093023,0.9333333333333333,0.06666666666666667,0.8604651162790697,0.6859198164674886,0.6820843357014046,-0.0038354807660839763,0.0,0.06627484779820808,0.10531556491619418,0.05749452743615274,25,0.15,oracle_all_endpoints
43,15,0,0.0,1.0,0.0,1.0,0.6859198164674886,0.6859198164674886,0.0,0.0,0.053364607723187366,0.09669893655558541,,25,0.15,static_initial
43,15,2,0.16279069767441862,0.8666666666666667,0.13333333333333333,0.8372093023255814,0.6859198164674886,0.6885405132995301,0.00262069683204158,0.0,0.06444264797544995,0.10326561328730471,0.045813581228807715,25,0.2,completed_only
43,15,2,0.20930232558139536,0.8666666666666667,0.13333333333333333,0.7906976744186046,0.6859198164674886,0.6890313832541881,0.003111566786699549,0.0,0.06627484779820808,0.10531556491619418,0.05749452743615274,25,0.2,oracle_all_endpoints
43,15,0,0.0,1.0,0.0,1.0,0.6859198164674886,0.6859198164674886,0.0,0.0,0.053364607723187366,0.09669893655558541,,25,0.2,static_initial
43,15,2,0.18604651162790697,0.8666666666666667,0.13333333333333333,0.813953488372093,0.6859198164674886,0.6888133883908928,0.0028935719234042256,0.0,0.06444264797544995,0.10326561328730471,0.045813581228807715,25,0.25,completed_only
43,15,2,0.20930232558139536,0.8666666666666667,0.13333333333333333,0.7906976744186046,0.6859198164674886,0.6890313832541881,0.003111566786699549,0.0,0.06627484779820808,0.10531556491619418,0.05749452743615274,25,0.25,oracle_all_endpoints
43,15,0,0.0,1.0,0.0,1.0,0.6859198164674886,0.6859198164674886,0.0,0.0,0.053364607723187366,0.09669893655558541,,25,0.25,static_initial
43,15,2,0.18604651162790697,0.8666666666666667,0.13333333333333333,0.813953488372093,0.6859198164674886,0.6888133883908928,0.0028935719234042256,0.0,0.06444264797544995,0.10326561328730471,0.045813581228807715,25,0.3,completed_only
43,15,2,0.20930232558139536,0.8666666666666667,0.13333333333333333,0.7906976744186046,0.6859198164674886,0.6890313832541881,0.003111566786699549,0.0,0.06627484779820808,0.10531556491619418,0.05749452743615274,25,0.3,oracle_all_endpoints
43,15,0,0.0,1.0,0.0,1.0,0.6859198164674886,0.6859198164674886,0.0,0.0,0.053364607723187366,0.09669893655558541,,25,0.3,static_initial
43,15,2,0.18604651162790697,0.8666666666666667,0.13333333333333333,0.813953488372093,0.6859198164674886,0.6888133883908928,0.0028935719234042256,0.0,0.06444264797544995,0.10326561328730471,0.045813581228807715,25,0.35,completed_only
43,15,2,0.20930232558139536,0.8666666666666667,0.13333333333333333,0.7906976744186046,0.6859198164674886,0.6890313832541881,0.003111566786699549,0.0,0.06627484779820808,0.10531556491619418,0.05749452743615274,25,0.35,oracle_all_endpoints
43,15,0,0.0,1.0,0.0,1.0,0.6859198164674886,0.6859198164674886,0.0,0.0,0.053364607723187366,0.09669893655558541,,25,0.35,static_initial
43,15,2,0.18604651162790697,0.8666666666666667,0.13333333333333333,0.813953488372093,0.6859198164674886,0.6888133883908928,0.0028935719234042256,0.0,0.06444264797544995,0.10326561328730471,0.045813581228807715,25,0.4,completed_only
43,15,2,0.20930232558139536,0.8666666666666667,0.13333333333333333,0.7906976744186046,0.6859198164674886,0.6890313832541881,0.003111566786699549,0.0,0.06627484779820808,0.10531556491619418,0.05749452743615274,25,0.4,oracle_all_endpoints
43,15,0,0.0,1.0,0.0,1.0,0.6859198164674886,0.6859198164674886,0.0,0.0,0.053364607723187366,0.09669893655558541,,25,0.4,static_initial
43,15,2,0.23255813953488372,0.8666666666666667,0.13333333333333333,0.7674418604651163,0.6859198164674886,0.6896668471615464,0.0037470306940577958,0.0,0.06875481389868653,0.10841440002719681,-0.05597752143519884,25,0.45,completed_only
43,15,2,0.23255813953488372,0.8666666666666667,0.13333333333333333,0.7674418604651163,0.6859198164674886,0.6897066845325172,0.0037868680650285924,0.0,0.06627484779820808,0.10531556491619418,0.05749452743615274,25,0.45,oracle_all_endpoints
43,15,0,0.0,1.0,0.0,1.0,0.6859198164674886,0.6859198164674886,0.0,0.0,0.053364607723187366,0.09669893655558541,,25,0.45,static_initial
43,15,2,0.23255813953488372,0.8666666666666667,0.13333333333333333,0.7674418604651163,0.6859198164674886,0.6896668471615464,0.0037470306940577958,0.0,0.06875481389868653,0.10841440002719681,-0.05597752143519884,25,0.5,completed_only
43,15,3,0.2558139534883721,0.8,0.2,0.7441860465116279,0.6859198164674886,0.6833053158622573,-0.0026145006052312736,0.0,0.06627484779820808,0.10531556491619418,0.05749452743615274,25,0.5,oracle_all_endpoints
43,15,0,0.0,1.0,0.0,1.0,0.6859198164674886,0.6859198164674886,0.0,0.0,0.053364607723187366,0.09669893655558541,,25,0.5,static_initial
43,15,2,0.23255813953488372,0.8666666666666667,0.13333333333333333,0.7674418604651163,0.6859198164674886,0.6896668471615464,0.0037470306940577958,0.0,0.06875481389868653,0.10841440002719681,-0.05597752143519884,25,0.55,completed_only
43,15,3,0.2558139534883721,0.8,0.2,0.7441860465116279,0.6859198164674886,0.6833053158622573,-0.0026145006052312736,0.0,0.06627484779820808,0.10531556491619418,0.05749452743615274,25,0.55,oracle_all_endpoints
43,15,0,0.0,1.0,0.0,1.0,0.6859198164674886,0.6859198164674886,0.0,0.0,0.053364607723187366,0.09669893655558541,,25,0.55,static_initial
43,15,15,1.0,0.0,1.0,0.0,0.6859198164674886,,,,0.053364607723187366,0.09669893655558541,,25,0.6,completed_only
43,15,9,0.46511627906976744,0.4,0.6,0.5348837209302325,0.6859198164674886,0.6719169727354763,-0.014002843732012216,0.11422399162752828,0.06627484779820808,0.10531556491619418,0.05749452743615274,25,0.6,oracle_all_endpoints
43,15,15,1.0,0.0,1.0,0.0,0.6859198164674886,,,,0.053364607723187366,0.09669893655558541,,25,0.6,static_initial
43,8,0,0.023255813953488372,1.0,0.0,0.9767441860465116,0.6821387642880494,0.6829442059984323,0.0008054417103828815,0.0,0.04028500004861293,0.06469109824058043,0.21422754644900657,26,0.1,completed_only
43,8,0,0.023255813953488372,1.0,0.0,0.9767441860465116,0.6821387642880494,0.6829442059984323,0.0008054417103828815,0.0,0.04029476999242592,0.06549180586761175,0.0879678330829254,26,0.1,oracle_all_endpoints
43,8,0,0.0,1.0,0.0,1.0,0.6821387642880494,0.6821387642880494,0.0,0.0,0.03056753085146967,0.061589812265990376,,26,0.1,static_initial
43,8,0,0.023255813953488372,1.0,0.0,0.9767441860465116,0.6821387642880494,0.6829442059984323,0.0008054417103828815,0.0,0.04028500004861293,0.06469109824058043,0.21422754644900657,26,0.15,completed_only
43,8,0,0.023255813953488372,1.0,0.0,0.9767441860465116,0.6821387642880494,0.6829442059984323,0.0008054417103828815,0.0,0.04029476999242592,0.06549180586761175,0.0879678330829254,26,0.15,oracle_all_endpoints
43,8,0,0.0,1.0,0.0,1.0,0.6821387642880494,0.6821387642880494,0.0,0.0,0.03056753085146967,0.061589812265990376,,26,0.15,static_initial
43,8,0,0.11627906976744186,1.0,0.0,0.8837209302325582,0.6821387642880494,0.683216077503249,0.001077313215199549,0.0,0.040637199363749495,0.0656741244972375,0.15850131734670087,26,0.2,completed_only
43,8,0,0.09302325581395349,1.0,0.0,0.9069767441860465,0.6821387642880494,0.6832448872746916,0.001106122986642144,0.0,0.04029476999242592,0.06549180586761175,0.0879678330829254,26,0.2,oracle_all_endpoints
43,8,0,0.0,1.0,0.0,1.0,0.6821387642880494,0.6821387642880494,0.0,0.0,0.03056753085146967,0.061589812265990376,,26,0.2,static_initial
43,8,0,0.18604651162790697,1.0,0.0,0.813953488372093,0.6821387642880494,0.6836180961654192,0.001479331877369816,0.0,0.04102387475374165,0.06607563970708043,0.22202921852332935,26,0.25,completed_only
43,8,0,0.16279069767441862,1.0,0.0,0.8372093023255814,0.6821387642880494,0.6836381395660884,0.0014993752780390057,0.0,0.04029476999242592,0.06549180586761175,0.0879678330829254,26,0.25,oracle_all_endpoints
43,8,0,0.0,1.0,0.0,1.0,0.6821387642880494,0.6821387642880494,0.0,0.0,0.03056753085146967,0.061589812265990376,,26,0.25,static_initial
43,8,0,0.20930232558139536,1.0,0.0,0.7906976744186046,0.6821387642880494,0.6836896957673178,0.0015509314792683249,0.0,0.040603599464003486,0.06614915440091554,0.22091469394128324,26,0.3,completed_only
43,8,0,0.20930232558139536,1.0,0.0,0.7906976744186046,0.6821387642880494,0.6835675188043537,0.0014287545163043092,0.0,0.04029476999242592,0.06549180586761175,0.0879678330829254,26,0.3,oracle_all_endpoints
43,8,0,0.0,1.0,0.0,1.0,0.6821387642880494,0.6821387642880494,0.0,0.0,0.03056753085146967,0.061589812265990376,,26,0.3,static_initial
43,8,0,0.23255813953488372,1.0,0.0,0.7674418604651163,0.6821387642880494,0.6837590331227257,0.0016202688346762528,0.0,0.04301867460712828,0.06758218138797739,0.1680543851928104,26,0.35,completed_only
43,8,0,0.23255813953488372,1.0,0.0,0.7674418604651163,0.6821387642880494,0.6836331538275506,0.0014943895395012063,0.0,0.04029476999242592,0.06549180586761175,0.0879678330829254,26,0.35,oracle_all_endpoints
43,8,0,0.0,1.0,0.0,1.0,0.6821387642880494,0.6821387642880494,0.0,0.0,0.03056753085146967,0.061589812265990376,,26,0.35,static_initial
43,8,0,0.23255813953488372,1.0,0.0,0.7674418604651163,0.6821387642880494,0.6837590331227257,0.0016202688346762528,0.0,0.04301867460712828,0.06758218138797739,0.1680543851928104,26,0.4,completed_only
43,8,0,0.27906976744186046,1.0,0.0,0.7209302325581395,0.6821387642880494,0.6837258023597886,0.0015870380717392107,0.0,0.04029476999242592,0.06549180586761175,0.0879678330829254,26,0.4,oracle_all_endpoints
43,8,0,0.0,1.0,0.0,1.0,0.6821387642880494,0.6821387642880494,0.0,0.0,0.03056753085146967,0.061589812265990376,,26,0.4,static_initial
43,8,1,0.2558139534883721,0.875,0.125,0.7441860465116279,0.6821387642880494,0.6826040839318975,0.00046531964384810554,0.0,0.04301867460712828,0.06758218138797739,0.1680543851928104,26,0.45,completed_only
43,8,0,0.27906976744186046,1.0,0.0,0.7209302325581395,0.6821387642880494,0.6837258023597886,0.0015870380717392107,0.0,0.04029476999242592,0.06549180586761175,0.0879678330829254,26,0.45,oracle_all_endpoints
43,8,0,0.0,1.0,0.0,1.0,0.6821387642880494,0.6821387642880494,0.0,0.0,0.03056753085146967,0.061589812265990376,,26,0.45,static_initial
43,8,2,0.27906976744186046,0.75,0.25,0.7209302325581395,0.6821387642880494,0.6821835651902454,4.480090219594057e-05,0.0,0.043191160901680535,0.0680315418243849,0.1680543851928104,26,0.5,completed_only
43,8,0,0.27906976744186046,1.0,0.0,0.7209302325581395,0.6821387642880494,0.6837258023597886,0.0015870380717392107,0.0,0.04029476999242592,0.06549180586761175,0.0879678330829254,26,0.5,oracle_all_endpoints
43,8,0,0.0,1.0,0.0,1.0,0.6821387642880494,0.6821387642880494,0.0,0.0,0.03056753085146967,0.061589812265990376,,26,0.5,static_initial
43,8,2,0.27906976744186046,0.75,0.25,0.7209302325581395,0.6821387642880494,0.6821835651902454,4.480090219594057e-05,0.0,0.043191160901680535,0.0680315418243849,0.1680543851928104,26,0.55,completed_only
43,8,2,0.32558139534883723,0.75,0.25,0.6744186046511628,0.6821387642880494,0.6820393896896931,-9.937459835629436e-05,0.0,0.04029476999242592,0.06549180586761175,0.0879678330829254,26,0.55,oracle_all_endpoints
43,8,0,0.0,1.0,0.0,1.0,0.6821387642880494,0.6821387642880494,0.0,0.0,0.03056753085146967,0.061589812265990376,,26,0.55,static_initial
43,8,8,1.0,0.0,1.0,0.0,0.6821387642880494,,,,0.03056753085146967,0.061589812265990376,,26,0.6,completed_only
43,8,4,0.7906976744186046,0.5,0.5,0.20930232558139536,0.6821387642880494,0.7089894429926838,0.026850678704634423,0.0,0.04029476999242592,0.06549180586761175,0.0879678330829254,26,0.6,oracle_all_endpoints
43,8,8,1.0,0.0,1.0,0.0,0.6821387642880494,,,,0.03056753085146967,0.061589812265990376,,26,0.6,static_initial
44,6,0,0.045454545454545456,1.0,0.0,0.9545454545454546,0.6742202016500611,0.679749448394278,0.0055292467442168425,0.0,0.04008544722637624,0.06638013656119153,0.2567257552174778,27,0.1,completed_only
44,6,0,0.09090909090909091,1.0,0.0,0.9090909090909091,0.6742202016500611,0.6808455660684337,0.006625364418372581,0.0,0.04033299839337399,0.06695439491148476,0.22616316531063527,27,0.1,oracle_all_endpoints
44,6,0,0.0,1.0,0.0,1.0,0.6742202016500611,0.6742202016500611,0.0,0.0,0.036839230635554006,0.06688666782739874,,27,0.1,static_initial
44,6,0,0.09090909090909091,1.0,0.0,0.9090909090909091,0.6742202016500611,0.680684515455122,0.006464313805060851,0.0,0.04014382095157178,0.06588432181755655,0.2733574901900387,27,0.15,completed_only
44,6,0,0.13636363636363635,1.0,0.0,0.8636363636363636,0.6742202016500611,0.6815018764845536,0.007281674834492491,0.0,0.04033299839337399,0.06695439491148476,0.22616316531063527,27,0.15,oracle_all_endpoints
44,6,0,0.0,1.0,0.0,1.0,0.6742202016500611,0.6742202016500611,0.0,0.0,0.036839230635554006,0.06688666782739874,,27,0.15,static_initial
44,6,0,0.18181818181818182,1.0,0.0,0.8181818181818182,0.6742202016500611,0.6804965408327621,0.006276339182700985,0.0,0.040683160751305694,0.06675343063941416,0.25160829830284376,27,0.2,completed_only
44,6,0,0.22727272727272727,1.0,0.0,0.7727272727272727,0.6742202016500611,0.6816237508012452,0.007403549151184019,0.0,0.04033299839337399,0.06695439491148476,0.22616316531063527,27,0.2,oracle_all_endpoints
44,6,0,0.0,1.0,0.0,1.0,0.6742202016500611,0.6742202016500611,0.0,0.0,0.036839230635554006,0.06688666782739874,,27,0.2,static_initial
44,6,0,0.18181818181818182,1.0,0.0,0.8181818181818182,0.6742202016500611,0.6804965408327621,0.006276339182700985,0.0,0.040683160751305694,0.06675343063941416,0.25160829830284376,27,0.25,completed_only
44,6,0,0.22727272727272727,1.0,0.0,0.7727272727272727,0.6742202016500611,0.6816237508012452,0.007403549151184019,0.0,0.04033299839337399,0.06695439491148476,0.22616316531063527,27,0.25,oracle_all_endpoints
44,6,0,0.0,1.0,0.0,1.0,0.6742202016500611,0.6742202016500611,0.0,0.0,0.036839230635554006,0.06688666782739874,,27,0.25,static_initial
44,6,0,0.20454545454545456,1.0,0.0,0.7954545454545454,0.6742202016500611,0.6804769074365304,0.006256705786469308,0.0,0.040683160751305694,0.06675343063941416,0.25160829830284376,27,0.3,completed_only
44,6,0,0.22727272727272727,1.0,0.0,0.7727272727272727,0.6742202016500611,0.6816237508012452,0.007403549151184019,0.0,0.04033299839337399,0.06695439491148476,0.22616316531063527,27,0.3,oracle_all_endpoints
44,6,0,0.0,1.0,0.0,1.0,0.6742202016500611,0.6742202016500611,0.0,0.0,0.036839230635554006,0.06688666782739874,,27,0.3,static_initial
44,6,0,0.22727272727272727,1.0,0.0,0.7727272727272727,0.6742202016500611,0.6803965078477562,0.006176306197695047,0.0,0.040683160751305694,0.06675343063941416,0.25160829830284376,27,0.35,completed_only
44,6,0,0.25,1.0,0.0,0.75,0.6742202016500611,0.682074578368879,0.007854376718817835,0.0,0.04033299839337399,0.06695439491148476,0.22616316531063527,27,0.35,oracle_all_endpoints
44,6,0,0.0,1.0,0.0,1.0,0.6742202016500611,0.6742202016500611,0.0,0.0,0.036839230635554006,0.06688666782739874,,27,0.35,static_initial
44,6,0,0.22727272727272727,1.0,0.0,0.7727272727272727,0.6742202016500611,0.6803965078477562,0.006176306197695047,0.0,0.040683160751305694,0.06675343063941416,0.25160829830284376,27,0.4,completed_only
44,6,1,0.2727272727272727,0.8333333333333334,0.16666666666666666,0.7272727272727273,0.6742202016500611,0.6761146871470732,0.0018944854970120995,0.12002803999109979,0.04033299839337399,0.06695439491148476,0.22616316531063527,27,0.4,oracle_all_endpoints
44,6,0,0.0,1.0,0.0,1.0,0.6742202016500611,0.6742202016500611,0.0,0.0,0.036839230635554006,0.06688666782739874,,27,0.4,static_initial
44,6,0,0.22727272727272727,1.0,0.0,0.7727272727272727,0.6742202016500611,0.6803965078477562,0.006176306197695047,0.0,0.040683160751305694,0.06675343063941416,0.25160829830284376,27,0.45,completed_only
44,6,1,0.2727272727272727,0.8333333333333334,0.16666666666666666,0.7272727272727273,0.6742202016500611,0.6761146871470732,0.0018944854970120995,0.12002803999109979,0.04033299839337399,0.06695439491148476,0.22616316531063527,27,0.45,oracle_all_endpoints
44,6,0,0.0,1.0,0.0,1.0,0.6742202016500611,0.6742202016500611,0.0,0.0,0.036839230635554006,0.06688666782739874,,27,0.45,static_initial
44,6,0,0.2727272727272727,1.0,0.0,0.7272727272727273,0.6742202016500611,0.6820299355672371,0.007809733917175987,0.0,0.04165564234454822,0.06716859907393832,0.2544513299220849,27,0.5,completed_only
44,6,1,0.2727272727272727,0.8333333333333334,0.16666666666666666,0.7272727272727273,0.6742202016500611,0.6761146871470732,0.0018944854970120995,0.12002803999109979,0.04033299839337399,0.06695439491148476,0.22616316531063527,27,0.5,oracle_all_endpoints
44,6,0,0.0,1.0,0.0,1.0,0.6742202016500611,0.6742202016500611,0.0,0.0,0.036839230635554006,0.06688666782739874,,27,0.5,static_initial
44,6,0,0.2727272727272727,1.0,0.0,0.7272727272727273,0.6742202016500611,0.6820299355672371,0.007809733917175987,0.0,0.04165564234454822,0.06716859907393832,0.2544513299220849,27,0.55,completed_only
44,6,1,0.2727272727272727,0.8333333333333334,0.16666666666666666,0.7272727272727273,0.6742202016500611,0.6761146871470732,0.0018944854970120995,0.12002803999109979,0.04033299839337399,0.06695439491148476,0.22616316531063527,27,0.55,oracle_all_endpoints
44,6,0,0.0,1.0,0.0,1.0,0.6742202016500611,0.6742202016500611,0.0,0.0,0.036839230635554006,0.06688666782739874,,27,0.55,static_initial
44,6,0,0.2727272727272727,1.0,0.0,0.7272727272727273,0.6742202016500611,0.6820299355672371,0.007809733917175987,0.0,0.04165564234454822,0.06716859907393832,0.2544513299220849,27,0.6,completed_only
44,6,1,0.2727272727272727,0.8333333333333334,0.16666666666666666,0.7272727272727273,0.6742202016500611,0.6761146871470732,0.0018944854970120995,0.12002803999109979,0.04033299839337399,0.06695439491148476,0.22616316531063527,27,0.6,oracle_all_endpoints
44,6,0,0.0,1.0,0.0,1.0,0.6742202016500611,0.6742202016500611,0.0,0.0,0.036839230635554006,0.06688666782739874,,27,0.6,static_initial
40,7,0,0.075,1.0,0.0,0.925,0.6791993281815702,0.6859007185293191,0.006701390347748859,0.0,0.06212919838088231,0.10447840863591049,0.15792327631266248,28,0.1,completed_only
40,7,0,0.125,1.0,0.0,0.875,0.6791993281815702,0.6793945691814474,0.00019524099987711097,0.0,0.06300496919665809,0.10193081021820385,0.1704358048080235,28,0.1,oracle_all_endpoints
40,7,0,0.0,1.0,0.0,1.0,0.6791993281815702,0.6791993281815702,0.0,0.0,0.05601625706729396,0.10156979027468302,,28,0.1,static_initial
40,7,1,0.3,0.8571428571428572,0.14285714285714285,0.7,0.6791993281815702,0.6773861454442939,-0.0018131827372763754,0.010924089113984126,0.06344464171623469,0.10369041078435415,0.08000434886427799,28,0.15,completed_only
40,7,0,0.225,1.0,0.0,0.775,0.6791993281815702,0.6877376669985985,0.008538338817028257,0.0,0.06300496919665809,0.10193081021820385,0.1704358048080235,28,0.15,oracle_all_endpoints
40,7,0,0.0,1.0,0.0,1.0,0.6791993281815702,0.6791993281815702,0.0,0.0,0.05601625706729396,0.10156979027468302,,28,0.15,static_initial
40,7,1,0.3,0.8571428571428572,0.14285714285714285,0.7,0.6791993281815702,0.6877923927361176,0.008593064554547336,0.0,0.06307962698577632,0.10155387429271544,0.09289604488980147,28,0.2,completed_only
40,7,0,0.225,1.0,0.0,0.775,0.6791993281815702,0.6877376669985985,0.008538338817028257,0.0,0.06300496919665809,0.10193081021820385,0.1704358048080235,28,0.2,oracle_all_endpoints
40,7,0,0.0,1.0,0.0,1.0,0.6791993281815702,0.6791993281815702,0.0,0.0,0.05601625706729396,0.10156979027468302,,28,0.2,static_initial
40,7,1,0.3,0.8571428571428572,0.14285714285714285,0.7,0.6791993281815702,0.6877923927361176,0.008593064554547336,0.0,0.06307962698577632,0.10155387429271544,0.09289604488980147,28,0.25,completed_only
40,7,0,0.225,1.0,0.0,0.775,0.6791993281815702,0.6877376669985985,0.008538338817028257,0.0,0.06300496919665809,0.10193081021820385,0.1704358048080235,28,0.25,oracle_all_endpoints
40,7,0,0.0,1.0,0.0,1.0,0.6791993281815702,0.6791993281815702,0.0,0.0,0.05601625706729396,0.10156979027468302,,28,0.25,static_initial
40,7,1,0.3,0.8571428571428572,0.14285714285714285,0.7,0.6791993281815702,0.6877923927361176,0.008593064554547336,0.0,0.06307962698577632,0.10155387429271544,0.09289604488980147,28,0.3,completed_only
40,7,0,0.225,1.0,0.0,0.775,0.6791993281815702,0.6877376669985985,0.008538338817028257,0.0,0.06300496919665809,0.10193081021820385,0.1704358048080235,28,0.3,oracle_all_endpoints
40,7,0,0.0,1.0,0.0,1.0,0.6791993281815702,0.6791993281815702,0.0,0.0,0.05601625706729396,0.10156979027468302,,28,0.3,static_initial
40,7,1,0.3,0.8571428571428572,0.14285714285714285,0.7,0.6791993281815702,0.6877923927361176,0.008593064554547336,0.0,0.06307962698577632,0.10155387429271544,0.09289604488980147,28,0.35,completed_only
40,7,0,0.225,1.0,0.0,0.775,0.6791993281815702,0.6877376669985985,0.008538338817028257,0.0,0.06300496919665809,0.10193081021820385,0.1704358048080235,28,0.35,oracle_all_endpoints
40,7,0,0.0,1.0,0.0,1.0,0.6791993281815702,0.6791993281815702,0.0,0.0,0.05601625706729396,0.10156979027468302,,28,0.35,static_initial
40,7,1,0.325,0.8571428571428572,0.14285714285714285,0.675,0.6791993281815702,0.6894459033801589,0.010246575198588626,0.0,0.06270599842266125,0.10188895321282296,0.1323294680266968,28,0.4,completed_only
40,7,0,0.3,1.0,0.0,0.7,0.6791993281815702,0.6900623298006173,0.010863001619047075,0.0,0.06300496919665809,0.10193081021820385,0.1704358048080235,28,0.4,oracle_all_endpoints
40,7,0,0.0,1.0,0.0,1.0,0.6791993281815702,0.6791993281815702,0.0,0.0,0.05601625706729396,0.10156979027468302,,28,0.4,static_initial
40,7,1,0.35,0.8571428571428572,0.14285714285714285,0.65,0.6791993281815702,0.6895572593000588,0.010357931118488595,0.0,0.06270599842266125,0.10188895321282296,0.1323294680266968,28,0.45,completed_only
40,7,0,0.3,1.0,0.0,0.7,0.6791993281815702,0.6900623298006173,0.010863001619047075,0.0,0.06300496919665809,0.10193081021820385,0.1704358048080235,28,0.45,oracle_all_endpoints
40,7,0,0.0,1.0,0.0,1.0,0.6791993281815702,0.6791993281815702,0.0,0.0,0.05601625706729396,0.10156979027468302,,28,0.45,static_initial
40,7,1,0.35,0.8571428571428572,0.14285714285714285,0.65,0.6791993281815702,0.6895572593000588,0.010357931118488595,0.0,0.06270599842266125,0.10188895321282296,0.1323294680266968,28,0.5,completed_only
40,7,2,0.35,0.7142857142857143,0.2857142857142857,0.65,0.6791993281815702,0.6880781039581725,0.008878775776602232,0.0,0.06300496919665809,0.10193081021820385,0.1704358048080235,28,0.5,oracle_all_endpoints
40,7,0,0.0,1.0,0.0,1.0,0.6791993281815702,0.6791993281815702,0.0,0.0,0.05601625706729396,0.10156979027468302,,28,0.5,static_initial
40,7,1,0.35,0.8571428571428572,0.14285714285714285,0.65,0.6791993281815702,0.6895572593000588,0.010357931118488595,0.0,0.06270599842266125,0.10188895321282296,0.1323294680266968,28,0.55,completed_only
40,7,2,0.35,0.7142857142857143,0.2857142857142857,0.65,0.6791993281815702,0.6880781039581725,0.008878775776602232,0.0,0.06300496919665809,0.10193081021820385,0.1704358048080235,28,0.55,oracle_all_endpoints
40,7,0,0.0,1.0,0.0,1.0,0.6791993281815702,0.6791993281815702,0.0,0.0,0.05601625706729396,0.10156979027468302,,28,0.55,static_initial
40,7,1,0.35,0.8571428571428572,0.14285714285714285,0.65,0.6791993281815702,0.6895572593000588,0.010357931118488595,0.0,0.06270599842266125,0.10188895321282296,0.1323294680266968,28,0.6,completed_only
40,7,2,0.35,0.7142857142857143,0.2857142857142857,0.65,0.6791993281815702,0.6880781039581725,0.008878775776602232,0.0,0.06300496919665809,0.10193081021820385,0.1704358048080235,28,0.6,oracle_all_endpoints
40,7,0,0.0,1.0,0.0,1.0,0.6791993281815702,0.6791993281815702,0.0,0.0,0.05601625706729396,0.10156979027468302,,28,0.6,static_initial
43,20,0,0.09302325581395349,1.0,0.0,0.9069767441860465,0.692151903150752,0.6965214326516019,0.0043695295008499,0.0,0.06653971046790005,0.1015097258426468,-0.011225844407058847,29,0.1,completed_only
43,20,2,0.11627906976744186,0.9,0.1,0.8837209302325582,0.692151903150752,0.693868319698528,0.0017164165477759896,0.0,0.0700210987822736,0.1031359599002078,0.03352583262108115,29,0.1,oracle_all_endpoints
43,20,0,0.0,1.0,0.0,1.0,0.692151903150752,0.692151903150752,0.0,0.0,0.05504327742683999,0.09180446924640476,,29,0.1,static_initial
43,20,1,0.20930232558139536,0.95,0.05,0.7906976744186046,0.692151903150752,0.697752386109223,0.0056004829584709315,0.0,0.0654873985445954,0.10132002861653948,0.01683876661058827,29,0.15,completed_only
43,20,3,0.20930232558139536,0.85,0.15,0.7906976744186046,0.692151903150752,0.695026565924502,0.0028746627737499253,0.0,0.0700210987822736,0.1031359599002078,0.03352583262108115,29,0.15,oracle_all_endpoints
43,20,0,0.0,1.0,0.0,1.0,0.692151903150752,0.692151903150752,0.0,0.0,0.05504327742683999,0.09180446924640476,,29,0.15,static_initial
43,20,2,0.20930232558139536,0.9,0.1,0.7906976744186046,0.692151903150752,0.697288310913764,0.005136407763011941,0.0,0.06612210841277298,0.10242448136523312,0.03367753322117654,29,0.2,completed_only
43,20,4,0.27906976744186046,0.8,0.2,0.7209302325581395,0.692151903150752,0.6983356565956742,0.006183753444922169,0.0,0.0700210987822736,0.1031359599002078,0.03352583262108115,29,0.2,oracle_all_endpoints
43,20,0,0.0,1.0,0.0,1.0,0.692151903150752,0.692151903150752,0.0,0.0,0.05504327742683999,0.09180446924640476,,29,0.2,static_initial
43,20,3,0.23255813953488372,0.85,0.15,0.7674418604651163,0.692151903150752,0.6973562762825699,0.005204373131817874,0.0,0.06477244417807644,0.10075532351053983,0.045510180028616946,29,0.25,completed_only
43,20,4,0.27906976744186046,0.8,0.2,0.7209302325581395,0.692151903150752,0.6983356565956742,0.006183753444922169,0.0,0.0700210987822736,0.1031359599002078,0.03352583262108115,29,0.25,oracle_all_endpoints
43,20,0,0.0,1.0,0.0,1.0,0.692151903150752,0.692151903150752,0.0,0.0,0.05504327742683999,0.09180446924640476,,29,0.25,static_initial
43,20,3,0.23255813953488372,0.85,0.15,0.7674418604651163,0.692151903150752,0.6973562762825699,0.005204373131817874,0.0,0.06477244417807644,0.10075532351053983,0.045510180028616946,29,0.3,completed_only
43,20,4,0.27906976744186046,0.8,0.2,0.7209302325581395,0.692151903150752,0.6983356565956742,0.006183753444922169,0.0,0.0700210987822736,0.1031359599002078,0.03352583262108115,29,0.3,oracle_all_endpoints
43,20,0,0.0,1.0,0.0,1.0,0.692151903150752,0.692151903150752,0.0,0.0,0.05504327742683999,0.09180446924640476,,29,0.3,static_initial
43,20,3,0.23255813953488372,0.85,0.15,0.7674418604651163,0.692151903150752,0.6973562762825699,0.005204373131817874,0.0,0.06477244417807644,0.10075532351053983,0.045510180028616946,29,0.35,completed_only
43,20,4,0.27906976744186046,0.8,0.2,0.7209302325581395,0.692151903150752,0.6983356565956742,0.006183753444922169,0.0,0.0700210987822736,0.1031359599002078,0.03352583262108115,29,0.35,oracle_all_endpoints
43,20,0,0.0,1.0,0.0,1.0,0.692151903150752,0.692151903150752,0.0,0.0,0.05504327742683999,0.09180446924640476,,29,0.35,static_initial
43,20,3,0.23255813953488372,0.85,0.15,0.7674418604651163,0.692151903150752,0.6973562762825699,0.005204373131817874,0.0,0.06477244417807644,0.10075532351053983,0.045510180028616946,29,0.4,completed_only
43,20,4,0.27906976744186046,0.8,0.2,0.7209302325581395,0.692151903150752,0.6983356565956742,0.006183753444922169,0.0,0.0700210987822736,0.1031359599002078,0.03352583262108115,29,0.4,oracle_all_endpoints
43,20,0,0.0,1.0,0.0,1.0,0.692151903150752,0.692151903150752,0.0,0.0,0.05504327742683999,0.09180446924640476,,29,0.4,static_initial
43,20,20,1.0,0.0,1.0,0.0,0.692151903150752,,,,0.05504327742683999,0.09180446924640476,,29,0.45,completed_only
43,20,7,0.4883720930232558,0.65,0.35,0.5116279069767442,0.692151903150752,0.7083003662064103,0.016148463055658313,0.0,0.0700210987822736,0.1031359599002078,0.03352583262108115,29,0.45,oracle_all_endpoints
43,20,20,1.0,0.0,1.0,0.0,0.692151903150752,,,,0.05504327742683999,0.09180446924640476,,29,0.45,static_initial
43,20,20,1.0,0.0,1.0,0.0,0.692151903150752,,,,0.05504327742683999,0.09180446924640476,,29,0.5,completed_only
43,20,8,0.5116279069767442,0.6,0.4,0.4883720930232558,0.692151903150752,0.7069777947599687,0.014825891609216657,0.0,0.0700210987822736,0.1031359599002078,0.03352583262108115,29,0.5,oracle_all_endpoints
43,20,20,1.0,0.0,1.0,0.0,0.692151903150752,,,,0.05504327742683999,0.09180446924640476,,29,0.5,static_initial
43,20,20,1.0,0.0,1.0,0.0,0.692151903150752,,,,0.05504327742683999,0.09180446924640476,,29,0.55,completed_only
43,20,10,0.5813953488372093,0.5,0.5,0.4186046511627907,0.692151903150752,0.7072640622160139,0.015112159065261865,0.0,0.0700210987822736,0.1031359599002078,0.03352583262108115,29,0.55,oracle_all_endpoints
43,20,20,1.0,0.0,1.0,0.0,0.692151903150752,,,,0.05504327742683999,0.09180446924640476,,29,0.55,static_initial
43,20,20,1.0,0.0,1.0,0.0,0.692151903150752,,,,0.05504327742683999,0.09180446924640476,,29,0.6,completed_only
43,20,10,0.5813953488372093,0.5,0.5,0.4186046511627907,0.692151903150752,0.7072640622160139,0.015112159065261865,0.0,0.0700210987822736,0.1031359599002078,0.03352583262108115,29,0.6,oracle_all_endpoints
43,20,20,1.0,0.0,1.0,0.0,0.692151903150752,,,,0.05504327742683999,0.09180446924640476,,29,0.6,static_initial
44,4,0,0.5681818181818182,1.0,0.0,0.4318181818181818,0.6776341420367099,0.6943923726580732,0.01675823062136328,0.0,0.08075506337507256,0.11192251977997622,0.15241942426993865,30,0.1,completed_only
44,4,0,0.5454545454545454,1.0,0.0,0.45454545454545453,0.6776341420367099,0.6937800662845218,0.016145924247811916,0.0,0.07460502043644555,0.1057073002897211,0.2742981437700387,30,0.1,oracle_all_endpoints
44,4,0,0.0,1.0,0.0,1.0,0.6776341420367099,0.6776341420367099,0.0,0.0,0.05782216565761732,0.10038886561265827,,30,0.1,static_initial
44,4,1,0.6136363636363636,0.75,0.25,0.38636363636363635,0.6776341420367099,0.6933047537279671,0.015670611691257164,0.0,0.07821243288179908,0.10894192199941255,0.2100916388585641,30,0.15,completed_only
44,4,0,0.5681818181818182,1.0,0.0,0.4318181818181818,0.6776341420367099,0.6948485452717766,0.017214403235066733,0.0,0.07460502043644555,0.1057073002897211,0.2742981437700387,30,0.15,oracle_all_endpoints
44,4,0,0.0,1.0,0.0,1.0,0.6776341420367099,0.6776341420367099,0.0,0.0,0.05782216565761732,0.10038886561265827,,30,0.15,static_initial
44,4,1,0.6136363636363636,0.75,0.25,0.38636363636363635,0.6776341420367099,0.6933047537279671,0.015670611691257164,0.0,0.07821243288179908,0.10894192199941255,0.2100916388585641,30,0.2,completed_only
44,4,0,0.5681818181818182,1.0,0.0,0.4318181818181818,0.6776341420367099,0.6948485452717766,0.017214403235066733,0.0,0.07460502043644555,0.1057073002897211,0.2742981437700387,30,0.2,oracle_all_endpoints
44,4,0,0.0,1.0,0.0,1.0,0.6776341420367099,0.6776341420367099,0.0,0.0,0.05782216565761732,0.10038886561265827,,30,0.2,static_initial
44,4,1,0.6136363636363636,0.75,0.25,0.38636363636363635,0.6776341420367099,0.6933047537279671,0.015670611691257164,0.0,0.07821243288179908,0.10894192199941255,0.2100916388585641,30,0.25,completed_only
44,4,0,0.5681818181818182,1.0,0.0,0.4318181818181818,0.6776341420367099,0.6948485452717766,0.017214403235066733,0.0,0.07460502043644555,0.1057073002897211,0.2742981437700387,30,0.25,oracle_all_endpoints
44,4,0,0.0,1.0,0.0,1.0,0.6776341420367099,0.6776341420367099,0.0,0.0,0.05782216565761732,0.10038886561265827,,30,0.25,static_initial
44,4,1,0.6136363636363636,0.75,0.25,0.38636363636363635,0.6776341420367099,0.6933047537279671,0.015670611691257164,0.0,0.07821243288179908,0.10894192199941255,0.2100916388585641,30,0.3,completed_only
44,4,0,0.5681818181818182,1.0,0.0,0.4318181818181818,0.6776341420367099,0.6948485452717766,0.017214403235066733,0.0,0.07460502043644555,0.1057073002897211,0.2742981437700387,30,0.3,oracle_all_endpoints
44,4,0,0.0,1.0,0.0,1.0,0.6776341420367099,0.6776341420367099,0.0,0.0,0.05782216565761732,0.10038886561265827,,30,0.3,static_initial
44,4,1,0.6136363636363636,0.75,0.25,0.38636363636363635,0.6776341420367099,0.6933047537279671,0.015670611691257164,0.0,0.07821243288179908,0.10894192199941255,0.2100916388585641,30,0.35,completed_only
44,4,0,0.5681818181818182,1.0,0.0,0.4318181818181818,0.6776341420367099,0.6948485452717766,0.017214403235066733,0.0,0.07460502043644555,0.1057073002897211,0.2742981437700387,30,0.35,oracle_all_endpoints
44,4,0,0.0,1.0,0.0,1.0,0.6776341420367099,0.6776341420367099,0.0,0.0,0.05782216565761732,0.10038886561265827,,30,0.35,static_initial
44,4,1,0.6136363636363636,0.75,0.25,0.38636363636363635,0.6776341420367099,0.6933047537279671,0.015670611691257164,0.0,0.07821243288179908,0.10894192199941255,0.2100916388585641,30,0.4,completed_only
44,4,0,0.5681818181818182,1.0,0.0,0.4318181818181818,0.6776341420367099,0.6948485452717766,0.017214403235066733,0.0,0.07460502043644555,0.1057073002897211,0.2742981437700387,30,0.4,oracle_all_endpoints
44,4,0,0.0,1.0,0.0,1.0,0.6776341420367099,0.6776341420367099,0.0,0.0,0.05782216565761732,0.10038886561265827,,30,0.4,static_initial
44,4,2,0.6590909090909091,0.5,0.5,0.3409090909090909,0.6776341420367099,0.6799465341035439,0.0023123920668339792,0.0,0.07806693244375897,0.10894989982326798,0.20497784643198644,30,0.45,completed_only
44,4,0,0.5909090909090909,1.0,0.0,0.4090909090909091,0.6776341420367099,0.6949827800179059,0.017348637981196013,0.0,0.07460502043644555,0.1057073002897211,0.2742981437700387,30,0.45,oracle_all_endpoints
44,4,0,0.0,1.0,0.0,1.0,0.6776341420367099,0.6776341420367099,0.0,0.0,0.05782216565761732,0.10038886561265827,,30,0.45,static_initial
44,4,2,0.6590909090909091,0.5,0.5,0.3409090909090909,0.6776341420367099,0.6799465341035439,0.0023123920668339792,0.0,0.07806693244375897,0.10894989982326798,0.20497784643198644,30,0.5,completed_only
44,4,0,0.5909090909090909,1.0,0.0,0.4090909090909091,0.6776341420367099,0.6949827800179059,0.017348637981196013,0.0,0.07460502043644555,0.1057073002897211,0.2742981437700387,30,0.5,oracle_all_endpoints
44,4,0,0.0,1.0,0.0,1.0,0.6776341420367099,0.6776341420367099,0.0,0.0,0.05782216565761732,0.10038886561265827,,30,0.5,static_initial
44,4,2,0.6590909090909091,0.5,0.5,0.3409090909090909,0.6776341420367099,0.6799465341035439,0.0023123920668339792,0.0,0.07806693244375897,0.10894989982326798,0.20497784643198644,30,0.55,completed_only
44,4,0,0.5909090909090909,1.0,0.0,0.4090909090909091,0.6776341420367099,0.6949827800179059,0.017348637981196013,0.0,0.07460502043644555,0.1057073002897211,0.2742981437700387,30,0.55,oracle_all_endpoints
44,4,0,0.0,1.0,0.0,1.0,0.6776341420367099,0.6776341420367099,0.0,0.0,0.05782216565761732,0.10038886561265827,,30,0.55,static_initial
44,4,4,1.0,0.0,1.0,0.0,0.6776341420367099,,,,0.05782216565761732,0.10038886561265827,,30,0.6,completed_only
44,4,1,0.8409090909090909,0.75,0.25,0.1590909090909091,0.6776341420367099,0.7520386999603489,0.07440455792363898,0.0,0.07460502043644555,0.1057073002897211,0.2742981437700387,30,0.6,oracle_all_endpoints
44,4,4,1.0,0.0,1.0,0.0,0.6776341420367099,,,,0.05782216565761732,0.10038886561265827,,30,0.6,static_initial
43,2,0,0.09302325581395349,1.0,0.0,0.9069767441860465,0.6709973563914495,0.6764072956367967,0.005409939245347162,0.0,0.05428960172630533,0.07631518324892156,0.3626720765199952,31,0.1,completed_only
43,2,0,0.09302325581395349,1.0,0.0,0.9069767441860465,0.6709973563914495,0.6764072956367967,0.005409939245347162,0.0,0.05458535811744585,0.07856572226101005,0.35391262382438515,31,0.1,oracle_all_endpoints
43,2,0,0.0,1.0,0.0,1.0,0.6709973563914495,0.6709973563914495,0.0,0.0,0.043309013923383766,0.07277772225252065,,31,0.1,static_initial
43,2,0,0.09302325581395349,1.0,0.0,0.9069767441860465,0.6709973563914495,0.6764072956367967,0.005409939245347162,0.0,0.05428960172630533,0.07631518324892156,0.3626720765199952,31,0.15,completed_only
43,2,0,0.09302325581395349,1.0,0.0,0.9069767441860465,0.6709973563914495,0.6764072956367967,0.005409939245347162,0.0,0.05458535811744585,0.07856572226101005,0.35391262382438515,31,0.15,oracle_all_endpoints
43,2,0,0.0,1.0,0.0,1.0,0.6709973563914495,0.6709973563914495,0.0,0.0,0.043309013923383766,0.07277772225252065,,31,0.15,static_initial
43,2,0,0.16279069767441862,1.0,0.0,0.8372093023255814,0.6709973563914495,0.6771330744968921,0.006135718105442556,0.0,0.05499364949684357,0.07699437635315323,0.3654382194765037,31,0.2,completed_only
43,2,0,0.16279069767441862,1.0,0.0,0.8372093023255814,0.6709973563914495,0.6766810437117958,0.005683687320346298,0.0,0.05458535811744585,0.07856572226101005,0.35391262382438515,31,0.2,oracle_all_endpoints
43,2,0,0.0,1.0,0.0,1.0,0.6709973563914495,0.6709973563914495,0.0,0.0,0.043309013923383766,0.07277772225252065,,31,0.2,static_initial
43,2,0,0.16279069767441862,1.0,0.0,0.8372093023255814,0.6709973563914495,0.6771330744968921,0.006135718105442556,0.0,0.05499364949684357,0.07699437635315323,0.3654382194765037,31,0.25,completed_only
43,2,0,0.18604651162790697,1.0,0.0,0.813953488372093,0.6709973563914495,0.676959433955236,0.0059620775637864165,0.0,0.05458535811744585,0.07856572226101005,0.35391262382438515,31,0.25,oracle_all_endpoints
43,2,0,0.0,1.0,0.0,1.0,0.6709973563914495,0.6709973563914495,0.0,0.0,0.043309013923383766,0.07277772225252065,,31,0.25,static_initial
43,2,0,0.18604651162790697,1.0,0.0,0.813953488372093,0.6709973563914495,0.6770810197827624,0.006083663391312832,0.0,0.05499364949684357,0.07699437635315323,0.3654382194765037,31,0.3,completed_only
43,2,0,0.18604651162790697,1.0,0.0,0.813953488372093,0.6709973563914495,0.676959433955236,0.0059620775637864165,0.0,0.05458535811744585,0.07856572226101005,0.35391262382438515,31,0.3,oracle_all_endpoints
43,2,0,0.0,1.0,0.0,1.0,0.6709973563914495,0.6709973563914495,0.0,0.0,0.043309013923383766,0.07277772225252065,,31,0.3,static_initial
43,2,0,0.18604651162790697,1.0,0.0,0.813953488372093,0.6709973563914495,0.6770810197827624,0.006083663391312832,0.0,0.05499364949684357,0.07699437635315323,0.3654382194765037,31,0.35,completed_only
43,2,0,0.18604651162790697,1.0,0.0,0.813953488372093,0.6709973563914495,0.676959433955236,0.0059620775637864165,0.0,0.05458535811744585,0.07856572226101005,0.35391262382438515,31,0.35,oracle_all_endpoints
43,2,0,0.0,1.0,0.0,1.0,0.6709973563914495,0.6709973563914495,0.0,0.0,0.043309013923383766,0.07277772225252065,,31,0.35,static_initial
43,2,0,0.18604651162790697,1.0,0.0,0.813953488372093,0.6709973563914495,0.6770810197827624,0.006083663391312832,0.0,0.05499364949684357,0.07699437635315323,0.3654382194765037,31,0.4,completed_only
43,2,0,0.18604651162790697,1.0,0.0,0.813953488372093,0.6709973563914495,0.676959433955236,0.0059620775637864165,0.0,0.05458535811744585,0.07856572226101005,0.35391262382438515,31,0.4,oracle_all_endpoints
43,2,0,0.0,1.0,0.0,1.0,0.6709973563914495,0.6709973563914495,0.0,0.0,0.043309013923383766,0.07277772225252065,,31,0.4,static_initial
43,2,0,0.18604651162790697,1.0,0.0,0.813953488372093,0.6709973563914495,0.6770810197827624,0.006083663391312832,0.0,0.05499364949684357,0.07699437635315323,0.3654382194765037,31,0.45,completed_only
43,2,0,0.18604651162790697,1.0,0.0,0.813953488372093,0.6709973563914495,0.676959433955236,0.0059620775637864165,0.0,0.05458535811744585,0.07856572226101005,0.35391262382438515,31,0.45,oracle_all_endpoints
43,2,0,0.0,1.0,0.0,1.0,0.6709973563914495,0.6709973563914495,0.0,0.0,0.043309013923383766,0.07277772225252065,,31,0.45,static_initial
43,2,0,0.18604651162790697,1.0,0.0,0.813953488372093,0.6709973563914495,0.6770810197827624,0.006083663391312832,0.0,0.05499364949684357,0.07699437635315323,0.3654382194765037,31,0.5,completed_only
43,2,0,0.18604651162790697,1.0,0.0,0.813953488372093,0.6709973563914495,0.676959433955236,0.0059620775637864165,0.0,0.05458535811744585,0.07856572226101005,0.35391262382438515,31,0.5,oracle_all_endpoints
43,2,0,0.0,1.0,0.0,1.0,0.6709973563914495,0.6709973563914495,0.0,0.0,0.043309013923383766,0.07277772225252065,,31,0.5,static_initial
43,2,0,0.20930232558139536,1.0,0.0,0.7906976744186046,0.6709973563914495,0.6768896523150314,0.0058922959235818695,0.0,0.055865477275928214,0.07749078489067006,0.3614426796504359,31,0.55,completed_only
43,2,0,0.23255813953488372,1.0,0.0,0.7674418604651163,0.6709973563914495,0.6767709542194229,0.005773597827973376,0.0,0.05458535811744585,0.07856572226101005,0.35391262382438515,31,0.55,oracle_all_endpoints
43,2,0,0.0,1.0,0.0,1.0,0.6709973563914495,0.6709973563914495,0.0,0.0,0.043309013923383766,0.07277772225252065,,31,0.55,static_initial
43,2,0,0.2558139534883721,1.0,0.0,0.7441860465116279,0.6709973563914495,0.6792110116073856,0.008213655215936089,0.0,0.055873613149170616,0.07846922220849051,0.396634165041571,31,0.6,completed_only
43,2,0,0.27906976744186046,1.0,0.0,0.7209302325581395,0.6709973563914495,0.6787358288562922,0.007738472464842716,0.0,0.05458535811744585,0.07856572226101005,0.35391262382438515,31,0.6,oracle_all_endpoints
43,2,0,0.0,1.0,0.0,1.0,0.6709973563914495,0.6709973563914495,0.0,0.0,0.043309013923383766,0.07277772225252065,,31,0.6,static_initial
43,8,4,0.5813953488372093,0.5,0.5,0.4186046511627907,0.6712893726525283,0.6530245918697628,-0.0182647807827655,0.11422399162752828,0.07392782826328011,0.11412982311886467,0.04688007611164619,32,0.1,completed_only
43,8,3,0.5348837209302325,0.625,0.375,0.46511627906976744,0.6712893726525283,0.6705858681668405,-0.0007035044856877892,0.010924089113984126,0.07489687965408313,0.11300747798263079,0.047791844204579347,32,0.1,oracle_all_endpoints
43,8,0,0.0,1.0,0.0,1.0,0.6712893726525283,0.6712893726525283,0.0,0.0,0.06866008516082059,0.10396611807009441,,32,0.1,static_initial
43,8,5,0.6511627906976745,0.375,0.625,0.3488372093023256,0.6712893726525283,0.6546770587834787,-0.0166123138690496,0.11422399162752828,0.07292834893326151,0.11403792149026679,0.07848803666666211,32,0.15,completed_only
43,8,5,0.627906976744186,0.375,0.625,0.37209302325581395,0.6712893726525283,0.647999948421712,-0.023289424230816258,0.11422399162752828,0.07489687965408313,0.11300747798263079,0.047791844204579347,32,0.15,oracle_all_endpoints
43,8,0,0.0,1.0,0.0,1.0,0.6712893726525283,0.6712893726525283,0.0,0.0,0.06866008516082059,0.10396611807009441,,32,0.15,static_initial
43,8,5,0.6511627906976745,0.375,0.625,0.3488372093023256,0.6712893726525283,0.6546770587834787,-0.0166123138690496,0.11422399162752828,0.07292834893326151,0.11403792149026679,0.07848803666666211,32,0.2,completed_only
43,8,5,0.627906976744186,0.375,0.625,0.37209302325581395,0.6712893726525283,0.647999948421712,-0.023289424230816258,0.11422399162752828,0.07489687965408313,0.11300747798263079,0.047791844204579347,32,0.2,oracle_all_endpoints
43,8,0,0.0,1.0,0.0,1.0,0.6712893726525283,0.6712893726525283,0.0,0.0,0.06866008516082059,0.10396611807009441,,32,0.2,static_initial
43,8,5,0.6511627906976745,0.375,0.625,0.3488372093023256,0.6712893726525283,0.6546770587834787,-0.0166123138690496,0.11422399162752828,0.07292834893326151,0.11403792149026679,0.07848803666666211,32,0.25,completed_only
43,8,5,0.627906976744186,0.375,0.625,0.37209302325581395,0.6712893726525283,0.647999948421712,-0.023289424230816258,0.11422399162752828,0.07489687965408313,0.11300747798263079,0.047791844204579347,32,0.25,oracle_all_endpoints
43,8,0,0.0,1.0,0.0,1.0,0.6712893726525283,0.6712893726525283,0.0,0.0,0.06866008516082059,0.10396611807009441,,32,0.25,static_initial
43,8,5,0.6511627906976745,0.375,0.625,0.3488372093023256,0.6712893726525283,0.6546770587834787,-0.0166123138690496,0.11422399162752828,0.07292834893326151,0.11403792149026679,0.07848803666666211,32,0.3,completed_only
43,8,5,0.627906976744186,0.375,0.625,0.37209302325581395,0.6712893726525283,0.647999948421712,-0.023289424230816258,0.11422399162752828,0.07489687965408313,0.11300747798263079,0.047791844204579347,32,0.3,oracle_all_endpoints
43,8,0,0.0,1.0,0.0,1.0,0.6712893726525283,0.6712893726525283,0.0,0.0,0.06866008516082059,0.10396611807009441,,32,0.3,static_initial
43,8,5,0.6511627906976745,0.375,0.625,0.3488372093023256,0.6712893726525283,0.6546770587834787,-0.0166123138690496,0.11422399162752828,0.07292834893326151,0.11403792149026679,0.07848803666666211,32,0.35,completed_only
43,8,5,0.627906976744186,0.375,0.625,0.37209302325581395,0.6712893726525283,0.647999948421712,-0.023289424230816258,0.11422399162752828,0.07489687965408313,0.11300747798263079,0.047791844204579347,32,0.35,oracle_all_endpoints
43,8,0,0.0,1.0,0.0,1.0,0.6712893726525283,0.6712893726525283,0.0,0.0,0.06866008516082059,0.10396611807009441,,32,0.35,static_initial
43,8,5,0.6511627906976745,0.375,0.625,0.3488372093023256,0.6712893726525283,0.6546770587834787,-0.0166123138690496,0.11422399162752828,0.07292834893326151,0.11403792149026679,0.07848803666666211,32,0.4,completed_only
43,8,5,0.6511627906976745,0.375,0.625,0.3488372093023256,0.6712893726525283,0.6457876976697682,-0.025501674982760125,0.11422399162752828,0.07489687965408313,0.11300747798263079,0.047791844204579347,32,0.4,oracle_all_endpoints
43,8,0,0.0,1.0,0.0,1.0,0.6712893726525283,0.6712893726525283,0.0,0.0,0.06866008516082059,0.10396611807009441,,32,0.4,static_initial
43,8,5,0.6511627906976745,0.375,0.625,0.3488372093023256,0.6712893726525283,0.6546770587834787,-0.0166123138690496,0.11422399162752828,0.07292834893326151,0.11403792149026679,0.07848803666666211,32,0.45,completed_only
43,8,5,0.6511627906976745,0.375,0.625,0.3488372093023256,0.6712893726525283,0.6457876976697682,-0.025501674982760125,0.11422399162752828,0.07489687965408313,0.11300747798263079,0.047791844204579347,32,0.45,oracle_all_endpoints
43,8,0,0.0,1.0,0.0,1.0,0.6712893726525283,0.6712893726525283,0.0,0.0,0.06866008516082059,0.10396611807009441,,32,0.45,static_initial
43,8,5,0.6511627906976745,0.375,0.625,0.3488372093023256,0.6712893726525283,0.6546770587834787,-0.0166123138690496,0.11422399162752828,0.07292834893326151,0.11403792149026679,0.07848803666666211,32,0.5,completed_only
43,8,5,0.6511627906976745,0.375,0.625,0.3488372093023256,0.6712893726525283,0.6457876976697682,-0.025501674982760125,0.11422399162752828,0.07489687965408313,0.11300747798263079,0.047791844204579347,32,0.5,oracle_all_endpoints
43,8,0,0.0,1.0,0.0,1.0,0.6712893726525283,0.6712893726525283,0.0,0.0,0.06866008516082059,0.10396611807009441,,32,0.5,static_initial
43,8,5,0.6511627906976745,0.375,0.625,0.3488372093023256,0.6712893726525283,0.6546770587834787,-0.0166123138690496,0.11422399162752828,0.07292834893326151,0.11403792149026679,0.07848803666666211,32,0.55,completed_only
43,8,5,0.6511627906976745,0.375,0.625,0.3488372093023256,0.6712893726525283,0.6457876976697682,-0.025501674982760125,0.11422399162752828,0.07489687965408313,0.11300747798263079,0.047791844204579347,32,0.55,oracle_all_endpoints
43,8,0,0.0,1.0,0.0,1.0,0.6712893726525283,0.6712893726525283,0.0,0.0,0.06866008516082059,0.10396611807009441,,32,0.55,static_initial
43,8,5,0.6511627906976745,0.375,0.625,0.3488372093023256,0.6712893726525283,0.6546770587834787,-0.0166123138690496,0.11422399162752828,0.07292834893326151,0.11403792149026679,0.07848803666666211,32,0.6,completed_only
43,8,5,0.6511627906976745,0.375,0.625,0.3488372093023256,0.6712893726525283,0.6457876976697682,-0.025501674982760125,0.11422399162752828,0.07489687965408313,0.11300747798263079,0.047791844204579347,32,0.6,oracle_all_endpoints
43,8,0,0.0,1.0,0.0,1.0,0.6712893726525283,0.6712893726525283,0.0,0.0,0.06866008516082059,0.10396611807009441,,32,0.6,static_initial
44,20,0,0.022727272727272728,1.0,0.0,0.9772727272727273,0.6961007752997045,0.6972121837380241,0.0011114084383195832,0.0,0.06576380410459842,0.10206869271605237,0.22757552764493122,33,0.1,completed_only
44,20,0,0.022727272727272728,1.0,0.0,0.9772727272727273,0.6961007752997045,0.6972121837380241,0.0011114084383195832,0.0,0.06576380410459842,0.10206869271605237,0.22757552764493122,33,0.1,oracle_all_endpoints
44,20,0,0.0,1.0,0.0,1.0,0.6961007752997045,0.6961007752997045,0.0,0.0,0.05816871755744512,0.09809955931956475,,33,0.1,static_initial
44,20,0,0.09090909090909091,1.0,0.0,0.9090909090909091,0.6961007752997045,0.6987389410312737,0.0026381657315691642,0.0,0.06540353304244417,0.1019008515804924,0.22147088155089997,33,0.15,completed_only
44,20,0,0.09090909090909091,1.0,0.0,0.9090909090909091,0.6961007752997045,0.6987389410312737,0.0026381657315691642,0.0,0.06576380410459842,0.10206869271605237,0.22757552764493122,33,0.15,oracle_all_endpoints
44,20,0,0.0,1.0,0.0,1.0,0.6961007752997045,0.6961007752997045,0.0,0.0,0.05816871755744512,0.09809955931956475,,33,0.15,static_initial
44,20,0,0.20454545454545456,1.0,0.0,0.7954545454545454,0.6961007752997045,0.7016807037470836,0.00557992844737909,0.0,0.06453711884426011,0.10103094219946267,0.2217548185785293,33,0.2,completed_only
44,20,1,0.22727272727272727,0.95,0.05,0.7727272727272727,0.6961007752997045,0.7018495175417866,0.0057487422420821055,0.0,0.06576380410459842,0.10206869271605237,0.22757552764493122,33,0.2,oracle_all_endpoints
44,20,0,0.0,1.0,0.0,1.0,0.6961007752997045,0.6961007752997045,0.0,0.0,0.05816871755744512,0.09809955931956475,,33,0.2,static_initial
44,20,20,1.0,0.0,1.0,0.0,0.6961007752997045,,,,0.05816871755744512,0.09809955931956475,,33,0.25,completed_only
44,20,8,0.45454545454545453,0.6,0.4,0.5454545454545454,0.6961007752997045,0.6934046778691014,-0.0026960974306030616,0.0,0.06576380410459842,0.10206869271605237,0.22757552764493122,33,0.25,oracle_all_endpoints
44,20,20,1.0,0.0,1.0,0.0,0.6961007752997045,,,,0.05816871755744512,0.09809955931956475,,33,0.25,static_initial
44,20,20,1.0,0.0,1.0,0.0,0.6961007752997045,,,,0.05816871755744512,0.09809955931956475,,33,0.3,completed_only
44,20,8,0.45454545454545453,0.6,0.4,0.5454545454545454,0.6961007752997045,0.6934046778691014,-0.0026960974306030616,0.0,0.06576380410459842,0.10206869271605237,0.22757552764493122,33,0.3,oracle_all_endpoints
44,20,20,1.0,0.0,1.0,0.0,0.6961007752997045,,,,0.05816871755744512,0.09809955931956475,,33,0.3,static_initial
44,20,20,1.0,0.0,1.0,0.0,0.6961007752997045,,,,0.05816871755744512,0.09809955931956475,,33,0.35,completed_only
44,20,8,0.45454545454545453,0.6,0.4,0.5454545454545454,0.6961007752997045,0.6934046778691014,-0.0026960974306030616,0.0,0.06576380410459842,0.10206869271605237,0.22757552764493122,33,0.35,oracle_all_endpoints
44,20,20,1.0,0.0,1.0,0.0,0.6961007752997045,,,,0.05816871755744512,0.09809955931956475,,33,0.35,static_initial
44,20,20,1.0,0.0,1.0,0.0,0.6961007752997045,,,,0.05816871755744512,0.09809955931956475,,33,0.4,completed_only
44,20,8,0.45454545454545453,0.6,0.4,0.5454545454545454,0.6961007752997045,0.6934046778691014,-0.0026960974306030616,0.0,0.06576380410459842,0.10206869271605237,0.22757552764493122,33,0.4,oracle_all_endpoints
44,20,20,1.0,0.0,1.0,0.0,0.6961007752997045,,,,0.05816871755744512,0.09809955931956475,,33,0.4,static_initial
44,20,20,1.0,0.0,1.0,0.0,0.6961007752997045,,,,0.05816871755744512,0.09809955931956475,,33,0.45,completed_only
44,20,8,0.45454545454545453,0.6,0.4,0.5454545454545454,0.6961007752997045,0.6934046778691014,-0.0026960974306030616,0.0,0.06576380410459842,0.10206869271605237,0.22757552764493122,33,0.45,oracle_all_endpoints
44,20,20,1.0,0.0,1.0,0.0,0.6961007752997045,,,,0.05816871755744512,0.09809955931956475,,33,0.45,static_initial
44,20,20,1.0,0.0,1.0,0.0,0.6961007752997045,,,,0.05816871755744512,0.09809955931956475,,33,0.5,completed_only
44,20,8,0.45454545454545453,0.6,0.4,0.5454545454545454,0.6961007752997045,0.6934046778691014,-0.0026960974306030616,0.0,0.06576380410459842,0.10206869271605237,0.22757552764493122,33,0.5,oracle_all_endpoints
44,20,20,1.0,0.0,1.0,0.0,0.6961007752997045,,,,0.05816871755744512,0.09809955931956475,,33,0.5,static_initial
44,20,20,1.0,0.0,1.0,0.0,0.6961007752997045,,,,0.05816871755744512,0.09809955931956475,,33,0.55,completed_only
44,20,8,0.45454545454545453,0.6,0.4,0.5454545454545454,0.6961007752997045,0.6934046778691014,-0.0026960974306030616,0.0,0.06576380410459842,0.10206869271605237,0.22757552764493122,33,0.55,oracle_all_endpoints
44,20,20,1.0,0.0,1.0,0.0,0.6961007752997045,,,,0.05816871755744512,0.09809955931956475,,33,0.55,static_initial
44,20,20,1.0,0.0,1.0,0.0,0.6961007752997045,,,,0.05816871755744512,0.09809955931956475,,33,0.6,completed_only
44,20,8,0.4772727272727273,0.6,0.4,0.5227272727272727,0.6961007752997045,0.7019076560876777,0.005806880787973201,0.0,0.06576380410459842,0.10206869271605237,0.22757552764493122,33,0.6,oracle_all_endpoints
44,20,20,1.0,0.0,1.0,0.0,0.6961007752997045,,,,0.05816871755744512,0.09809955931956475,,33,0.6,static_initial
40,14,1,0.05,0.9285714285714286,0.07142857142857142,0.95,0.6960069330524797,0.6927097736018654,-0.003297159450614373,0.0,0.07589923189583583,0.12206187510489512,-0.012996899567815242,34,0.1,completed_only
40,14,1,0.05,0.9285714285714286,0.07142857142857142,0.95,0.6960069330524797,0.6927097736018654,-0.003297159450614373,0.0,0.07634049852026834,0.1226119864082396,0.06347761093266284,34,0.1,oracle_all_endpoints
40,14,0,0.0,1.0,0.0,1.0,0.6960069330524797,0.6960069330524797,0.0,0.0,0.06921889700159442,0.11300328771788497,,34,0.1,static_initial
40,14,4,0.2,0.7142857142857143,0.2857142857142857,0.8,0.6960069330524797,0.6827688916810197,-0.013238041371460008,0.0,0.07616466424055127,0.12213345793312792,-0.004143938992636744,34,0.15,completed_only
40,14,2,0.225,0.8571428571428572,0.14285714285714285,0.775,0.6960069330524797,0.6863039157700851,-0.009703017282394644,0.0,0.07634049852026834,0.1226119864082396,0.06347761093266284,34,0.15,oracle_all_endpoints
40,14,0,0.0,1.0,0.0,1.0,0.6960069330524797,0.6960069330524797,0.0,0.0,0.06921889700159442,0.11300328771788497,,34,0.15,static_initial
40,14,4,0.225,0.7142857142857143,0.2857142857142857,0.775,0.6960069330524797,0.6828129990565734,-0.013193933995906293,0.0,0.07616466424055127,0.12213345793312792,-0.004143938992636744,34,0.2,completed_only
40,14,2,0.225,0.8571428571428572,0.14285714285714285,0.775,0.6960069330524797,0.6863039157700851,-0.009703017282394644,0.0,0.07634049852026834,0.1226119864082396,0.06347761093266284,34,0.2,oracle_all_endpoints
40,14,0,0.0,1.0,0.0,1.0,0.6960069330524797,0.6960069330524797,0.0,0.0,0.06921889700159442,0.11300328771788497,,34,0.2,static_initial
40,14,14,1.0,0.0,1.0,0.0,0.6960069330524797,,,,0.06921889700159442,0.11300328771788497,,34,0.25,completed_only
40,14,5,0.5,0.6428571428571428,0.35714285714285715,0.5,0.6960069330524797,0.6970994199636708,0.0010924869111910152,0.0924646071133608,0.07634049852026834,0.1226119864082396,0.06347761093266284,34,0.25,oracle_all_endpoints
40,14,14,1.0,0.0,1.0,0.0,0.6960069330524797,,,,0.06921889700159442,0.11300328771788497,,34,0.25,static_initial
40,14,14,1.0,0.0,1.0,0.0,0.6960069330524797,,,,0.06921889700159442,0.11300328771788497,,34,0.3,completed_only
40,14,5,0.5,0.6428571428571428,0.35714285714285715,0.5,0.6960069330524797,0.6970994199636708,0.0010924869111910152,0.0924646071133608,0.07634049852026834,0.1226119864082396,0.06347761093266284,34,0.3,oracle_all_endpoints
40,14,14,1.0,0.0,1.0,0.0,0.6960069330524797,,,,0.06921889700159442,0.11300328771788497,,34,0.3,static_initial
40,14,14,1.0,0.0,1.0,0.0,0.6960069330524797,,,,0.06921889700159442,0.11300328771788497,,34,0.35,completed_only
40,14,5,0.5,0.6428571428571428,0.35714285714285715,0.5,0.6960069330524797,0.6970994199636708,0.0010924869111910152,0.0924646071133608,0.07634049852026834,0.1226119864082396,0.06347761093266284,34,0.35,oracle_all_endpoints
40,14,14,1.0,0.0,1.0,0.0,0.6960069330524797,,,,0.06921889700159442,0.11300328771788497,,34,0.35,static_initial
40,14,14,1.0,0.0,1.0,0.0,0.6960069330524797,,,,0.06921889700159442,0.11300328771788497,,34,0.4,completed_only
40,14,5,0.5,0.6428571428571428,0.35714285714285715,0.5,0.6960069330524797,0.6970994199636708,0.0010924869111910152,0.0924646071133608,0.07634049852026834,0.1226119864082396,0.06347761093266284,34,0.4,oracle_all_endpoints
40,14,14,1.0,0.0,1.0,0.0,0.6960069330524797,,,,0.06921889700159442,0.11300328771788497,,34,0.4,static_initial
40,14,14,1.0,0.0,1.0,0.0,0.6960069330524797,,,,0.06921889700159442,0.11300328771788497,,34,0.45,completed_only
40,14,6,0.55,0.5714285714285714,0.42857142857142855,0.45,0.6960069330524797,0.6959564873875417,-5.044566493805913e-05,0.0924646071133608,0.07634049852026834,0.1226119864082396,0.06347761093266284,34,0.45,oracle_all_endpoints
40,14,14,1.0,0.0,1.0,0.0,0.6960069330524797,,,,0.06921889700159442,0.11300328771788497,,34,0.45,static_initial
40,14,14,1.0,0.0,1.0,0.0,0.6960069330524797,,,,0.06921889700159442,0.11300328771788497,,34,0.5,completed_only
40,14,6,0.55,0.5714285714285714,0.42857142857142855,0.45,0.6960069330524797,0.6959564873875417,-5.044566493805913e-05,0.0924646071133608,0.07634049852026834,0.1226119864082396,0.06347761093266284,34,0.5,oracle_all_endpoints
40,14,14,1.0,0.0,1.0,0.0,0.6960069330524797,,,,0.06921889700159442,0.11300328771788497,,34,0.5,static_initial
40,14,14,1.0,0.0,1.0,0.0,0.6960069330524797,,,,0.06921889700159442,0.11300328771788497,,34,0.55,completed_only
40,14,7,0.575,0.5,0.5,0.425,0.6960069330524797,0.6842744877055834,-0.011732445346896325,0.11422399162752828,0.07634049852026834,0.1226119864082396,0.06347761093266284,34,0.55,oracle_all_endpoints
40,14,14,1.0,0.0,1.0,0.0,0.6960069330524797,,,,0.06921889700159442,0.11300328771788497,,34,0.55,static_initial
40,14,14,1.0,0.0,1.0,0.0,0.6960069330524797,,,,0.06921889700159442,0.11300328771788497,,34,0.6,completed_only
40,14,7,0.575,0.5,0.5,0.425,0.6960069330524797,0.6842744877055834,-0.011732445346896325,0.11422399162752828,0.07634049852026834,0.1226119864082396,0.06347761093266284,34,0.6,oracle_all_endpoints
40,14,14,1.0,0.0,1.0,0.0,0.6960069330524797,,,,0.06921889700159442,0.11300328771788497,,34,0.6,static_initial
44,8,0,0.022727272727272728,1.0,0.0,0.9772727272727273,0.6852441413003966,0.6856587125913798,0.0004145712909832122,0.0,0.058947757860216575,0.10086947781361429,0.18264249302258515,35,0.1,completed_only
44,8,0,0.045454545454545456,1.0,0.0,0.9545454545454546,0.6852441413003966,0.6856865354011416,0.00044239410074498053,0.0,0.05937112695437983,0.10092458264537577,0.1836362726192879,35,0.1,oracle_all_endpoints
44,8,0,0.0,1.0,0.0,1.0,0.6852441413003966,0.6852441413003966,0.0,0.0,0.04987277642332067,0.09666052031435976,,35,0.1,static_initial
44,8,0,0.25,1.0,0.0,0.75,0.6852441413003966,0.6955092097627247,0.010265068462328109,0.0,0.057061959202559694,0.09909280436023418,0.24155942625567708,35,0.15,completed_only
44,8,0,0.2727272727272727,1.0,0.0,0.7272727272727273,0.6852441413003966,0.6958535552371415,0.010609413936744971,0.0,0.05937112695437983,0.10092458264537577,0.1836362726192879,35,0.15,oracle_all_endpoints
44,8,0,0.0,1.0,0.0,1.0,0.6852441413003966,0.6852441413003966,0.0,0.0,0.04987277642332067,0.09666052031435976,,35,0.15,static_initial
44,8,0,0.3181818181818182,1.0,0.0,0.6818181818181818,0.6852441413003966,0.6976039076718157,0.012359766371419112,0.0,0.05643027012273672,0.0985615826092912,0.23488690610638716,35,0.2,completed_only
44,8,1,0.3409090909090909,0.875,0.125,0.6590909090909091,0.6852441413003966,0.6970194196902662,0.011775278389869581,0.0,0.05937112695437983,0.10092458264537577,0.1836362726192879,35,0.2,oracle_all_endpoints
44,8,0,0.0,1.0,0.0,1.0,0.6852441413003966,0.6852441413003966,0.0,0.0,0.04987277642332067,0.09666052031435976,,35,0.2,static_initial
44,8,8,1.0,0.0,1.0,0.0,0.6852441413003966,,,,0.04987277642332067,0.09666052031435976,,35,0.25,completed_only
44,8,3,0.5454545454545454,0.625,0.375,0.45454545454545453,0.6852441413003966,0.6858253235972398,0.0005811822968432301,0.0,0.05937112695437983,0.10092458264537577,0.1836362726192879,35,0.25,oracle_all_endpoints
44,8,8,1.0,0.0,1.0,0.0,0.6852441413003966,,,,0.04987277642332067,0.09666052031435976,,35,0.25,static_initial
44,8,8,1.0,0.0,1.0,0.0,0.6852441413003966,,,,0.04987277642332067,0.09666052031435976,,35,0.3,completed_only
44,8,3,0.5454545454545454,0.625,0.375,0.45454545454545453,0.6852441413003966,0.6858253235972398,0.0005811822968432301,0.0,0.05937112695437983,0.10092458264537577,0.1836362726192879,35,0.3,oracle_all_endpoints
44,8,8,1.0,0.0,1.0,0.0,0.6852441413003966,,,,0.04987277642332067,0.09666052031435976,,35,0.3,static_initial
44,8,8,1.0,0.0,1.0,0.0,0.6852441413003966,,,,0.04987277642332067,0.09666052031435976,,35,0.35,completed_only
44,8,3,0.5454545454545454,0.625,0.375,0.45454545454545453,0.6852441413003966,0.6858253235972398,0.0005811822968432301,0.0,0.05937112695437983,0.10092458264537577,0.1836362726192879,35,0.35,oracle_all_endpoints
44,8,8,1.0,0.0,1.0,0.0,0.6852441413003966,,,,0.04987277642332067,0.09666052031435976,,35,0.35,static_initial
44,8,8,1.0,0.0,1.0,0.0,0.6852441413003966,,,,0.04987277642332067,0.09666052031435976,,35,0.4,completed_only
44,8,3,0.5681818181818182,0.625,0.375,0.4318181818181818,0.6852441413003966,0.6868233182902607,0.001579176989864095,0.0,0.05937112695437983,0.10092458264537577,0.1836362726192879,35,0.4,oracle_all_endpoints
44,8,8,1.0,0.0,1.0,0.0,0.6852441413003966,,,,0.04987277642332067,0.09666052031435976,,35,0.4,static_initial
44,8,8,1.0,0.0,1.0,0.0,0.6852441413003966,,,,0.04987277642332067,0.09666052031435976,,35,0.45,completed_only
44,8,3,0.5681818181818182,0.625,0.375,0.4318181818181818,0.6852441413003966,0.6868233182902607,0.001579176989864095,0.0,0.05937112695437983,0.10092458264537577,0.1836362726192879,35,0.45,oracle_all_endpoints
44,8,8,1.0,0.0,1.0,0.0,0.6852441413003966,,,,0.04987277642332067,0.09666052031435976,,35,0.45,static_initial
44,8,8,1.0,0.0,1.0,0.0,0.6852441413003966,,,,0.04987277642332067,0.09666052031435976,,35,0.5,completed_only
44,8,3,0.5681818181818182,0.625,0.375,0.4318181818181818,0.6852441413003966,0.6868233182902607,0.001579176989864095,0.0,0.05937112695437983,0.10092458264537577,0.1836362726192879,35,0.5,oracle_all_endpoints
44,8,8,1.0,0.0,1.0,0.0,0.6852441413003966,,,,0.04987277642332067,0.09666052031435976,,35,0.5,static_initial
44,8,8,1.0,0.0,1.0,0.0,0.6852441413003966,,,,0.04987277642332067,0.09666052031435976,,35,0.55,completed_only
44,8,3,0.5681818181818182,0.625,0.375,0.4318181818181818,0.6852441413003966,0.6868233182902607,0.001579176989864095,0.0,0.05937112695437983,0.10092458264537577,0.1836362726192879,35,0.55,oracle_all_endpoints
44,8,8,1.0,0.0,1.0,0.0,0.6852441413003966,,,,0.04987277642332067,0.09666052031435976,,35,0.55,static_initial
44,8,8,1.0,0.0,1.0,0.0,0.6852441413003966,,,,0.04987277642332067,0.09666052031435976,,35,0.6,completed_only
44,8,3,0.5681818181818182,0.625,0.375,0.4318181818181818,0.6852441413003966,0.6868233182902607,0.001579176989864095,0.0,0.05937112695437983,0.10092458264537577,0.1836362726192879,35,0.6,oracle_all_endpoints
44,8,8,1.0,0.0,1.0,0.0,0.6852441413003966,,,,0.04987277642332067,0.09666052031435976,,35,0.6,static_initial
44,7,0,0.022727272727272728,1.0,0.0,0.9772727272727273,0.6856231214728011,0.6864908635430532,0.0008677420702520866,0.0,0.048208151787310194,0.08358894781892726,0.33974227849932004,36,0.1,completed_only
44,7,0,0.022727272727272728,1.0,0.0,0.9772727272727273,0.6856231214728011,0.6864908635430532,0.0008677420702520866,0.0,0.04856803275653427,0.08432580591982393,0.3326346994512171,36,0.1,oracle_all_endpoints
44,7,0,0.0,1.0,0.0,1.0,0.6856231214728011,0.6856231214728011,0.0,0.0,0.041778167657279645,0.0838928872356628,,36,0.1,static_initial
44,7,2,0.22727272727272727,0.7142857142857143,0.2857142857142857,0.7727272727272727,0.6856231214728011,0.6871714391704553,0.001548317697654178,0.06665291169410226,0.050468784729299214,0.08984746596170401,0.28074937240006576,36,0.15,completed_only
44,7,1,0.1590909090909091,0.8571428571428572,0.14285714285714285,0.8409090909090909,0.6856231214728011,0.6943193659949629,0.008696244522161778,0.0,0.04856803275653427,0.08432580591982393,0.3326346994512171,36,0.15,oracle_all_endpoints
44,7,0,0.0,1.0,0.0,1.0,0.6856231214728011,0.6856231214728011,0.0,0.0,0.041778167657279645,0.0838928872356628,,36,0.15,static_initial
44,7,2,0.22727272727272727,0.7142857142857143,0.2857142857142857,0.7727272727272727,0.6856231214728011,0.6871714391704553,0.001548317697654178,0.06665291169410226,0.050468784729299214,0.08984746596170401,0.28074937240006576,36,0.2,completed_only
44,7,2,0.25,0.7142857142857143,0.2857142857142857,0.75,0.6856231214728011,0.687441647786474,0.0018185263136728524,0.06665291169410226,0.04856803275653427,0.08432580591982393,0.3326346994512171,36,0.2,oracle_all_endpoints
44,7,0,0.0,1.0,0.0,1.0,0.6856231214728011,0.6856231214728011,0.0,0.0,0.041778167657279645,0.0838928872356628,,36,0.2,static_initial
44,7,2,0.25,0.7142857142857143,0.2857142857142857,0.75,0.6856231214728011,0.687441647786474,0.0018185263136728524,0.06665291169410226,0.04996458889833894,0.08746744535096586,0.30662096013516044,36,0.25,completed_only
44,7,2,0.25,0.7142857142857143,0.2857142857142857,0.75,0.6856231214728011,0.687441647786474,0.0018185263136728524,0.06665291169410226,0.04856803275653427,0.08432580591982393,0.3326346994512171,36,0.25,oracle_all_endpoints
44,7,0,0.0,1.0,0.0,1.0,0.6856231214728011,0.6856231214728011,0.0,0.0,0.041778167657279645,0.0838928872356628,,36,0.25,static_initial
44,7,2,0.25,0.7142857142857143,0.2857142857142857,0.75,0.6856231214728011,0.6948437188485029,0.0092205973757018,0.06665291169410226,0.04633268905268233,0.08359775316525943,0.28615113247662394,36,0.3,completed_only
44,7,2,0.2727272727272727,0.7142857142857143,0.2857142857142857,0.7272727272727273,0.6856231214728011,0.6953621302237111,0.009739008750909939,0.06665291169410226,0.04856803275653427,0.08432580591982393,0.3326346994512171,36,0.3,oracle_all_endpoints
44,7,0,0.0,1.0,0.0,1.0,0.6856231214728011,0.6856231214728011,0.0,0.0,0.041778167657279645,0.0838928872356628,,36,0.3,static_initial
44,7,2,0.25,0.7142857142857143,0.2857142857142857,0.75,0.6856231214728011,0.6948437188485029,0.0092205973757018,0.06665291169410226,0.04633268905268233,0.08359775316525943,0.28615113247662394,36,0.35,completed_only
44,7,2,0.29545454545454547,0.7142857142857143,0.2857142857142857,0.7045454545454546,0.6856231214728011,0.6962852169706266,0.010662095497825486,0.06665291169410226,0.04856803275653427,0.08432580591982393,0.3326346994512171,36,0.35,oracle_all_endpoints
44,7,0,0.0,1.0,0.0,1.0,0.6856231214728011,0.6856231214728011,0.0,0.0,0.041778167657279645,0.0838928872356628,,36,0.35,static_initial
44,7,2,0.25,0.7142857142857143,0.2857142857142857,0.75,0.6856231214728011,0.6948437188485029,0.0092205973757018,0.06665291169410226,0.04633268905268233,0.08359775316525943,0.28615113247662394,36,0.4,completed_only
44,7,2,0.29545454545454547,0.7142857142857143,0.2857142857142857,0.7045454545454546,0.6856231214728011,0.6962852169706266,0.010662095497825486,0.06665291169410226,0.04856803275653427,0.08432580591982393,0.3326346994512171,36,0.4,oracle_all_endpoints
44,7,0,0.0,1.0,0.0,1.0,0.6856231214728011,0.6856231214728011,0.0,0.0,0.041778167657279645,0.0838928872356628,,36,0.4,static_initial
44,7,2,0.25,0.7142857142857143,0.2857142857142857,0.75,0.6856231214728011,0.6948437188485029,0.0092205973757018,0.06665291169410226,0.04633268905268233,0.08359775316525943,0.28615113247662394,36,0.45,completed_only
44,7,2,0.29545454545454547,0.7142857142857143,0.2857142857142857,0.7045454545454546,0.6856231214728011,0.6962852169706266,0.010662095497825486,0.06665291169410226,0.04856803275653427,0.08432580591982393,0.3326346994512171,36,0.45,oracle_all_endpoints
44,7,0,0.0,1.0,0.0,1.0,0.6856231214728011,0.6856231214728011,0.0,0.0,0.041778167657279645,0.0838928872356628,,36,0.45,static_initial
44,7,2,0.29545454545454547,0.7142857142857143,0.2857142857142857,0.7045454545454546,0.6856231214728011,0.6957420540393117,0.01011893256651053,0.06665291169410226,0.046112093964862384,0.08254663488546744,0.28416101034315516,36,0.5,completed_only
44,7,2,0.3409090909090909,0.7142857142857143,0.2857142857142857,0.6590909090909091,0.6856231214728011,0.6973449199761204,0.011721798503319225,0.06665291169410226,0.04856803275653427,0.08432580591982393,0.3326346994512171,36,0.5,oracle_all_endpoints
44,7,0,0.0,1.0,0.0,1.0,0.6856231214728011,0.6856231214728011,0.0,0.0,0.041778167657279645,0.0838928872356628,,36,0.5,static_initial
44,7,2,0.29545454545454547,0.7142857142857143,0.2857142857142857,0.7045454545454546,0.6856231214728011,0.6957420540393117,0.01011893256651053,0.06665291169410226,0.046112093964862384,0.08254663488546744,0.28416101034315516,36,0.55,completed_only
44,7,2,0.3409090909090909,0.7142857142857143,0.2857142857142857,0.6590909090909091,0.6856231214728011,0.6973449199761204,0.011721798503319225,0.06665291169410226,0.04856803275653427,0.08432580591982393,0.3326346994512171,36,0.55,oracle_all_endpoints
44,7,0,0.0,1.0,0.0,1.0,0.6856231214728011,0.6856231214728011,0.0,0.0,0.041778167657279645,0.0838928872356628,,36,0.55,static_initial
44,7,7,1.0,0.0,1.0,0.0,0.6856231214728011,,,,0.041778167657279645,0.0838928872356628,,36,0.6,completed_only
44,7,2,0.5454545454545454,0.7142857142857143,0.2857142857142857,0.45454545454545453,0.6856231214728011,0.7027858067343667,0.017162685261565613,0.06665291169410226,0.04856803275653427,0.08432580591982393,0.3326346994512171,36,0.6,oracle_all_endpoints
44,7,7,1.0,0.0,1.0,0.0,0.6856231214728011,,,,0.041778167657279645,0.0838928872356628,,36,0.6,static_initial
44,22,0,0.022727272727272728,1.0,0.0,0.9772727272727273,0.6838758560818934,0.684702964073287,0.0008271079913936275,0.0,0.05221600819153738,0.08388549958936323,0.41518420294027186,37,0.1,completed_only
44,22,0,0.022727272727272728,1.0,0.0,0.9772727272727273,0.6838758560818934,0.684702964073287,0.0008271079913936275,0.0,0.05221600819153738,0.08388549958936323,0.41518420294027186,37,0.1,oracle_all_endpoints
44,22,0,0.0,1.0,0.0,1.0,0.6838758560818934,0.6838758560818934,0.0,0.0,0.04037817613786011,0.0777468241853458,,37,0.1,static_initial
44,22,0,0.09090909090909091,1.0,0.0,0.9090909090909091,0.6838758560818934,0.6860240921671246,0.002148236085231181,0.0,0.05337265737075169,0.08502999361141857,0.38741982722924545,37,0.15,completed_only
44,22,0,0.09090909090909091,1.0,0.0,0.9090909090909091,0.6838758560818934,0.6860240921671246,0.002148236085231181,0.0,0.05221600819153738,0.08388549958936323,0.41518420294027186,37,0.15,oracle_all_endpoints
44,22,0,0.0,1.0,0.0,1.0,0.6838758560818934,0.6838758560818934,0.0,0.0,0.04037817613786011,0.0777468241853458,,37,0.15,static_initial
44,22,1,0.13636363636363635,0.9545454545454546,0.045454545454545456,0.8636363636363636,0.6838758560818934,0.6862460705684882,0.0023702144865948016,0.0,0.05367082366519178,0.08517094611124336,0.3660626151438405,37,0.2,completed_only
44,22,1,0.13636363636363635,0.9545454545454546,0.045454545454545456,0.8636363636363636,0.6838758560818934,0.6862460705684882,0.0023702144865948016,0.0,0.05221600819153738,0.08388549958936323,0.41518420294027186,37,0.2,oracle_all_endpoints
44,22,0,0.0,1.0,0.0,1.0,0.6838758560818934,0.6838758560818934,0.0,0.0,0.04037817613786011,0.0777468241853458,,37,0.2,static_initial
44,22,1,0.13636363636363635,0.9545454545454546,0.045454545454545456,0.8636363636363636,0.6838758560818934,0.6862460705684882,0.0023702144865948016,0.0,0.05367082366519178,0.08517094611124336,0.3660626151438405,37,0.25,completed_only
44,22,1,0.13636363636363635,0.9545454545454546,0.045454545454545456,0.8636363636363636,0.6838758560818934,0.6862460705684882,0.0023702144865948016,0.0,0.05221600819153738,0.08388549958936323,0.41518420294027186,37,0.25,oracle_all_endpoints
44,22,0,0.0,1.0,0.0,1.0,0.6838758560818934,0.6838758560818934,0.0,0.0,0.04037817613786011,0.0777468241853458,,37,0.25,static_initial
44,22,1,0.13636363636363635,0.9545454545454546,0.045454545454545456,0.8636363636363636,0.6838758560818934,0.6862460705684882,0.0023702144865948016,0.0,0.05367082366519178,0.08517094611124336,0.3660626151438405,37,0.3,completed_only
44,22,1,0.13636363636363635,0.9545454545454546,0.045454545454545456,0.8636363636363636,0.6838758560818934,0.6862460705684882,0.0023702144865948016,0.0,0.05221600819153738,0.08388549958936323,0.41518420294027186,37,0.3,oracle_all_endpoints
44,22,0,0.0,1.0,0.0,1.0,0.6838758560818934,0.6838758560818934,0.0,0.0,0.04037817613786011,0.0777468241853458,,37,0.3,static_initial
44,22,2,0.18181818181818182,0.9090909090909091,0.09090909090909091,0.8181818181818182,0.6838758560818934,0.685738840905914,0.001862984824020586,0.0,0.05367082366519178,0.08517094611124336,0.3660626151438405,37,0.35,completed_only
44,22,1,0.1590909090909091,0.9545454545454546,0.045454545454545456,0.8409090909090909,0.6838758560818934,0.6913382298043433,0.007462373722449955,0.0,0.05221600819153738,0.08388549958936323,0.41518420294027186,37,0.35,oracle_all_endpoints
44,22,0,0.0,1.0,0.0,1.0,0.6838758560818934,0.6838758560818934,0.0,0.0,0.04037817613786011,0.0777468241853458,,37,0.35,static_initial
44,22,2,0.18181818181818182,0.9090909090909091,0.09090909090909091,0.8181818181818182,0.6838758560818934,0.685738840905914,0.001862984824020586,0.0,0.05367082366519178,0.08517094611124336,0.3660626151438405,37,0.4,completed_only
44,22,1,0.1590909090909091,0.9545454545454546,0.045454545454545456,0.8409090909090909,0.6838758560818934,0.6913382298043433,0.007462373722449955,0.0,0.05221600819153738,0.08388549958936323,0.41518420294027186,37,0.4,oracle_all_endpoints
44,22,0,0.0,1.0,0.0,1.0,0.6838758560818934,0.6838758560818934,0.0,0.0,0.04037817613786011,0.0777468241853458,,37,0.4,static_initial
44,22,2,0.18181818181818182,0.9090909090909091,0.09090909090909091,0.8181818181818182,0.6838758560818934,0.685738840905914,0.001862984824020586,0.0,0.05367082366519178,0.08517094611124336,0.3660626151438405,37,0.45,completed_only
44,22,1,0.1590909090909091,0.9545454545454546,0.045454545454545456,0.8409090909090909,0.6838758560818934,0.6913382298043433,0.007462373722449955,0.0,0.05221600819153738,0.08388549958936323,0.41518420294027186,37,0.45,oracle_all_endpoints
44,22,0,0.0,1.0,0.0,1.0,0.6838758560818934,0.6838758560818934,0.0,0.0,0.04037817613786011,0.0777468241853458,,37,0.45,static_initial
44,22,2,0.18181818181818182,0.9090909090909091,0.09090909090909091,0.8181818181818182,0.6838758560818934,0.685738840905914,0.001862984824020586,0.0,0.05367082366519178,0.08517094611124336,0.3660626151438405,37,0.5,completed_only
44,22,1,0.1590909090909091,0.9545454545454546,0.045454545454545456,0.8409090909090909,0.6838758560818934,0.6913382298043433,0.007462373722449955,0.0,0.05221600819153738,0.08388549958936323,0.41518420294027186,37,0.5,oracle_all_endpoints
44,22,0,0.0,1.0,0.0,1.0,0.6838758560818934,0.6838758560818934,0.0,0.0,0.04037817613786011,0.0777468241853458,,37,0.5,static_initial
44,22,3,0.22727272727272727,0.8636363636363636,0.13636363636363635,0.7727272727272727,0.6838758560818934,0.6910378509276631,0.007161994845769737,0.0,0.05414016019755501,0.08534519465237443,0.3701916761470188,37,0.55,completed_only
44,22,1,0.1590909090909091,0.9545454545454546,0.045454545454545456,0.8409090909090909,0.6838758560818934,0.6913382298043433,0.007462373722449955,0.0,0.05221600819153738,0.08388549958936323,0.41518420294027186,37,0.55,oracle_all_endpoints
44,22,0,0.0,1.0,0.0,1.0,0.6838758560818934,0.6838758560818934,0.0,0.0,0.04037817613786011,0.0777468241853458,,37,0.55,static_initial
44,22,3,0.22727272727272727,0.8636363636363636,0.13636363636363635,0.7727272727272727,0.6838758560818934,0.6910378509276631,0.007161994845769737,0.0,0.05414016019755501,0.08534519465237443,0.3701916761470188,37,0.6,completed_only
44,22,2,0.18181818181818182,0.9090909090909091,0.09090909090909091,0.8181818181818182,0.6838758560818934,0.6912788705702833,0.00740301448838987,0.0,0.05221600819153738,0.08388549958936323,0.41518420294027186,37,0.6,oracle_all_endpoints
44,22,0,0.0,1.0,0.0,1.0,0.6838758560818934,0.6838758560818934,0.0,0.0,0.04037817613786011,0.0777468241853458,,37,0.6,static_initial
40,12,0,0.075,1.0,0.0,0.925,0.6900862814977531,0.6919683606166463,0.001882079118893265,0.0,0.06346190480813271,0.09090535128230515,0.3748381179703236,38,0.1,completed_only
40,12,0,0.075,1.0,0.0,0.925,0.6900862814977531,0.6919683606166463,0.001882079118893265,0.0,0.06316208923915904,0.08978284873276286,0.339802997396213,38,0.1,oracle_all_endpoints
40,12,0,0.0,1.0,0.0,1.0,0.6900862814977531,0.6900862814977531,0.0,0.0,0.05653331049045046,0.09664580834256073,,38,0.1,static_initial
40,12,3,0.275,0.75,0.25,0.725,0.6900862814977531,0.6973365751541445,0.0072502936563914044,0.0,0.06367345494804241,0.09285302148828736,0.18101478963290502,38,0.15,completed_only
40,12,2,0.225,0.8333333333333334,0.16666666666666666,0.775,0.6900862814977531,0.6974460007340377,0.007359719236284645,0.0,0.06316208923915904,0.08978284873276286,0.339802997396213,38,0.15,oracle_all_endpoints
40,12,0,0.0,1.0,0.0,1.0,0.6900862814977531,0.6900862814977531,0.0,0.0,0.05653331049045046,0.09664580834256073,,38,0.15,static_initial
40,12,3,0.275,0.75,0.25,0.725,0.6900862814977531,0.6973365751541445,0.0072502936563914044,0.0,0.06367345494804241,0.09285302148828736,0.18101478963290502,38,0.2,completed_only
40,12,2,0.25,0.8333333333333334,0.16666666666666666,0.75,0.6900862814977531,0.7040996614637774,0.014013379966024364,0.0,0.06316208923915904,0.08978284873276286,0.339802997396213,38,0.2,oracle_all_endpoints
40,12,0,0.0,1.0,0.0,1.0,0.6900862814977531,0.6900862814977531,0.0,0.0,0.05653331049045046,0.09664580834256073,,38,0.2,static_initial
40,12,3,0.275,0.75,0.25,0.725,0.6900862814977531,0.6973365751541445,0.0072502936563914044,0.0,0.06367345494804241,0.09285302148828736,0.18101478963290502,38,0.25,completed_only
40,12,2,0.25,0.8333333333333334,0.16666666666666666,0.75,0.6900862814977531,0.7040996614637774,0.014013379966024364,0.0,0.06316208923915904,0.08978284873276286,0.339802997396213,38,0.25,oracle_all_endpoints
40,12,0,0.0,1.0,0.0,1.0,0.6900862814977531,0.6900862814977531,0.0,0.0,0.05653331049045046,0.09664580834256073,,38,0.25,static_initial
40,12,3,0.325,0.75,0.25,0.675,0.6900862814977531,0.6989105353417602,0.00882425384400709,0.0,0.06463083914230498,0.09364670086713228,0.18346348085582675,38,0.3,completed_only
40,12,2,0.275,0.8333333333333334,0.16666666666666666,0.725,0.6900862814977531,0.7049756063516324,0.014889324853879282,0.0,0.06316208923915904,0.08978284873276286,0.339802997396213,38,0.3,oracle_all_endpoints
40,12,0,0.0,1.0,0.0,1.0,0.6900862814977531,0.6900862814977531,0.0,0.0,0.05653331049045046,0.09664580834256073,,38,0.3,static_initial
40,12,3,0.325,0.75,0.25,0.675,0.6900862814977531,0.6989105353417602,0.00882425384400709,0.0,0.06463083914230498,0.09364670086713228,0.18346348085582675,38,0.35,completed_only
40,12,2,0.275,0.8333333333333334,0.16666666666666666,0.725,0.6900862814977531,0.7049756063516324,0.014889324853879282,0.0,0.06316208923915904,0.08978284873276286,0.339802997396213,38,0.35,oracle_all_endpoints
40,12,0,0.0,1.0,0.0,1.0,0.6900862814977531,0.6900862814977531,0.0,0.0,0.05653331049045046,0.09664580834256073,,38,0.35,static_initial
40,12,3,0.325,0.75,0.25,0.675,0.6900862814977531,0.6989105353417602,0.00882425384400709,0.0,0.06463083914230498,0.09364670086713228,0.18346348085582675,38,0.4,completed_only
40,12,2,0.275,0.8333333333333334,0.16666666666666666,0.725,0.6900862814977531,0.7049756063516324,0.014889324853879282,0.0,0.06316208923915904,0.08978284873276286,0.339802997396213,38,0.4,oracle_all_endpoints
40,12,0,0.0,1.0,0.0,1.0,0.6900862814977531,0.6900862814977531,0.0,0.0,0.05653331049045046,0.09664580834256073,,38,0.4,static_initial
40,12,3,0.325,0.75,0.25,0.675,0.6900862814977531,0.6989105353417602,0.00882425384400709,0.0,0.06463083914230498,0.09364670086713228,0.18346348085582675,38,0.45,completed_only
40,12,2,0.3,0.8333333333333334,0.16666666666666666,0.7,0.6900862814977531,0.7057529318122315,0.015666650314478447,0.0,0.06316208923915904,0.08978284873276286,0.339802997396213,38,0.45,oracle_all_endpoints
40,12,0,0.0,1.0,0.0,1.0,0.6900862814977531,0.6900862814977531,0.0,0.0,0.05653331049045046,0.09664580834256073,,38,0.45,static_initial
40,12,12,1.0,0.0,1.0,0.0,0.6900862814977531,,,,0.05653331049045046,0.09664580834256073,,38,0.5,completed_only
40,12,6,0.525,0.5,0.5,0.475,0.6900862814977531,0.7174294734723774,0.027343191974624315,0.0,0.06316208923915904,0.08978284873276286,0.339802997396213,38,0.5,oracle_all_endpoints
40,12,12,1.0,0.0,1.0,0.0,0.6900862814977531,,,,0.05653331049045046,0.09664580834256073,,38,0.5,static_initial
40,12,12,1.0,0.0,1.0,0.0,0.6900862814977531,,,,0.05653331049045046,0.09664580834256073,,38,0.55,completed_only
40,12,6,0.525,0.5,0.5,0.475,0.6900862814977531,0.7174294734723774,0.027343191974624315,0.0,0.06316208923915904,0.08978284873276286,0.339802997396213,38,0.55,oracle_all_endpoints
40,12,12,1.0,0.0,1.0,0.0,0.6900862814977531,,,,0.05653331049045046,0.09664580834256073,,38,0.55,static_initial
40,12,12,1.0,0.0,1.0,0.0,0.6900862814977531,,,,0.05653331049045046,0.09664580834256073,,38,0.6,completed_only
40,12,6,0.55,0.5,0.5,0.45,0.6900862814977531,0.7196058578407405,0.029519576342987408,0.0,0.06316208923915904,0.08978284873276286,0.339802997396213,38,0.6,oracle_all_endpoints
40,12,12,1.0,0.0,1.0,0.0,0.6900862814977531,,,,0.05653331049045046,0.09664580834256073,,38,0.6,static_initial
44,13,0,0.045454545454545456,1.0,0.0,0.9545454545454546,0.6865039258059226,0.6913306300060481,0.004826704200125542,0.0,0.06173198292689285,0.09788361763321766,0.2991367826195814,39,0.1,completed_only
44,13,0,0.045454545454545456,1.0,0.0,0.9545454545454546,0.6865039258059226,0.6913306300060481,0.004826704200125542,0.0,0.06241553804937914,0.09706214660111476,0.29219000425542996,39,0.1,oracle_all_endpoints
44,13,0,0.0,1.0,0.0,1.0,0.6865039258059226,0.6865039258059226,0.0,0.0,0.0514580220547854,0.09458253819797245,,39,0.1,static_initial
44,13,0,0.09090909090909091,1.0,0.0,0.9090909090909091,0.6865039258059226,0.6916764161770782,0.005172490371155636,0.0,0.06040626258395298,0.09463849464424649,0.36591091750764904,39,0.15,completed_only
44,13,1,0.06818181818181818,0.9230769230769231,0.07692307692307693,0.9318181818181818,0.6865039258059226,0.6912255193983147,0.004721593592392104,0.0,0.06241553804937914,0.09706214660111476,0.29219000425542996,39,0.15,oracle_all_endpoints
44,13,0,0.0,1.0,0.0,1.0,0.6865039258059226,0.6865039258059226,0.0,0.0,0.0514580220547854,0.09458253819797245,,39,0.15,static_initial
44,13,2,0.18181818181818182,0.8461538461538461,0.15384615384615385,0.8181818181818182,0.6865039258059226,0.6915520331987803,0.00504810739285777,0.0,0.06044828252907933,0.09479891100498868,0.33840734602509037,39,0.2,completed_only
44,13,2,0.20454545454545456,0.8461538461538461,0.15384615384615385,0.7954545454545454,0.6865039258059226,0.6918882546601324,0.005384328854209808,0.0,0.06241553804937914,0.09706214660111476,0.29219000425542996,39,0.2,oracle_all_endpoints
44,13,0,0.0,1.0,0.0,1.0,0.6865039258059226,0.6865039258059226,0.0,0.0,0.0514580220547854,0.09458253819797245,,39,0.2,static_initial
44,13,2,0.20454545454545456,0.8461538461538461,0.15384615384615385,0.7954545454545454,0.6865039258059226,0.6920621147672086,0.005558188961286015,0.0,0.06085139525417225,0.09727742930044003,0.285101454904255,39,0.25,completed_only
44,13,2,0.22727272727272727,0.8461538461538461,0.15384615384615385,0.7727272727272727,0.6865039258059226,0.6922892458312586,0.005785320025336049,0.0,0.06241553804937914,0.09706214660111476,0.29219000425542996,39,0.25,oracle_all_endpoints
44,13,0,0.0,1.0,0.0,1.0,0.6865039258059226,0.6865039258059226,0.0,0.0,0.0514580220547854,0.09458253819797245,,39,0.25,static_initial
44,13,2,0.25,0.8461538461538461,0.15384615384615385,0.75,0.6865039258059226,0.6925968289293873,0.006092903123464777,0.0,0.05840871823859944,0.09237384292090348,0.3008380344638633,39,0.3,completed_only
44,13,2,0.25,0.8461538461538461,0.15384615384615385,0.75,0.6865039258059226,0.6925968289293873,0.006092903123464777,0.0,0.06241553804937914,0.09706214660111476,0.29219000425542996,39,0.3,oracle_all_endpoints
44,13,0,0.0,1.0,0.0,1.0,0.6865039258059226,0.6865039258059226,0.0,0.0,0.0514580220547854,0.09458253819797245,,39,0.3,static_initial
44,13,2,0.25,0.8461538461538461,0.15384615384615385,0.75,0.6865039258059226,0.6925968289293873,0.006092903123464777,0.0,0.05840871823859944,0.09237384292090348,0.3008380344638633,39,0.35,completed_only
44,13,2,0.25,0.8461538461538461,0.15384615384615385,0.75,0.6865039258059226,0.6925968289293873,0.006092903123464777,0.0,0.06241553804937914,0.09706214660111476,0.29219000425542996,39,0.35,oracle_all_endpoints
44,13,0,0.0,1.0,0.0,1.0,0.6865039258059226,0.6865039258059226,0.0,0.0,0.0514580220547854,0.09458253819797245,,39,0.35,static_initial
44,13,2,0.25,0.8461538461538461,0.15384615384615385,0.75,0.6865039258059226,0.6925968289293873,0.006092903123464777,0.0,0.05840871823859944,0.09237384292090348,0.3008380344638633,39,0.4,completed_only
44,13,2,0.25,0.8461538461538461,0.15384615384615385,0.75,0.6865039258059226,0.6925968289293873,0.006092903123464777,0.0,0.06241553804937914,0.09706214660111476,0.29219000425542996,39,0.4,oracle_all_endpoints
44,13,0,0.0,1.0,0.0,1.0,0.6865039258059226,0.6865039258059226,0.0,0.0,0.0514580220547854,0.09458253819797245,,39,0.4,static_initial
44,13,2,0.25,0.8461538461538461,0.15384615384615385,0.75,0.6865039258059226,0.6925968289293873,0.006092903123464777,0.0,0.05840871823859944,0.09237384292090348,0.3008380344638633,39,0.45,completed_only
44,13,2,0.25,0.8461538461538461,0.15384615384615385,0.75,0.6865039258059226,0.6925968289293873,0.006092903123464777,0.0,0.06241553804937914,0.09706214660111476,0.29219000425542996,39,0.45,oracle_all_endpoints
44,13,0,0.0,1.0,0.0,1.0,0.6865039258059226,0.6865039258059226,0.0,0.0,0.0514580220547854,0.09458253819797245,,39,0.45,static_initial
44,13,2,0.25,0.8461538461538461,0.15384615384615385,0.75,0.6865039258059226,0.6925968289293873,0.006092903123464777,0.0,0.05840871823859944,0.09237384292090348,0.3008380344638633,39,0.5,completed_only
44,13,2,0.25,0.8461538461538461,0.15384615384615385,0.75,0.6865039258059226,0.6925968289293873,0.006092903123464777,0.0,0.06241553804937914,0.09706214660111476,0.29219000425542996,39,0.5,oracle_all_endpoints
44,13,0,0.0,1.0,0.0,1.0,0.6865039258059226,0.6865039258059226,0.0,0.0,0.0514580220547854,0.09458253819797245,,39,0.5,static_initial
44,13,2,0.3181818181818182,0.8461538461538461,0.15384615384615385,0.6818181818181818,0.6865039258059226,0.694763456081906,0.008259530275983473,0.0,0.05825958812688354,0.09271021146097898,0.36293372678015556,39,0.55,completed_only
44,13,3,0.3181818181818182,0.7692307692307692,0.23076923076923078,0.6818181818181818,0.6865039258059226,0.6843235914883875,-0.00218033431753506,0.06665291169410226,0.06241553804937914,0.09706214660111476,0.29219000425542996,39,0.55,oracle_all_endpoints
44,13,0,0.0,1.0,0.0,1.0,0.6865039258059226,0.6865039258059226,0.0,0.0,0.0514580220547854,0.09458253819797245,,39,0.55,static_initial
44,13,2,0.3181818181818182,0.8461538461538461,0.15384615384615385,0.6818181818181818,0.6865039258059226,0.694763456081906,0.008259530275983473,0.0,0.05825958812688354,0.09271021146097898,0.36293372678015556,39,0.6,completed_only
44,13,3,0.3181818181818182,0.7692307692307692,0.23076923076923078,0.6818181818181818,0.6865039258059226,0.6843235914883875,-0.00218033431753506,0.06665291169410226,0.06241553804937914,0.09706214660111476,0.29219000425542996,39,0.6,oracle_all_endpoints
44,13,0,0.0,1.0,0.0,1.0,0.6865039258059226,0.6865039258059226,0.0,0.0,0.0514580220547854,0.09458253819797245,,39,0.6,static_initial
44,6,0,0.25,1.0,0.0,0.75,0.662139724859042,0.664088926109693,0.0019492012506509004,0.0,0.06466611351738918,0.08280751065913348,-0.005224702659070275,40,0.1,completed_only
44,6,1,0.2727272727272727,0.8333333333333334,0.16666666666666666,0.7272727272727273,0.662139724859042,0.6613178595045094,-0.0008218653545326582,0.0,0.06600277640658984,0.08799042126278728,0.005373979877900855,40,0.1,oracle_all_endpoints
44,6,0,0.0,1.0,0.0,1.0,0.662139724859042,0.662139724859042,0.0,0.0,0.06088828279951892,0.08505934259524253,,40,0.1,static_initial
44,6,1,0.3181818181818182,0.8333333333333334,0.16666666666666666,0.6818181818181818,0.662139724859042,0.6615309199262792,-0.0006088049327628298,0.0,0.06520045471998767,0.08288490901688594,-0.007463860941528966,40,0.15,completed_only
44,6,2,0.29545454545454547,0.6666666666666667,0.3333333333333333,0.7045454545454546,0.662139724859042,0.6594017450617765,-0.002737979797265533,0.0,0.06600277640658984,0.08799042126278728,0.005373979877900855,40,0.15,oracle_all_endpoints
44,6,0,0.0,1.0,0.0,1.0,0.662139724859042,0.662139724859042,0.0,0.0,0.06088828279951892,0.08505934259524253,,40,0.15,static_initial
44,6,2,0.3409090909090909,0.6666666666666667,0.3333333333333333,0.6590909090909091,0.662139724859042,0.6583849841487175,-0.0037547407103245556,0.0,0.06520045471998767,0.08288490901688594,-0.007463860941528966,40,0.2,completed_only
44,6,2,0.29545454545454547,0.6666666666666667,0.3333333333333333,0.7045454545454546,0.662139724859042,0.6594017450617765,-0.002737979797265533,0.0,0.06600277640658984,0.08799042126278728,0.005373979877900855,40,0.2,oracle_all_endpoints
44,6,0,0.0,1.0,0.0,1.0,0.662139724859042,0.662139724859042,0.0,0.0,0.06088828279951892,0.08505934259524253,,40,0.2,static_initial
44,6,2,0.3409090909090909,0.6666666666666667,0.3333333333333333,0.6590909090909091,0.662139724859042,0.6583849841487175,-0.0037547407103245556,0.0,0.06520045471998767,0.08288490901688594,-0.007463860941528966,40,0.25,completed_only
44,6,2,0.29545454545454547,0.6666666666666667,0.3333333333333333,0.7045454545454546,0.662139724859042,0.6594017450617765,-0.002737979797265533,0.0,0.06600277640658984,0.08799042126278728,0.005373979877900855,40,0.25,oracle_all_endpoints
44,6,0,0.0,1.0,0.0,1.0,0.662139724859042,0.662139724859042,0.0,0.0,0.06088828279951892,0.08505934259524253,,40,0.25,static_initial
44,6,2,0.3409090909090909,0.6666666666666667,0.3333333333333333,0.6590909090909091,0.662139724859042,0.6583849841487175,-0.0037547407103245556,0.0,0.06520045471998767,0.08288490901688594,-0.007463860941528966,40,0.3,completed_only
44,6,2,0.29545454545454547,0.6666666666666667,0.3333333333333333,0.7045454545454546,0.662139724859042,0.6594017450617765,-0.002737979797265533,0.0,0.06600277640658984,0.08799042126278728,0.005373979877900855,40,0.3,oracle_all_endpoints
44,6,0,0.0,1.0,0.0,1.0,0.662139724859042,0.662139724859042,0.0,0.0,0.06088828279951892,0.08505934259524253,,40,0.3,static_initial
44,6,2,0.3409090909090909,0.6666666666666667,0.3333333333333333,0.6590909090909091,0.662139724859042,0.6583849841487175,-0.0037547407103245556,0.0,0.06520045471998767,0.08288490901688594,-0.007463860941528966,40,0.35,completed_only
44,6,2,0.29545454545454547,0.6666666666666667,0.3333333333333333,0.7045454545454546,0.662139724859042,0.6594017450617765,-0.002737979797265533,0.0,0.06600277640658984,0.08799042126278728,0.005373979877900855,40,0.35,oracle_all_endpoints
44,6,0,0.0,1.0,0.0,1.0,0.662139724859042,0.662139724859042,0.0,0.0,0.06088828279951892,0.08505934259524253,,40,0.35,static_initial
44,6,2,0.3409090909090909,0.6666666666666667,0.3333333333333333,0.6590909090909091,0.662139724859042,0.6583849841487175,-0.0037547407103245556,0.0,0.06520045471998767,0.08288490901688594,-0.007463860941528966,40,0.4,completed_only
44,6,2,0.29545454545454547,0.6666666666666667,0.3333333333333333,0.7045454545454546,0.662139724859042,0.6594017450617765,-0.002737979797265533,0.0,0.06600277640658984,0.08799042126278728,0.005373979877900855,40,0.4,oracle_all_endpoints
44,6,0,0.0,1.0,0.0,1.0,0.662139724859042,0.662139724859042,0.0,0.0,0.06088828279951892,0.08505934259524253,,40,0.4,static_initial
44,6,2,0.3409090909090909,0.6666666666666667,0.3333333333333333,0.6590909090909091,0.662139724859042,0.6583849841487175,-0.0037547407103245556,0.0,0.06520045471998767,0.08288490901688594,-0.007463860941528966,40,0.45,completed_only
44,6,2,0.29545454545454547,0.6666666666666667,0.3333333333333333,0.7045454545454546,0.662139724859042,0.6594017450617765,-0.002737979797265533,0.0,0.06600277640658984,0.08799042126278728,0.005373979877900855,40,0.45,oracle_all_endpoints
44,6,0,0.0,1.0,0.0,1.0,0.662139724859042,0.662139724859042,0.0,0.0,0.06088828279951892,0.08505934259524253,,40,0.45,static_initial
44,6,2,0.3409090909090909,0.6666666666666667,0.3333333333333333,0.6590909090909091,0.662139724859042,0.6583849841487175,-0.0037547407103245556,0.0,0.06520045471998767,0.08288490901688594,-0.007463860941528966,40,0.5,completed_only
44,6,2,0.3181818181818182,0.6666666666666667,0.3333333333333333,0.6818181818181818,0.662139724859042,0.6590473031718216,-0.003092421687220459,0.0,0.06600277640658984,0.08799042126278728,0.005373979877900855,40,0.5,oracle_all_endpoints
44,6,0,0.0,1.0,0.0,1.0,0.662139724859042,0.662139724859042,0.0,0.0,0.06088828279951892,0.08505934259524253,,40,0.5,static_initial
44,6,2,0.3409090909090909,0.6666666666666667,0.3333333333333333,0.6590909090909091,0.662139724859042,0.6583849841487175,-0.0037547407103245556,0.0,0.06520045471998767,0.08288490901688594,-0.007463860941528966,40,0.55,completed_only
44,6,2,0.3409090909090909,0.6666666666666667,0.3333333333333333,0.6590909090909091,0.662139724859042,0.6583849841487175,-0.0037547407103245556,0.0,0.06600277640658984,0.08799042126278728,0.005373979877900855,40,0.55,oracle_all_endpoints
44,6,0,0.0,1.0,0.0,1.0,0.662139724859042,0.662139724859042,0.0,0.0,0.06088828279951892,0.08505934259524253,,40,0.55,static_initial
44,6,2,0.3409090909090909,0.6666666666666667,0.3333333333333333,0.6590909090909091,0.662139724859042,0.6583849841487175,-0.0037547407103245556,0.0,0.06520045471998767,0.08288490901688594,-0.007463860941528966,40,0.6,completed_only
44,6,2,0.3409090909090909,0.6666666666666667,0.3333333333333333,0.6590909090909091,0.662139724859042,0.6583849841487175,-0.0037547407103245556,0.0,0.06600277640658984,0.08799042126278728,0.005373979877900855,40,0.6,oracle_all_endpoints
44,6,0,0.0,1.0,0.0,1.0,0.662139724859042,0.662139724859042,0.0,0.0,0.06088828279951892,0.08505934259524253,,40,0.6,static_initial
43,7,0,0.0,1.0,0.0,1.0,0.6924474657839844,0.6924474657839844,0.0,0.0,0.059841628640499835,0.10468004485123011,0.25757448625361523,41,0.1,completed_only
43,7,0,0.0,1.0,0.0,1.0,0.6924474657839844,0.6924474657839844,0.0,0.0,0.059841628640499835,0.10468004485123011,0.25757448625361523,41,0.1,oracle_all_endpoints
43,7,0,0.0,1.0,0.0,1.0,0.6924474657839844,0.6924474657839844,0.0,0.0,0.05334466552021375,0.0991864118997871,,41,0.1,static_initial
43,7,0,0.046511627906976744,1.0,0.0,0.9534883720930233,0.6924474657839844,0.7003447086166626,0.00789724283267823,0.0,0.05560109448899691,0.0970832227045556,0.32626101592124596,41,0.15,completed_only
43,7,2,0.11627906976744186,0.7142857142857143,0.2857142857142857,0.8837209302325582,0.6924474657839844,0.691770643899539,-0.0006768218844453999,0.0,0.059841628640499835,0.10468004485123011,0.25757448625361523,41,0.15,oracle_all_endpoints
43,7,0,0.0,1.0,0.0,1.0,0.6924474657839844,0.6924474657839844,0.0,0.0,0.05334466552021375,0.0991864118997871,,41,0.15,static_initial
43,7,3,0.32558139534883723,0.5714285714285714,0.42857142857142855,0.6744186046511628,0.6924474657839844,0.6949650650194186,0.0025175992354341536,0.0,0.05870532200767862,0.10044866810870692,0.1290151851500409,41,0.2,completed_only
43,7,3,0.3488372093023256,0.5714285714285714,0.42857142857142855,0.6511627906976745,0.6924474657839844,0.6880338756208647,-0.004413590163119707,0.07757700080808638,0.059841628640499835,0.10468004485123011,0.25757448625361523,41,0.2,oracle_all_endpoints
43,7,0,0.0,1.0,0.0,1.0,0.6924474657839844,0.6924474657839844,0.0,0.0,0.05334466552021375,0.0991864118997871,,41,0.2,static_initial
43,7,4,0.3488372093023256,0.4285714285714286,0.5714285714285714,0.6511627906976745,0.6924474657839844,0.6855588931254035,-0.006888572658580894,0.07757700080808638,0.05907912051296877,0.09978222806589188,0.15576038254274668,41,0.25,completed_only
43,7,3,0.37209302325581395,0.5714285714285714,0.42857142857142855,0.627906976744186,0.6924474657839844,0.6910029881645188,-0.001444477619465645,0.07757700080808638,0.059841628640499835,0.10468004485123011,0.25757448625361523,41,0.25,oracle_all_endpoints
43,7,0,0.0,1.0,0.0,1.0,0.6924474657839844,0.6924474657839844,0.0,0.0,0.05334466552021375,0.0991864118997871,,41,0.25,static_initial
43,7,4,0.3953488372093023,0.4285714285714286,0.5714285714285714,0.6046511627906976,0.6924474657839844,0.6889683641766371,-0.0034791016073473235,0.07757700080808638,0.05869000971714699,0.10057762094262357,0.17110847877378804,41,0.3,completed_only
43,7,3,0.4186046511627907,0.5714285714285714,0.42857142857142855,0.5813953488372093,0.6924474657839844,0.6933993786434884,0.0009519128595040227,0.07757700080808638,0.059841628640499835,0.10468004485123011,0.25757448625361523,41,0.3,oracle_all_endpoints
43,7,0,0.0,1.0,0.0,1.0,0.6924474657839844,0.6924474657839844,0.0,0.0,0.05334466552021375,0.0991864118997871,,41,0.3,static_initial
43,7,7,1.0,0.0,1.0,0.0,0.6924474657839844,,,,0.05334466552021375,0.0991864118997871,,41,0.35,completed_only
43,7,3,0.6511627906976745,0.5714285714285714,0.42857142857142855,0.3488372093023256,0.6924474657839844,0.7157158233856163,0.023268357601631928,0.07757700080808638,0.059841628640499835,0.10468004485123011,0.25757448625361523,41,0.35,oracle_all_endpoints
43,7,7,1.0,0.0,1.0,0.0,0.6924474657839844,,,,0.05334466552021375,0.0991864118997871,,41,0.35,static_initial
43,7,7,1.0,0.0,1.0,0.0,0.6924474657839844,,,,0.05334466552021375,0.0991864118997871,,41,0.4,completed_only
43,7,3,0.6511627906976745,0.5714285714285714,0.42857142857142855,0.3488372093023256,0.6924474657839844,0.7157158233856163,0.023268357601631928,0.07757700080808638,0.059841628640499835,0.10468004485123011,0.25757448625361523,41,0.4,oracle_all_endpoints
43,7,7,1.0,0.0,1.0,0.0,0.6924474657839844,,,,0.05334466552021375,0.0991864118997871,,41,0.4,static_initial
43,7,7,1.0,0.0,1.0,0.0,0.6924474657839844,,,,0.05334466552021375,0.0991864118997871,,41,0.45,completed_only
43,7,3,0.6744186046511628,0.5714285714285714,0.42857142857142855,0.32558139534883723,0.6924474657839844,0.7185047788573543,0.026057313073369892,0.07757700080808638,0.059841628640499835,0.10468004485123011,0.25757448625361523,41,0.45,oracle_all_endpoints
43,7,7,1.0,0.0,1.0,0.0,0.6924474657839844,,,,0.05334466552021375,0.0991864118997871,,41,0.45,static_initial
43,7,7,1.0,0.0,1.0,0.0,0.6924474657839844,,,,0.05334466552021375,0.0991864118997871,,41,0.5,completed_only
43,7,4,0.7209302325581395,0.4285714285714286,0.5714285714285714,0.27906976744186046,0.6924474657839844,0.7192594409488827,0.026811975164898305,0.07757700080808638,0.059841628640499835,0.10468004485123011,0.25757448625361523,41,0.5,oracle_all_endpoints
43,7,7,1.0,0.0,1.0,0.0,0.6924474657839844,,,,0.05334466552021375,0.0991864118997871,,41,0.5,static_initial
43,7,7,1.0,0.0,1.0,0.0,0.6924474657839844,,,,0.05334466552021375,0.0991864118997871,,41,0.55,completed_only
43,7,4,0.7441860465116279,0.4285714285714286,0.5714285714285714,0.2558139534883721,0.6924474657839844,0.7225366179937943,0.0300891522098099,0.07757700080808638,0.059841628640499835,0.10468004485123011,0.25757448625361523,41,0.55,oracle_all_endpoints
43,7,7,1.0,0.0,1.0,0.0,0.6924474657839844,,,,0.05334466552021375,0.0991864118997871,,41,0.55,static_initial
43,7,7,1.0,0.0,1.0,0.0,0.6924474657839844,,,,0.05334466552021375,0.0991864118997871,,41,0.6,completed_only
43,7,4,0.7674418604651163,0.4285714285714286,0.5714285714285714,0.23255813953488372,0.6924474657839844,0.726256507149009,0.033809041365024606,0.07757700080808638,0.059841628640499835,0.10468004485123011,0.25757448625361523,41,0.6,oracle_all_endpoints
43,7,7,1.0,0.0,1.0,0.0,0.6924474657839844,,,,0.05334466552021375,0.0991864118997871,,41,0.6,static_initial
44,0,0,0.045454545454545456,,,0.9545454545454546,0.6616991589997728,0.6668649211864379,0.0051657621866650905,0.0,0.056741929287243954,0.07676351226204778,0.06511159792117266,42,0.1,completed_only
44,0,0,0.045454545454545456,,,0.9545454545454546,0.6616991589997728,0.6668649211864379,0.0051657621866650905,0.0,0.056743745774036077,0.07685036006934934,0.12929200687317563,42,0.1,oracle_all_endpoints
44,0,0,0.0,,,1.0,0.6616991589997728,0.6616991589997728,0.0,0.0,0.05170181501147324,0.07335949338888906,,42,0.1,static_initial
44,0,0,0.13636363636363635,,,0.8636363636363636,0.6616991589997728,0.6660587044163966,0.004359545416623756,0.0,0.05586865884974666,0.07670332805314903,0.032878133603760455,42,0.15,completed_only
44,0,0,0.11363636363636363,,,0.8863636363636364,0.6616991589997728,0.6662928544349712,0.004593695435198386,0.0,0.056743745774036077,0.07685036006934934,0.12929200687317563,42,0.15,oracle_all_endpoints
44,0,0,0.0,,,1.0,0.6616991589997728,0.6616991589997728,0.0,0.0,0.05170181501147324,0.07335949338888906,,42,0.15,static_initial
44,0,0,0.22727272727272727,,,0.7727272727272727,0.6616991589997728,0.6631165282853092,0.001417369285536374,0.0,0.05696754175254825,0.07655683798592869,0.054940149181011484,42,0.2,completed_only
44,0,0,0.18181818181818182,,,0.8181818181818182,0.6616991589997728,0.6650125217581256,0.0033133627583528114,0.0,0.056743745774036077,0.07685036006934934,0.12929200687317563,42,0.2,oracle_all_endpoints
44,0,0,0.0,,,1.0,0.6616991589997728,0.6616991589997728,0.0,0.0,0.05170181501147324,0.07335949338888906,,42,0.2,static_initial
44,0,0,0.2727272727272727,,,0.7272727272727273,0.6616991589997728,0.6624505565619487,0.0007513975621759039,0.0,0.05588218745095792,0.07574110797142829,0.12599703052072905,42,0.25,completed_only
44,0,0,0.22727272727272727,,,0.7727272727272727,0.6616991589997728,0.6645534158348573,0.0028542568350844455,0.0,0.056743745774036077,0.07685036006934934,0.12929200687317563,42,0.25,oracle_all_endpoints
44,0,0,0.0,,,1.0,0.6616991589997728,0.6616991589997728,0.0,0.0,0.05170181501147324,0.07335949338888906,,42,0.25,static_initial
44,0,0,0.2727272727272727,,,0.7272727272727273,0.6616991589997728,0.6624505565619487,0.0007513975621759039,0.0,0.05588218745095792,0.07574110797142829,0.12599703052072905,42,0.3,completed_only
44,0,0,0.25,,,0.75,0.6616991589997728,0.66483231409393,0.003133155094157125,0.0,0.056743745774036077,0.07685036006934934,0.12929200687317563,42,0.3,oracle_all_endpoints
44,0,0,0.0,,,1.0,0.6616991589997728,0.6616991589997728,0.0,0.0,0.05170181501147324,0.07335949338888906,,42,0.3,static_initial
44,0,0,0.3181818181818182,,,0.6818181818181818,0.6616991589997728,0.6620280735482921,0.0003289145485192435,0.0,0.056542392992511174,0.0760008326862703,0.13616847926089026,42,0.35,completed_only
44,0,0,0.25,,,0.75,0.6616991589997728,0.66483231409393,0.003133155094157125,0.0,0.056743745774036077,0.07685036006934934,0.12929200687317563,42,0.35,oracle_all_endpoints
44,0,0,0.0,,,1.0,0.6616991589997728,0.6616991589997728,0.0,0.0,0.05170181501147324,0.07335949338888906,,42,0.35,static_initial
44,0,0,0.3181818181818182,,,0.6818181818181818,0.6616991589997728,0.6620280735482921,0.0003289145485192435,0.0,0.056542392992511174,0.0760008326862703,0.13616847926089026,42,0.4,completed_only
44,0,0,0.25,,,0.75,0.6616991589997728,0.66483231409393,0.003133155094157125,0.0,0.056743745774036077,0.07685036006934934,0.12929200687317563,42,0.4,oracle_all_endpoints
44,0,0,0.0,,,1.0,0.6616991589997728,0.6616991589997728,0.0,0.0,0.05170181501147324,0.07335949338888906,,42,0.4,static_initial
44,0,0,0.3181818181818182,,,0.6818181818181818,0.6616991589997728,0.6620280735482921,0.0003289145485192435,0.0,0.056542392992511174,0.0760008326862703,0.13616847926089026,42,0.45,completed_only
44,0,0,0.2727272727272727,,,0.7272727272727273,0.6616991589997728,0.6646697301043519,0.0029705711045791006,0.0,0.056743745774036077,0.07685036006934934,0.12929200687317563,42,0.45,oracle_all_endpoints
44,0,0,0.0,,,1.0,0.6616991589997728,0.6616991589997728,0.0,0.0,0.05170181501147324,0.07335949338888906,,42,0.45,static_initial
44,0,0,0.3181818181818182,,,0.6818181818181818,0.6616991589997728,0.6620280735482921,0.0003289145485192435,0.0,0.056542392992511174,0.0760008326862703,0.13616847926089026,42,0.5,completed_only
44,0,0,0.2727272727272727,,,0.7272727272727273,0.6616991589997728,0.6646697301043519,0.0029705711045791006,0.0,0.056743745774036077,0.07685036006934934,0.12929200687317563,42,0.5,oracle_all_endpoints
44,0,0,0.0,,,1.0,0.6616991589997728,0.6616991589997728,0.0,0.0,0.05170181501147324,0.07335949338888906,,42,0.5,static_initial
44,0,0,0.3181818181818182,,,0.6818181818181818,0.6616991589997728,0.6620280735482921,0.0003289145485192435,0.0,0.056542392992511174,0.0760008326862703,0.13616847926089026,42,0.55,completed_only
44,0,0,0.2727272727272727,,,0.7272727272727273,0.6616991589997728,0.6646697301043519,0.0029705711045791006,0.0,0.056743745774036077,0.07685036006934934,0.12929200687317563,42,0.55,oracle_all_endpoints
44,0,0,0.0,,,1.0,0.6616991589997728,0.6616991589997728,0.0,0.0,0.05170181501147324,0.07335949338888906,,42,0.55,static_initial
44,0,0,0.3181818181818182,,,0.6818181818181818,0.6616991589997728,0.6620280735482921,0.0003289145485192435,0.0,0.056542392992511174,0.0760008326862703,0.13616847926089026,42,0.6,completed_only
44,0,0,0.2727272727272727,,,0.7272727272727273,0.6616991589997728,0.6646697301043519,0.0029705711045791006,0.0,0.056743745774036077,0.07685036006934934,0.12929200687317563,42,0.6,oracle_all_endpoints
44,0,0,0.0,,,1.0,0.6616991589997728,0.6616991589997728,0.0,0.0,0.05170181501147324,0.07335949338888906,,42,0.6,static_initial
42,11,0,0.0,1.0,0.0,1.0,0.6901913471736468,0.6901913471736468,0.0,0.0,0.0550419856971262,0.08755979436806385,0.46808956567801363,43,0.1,completed_only
42,11,0,0.0,1.0,0.0,1.0,0.6901913471736468,0.6901913471736468,0.0,0.0,0.0550419856971262,0.08755979436806385,0.46808956567801363,43,0.1,oracle_all_endpoints
42,11,0,0.0,1.0,0.0,1.0,0.6901913471736468,0.6901913471736468,0.0,0.0,0.04300089453197644,0.08604341502924141,,43,0.1,static_initial
42,11,0,0.023809523809523808,1.0,0.0,0.9761904761904762,0.6901913471736468,0.690591085794752,0.00039973862110520564,0.0,0.054680635758473005,0.08663676360410966,0.502564114201112,43,0.15,completed_only
42,11,0,0.023809523809523808,1.0,0.0,0.9761904761904762,0.6901913471736468,0.690591085794752,0.00039973862110520564,0.0,0.0550419856971262,0.08755979436806385,0.46808956567801363,43,0.15,oracle_all_endpoints
42,11,0,0.0,1.0,0.0,1.0,0.6901913471736468,0.6901913471736468,0.0,0.0,0.04300089453197644,0.08604341502924141,,43,0.15,static_initial
42,11,1,0.23809523809523808,0.9090909090909091,0.09090909090909091,0.7619047619047619,0.6901913471736468,0.6909095985042786,0.0007182513306317473,0.0,0.05644126311566674,0.09009450858991737,0.4562186126488335,43,0.2,completed_only
42,11,0,0.19047619047619047,1.0,0.0,0.8095238095238095,0.6901913471736468,0.6984733298321111,0.008281982658464249,0.0,0.0550419856971262,0.08755979436806385,0.46808956567801363,43,0.2,oracle_all_endpoints
42,11,0,0.0,1.0,0.0,1.0,0.6901913471736468,0.6901913471736468,0.0,0.0,0.04300089453197644,0.08604341502924141,,43,0.2,static_initial
42,11,1,0.2619047619047619,0.9090909090909091,0.09090909090909091,0.7380952380952381,0.6901913471736468,0.7001219570500167,0.009930609876369845,0.0,0.05517396035067678,0.08649965990368237,0.5157359935896545,43,0.25,completed_only
42,11,1,0.23809523809523808,0.9090909090909091,0.09090909090909091,0.7619047619047619,0.6901913471736468,0.6989586165851618,0.008767269411514955,0.0,0.0550419856971262,0.08755979436806385,0.46808956567801363,43,0.25,oracle_all_endpoints
42,11,0,0.0,1.0,0.0,1.0,0.6901913471736468,0.6901913471736468,0.0,0.0,0.04300089453197644,0.08604341502924141,,43,0.25,static_initial
42,11,3,0.40476190476190477,0.7272727272727273,0.2727272727272727,0.5952380952380952,0.6901913471736468,0.6920701989014542,0.0018788517278073291,0.0,0.05725332028984731,0.08962831978636192,0.4380056436177627,43,0.3,completed_only
42,11,2,0.35714285714285715,0.8181818181818181,0.18181818181818182,0.6428571428571429,0.6901913471736468,0.6922786598752707,0.002087312701623878,0.0,0.0550419856971262,0.08755979436806385,0.46808956567801363,43,0.3,oracle_all_endpoints
42,11,0,0.0,1.0,0.0,1.0,0.6901913471736468,0.6901913471736468,0.0,0.0,0.04300089453197644,0.08604341502924141,,43,0.3,static_initial
42,11,3,0.40476190476190477,0.7272727272727273,0.2727272727272727,0.5952380952380952,0.6901913471736468,0.6920701989014542,0.0018788517278073291,0.0,0.05725332028984731,0.08962831978636192,0.4380056436177627,43,0.35,completed_only
42,11,3,0.40476190476190477,0.7272727272727273,0.2727272727272727,0.5952380952380952,0.6901913471736468,0.6923164538891371,0.002125106715490266,0.0,0.0550419856971262,0.08755979436806385,0.46808956567801363,43,0.35,oracle_all_endpoints
42,11,0,0.0,1.0,0.0,1.0,0.6901913471736468,0.6901913471736468,0.0,0.0,0.04300089453197644,0.08604341502924141,,43,0.35,static_initial
42,11,11,1.0,0.0,1.0,0.0,0.6901913471736468,,,,0.04300089453197644,0.08604341502924141,,43,0.4,completed_only
42,11,6,0.5952380952380952,0.4545454545454546,0.5454545454545454,0.40476190476190477,0.6901913471736468,0.7003891453272211,0.010197798153574245,0.0,0.0550419856971262,0.08755979436806385,0.46808956567801363,43,0.4,oracle_all_endpoints
42,11,11,1.0,0.0,1.0,0.0,0.6901913471736468,,,,0.04300089453197644,0.08604341502924141,,43,0.4,static_initial
42,11,11,1.0,0.0,1.0,0.0,0.6901913471736468,,,,0.04300089453197644,0.08604341502924141,,43,0.45,completed_only
42,11,6,0.5952380952380952,0.4545454545454546,0.5454545454545454,0.40476190476190477,0.6901913471736468,0.7003891453272211,0.010197798153574245,0.0,0.0550419856971262,0.08755979436806385,0.46808956567801363,43,0.45,oracle_all_endpoints
42,11,11,1.0,0.0,1.0,0.0,0.6901913471736468,,,,0.04300089453197644,0.08604341502924141,,43,0.45,static_initial
42,11,11,1.0,0.0,1.0,0.0,0.6901913471736468,,,,0.04300089453197644,0.08604341502924141,,43,0.5,completed_only
42,11,6,0.6190476190476191,0.4545454545454546,0.5454545454545454,0.38095238095238093,0.6901913471736468,0.7048319065904873,0.014640559416840504,0.0,0.0550419856971262,0.08755979436806385,0.46808956567801363,43,0.5,oracle_all_endpoints
42,11,11,1.0,0.0,1.0,0.0,0.6901913471736468,,,,0.04300089453197644,0.08604341502924141,,43,0.5,static_initial
42,11,11,1.0,0.0,1.0,0.0,0.6901913471736468,,,,0.04300089453197644,0.08604341502924141,,43,0.55,completed_only
42,11,6,0.6190476190476191,0.4545454545454546,0.5454545454545454,0.38095238095238093,0.6901913471736468,0.7048319065904873,0.014640559416840504,0.0,0.0550419856971262,0.08755979436806385,0.46808956567801363,43,0.55,oracle_all_endpoints
42,11,11,1.0,0.0,1.0,0.0,0.6901913471736468,,,,0.04300089453197644,0.08604341502924141,,43,0.55,static_initial
42,11,11,1.0,0.0,1.0,0.0,0.6901913471736468,,,,0.04300089453197644,0.08604341502924141,,43,0.6,completed_only
42,11,6,0.6428571428571429,0.4545454545454546,0.5454545454545454,0.35714285714285715,0.6901913471736468,0.7065570343970912,0.016365687223444336,0.0,0.0550419856971262,0.08755979436806385,0.46808956567801363,43,0.6,oracle_all_endpoints
42,11,11,1.0,0.0,1.0,0.0,0.6901913471736468,,,,0.04300089453197644,0.08604341502924141,,43,0.6,static_initial
44,13,0,0.13636363636363635,1.0,0.0,0.8636363636363636,0.6802464796561476,0.683665347269988,0.0034188676138403595,0.0,0.05384995687618715,0.09248815276979386,0.46530180402761195,44,0.1,completed_only
44,13,0,0.11363636363636363,1.0,0.0,0.8863636363636364,0.6802464796561476,0.6833777767339557,0.003131297077808126,0.0,0.05231069083312598,0.09224637278488286,0.46941889092823763,44,0.1,oracle_all_endpoints
44,13,0,0.0,1.0,0.0,1.0,0.6802464796561476,0.6802464796561476,0.0,0.0,0.04893325819893772,0.09012906473963224,,44,0.1,static_initial
44,13,1,0.2727272727272727,0.9230769230769231,0.07692307692307693,0.7272727272727273,0.6802464796561476,0.6918909981950175,0.011644518538869941,0.0,0.05570795089449561,0.09372783414926994,0.4377599123475641,44,0.15,completed_only
44,13,0,0.2727272727272727,1.0,0.0,0.7272727272727273,0.6802464796561476,0.696418973836685,0.016172494180537456,0.0,0.05231069083312598,0.09224637278488286,0.46941889092823763,44,0.15,oracle_all_endpoints
44,13,0,0.0,1.0,0.0,1.0,0.6802464796561476,0.6802464796561476,0.0,0.0,0.04893325819893772,0.09012906473963224,,44,0.15,static_initial
44,13,1,0.2727272727272727,0.9230769230769231,0.07692307692307693,0.7272727272727273,0.6802464796561476,0.6918909981950175,0.011644518538869941,0.0,0.05570795089449561,0.09372783414926994,0.4377599123475641,44,0.2,completed_only
44,13,0,0.2727272727272727,1.0,0.0,0.7272727272727273,0.6802464796561476,0.696418973836685,0.016172494180537456,0.0,0.05231069083312598,0.09224637278488286,0.46941889092823763,44,0.2,oracle_all_endpoints
44,13,0,0.0,1.0,0.0,1.0,0.6802464796561476,0.6802464796561476,0.0,0.0,0.04893325819893772,0.09012906473963224,,44,0.2,static_initial
44,13,1,0.2727272727272727,0.9230769230769231,0.07692307692307693,0.7272727272727273,0.6802464796561476,0.6918909981950175,0.011644518538869941,0.0,0.05570795089449561,0.09372783414926994,0.4377599123475641,44,0.25,completed_only
44,13,0,0.29545454545454547,1.0,0.0,0.7045454545454546,0.6802464796561476,0.6969823281704031,0.01673584851425547,0.0,0.05231069083312598,0.09224637278488286,0.46941889092823763,44,0.25,oracle_all_endpoints
44,13,0,0.0,1.0,0.0,1.0,0.6802464796561476,0.6802464796561476,0.0,0.0,0.04893325819893772,0.09012906473963224,,44,0.25,static_initial
44,13,1,0.2727272727272727,0.9230769230769231,0.07692307692307693,0.7272727272727273,0.6802464796561476,0.6907667717839538,0.010520292127806252,0.0,0.055551798469655474,0.09245977819491927,0.44258684181726327,44,0.3,completed_only
44,13,0,0.3181818181818182,1.0,0.0,0.6818181818181818,0.6802464796561476,0.6975776440927148,0.017331164436567237,0.0,0.05231069083312598,0.09224637278488286,0.46941889092823763,44,0.3,oracle_all_endpoints
44,13,0,0.0,1.0,0.0,1.0,0.6802464796561476,0.6802464796561476,0.0,0.0,0.04893325819893772,0.09012906473963224,,44,0.3,static_initial
44,13,1,0.2727272727272727,0.9230769230769231,0.07692307692307693,0.7272727272727273,0.6802464796561476,0.6907667717839538,0.010520292127806252,0.0,0.055551798469655474,0.09245977819491927,0.44258684181726327,44,0.35,completed_only
44,13,0,0.3181818181818182,1.0,0.0,0.6818181818181818,0.6802464796561476,0.6975776440927148,0.017331164436567237,0.0,0.05231069083312598,0.09224637278488286,0.46941889092823763,44,0.35,oracle_all_endpoints
44,13,0,0.0,1.0,0.0,1.0,0.6802464796561476,0.6802464796561476,0.0,0.0,0.04893325819893772,0.09012906473963224,,44,0.35,static_initial
44,13,1,0.3409090909090909,0.9230769230769231,0.07692307692307693,0.6590909090909091,0.6802464796561476,0.6935310034650919,0.013284523808944293,0.0,0.05557738257721361,0.09502039415027587,0.43648219572323205,44,0.4,completed_only
44,13,0,0.3409090909090909,1.0,0.0,0.6590909090909091,0.6802464796561476,0.6985273903800352,0.0182809107238876,0.0,0.05231069083312598,0.09224637278488286,0.46941889092823763,44,0.4,oracle_all_endpoints
44,13,0,0.0,1.0,0.0,1.0,0.6802464796561476,0.6802464796561476,0.0,0.0,0.04893325819893772,0.09012906473963224,,44,0.4,static_initial
44,13,1,0.36363636363636365,0.9230769230769231,0.07692307692307693,0.6363636363636364,0.6802464796561476,0.6965904022694805,0.01634392261333295,0.0,0.05557738257721361,0.09502039415027587,0.43648219572323205,44,0.45,completed_only
44,13,0,0.3409090909090909,1.0,0.0,0.6590909090909091,0.6802464796561476,0.6985273903800352,0.0182809107238876,0.0,0.05231069083312598,0.09224637278488286,0.46941889092823763,44,0.45,oracle_all_endpoints
44,13,0,0.0,1.0,0.0,1.0,0.6802464796561476,0.6802464796561476,0.0,0.0,0.04893325819893772,0.09012906473963224,,44,0.45,static_initial
44,13,1,0.36363636363636365,0.9230769230769231,0.07692307692307693,0.6363636363636364,0.6802464796561476,0.6939771843323674,0.01373070467621984,0.0,0.05562046147639341,0.09518306736010013,0.4335008569331238,44,0.5,completed_only
44,13,1,0.36363636363636365,0.9230769230769231,0.07692307692307693,0.6363636363636364,0.6802464796561476,0.6965904022694805,0.01634392261333295,0.0,0.05231069083312598,0.09224637278488286,0.46941889092823763,44,0.5,oracle_all_endpoints
44,13,0,0.0,1.0,0.0,1.0,0.6802464796561476,0.6802464796561476,0.0,0.0,0.04893325819893772,0.09012906473963224,,44,0.5,static_initial
44,13,1,0.38636363636363635,0.9230769230769231,0.07692307692307693,0.6136363636363636,0.6802464796561476,0.6971664194208919,0.016919939764744263,0.0,0.05562046147639341,0.09518306736010013,0.4335008569331238,44,0.55,completed_only
44,13,1,0.36363636363636365,0.9230769230769231,0.07692307692307693,0.6363636363636364,0.6802464796561476,0.6965904022694805,0.01634392261333295,0.0,0.05231069083312598,0.09224637278488286,0.46941889092823763,44,0.55,oracle_all_endpoints
44,13,0,0.0,1.0,0.0,1.0,0.6802464796561476,0.6802464796561476,0.0,0.0,0.04893325819893772,0.09012906473963224,,44,0.55,static_initial
44,13,1,0.38636363636363635,0.9230769230769231,0.07692307692307693,0.6136363636363636,0.6802464796561476,0.6971664194208919,0.016919939764744263,0.0,0.05562046147639341,0.09518306736010013,0.4335008569331238,44,0.6,completed_only
44,13,1,0.38636363636363635,0.9230769230769231,0.07692307692307693,0.6136363636363636,0.6802464796561476,0.6971664194208919,0.016919939764744263,0.0,0.05231069083312598,0.09224637278488286,0.46941889092823763,44,0.6,oracle_all_endpoints
44,13,0,0.0,1.0,0.0,1.0,0.6802464796561476,0.6802464796561476,0.0,0.0,0.04893325819893772,0.09012906473963224,,44,0.6,static_initial
43,8,0,0.0,1.0,0.0,1.0,0.6921508621612613,0.6921508621612613,0.0,0.0,0.07474301427942763,0.11125473695663121,-0.3404454999716314,45,0.1,completed_only
43,8,0,0.0,1.0,0.0,1.0,0.6921508621612613,0.6921508621612613,0.0,0.0,0.07474301427942763,0.11125473695663121,-0.3404454999716314,45,0.1,oracle_all_endpoints
43,8,0,0.0,1.0,0.0,1.0,0.6921508621612613,0.6921508621612613,0.0,0.0,0.056804431971872196,0.10272101404672919,,45,0.1,static_initial
43,8,0,0.046511627906976744,1.0,0.0,0.9534883720930233,0.6921508621612613,0.6926310979619642,0.0004802358007028884,0.0,0.07462146912065241,0.11147441690996514,-0.3482071094926655,45,0.15,completed_only
43,8,0,0.046511627906976744,1.0,0.0,0.9534883720930233,0.6921508621612613,0.6926310979619642,0.0004802358007028884,0.0,0.07474301427942763,0.11125473695663121,-0.3404454999716314,45,0.15,oracle_all_endpoints
43,8,0,0.0,1.0,0.0,1.0,0.6921508621612613,0.6921508621612613,0.0,0.0,0.056804431971872196,0.10272101404672919,,45,0.15,static_initial
43,8,0,0.09302325581395349,1.0,0.0,0.9069767441860465,0.6921508621612613,0.6939277692177227,0.0017769070564613854,0.0,0.07637956723405365,0.11337887742083368,-0.40010336138820707,45,0.2,completed_only
43,8,0,0.11627906976744186,1.0,0.0,0.8837209302325582,0.6921508621612613,0.6943208714312987,0.0021700092700374096,0.0,0.07474301427942763,0.11125473695663121,-0.3404454999716314,45,0.2,oracle_all_endpoints
43,8,0,0.0,1.0,0.0,1.0,0.6921508621612613,0.6921508621612613,0.0,0.0,0.056804431971872196,0.10272101404672919,,45,0.2,static_initial
43,8,8,1.0,0.0,1.0,0.0,0.6921508621612613,,,,0.056804431971872196,0.10272101404672919,,45,0.25,completed_only
43,8,3,0.3023255813953488,0.625,0.375,0.6976744186046512,0.6921508621612613,0.6811917941507634,-0.010959068010497952,0.0,0.07474301427942763,0.11125473695663121,-0.3404454999716314,45,0.25,oracle_all_endpoints
43,8,8,1.0,0.0,1.0,0.0,0.6921508621612613,,,,0.056804431971872196,0.10272101404672919,,45,0.25,static_initial
43,8,8,1.0,0.0,1.0,0.0,0.6921508621612613,,,,0.056804431971872196,0.10272101404672919,,45,0.3,completed_only
43,8,3,0.32558139534883723,0.625,0.375,0.6744186046511628,0.6921508621612613,0.6825036627302034,-0.009647199431057962,0.0,0.07474301427942763,0.11125473695663121,-0.3404454999716314,45,0.3,oracle_all_endpoints
43,8,8,1.0,0.0,1.0,0.0,0.6921508621612613,,,,0.056804431971872196,0.10272101404672919,,45,0.3,static_initial
43,8,8,1.0,0.0,1.0,0.0,0.6921508621612613,,,,0.056804431971872196,0.10272101404672919,,45,0.35,completed_only
43,8,3,0.32558139534883723,0.625,0.375,0.6744186046511628,0.6921508621612613,0.6825036627302034,-0.009647199431057962,0.0,0.07474301427942763,0.11125473695663121,-0.3404454999716314,45,0.35,oracle_all_endpoints
43,8,8,1.0,0.0,1.0,0.0,0.6921508621612613,,,,0.056804431971872196,0.10272101404672919,,45,0.35,static_initial
43,8,8,1.0,0.0,1.0,0.0,0.6921508621612613,,,,0.056804431971872196,0.10272101404672919,,45,0.4,completed_only
43,8,3,0.32558139534883723,0.625,0.375,0.6744186046511628,0.6921508621612613,0.6825036627302034,-0.009647199431057962,0.0,0.07474301427942763,0.11125473695663121,-0.3404454999716314,45,0.4,oracle_all_endpoints
43,8,8,1.0,0.0,1.0,0.0,0.6921508621612613,,,,0.056804431971872196,0.10272101404672919,,45,0.4,static_initial
43,8,8,1.0,0.0,1.0,0.0,0.6921508621612613,,,,0.056804431971872196,0.10272101404672919,,45,0.45,completed_only
43,8,3,0.32558139534883723,0.625,0.375,0.6744186046511628,0.6921508621612613,0.6825036627302034,-0.009647199431057962,0.0,0.07474301427942763,0.11125473695663121,-0.3404454999716314,45,0.45,oracle_all_endpoints
43,8,8,1.0,0.0,1.0,0.0,0.6921508621612613,,,,0.056804431971872196,0.10272101404672919,,45,0.45,static_initial
43,8,8,1.0,0.0,1.0,0.0,0.6921508621612613,,,,0.056804431971872196,0.10272101404672919,,45,0.5,completed_only
43,8,3,0.32558139534883723,0.625,0.375,0.6744186046511628,0.6921508621612613,0.6825036627302034,-0.009647199431057962,0.0,0.07474301427942763,0.11125473695663121,-0.3404454999716314,45,0.5,oracle_all_endpoints
43,8,8,1.0,0.0,1.0,0.0,0.6921508621612613,,,,0.056804431971872196,0.10272101404672919,,45,0.5,static_initial
43,8,8,1.0,0.0,1.0,0.0,0.6921508621612613,,,,0.056804431971872196,0.10272101404672919,,45,0.55,completed_only
43,8,3,0.32558139534883723,0.625,0.375,0.6744186046511628,0.6921508621612613,0.6825036627302034,-0.009647199431057962,0.0,0.07474301427942763,0.11125473695663121,-0.3404454999716314,45,0.55,oracle_all_endpoints
43,8,8,1.0,0.0,1.0,0.0,0.6921508621612613,,,,0.056804431971872196,0.10272101404672919,,45,0.55,static_initial
43,8,8,1.0,0.0,1.0,0.0,0.6921508621612613,,,,0.056804431971872196,0.10272101404672919,,45,0.6,completed_only
43,8,3,0.3488372093023256,0.625,0.375,0.6511627906976745,0.6921508621612613,0.6825508039098225,-0.009600058251438837,0.0,0.07474301427942763,0.11125473695663121,-0.3404454999716314,45,0.6,oracle_all_endpoints
43,8,8,1.0,0.0,1.0,0.0,0.6921508621612613,,,,0.056804431971872196,0.10272101404672919,,45,0.6,static_initial
43,11,0,0.06976744186046512,1.0,0.0,0.9302325581395349,0.6850460152921755,0.6870295295293767,0.0019835142372012227,0.0,0.06556118329452867,0.10426459013006781,-0.11407885127173314,46,0.1,completed_only
43,11,0,0.09302325581395349,1.0,0.0,0.9069767441860465,0.6850460152921755,0.6872153051057334,0.0021692898135579064,0.0,0.06596028023619903,0.10516220277445888,-0.0684169706430208,46,0.1,oracle_all_endpoints
43,11,0,0.0,1.0,0.0,1.0,0.6850460152921755,0.6850460152921755,0.0,0.0,0.05002859412862623,0.09296890059062551,,46,0.1,static_initial
43,11,2,0.2558139534883721,0.8181818181818181,0.18181818181818182,0.7441860465116279,0.6850460152921755,0.6781390508512886,-0.006906964440886898,0.0,0.06243359534274683,0.10228722383958272,-0.05977003643758358,46,0.15,completed_only
43,11,3,0.3023255813953488,0.7272727272727273,0.2727272727272727,0.6976744186046512,0.6850460152921755,0.6700022143908426,-0.015043800901332838,0.11422399162752828,0.06596028023619903,0.10516220277445888,-0.0684169706430208,46,0.15,oracle_all_endpoints
43,11,0,0.0,1.0,0.0,1.0,0.6850460152921755,0.6850460152921755,0.0,0.0,0.05002859412862623,0.09296890059062551,,46,0.15,static_initial
43,11,5,0.4186046511627907,0.5454545454545454,0.45454545454545453,0.5813953488372093,0.6850460152921755,0.6740957702545028,-0.010950245037672612,0.0,0.06596600921583874,0.10254226243540185,0.06507955744092223,46,0.2,completed_only
43,11,4,0.32558139534883723,0.6363636363636364,0.36363636363636365,0.6744186046511628,0.6850460152921755,0.6691928023963715,-0.015853212895803992,0.11422399162752828,0.06596028023619903,0.10516220277445888,-0.0684169706430208,46,0.2,oracle_all_endpoints
43,11,0,0.0,1.0,0.0,1.0,0.6850460152921755,0.6850460152921755,0.0,0.0,0.05002859412862623,0.09296890059062551,,46,0.2,static_initial
43,11,5,0.3953488372093023,0.5454545454545454,0.45454545454545453,0.6046511627906976,0.6850460152921755,0.679073148187196,-0.005972867104979462,0.0,0.06248717347137287,0.10188639768113031,-0.10209450386419733,46,0.25,completed_only
43,11,4,0.3953488372093023,0.6363636363636364,0.36363636363636365,0.6046511627906976,0.6850460152921755,0.6752211685691359,-0.009824846723039515,0.11422399162752828,0.06596028023619903,0.10516220277445888,-0.0684169706430208,46,0.25,oracle_all_endpoints
43,11,0,0.0,1.0,0.0,1.0,0.6850460152921755,0.6850460152921755,0.0,0.0,0.05002859412862623,0.09296890059062551,,46,0.25,static_initial
43,11,6,0.4186046511627907,0.4545454545454546,0.5454545454545454,0.5813953488372093,0.6850460152921755,0.6667554705509161,-0.01829054474125935,0.11422399162752828,0.06248717347137287,0.10188639768113031,-0.10209450386419733,46,0.3,completed_only
43,11,4,0.3953488372093023,0.6363636363636364,0.36363636363636365,0.6046511627906976,0.6850460152921755,0.6752211685691359,-0.009824846723039515,0.11422399162752828,0.06596028023619903,0.10516220277445888,-0.0684169706430208,46,0.3,oracle_all_endpoints
43,11,0,0.0,1.0,0.0,1.0,0.6850460152921755,0.6850460152921755,0.0,0.0,0.05002859412862623,0.09296890059062551,,46,0.3,static_initial
43,11,6,0.4186046511627907,0.4545454545454546,0.5454545454545454,0.5813953488372093,0.6850460152921755,0.6667554705509161,-0.01829054474125935,0.11422399162752828,0.06248717347137287,0.10188639768113031,-0.10209450386419733,46,0.35,completed_only
43,11,4,0.3953488372093023,0.6363636363636364,0.36363636363636365,0.6046511627906976,0.6850460152921755,0.6752211685691359,-0.009824846723039515,0.11422399162752828,0.06596028023619903,0.10516220277445888,-0.0684169706430208,46,0.35,oracle_all_endpoints
43,11,0,0.0,1.0,0.0,1.0,0.6850460152921755,0.6850460152921755,0.0,0.0,0.05002859412862623,0.09296890059062551,,46,0.35,static_initial
43,11,6,0.4186046511627907,0.4545454545454546,0.5454545454545454,0.5813953488372093,0.6850460152921755,0.6667554705509161,-0.01829054474125935,0.11422399162752828,0.06248717347137287,0.10188639768113031,-0.10209450386419733,46,0.4,completed_only
43,11,4,0.3953488372093023,0.6363636363636364,0.36363636363636365,0.6046511627906976,0.6850460152921755,0.6752211685691359,-0.009824846723039515,0.11422399162752828,0.06596028023619903,0.10516220277445888,-0.0684169706430208,46,0.4,oracle_all_endpoints
43,11,0,0.0,1.0,0.0,1.0,0.6850460152921755,0.6850460152921755,0.0,0.0,0.05002859412862623,0.09296890059062551,,46,0.4,static_initial
43,11,6,0.4186046511627907,0.4545454545454546,0.5454545454545454,0.5813953488372093,0.6850460152921755,0.6667554705509161,-0.01829054474125935,0.11422399162752828,0.06248717347137287,0.10188639768113031,-0.10209450386419733,46,0.45,completed_only
43,11,4,0.3953488372093023,0.6363636363636364,0.36363636363636365,0.6046511627906976,0.6850460152921755,0.6752211685691359,-0.009824846723039515,0.11422399162752828,0.06596028023619903,0.10516220277445888,-0.0684169706430208,46,0.45,oracle_all_endpoints
43,11,0,0.0,1.0,0.0,1.0,0.6850460152921755,0.6850460152921755,0.0,0.0,0.05002859412862623,0.09296890059062551,,46,0.45,static_initial
43,11,6,0.4418604651162791,0.4545454545454546,0.5454545454545454,0.5581395348837209,0.6850460152921755,0.6784168007861382,-0.006629214506037262,0.0,0.06221999658091812,0.10120777792018641,-0.07554689884750411,46,0.5,completed_only
43,11,5,0.4186046511627907,0.5454545454545454,0.45454545454545453,0.5813953488372093,0.6850460152921755,0.6745301324734644,-0.010515882818711075,0.11422399162752828,0.06596028023619903,0.10516220277445888,-0.0684169706430208,46,0.5,oracle_all_endpoints
43,11,0,0.0,1.0,0.0,1.0,0.6850460152921755,0.6850460152921755,0.0,0.0,0.05002859412862623,0.09296890059062551,,46,0.5,static_initial
43,11,6,0.46511627906976744,0.4545454545454546,0.5454545454545454,0.5348837209302325,0.6850460152921755,0.678229870547236,-0.006816144744939412,0.0,0.06246828128487458,0.10095690969313606,-0.052791808833195654,46,0.55,completed_only
43,11,5,0.4186046511627907,0.5454545454545454,0.45454545454545453,0.5813953488372093,0.6850460152921755,0.6745301324734644,-0.010515882818711075,0.11422399162752828,0.06596028023619903,0.10516220277445888,-0.0684169706430208,46,0.55,oracle_all_endpoints
43,11,0,0.0,1.0,0.0,1.0,0.6850460152921755,0.6850460152921755,0.0,0.0,0.05002859412862623,0.09296890059062551,,46,0.55,static_initial
43,11,6,0.46511627906976744,0.4545454545454546,0.5454545454545454,0.5348837209302325,0.6850460152921755,0.678229870547236,-0.006816144744939412,0.0,0.06246828128487458,0.10095690969313606,-0.052791808833195654,46,0.6,completed_only
43,11,6,0.4418604651162791,0.4545454545454546,0.5454545454545454,0.5581395348837209,0.6850460152921755,0.673650547788062,-0.011395467504113466,0.11422399162752828,0.06596028023619903,0.10516220277445888,-0.0684169706430208,46,0.6,oracle_all_endpoints
43,11,0,0.0,1.0,0.0,1.0,0.6850460152921755,0.6850460152921755,0.0,0.0,0.05002859412862623,0.09296890059062551,,46,0.6,static_initial
31,13,0,0.0,1.0,0.0,1.0,0.7116277892802818,0.7116277892802818,0.0,0.0,0.061454217457095714,0.09798227877383517,0.5641129032258064,47,0.1,completed_only
31,13,0,0.0,1.0,0.0,1.0,0.7116277892802818,0.7116277892802818,0.0,0.0,0.061454217457095714,0.09798227877383517,0.5641129032258064,47,0.1,oracle_all_endpoints
31,13,0,0.03225806451612903,1.0,0.0,0.967741935483871,0.7116277892802818,0.7129337123774668,0.0013059230971850244,0.0,0.06673890342097116,0.10424422666337041,0.4395161290322581,47,0.1,static_initial
31,13,0,0.06451612903225806,1.0,0.0,0.9354838709677419,0.7116277892802818,0.713919714232224,0.0022919249519421925,0.0,0.06366640346322039,0.10006703206317007,0.6161290322580645,47,0.15,completed_only
31,13,0,0.06451612903225806,1.0,0.0,0.9354838709677419,0.7116277892802818,0.713919714232224,0.0022919249519421925,0.0,0.061454217457095714,0.09798227877383517,0.5641129032258064,47,0.15,oracle_all_endpoints
31,13,0,0.12903225806451613,1.0,0.0,0.8709677419354839,0.7116277892802818,0.7164789793033927,0.004851190023110852,0.0,0.06673890342097116,0.10424422666337041,0.4395161290322581,47,0.15,static_initial
31,13,0,0.16129032258064516,1.0,0.0,0.8387096774193549,0.7116277892802818,0.7199144530749202,0.008286663794638383,0.0,0.06548043508780235,0.10211070828931705,0.6008064516129032,47,0.2,completed_only
31,13,0,0.16129032258064516,1.0,0.0,0.8387096774193549,0.7116277892802818,0.7198216962311886,0.008193906950906826,0.0,0.061454217457095714,0.09798227877383517,0.5641129032258064,47,0.2,oracle_all_endpoints
31,13,0,0.25806451612903225,1.0,0.0,0.7419354838709677,0.7116277892802818,0.7250537181615989,0.013425928881317106,0.0,0.06673890342097116,0.10424422666337041,0.4395161290322581,47,0.2,static_initial
31,13,0,0.2903225806451613,1.0,0.0,0.7096774193548387,0.7116277892802818,0.7278455915903618,0.016217802310079965,0.0,0.06523398229543041,0.10140198877561882,0.640725806451613,47,0.25,completed_only
31,13,0,0.3225806451612903,1.0,0.0,0.6774193548387096,0.7116277892802818,0.7302721292794617,0.018644339999179915,0.0,0.061454217457095714,0.09798227877383517,0.5641129032258064,47,0.25,oracle_all_endpoints
31,13,1,0.3548387096774194,0.9230769230769231,0.07692307692307693,0.6451612903225806,0.7116277892802818,0.7319384566053829,0.020310667325101117,0.0,0.06673890342097116,0.10424422666337041,0.4395161290322581,47,0.25,static_initial
31,13,0,0.2903225806451613,1.0,0.0,0.7096774193548387,0.7116277892802818,0.7278455915903618,0.016217802310079965,0.0,0.06523398229543041,0.10140198877561882,0.640725806451613,47,0.3,completed_only
31,13,0,0.3225806451612903,1.0,0.0,0.6774193548387096,0.7116277892802818,0.7302721292794617,0.018644339999179915,0.0,0.061454217457095714,0.09798227877383517,0.5641129032258064,47,0.3,oracle_all_endpoints
31,13,3,0.41935483870967744,0.7692307692307692,0.23076923076923078,0.5806451612903226,0.7116277892802818,0.7249540664657587,0.013326277185476854,0.0,0.06673890342097116,0.10424422666337041,0.4395161290322581,47,0.3,static_initial
31,13,0,0.3225806451612903,1.0,0.0,0.6774193548387096,0.7116277892802818,0.7302825032479371,0.01865471396765528,0.0,0.0657448243841408,0.10153242475151276,0.6258064516129033,47,0.35,completed_only
31,13,0,0.3225806451612903,1.0,0.0,0.6774193548387096,0.7116277892802818,0.7302721292794617,0.018644339999179915,0.0,0.061454217457095714,0.09798227877383517,0.5641129032258064,47,0.35,oracle_all_endpoints
31,13,4,0.4838709677419355,0.6923076923076923,0.3076923076923077,0.5161290322580645,0.7116277892802818,0.7293951586253551,0.01776736934507328,0.0,0.06673890342097116,0.10424422666337041,0.4395161290322581,47,0.35,static_initial
31,13,0,0.3548387096774194,1.0,0.0,0.6451612903225806,0.7116277892802818,0.7327265502583913,0.021098760978109476,0.0,0.06664406362836292,0.10200642700706228,0.6286290322580647,47,0.4,completed_only
31,13,0,0.3225806451612903,1.0,0.0,0.6774193548387096,0.7116277892802818,0.7302721292794617,0.018644339999179915,0.0,0.061454217457095714,0.09798227877383517,0.5641129032258064,47,0.4,oracle_all_endpoints
31,13,4,0.4838709677419355,0.6923076923076923,0.3076923076923077,0.5161290322580645,0.7116277892802818,0.7293951586253551,0.01776736934507328,0.0,0.06673890342097116,0.10424422666337041,0.4395161290322581,47,0.4,static_initial
31,13,0,0.3548387096774194,1.0,0.0,0.6451612903225806,0.7116277892802818,0.7327265502583913,0.021098760978109476,0.0,0.06664406362836292,0.10200642700706228,0.6286290322580647,47,0.45,completed_only
31,13,0,0.3225806451612903,1.0,0.0,0.6774193548387096,0.7116277892802818,0.7302721292794617,0.018644339999179915,0.0,0.061454217457095714,0.09798227877383517,0.5641129032258064,47,0.45,oracle_all_endpoints
31,13,4,0.4838709677419355,0.6923076923076923,0.3076923076923077,0.5161290322580645,0.7116277892802818,0.7293951586253551,0.01776736934507328,0.0,0.06673890342097116,0.10424422666337041,0.4395161290322581,47,0.45,static_initial
31,13,0,0.3548387096774194,1.0,0.0,0.6451612903225806,0.7116277892802818,0.7327265502583913,0.021098760978109476,0.0,0.06664406362836292,0.10200642700706228,0.6286290322580647,47,0.5,completed_only
31,13,0,0.3225806451612903,1.0,0.0,0.6774193548387096,0.7116277892802818,0.7302721292794617,0.018644339999179915,0.0,0.061454217457095714,0.09798227877383517,0.5641129032258064,47,0.5,oracle_all_endpoints
31,13,4,0.4838709677419355,0.6923076923076923,0.3076923076923077,0.5161290322580645,0.7116277892802818,0.7293951586253551,0.01776736934507328,0.0,0.06673890342097116,0.10424422666337041,0.4395161290322581,47,0.5,static_initial
31,13,0,0.3870967741935484,1.0,0.0,0.6129032258064516,0.7116277892802818,0.7355701971290443,0.023942407848762448,0.0,0.06423367272570545,0.10157401413458238,0.5870967741935484,47,0.55,completed_only
31,13,1,0.41935483870967744,0.9230769230769231,0.07692307692307693,0.5806451612903226,0.7116277892802818,0.7377962110815195,0.026168421801237685,0.0,0.061454217457095714,0.09798227877383517,0.5641129032258064,47,0.55,oracle_all_endpoints
31,13,4,0.5483870967741935,0.6923076923076923,0.3076923076923077,0.45161290322580644,0.7116277892802818,0.7367824879648869,0.02515469868460507,0.0,0.06673890342097116,0.10424422666337041,0.4395161290322581,47,0.55,static_initial
31,13,2,0.45161290322580644,0.8461538461538461,0.15384615384615385,0.5483870967741935,0.7116277892802818,0.740430184086951,0.02880239480666924,0.0,0.0652835796813687,0.1015643247035043,0.5661290322580645,47,0.6,completed_only
31,13,1,0.41935483870967744,0.9230769230769231,0.07692307692307693,0.5806451612903226,0.7116277892802818,0.7377962110815195,0.026168421801237685,0.0,0.061454217457095714,0.09798227877383517,0.5641129032258064,47,0.6,oracle_all_endpoints
31,13,4,0.5483870967741935,0.6923076923076923,0.3076923076923077,0.45161290322580644,0.7116277892802818,0.7367824879648869,0.02515469868460507,0.0,0.06673890342097116,0.10424422666337041,0.4395161290322581,47,0.6,static_initial
40,7,0,0.075,1.0,0.0,0.925,0.6848046093963687,0.6890039929734189,0.004199383577050186,0.0,0.05597914458933041,0.09314435332858449,0.3795471395528654,48,0.1,completed_only
40,7,0,0.075,1.0,0.0,0.925,0.6848046093963687,0.6890039929734189,0.004199383577050186,0.0,0.056542794447433,0.09414177002635853,0.36881057034467024,48,0.1,oracle_all_endpoints
40,7,0,0.0,1.0,0.0,1.0,0.6848046093963687,0.6848046093963687,0.0,0.0,0.05086242260384573,0.0930525901820952,,48,0.1,static_initial
40,7,3,0.3,0.5714285714285714,0.42857142857142855,0.7,0.6848046093963687,0.6891480660238019,0.004343456627433184,0.0,0.06050716550747857,0.09983482346056612,0.20964564085475887,48,0.15,completed_only
40,7,3,0.375,0.5714285714285714,0.42857142857142855,0.625,0.6848046093963687,0.6888068997009367,0.004002290304568001,0.0,0.056542794447433,0.09414177002635853,0.36881057034467024,48,0.15,oracle_all_endpoints
40,7,0,0.0,1.0,0.0,1.0,0.6848046093963687,0.6848046093963687,0.0,0.0,0.05086242260384573,0.0930525901820952,,48,0.15,static_initial
40,7,4,0.525,0.4285714285714286,0.5714285714285714,0.475,0.6848046093963687,0.686814617585365,0.002010008188996326,0.0,0.06448734019676136,0.1014651223105387,0.19306988488421192,48,0.2,completed_only
40,7,3,0.45,0.5714285714285714,0.42857142857142855,0.55,0.6848046093963687,0.6902705331436679,0.005465923747299262,0.0,0.056542794447433,0.09414177002635853,0.36881057034467024,48,0.2,oracle_all_endpoints
40,7,0,0.0,1.0,0.0,1.0,0.6848046093963687,0.6848046093963687,0.0,0.0,0.05086242260384573,0.0930525901820952,,48,0.2,static_initial
40,7,5,0.6,0.2857142857142857,0.7142857142857143,0.4,0.6848046093963687,0.6761034121943018,-0.008701197202066857,0.0,0.06524947983474885,0.10325982065128872,0.12959227395154907,48,0.25,completed_only
40,7,3,0.5,0.5714285714285714,0.42857142857142855,0.5,0.6848046093963687,0.6922887236119031,0.00748411421553441,0.0,0.056542794447433,0.09414177002635853,0.36881057034467024,48,0.25,oracle_all_endpoints
40,7,0,0.0,1.0,0.0,1.0,0.6848046093963687,0.6848046093963687,0.0,0.0,0.05086242260384573,0.0930525901820952,,48,0.25,static_initial
40,7,5,0.6,0.2857142857142857,0.7142857142857143,0.4,0.6848046093963687,0.6761034121943018,-0.008701197202066857,0.0,0.06524947983474885,0.10325982065128872,0.12959227395154907,48,0.3,completed_only
40,7,3,0.525,0.5714285714285714,0.42857142857142855,0.475,0.6848046093963687,0.6932787108795464,0.008474101483177732,0.0,0.056542794447433,0.09414177002635853,0.36881057034467024,48,0.3,oracle_all_endpoints
40,7,0,0.0,1.0,0.0,1.0,0.6848046093963687,0.6848046093963687,0.0,0.0,0.05086242260384573,0.0930525901820952,,48,0.3,static_initial
40,7,7,1.0,0.0,1.0,0.0,0.6848046093963687,,,,0.05086242260384573,0.0930525901820952,,48,0.35,completed_only
40,7,4,0.8,0.4285714285714286,0.5714285714285714,0.2,0.6848046093963687,0.7169763081154359,0.03217169871906722,0.07757700080808638,0.056542794447433,0.09414177002635853,0.36881057034467024,48,0.35,oracle_all_endpoints
40,7,7,1.0,0.0,1.0,0.0,0.6848046093963687,,,,0.05086242260384573,0.0930525901820952,,48,0.35,static_initial
40,7,7,1.0,0.0,1.0,0.0,0.6848046093963687,,,,0.05086242260384573,0.0930525901820952,,48,0.4,completed_only
40,7,4,0.8,0.4285714285714286,0.5714285714285714,0.2,0.6848046093963687,0.7169763081154359,0.03217169871906722,0.07757700080808638,0.056542794447433,0.09414177002635853,0.36881057034467024,48,0.4,oracle_all_endpoints
40,7,7,1.0,0.0,1.0,0.0,0.6848046093963687,,,,0.05086242260384573,0.0930525901820952,,48,0.4,static_initial
40,7,7,1.0,0.0,1.0,0.0,0.6848046093963687,,,,0.05086242260384573,0.0930525901820952,,48,0.45,completed_only
40,7,4,0.8,0.4285714285714286,0.5714285714285714,0.2,0.6848046093963687,0.7169763081154359,0.03217169871906722,0.07757700080808638,0.056542794447433,0.09414177002635853,0.36881057034467024,48,0.45,oracle_all_endpoints
40,7,7,1.0,0.0,1.0,0.0,0.6848046093963687,,,,0.05086242260384573,0.0930525901820952,,48,0.45,static_initial
40,7,7,1.0,0.0,1.0,0.0,0.6848046093963687,,,,0.05086242260384573,0.0930525901820952,,48,0.5,completed_only
40,7,4,0.8,0.4285714285714286,0.5714285714285714,0.2,0.6848046093963687,0.7169763081154359,0.03217169871906722,0.07757700080808638,0.056542794447433,0.09414177002635853,0.36881057034467024,48,0.5,oracle_all_endpoints
40,7,7,1.0,0.0,1.0,0.0,0.6848046093963687,,,,0.05086242260384573,0.0930525901820952,,48,0.5,static_initial
40,7,7,1.0,0.0,1.0,0.0,0.6848046093963687,,,,0.05086242260384573,0.0930525901820952,,48,0.55,completed_only
40,7,4,0.8,0.4285714285714286,0.5714285714285714,0.2,0.6848046093963687,0.7169763081154359,0.03217169871906722,0.07757700080808638,0.056542794447433,0.09414177002635853,0.36881057034467024,48,0.55,oracle_all_endpoints
40,7,7,1.0,0.0,1.0,0.0,0.6848046093963687,,,,0.05086242260384573,0.0930525901820952,,48,0.55,static_initial
40,7,7,1.0,0.0,1.0,0.0,0.6848046093963687,,,,0.05086242260384573,0.0930525901820952,,48,0.6,completed_only
40,7,4,0.8,0.4285714285714286,0.5714285714285714,0.2,0.6848046093963687,0.7169763081154359,0.03217169871906722,0.07757700080808638,0.056542794447433,0.09414177002635853,0.36881057034467024,48,0.6,oracle_all_endpoints
40,7,7,1.0,0.0,1.0,0.0,0.6848046093963687,,,,0.05086242260384573,0.0930525901820952,,48,0.6,static_initial
44,6,0,0.0,1.0,0.0,1.0,0.6854023411066176,0.6854023411066176,0.0,0.0,0.04356360167472705,0.07863396817281561,0.3833965559129898,49,0.1,completed_only
44,6,0,0.0,1.0,0.0,1.0,0.6854023411066176,0.6854023411066176,0.0,0.0,0.04356360167472705,0.07863396817281561,0.3833965559129898,49,0.1,oracle_all_endpoints
44,6,0,0.0,1.0,0.0,1.0,0.6854023411066176,0.6854023411066176,0.0,0.0,0.034154765467105185,0.0754349718078593,,49,0.1,static_initial
44,6,0,0.11363636363636363,1.0,0.0,0.8863636363636364,0.6854023411066176,0.6901511638681824,0.004748822761564853,0.0,0.04289466692781547,0.0784613577591374,0.4024455505338057,49,0.15,completed_only
44,6,0,0.11363636363636363,1.0,0.0,0.8863636363636364,0.6854023411066176,0.6901511638681824,0.004748822761564853,0.0,0.04356360167472705,0.07863396817281561,0.3833965559129898,49,0.15,oracle_all_endpoints
44,6,0,0.0,1.0,0.0,1.0,0.6854023411066176,0.6854023411066176,0.0,0.0,0.034154765467105185,0.0754349718078593,,49,0.15,static_initial
44,6,0,0.20454545454545456,1.0,0.0,0.7954545454545454,0.6854023411066176,0.6920338519320312,0.006631510825413578,0.0,0.043187030490505825,0.07829721739242777,0.36989167166688897,49,0.2,completed_only
44,6,0,0.18181818181818182,1.0,0.0,0.8181818181818182,0.6854023411066176,0.6918201243391834,0.00641778323256581,0.0,0.04356360167472705,0.07863396817281561,0.3833965559129898,49,0.2,oracle_all_endpoints
44,6,0,0.0,1.0,0.0,1.0,0.6854023411066176,0.6854023411066176,0.0,0.0,0.034154765467105185,0.0754349718078593,,49,0.2,static_initial
44,6,0,0.3409090909090909,1.0,0.0,0.6590909090909091,0.6854023411066176,0.6961314776662132,0.01072913655959562,0.0,0.04423399150905321,0.07935735346615333,0.3963328134539917,49,0.25,completed_only
44,6,0,0.3409090909090909,1.0,0.0,0.6590909090909091,0.6854023411066176,0.6961314776662132,0.01072913655959562,0.0,0.04356360167472705,0.07863396817281561,0.3833965559129898,49,0.25,oracle_all_endpoints
44,6,0,0.0,1.0,0.0,1.0,0.6854023411066176,0.6854023411066176,0.0,0.0,0.034154765467105185,0.0754349718078593,,49,0.25,static_initial
44,6,1,0.45454545454545453,0.8333333333333334,0.16666666666666666,0.5454545454545454,0.6854023411066176,0.7022055495447228,0.016803208438105233,0.0,0.04307565537661444,0.07834432364957768,0.3853867493808363,49,0.3,completed_only
44,6,1,0.45454545454545453,0.8333333333333334,0.16666666666666666,0.5454545454545454,0.6854023411066176,0.7022055495447228,0.016803208438105233,0.0,0.04356360167472705,0.07863396817281561,0.3833965559129898,49,0.3,oracle_all_endpoints
44,6,0,0.0,1.0,0.0,1.0,0.6854023411066176,0.6854023411066176,0.0,0.0,0.034154765467105185,0.0754349718078593,,49,0.3,static_initial
44,6,1,0.45454545454545453,0.8333333333333334,0.16666666666666666,0.5454545454545454,0.6854023411066176,0.7022055495447228,0.016803208438105233,0.0,0.04307565537661444,0.07834432364957768,0.3853867493808363,49,0.35,completed_only
44,6,1,0.45454545454545453,0.8333333333333334,0.16666666666666666,0.5454545454545454,0.6854023411066176,0.7022055495447228,0.016803208438105233,0.0,0.04356360167472705,0.07863396817281561,0.3833965559129898,49,0.35,oracle_all_endpoints
44,6,0,0.0,1.0,0.0,1.0,0.6854023411066176,0.6854023411066176,0.0,0.0,0.034154765467105185,0.0754349718078593,,49,0.35,static_initial
44,6,1,0.45454545454545453,0.8333333333333334,0.16666666666666666,0.5454545454545454,0.6854023411066176,0.7022055495447228,0.016803208438105233,0.0,0.04307565537661444,0.07834432364957768,0.3853867493808363,49,0.4,completed_only
44,6,1,0.45454545454545453,0.8333333333333334,0.16666666666666666,0.5454545454545454,0.6854023411066176,0.7022055495447228,0.016803208438105233,0.0,0.04356360167472705,0.07863396817281561,0.3833965559129898,49,0.4,oracle_all_endpoints
44,6,0,0.0,1.0,0.0,1.0,0.6854023411066176,0.6854023411066176,0.0,0.0,0.034154765467105185,0.0754349718078593,,49,0.4,static_initial
44,6,1,0.45454545454545453,0.8333333333333334,0.16666666666666666,0.5454545454545454,0.6854023411066176,0.7022055495447228,0.016803208438105233,0.0,0.04307565537661444,0.07834432364957768,0.3853867493808363,49,0.45,completed_only
44,6,1,0.45454545454545453,0.8333333333333334,0.16666666666666666,0.5454545454545454,0.6854023411066176,0.7022055495447228,0.016803208438105233,0.0,0.04356360167472705,0.07863396817281561,0.3833965559129898,49,0.45,oracle_all_endpoints
44,6,0,0.0,1.0,0.0,1.0,0.6854023411066176,0.6854023411066176,0.0,0.0,0.034154765467105185,0.0754349718078593,,49,0.45,static_initial
44,6,6,1.0,0.0,1.0,0.0,0.6854023411066176,,,,0.034154765467105185,0.0754349718078593,,49,0.5,completed_only
44,6,4,0.6590909090909091,0.33333333333333337,0.6666666666666666,0.3409090909090909,0.6854023411066176,0.6922283364473822,0.006825995340764668,0.0,0.04356360167472705,0.07863396817281561,0.3833965559129898,49,0.5,oracle_all_endpoints
44,6,6,1.0,0.0,1.0,0.0,0.6854023411066176,,,,0.034154765467105185,0.0754349718078593,,49,0.5,static_initial
44,6,6,1.0,0.0,1.0,0.0,0.6854023411066176,,,,0.034154765467105185,0.0754349718078593,,49,0.55,completed_only
44,6,4,0.6590909090909091,0.33333333333333337,0.6666666666666666,0.3409090909090909,0.6854023411066176,0.6922283364473822,0.006825995340764668,0.0,0.04356360167472705,0.07863396817281561,0.3833965559129898,49,0.55,oracle_all_endpoints
44,6,6,1.0,0.0,1.0,0.0,0.6854023411066176,,,,0.034154765467105185,0.0754349718078593,,49,0.55,static_initial
44,6,6,1.0,0.0,1.0,0.0,0.6854023411066176,,,,0.034154765467105185,0.0754349718078593,,49,0.6,completed_only
44,6,4,0.6818181818181818,0.33333333333333337,0.6666666666666666,0.3181818181818182,0.6854023411066176,0.6921392774628734,0.006736936356255829,0.0,0.04356360167472705,0.07863396817281561,0.3833965559129898,49,0.6,oracle_all_endpoints
44,6,6,1.0,0.0,1.0,0.0,0.6854023411066176,,,,0.034154765467105185,0.0754349718078593,,49,0.6,static_initial
