run_id,mixture,operating_point,experiment,prefix_fraction,prefix_rows,duration_minutes,final_v002_purity,sensor__LS701__last,sensor__LS701__mean,sensor__LS701__std,sensor__LS701__min,sensor__LS701__max,sensor__LS701__delta,sensor__LS701__slope,sensor__LS702__last,sensor__LS702__mean,sensor__LS702__std,sensor__LS702__min,sensor__LS702__max,sensor__LS702__delta,sensor__LS702__slope,sensor__T701__last,sensor__T701__mean,sensor__T701__std,sensor__T701__min,sensor__T701__max,sensor__T701__delta,sensor__T701__slope,sensor__T702__last,sensor__T702__mean,sensor__T702__std,sensor__T702__min,sensor__T702__max,sensor__T702__delta,sensor__T702__slope,sensor__T703__last,sensor__T703__mean,sensor__T703__std,sensor__T703__min,sensor__T703__max,sensor__T703__delta,sensor__T703__slope,sensor__T704__last,sensor__T704__mean,sensor__T704__std,sensor__T704__min,sensor__T704__max,sensor__T704__delta,sensor__T704__slope,sensor__T706__last,sensor__T706__mean,sensor__T706__std,sensor__T706__min,sensor__T706__max,sensor__T706__delta,sensor__T706__slope,sensor__T708__last,sensor__T708__mean,sensor__T708__std,sensor__T708__min,sensor__T708__max,sensor__T708__delta,sensor__T708__slope,sensor__T709__last,sensor__T709__mean,sensor__T709__std,sensor__T709__min,sensor__T709__max,sensor__T709__delta,sensor__T709__slope,sensor__T711__last,sensor__T711__mean,sensor__T711__std,sensor__T711__min,sensor__T711__max,sensor__T711__delta,sensor__T711__slope,sensor__T712__last,sensor__T712__mean,sensor__T712__std,sensor__T712__min,sensor__T712__max,sensor__T712__delta,sensor__T712__slope,sensor__T705__last,sensor__T705__mean,sensor__T705__std,sensor__T705__min,sensor__T705__max,sensor__T705__delta,sensor__T705__slope,sensor__FT703__last,sensor__FT703__mean,sensor__FT703__std,sensor__FT703__min,sensor__FT703__max,sensor__FT703__delta,sensor__FT703__slope,sensor__FT704__last,sensor__FT704__mean,sensor__FT704__std,sensor__FT704__min,sensor__FT704__max,sensor__FT704__delta,sensor__FT704__slope,sensor__PDI701__last,sensor__PDI701__mean,sensor__PDI701__std,sensor__PDI701__min,sensor__PDI701__max,sensor__PDI701__delta,sensor__PDI701__slope,sensor__PDI702__last,sensor__PDI702__mean,sensor__PDI702__std,sensor__PDI702__min,sensor__PDI702__max,sensor__PDI702__delta,sensor__PDI702__slope,sensor__PY23__last,sensor__PY23__mean,sensor__PY23__std,sensor__PY23__min,sensor__PY23__max,sensor__PY23__delta,sensor__PY23__slope,sensor__FYI702__last,sensor__FYI702__mean,sensor__FYI702__std,sensor__FYI702__min,sensor__FYI702__max,sensor__FYI702__delta,sensor__FYI702__slope,actuator__H701__last,actuator__H701__mean,actuator__H701__std,actuator__H701__min,actuator__H701__max,actuator__H701__delta,actuator__H701__slope,actuator__H702__last,actuator__H702__mean,actuator__H702__std,actuator__H702__min,actuator__H702__max,actuator__H702__delta,actuator__H702__slope,actuator__H706__last,actuator__H706__mean,actuator__H706__std,actuator__H706__min,actuator__H706__max,actuator__H706__delta,actuator__H706__slope,actuator__H704__last,actuator__H704__mean,actuator__H704__std,actuator__H704__min,actuator__H704__max,actuator__H704__delta,actuator__H704__slope,actuator__H708__last,actuator__H708__mean,actuator__H708__std,actuator__H708__min,actuator__H708__max,actuator__H708__delta,actuator__H708__slope,actuator__H002__last,actuator__H002__mean,actuator__H002__std,actuator__H002__min,actuator__H002__max,actuator__H002__delta,actuator__H002__slope,actuator__AV8__last,actuator__AV8__mean,actuator__AV8__std,actuator__AV8__min,actuator__AV8__max,actuator__AV8__delta,actuator__AV8__slope,actuator__AV709__last,actuator__AV709__mean,actuator__AV709__std,actuator__AV709__min,actuator__AV709__max,actuator__AV709__delta,actuator__AV709__slope,actuator__P301__last,actuator__P301__mean,actuator__P301__std,actuator__P301__min,actuator__P301__max,actuator__P301__delta,actuator__P301__slope,actuator__AV716__last,actuator__AV716__mean,actuator__AV716__std,actuator__AV716__min,actuator__AV716__max,actuator__AV716__delta,actuator__AV716__slope,actuator__TV1__last,actuator__TV1__mean,actuator__TV1__std,actuator__TV1__min,actuator__TV1__max,actuator__TV1__delta,actuator__TV1__slope,actuator__P701__last,actuator__P701__mean,actuator__P701__std,actuator__P701__min,actuator__P701__max,actuator__P701__delta,actuator__P701__slope,actuator__P702__last,actuator__P702__mean,actuator__P702__std,actuator__P702__min,actuator__P702__max,actuator__P702__delta,actuator__P702__slope
batch_dist_binary_ethanol+propan-2-ol__operating_point_001__test_anormal_experiment_001,batch_dist_binary_ethanol+propan-2-ol,operating_point_001,test_anormal_experiment_001,0.1,286,47.55,,1.0,1.0,0.0,1.0,1.0,0.0,7.008617824292231e-18,1.0,1.0,0.0,1.0,1.0,0.0,7.008617824292231e-18,397.8,397.3122377622377,0.29606364979149286,396.7,398.1,0.9499999999999886,0.002006885027683786,58.0,57.86520979020978,0.09807196751999368,57.7,58.1,0.10000000000000142,2.1634232263492788e-05,52.96,52.90487762237762,0.03179025759982127,52.83,52.97,0.07500000000000284,0.00017186787538550535,58.0,57.91311188811189,0.08497203323505616,57.7,58.1,0.10000000000000142,7.392263705527367e-05,57.92,57.91891608391609,0.055973639712870546,57.77,58.04,0.035000000000003695,0.0002555526117018522,57.9,57.89930069930069,0.0657688434499334,57.8,58.0,0.0,1.243952453232686e-05,52.3,52.32202797202798,0.038504958186943945,52.2,52.4,0.0,0.00022589302866615873,51.3,51.261538461538464,0.04173168862381657,51.2,51.3,0.04999999999999716,0.00011915334985974778,51.4,51.470104895104896,0.040978854906701806,51.4,51.6,-0.05000000000000426,9.12352345988111e-05,51.61,51.55601398601399,0.02603058475818323,51.5,51.61,0.054999999999999716,2.9529648785454754e-05,0.573,0.5333863636363637,0.1405232949458601,0.001,1.376,-0.3320000000000001,-0.00020250740273846486,0.048,0.0771958041958042,0.020171838273154583,0.024,0.13,0.024,-0.00015498360432891848,-0.3,-0.27164335664335665,0.05806120722597095,-0.41,-0.09,-0.08499999999999999,3.4799757367150206e-05,3.0,2.9912587412587412,0.06757442033588051,2.8,3.2,-0.10000000000000009,-0.0003658129803444118,300.32,299.98381118881116,0.15324232152241635,299.47,300.5,0.30000000000001137,3.111496975632484e-05,7.6247292810646545,7.010158018615763,0.4989190919421007,5.515418061606934,8.44379838123106,0.40813801643962133,-0.0001531704988988725,175.0,175.0,0.0,175.0,175.0,0.0,1.1119601587212155e-15,10.500000000000002,10.423951048951048,0.2775623494479534,9.0,10.500000000000002,0.7500000000000018,0.0013812246546778667,6.0,6.138986013986014,0.36349246098441057,6.0,7.5,0.0,-0.002173243829341351,6.0,6.5375874125874125,0.5583438467984051,6.0,7.5,0.0,0.0004422406091982886,4.5,5.703671328671328,0.4860807121311509,4.5,6.0,-0.7500000000000009,0.0016270636936876102,0.0,0.0,0.0,0.0,0.0,0.0,0.0,1.0,1.0,0.0,1.0,1.0,0.0,7.008617824292231e-18,1.0,1.0,0.0,1.0,1.0,0.0,7.008617824292231e-18,1.0,1.0,0.0,1.0,1.0,0.0,7.008617824292231e-18,1.0,1.0,0.0,1.0,1.0,0.0,7.008617824292231e-18,33.6,32.91433566433567,1.4249064466606391,29.2,38.2,-2.0,-0.00103937992687651,1.24,1.568452797202797,0.22693318057298906,0.97,2.1625,0.27,-0.001743565548700327,9.64,9.111818181818181,1.8736439326114682,2.013333333333333,20.346666666666668,-4.426666666666668,-0.002700098703179521
batch_dist_binary_ethanol+propan-2-ol__operating_point_001__test_anormal_experiment_001,batch_dist_binary_ethanol+propan-2-ol,operating_point_001,test_anormal_experiment_001,0.2,571,47.55,,1.0,1.0,0.0,1.0,1.0,0.0,-8.504771184686165e-20,1.0,1.0,0.0,1.0,1.0,0.0,-8.504771184686165e-20,397.6,397.5453590192644,0.35845964827497706,396.7,398.3,0.75,0.0015154888433532325,58.0,57.89264448336252,0.10570148786141406,57.7,58.2,0.10000000000000142,0.00018525978031552266,52.955,52.92392294220665,0.03610900769721562,52.83,53.02,0.07000000000000028,0.00012496914736118836,57.95,57.92907180385289,0.088193512714016,57.7,58.1,0.05000000000000426,7.988340261445276e-05,57.93,57.92611208406304,0.054521707411078035,57.77,58.04,0.045000000000001705,7.191340505747419e-05,57.9,57.927758318739045,0.0752346750921923,57.8,58.1,0.0,0.00015993118504680336,52.8,52.43257443082312,0.16452663493157987,52.2,52.8,0.5,0.0008537443817128645,51.3,51.249299474605955,0.05324339133887805,51.1,51.3,0.04999999999999716,-6.236275200515476e-05,51.55,51.45709281961471,0.06011241279977222,51.3,51.6,0.09999999999999432,-6.509144924570717e-05,51.57,51.54231173380035,0.051011496444412656,51.39,51.63,0.015000000000000568,-8.926243725854583e-05,0.297,0.5321409807355517,0.13809839027260887,0.001,1.393,-0.6080000000000001,-4.4186045312415956e-05,0.0,0.04830472854640981,0.03314767777030227,0.0,0.13,-0.024,-0.00018356751000865677,-0.31,-0.26604203152364275,0.05735625222613554,-0.41,-0.09,-0.095,3.8901925800257195e-05,3.0,3.0193520140105075,0.09264001440129971,2.8,3.3,-0.10000000000000009,0.00010583943478403587,300.11,300.00098073555165,0.16206468184025857,299.39,300.88,0.09000000000003183,7.409351640176001e-05,6.2790872435495615,7.0043275201459,0.49265621635950796,5.515418061606934,8.44379838123106,-0.9375040210754717,1.8717216193110174e-05,175.0,175.0,0.0,175.0,175.0,0.0,-3.0896884773212295e-17,9.75,10.455341506129598,0.21588212891233316,9.0,10.500000000000002,0.0,0.00030477172656821533,6.0,6.107705779334501,0.32517486779055704,6.0,7.5,0.0,-0.00036489455700534245,6.75,6.50569176882662,0.5595795300872505,6.0,7.5,0.75,-6.067073308293173e-05,6.0,5.637478108581436,0.5311401321872506,4.5,6.0,0.7499999999999991,-0.00015469825455215487,0.0,0.0,0.0,0.0,0.0,0.0,0.0,1.0,1.0,0.0,1.0,1.0,0.0,-8.504771184686165e-20,1.0,1.0,0.0,1.0,1.0,0.0,-8.504771184686165e-20,1.0,1.0,0.0,1.0,1.0,0.0,-8.504771184686165e-20,1.0,1.0,0.0,1.0,1.0,0.0,-8.504771184686165e-20,31.9,33.62005253940455,1.7649885942209311,29.2,41.9,-3.700000000000003,0.003912403392533376,0.7,1.2434281961471103,0.37291137491590054,0.7,2.1625,-0.27,-0.0020651344875973875,5.96,9.095213076474023,1.8413118703014517,2.013333333333333,20.57333333333333,-8.10666666666667,-0.0005891472708322176
batch_dist_binary_ethanol+propan-2-ol__operating_point_001__test_anormal_experiment_001,batch_dist_binary_ethanol+propan-2-ol,operating_point_001,test_anormal_experiment_001,0.4,1142,47.55,,1.0,1.0,0.0,1.0,1.0,0.0,2.20736158390419e-19,1.0,1.0,0.0,1.0,1.0,0.0,2.20736158390419e-19,398.2,397.694527145359,0.3383142052179779,396.7,398.3,1.349999999999966,0.0005855835607280023,58.1,57.97399299474605,0.1353112236157466,57.7,58.3,0.20000000000000284,0.00021066513860569148,53.04,52.95747810858144,0.04830254362262451,52.83,53.07,0.15500000000000114,0.00011919863685666748,58.2,57.96738178633976,0.0998386790772566,57.7,58.2,0.30000000000000426,0.0001450080249751249,58.12,57.96413309982486,0.07160157291677616,57.77,58.16,0.23499999999999943,0.0001384790279423781,58.0,57.95757443082311,0.079252536205972,57.8,58.1,0.10000000000000142,0.0001159763805431325,52.2,52.40245183887916,0.15215006231790967,52.2,52.8,-0.09999999999999432,-6.004320721173471e-05,51.3,51.29207530647986,0.0638953428413597,51.1,51.4,0.04999999999999716,0.00011890999711226292,51.5,51.499387040280205,0.06669972921669035,51.3,51.6,0.04999999999999716,0.00011182618804752687,51.69,51.58259632224168,0.057767329410702936,51.39,51.69,0.134999999999998,0.00010785613806589198,0.411,0.5299452714535902,0.14783510080848833,0.001,1.482,-0.49400000000000005,-1.780421632505387e-05,0.395,0.11405113835376532,0.1527463083199039,0.0,0.654,0.371,0.0002748146822562376,-0.13,-0.27575744308231176,0.05713476642043366,-0.42,-0.09,0.08499999999999999,-2.356118005529124e-05,2.9,2.998248686514886,0.08074796182508408,2.8,3.3,-0.20000000000000018,-3.5058010977597455e-05,300.31,300.0021322241681,0.15000912708411474,299.39,300.88,0.29000000000002046,1.2536466259609535e-05,6.975909037206625,6.994515401352489,0.4998622762775689,5.284323125935492,8.44379838123106,-0.24068222741840817,-7.333207091808607e-06,175.0,175.0,0.0,175.0,175.0,0.0,6.11937046077474e-17,9.0,10.063266199649737,0.5936266268950233,9.0,10.500000000000002,-0.75,-0.0010160400770120143,6.0,6.116243432574431,0.335779192221388,6.0,7.5,0.0,-2.927476874260861e-05,6.0,6.479422066549913,0.5548084024956654,6.0,7.5,0.0,-0.0001776951451814021,6.0,5.739273204903678,0.47524875689291124,4.5,6.0,0.7499999999999991,0.00030599874933977364,0.0,0.0,0.0,0.0,0.0,0.0,0.0,1.0,1.0,0.0,1.0,1.0,0.0,2.20736158390419e-19,1.0,1.0,0.0,1.0,1.0,0.0,2.20736158390419e-19,1.0,1.0,0.0,1.0,1.0,0.0,2.20736158390419e-19,1.0,1.0,0.0,1.0,1.0,0.0,2.20736158390419e-19,35.2,33.44697898423818,1.50982807186153,29.2,41.9,-0.3999999999999986,9.507550852181018e-05,5.14375,1.9830753064798599,1.7183959685989187,0.7,8.0575,4.17375,0.0030916651753826736,7.479999999999999,9.065936952714535,1.9711346774465113,2.013333333333333,21.76,-6.58666666666667,-0.00023738955100072013
batch_dist_binary_ethanol+propan-2-ol__operating_point_001__test_anormal_experiment_002,batch_dist_binary_ethanol+propan-2-ol,operating_point_001,test_anormal_experiment_002,0.1,52,8.55,,1.0,1.0,0.0,1.0,1.0,0.0,9.794858795403959e-18,1.0,1.0,0.0,1.0,1.0,0.0,9.794858795403959e-18,400.333,400.50351923076926,0.22109243545357088,400.1,400.9,-0.1169999999999618,-0.0015623239135993923,58.4333,58.430448076923085,0.09443493790066253,58.3,58.6,-0.01670000000000016,-0.0015588790233074328,53.2167,53.01705192307692,0.10104226741316834,52.87,53.2167,0.32670000000000243,0.0064101809954754925,58.3,58.228846153846156,0.09696965120303182,58.1,58.4,-0.05000000000000426,-0.0020831554682830076,58.2533,58.23362115384615,0.06302855682618597,58.11,58.37,-0.04169999999999874,-0.0019153888841458913,58.2667,58.27051346153847,0.06767119324875151,58.2,58.4,0.01670000000000016,-0.00125921198668134,53.8,53.593269230769245,0.1230085652716,53.4,53.8,0.3999999999999986,0.00786946981985831,51.5,51.28942307692308,0.13393441652164648,51.05,51.5,0.45000000000000284,0.008691914966276432,51.7,51.50192307692306,0.15267101459748367,51.2,51.8,0.5,0.009896422778110047,51.8133,51.53102499999999,0.15122799633335116,51.26,51.8133,0.5382999999999996,0.009982570647998228,0.5403,0.5814865384615384,0.1187668158601392,0.498,1.209,0.0032999999999999696,0.0012865576709638897,0.1613,0.08688076923076922,0.046494168527898116,0.0105,0.1613,0.1508,0.003094143259626055,-0.3567,-0.29407115384615384,0.047960995115977234,-0.38,-0.19,0.008299999999999974,-1.3937505335954077e-05,2.7333,3.0602557692307686,0.23228227308555616,2.6,3.4,-0.6167000000000002,-0.014910863997267978,300.927,297.6495576923077,2.0076682745209067,294.19,300.927,6.737000000000023,0.13367971484675298,6.905970473849496,6.920483504739684,0.4063722908486177,5.94553335320662,7.731167372186372,-0.4122975389148671,0.003744486419379469,175.0,175.0,0.0,175.0,175.0,0.0,1.2147697897355364e-15,6.0,5.8125,0.4156650140946524,4.5,6.0,0.0,0.009209856569623512,4.5,4.485576923076923,0.10300137156552183,3.75,4.5,0.75,0.0016328011611030874,5.50005,4.7067317307692305,0.43224199886139797,4.5,6.0,1.0000499999999999,0.01802495304362673,4.5,4.298076923076923,0.4247150108354943,3.0,4.5,0.0,0.011995210449927449,0.0,0.0,0.0,0.0,0.0,0.0,0.0,1.0,1.0,0.0,1.0,1.0,0.0,9.794858795403959e-18,1.0,1.0,0.0,1.0,1.0,0.0,9.794858795403959e-18,1.0,1.0,0.0,1.0,1.0,0.0,9.794858795403959e-18,1.0,1.0,0.0,1.0,1.0,0.0,9.794858795403959e-18,14.8667,1.0955134615384616,3.021862588449818,0.0,14.8667,14.8667,0.11315212584308026,2.514625,1.6774086538461535,0.5230593959388539,0.818125,2.514625,1.6965000000000001,0.034809111670793126,9.204,9.753153846153847,1.583557544801856,8.64,18.12,0.04400000000000048,0.017154102279518524
batch_dist_binary_ethanol+propan-2-ol__operating_point_001__test_anormal_experiment_002,batch_dist_binary_ethanol+propan-2-ol,operating_point_001,test_anormal_experiment_002,0.2,103,8.55,,1.0,1.0,0.0,1.0,1.0,0.0,9.066106622697244e-18,1.0,1.0,0.0,1.0,1.0,0.0,9.066106622697244e-18,400.1,400.44029126213593,0.25526143579330707,399.8,400.9,-0.3499999999999659,-0.002908953125683395,58.25,58.41067961165048,0.11567694835373116,58.2,58.6,-0.20000000000000284,-0.0010479352457933003,53.34,53.17398058252428,0.17686780322358459,52.87,53.41,0.45000000000000284,0.005676279488644189,58.0,58.209223300970876,0.09686978368431073,58.0,58.4,-0.3500000000000014,-0.0010885724640861975,58.05,58.192378640776695,0.0732658580209813,58.04,58.37,-0.24500000000000455,-0.0016508511619731496,58.2,58.24611650485437,0.06968212303940612,58.1,58.4,-0.04999999999999716,-0.0008837444537184127,53.95,53.74708737864076,0.18161820868017728,53.4,54.0,0.5500000000000043,0.0055817928216847276,51.6,51.421359223300996,0.1663497552018255,51.05,51.6,0.5500000000000043,0.0050688990906298205,51.8,51.62912621359224,0.17237378270297682,51.2,51.9,0.5999999999999943,0.004909101392611461,51.845,51.6885436893204,0.19280202113406225,51.26,51.9,0.5700000000000003,0.005937615867855928,0.5245,0.5550291262135923,0.09325203309277244,0.444,1.209,-0.012500000000000067,-0.0007177041690462529,0.158,0.11879611650485436,0.047197442999543565,0.0105,0.178,0.1475,0.0012593012783903713,-0.325,-0.28815533980582525,0.049940134507160366,-0.38,-0.19,0.03999999999999998,0.00014766507050915754,2.65,2.834466019417476,0.2850772351668378,2.5,3.4,-0.7000000000000002,-0.008779781882880077,301.11,298.81160194174754,1.970687536323676,294.19,301.99,6.920000000000016,0.04985694987479917,7.296115475864815,6.939498358545608,0.4884327081253779,5.691938093646962,8.594386322875676,-0.022152536899548103,0.001282070834615595,175.0,175.0,0.0,175.0,175.0,0.0,1.1084490521965771e-15,7.5,6.269417475728155,0.6955919813719588,4.5,7.5,1.5,0.01744058230461716,6.0,5.140776699029126,0.7346073375810636,3.75,6.0,2.25,0.02146575583183238,6.0,5.257281553398058,0.7074992802490521,4.5,6.0,1.5,0.02062283036067305,6.0,4.95873786407767,0.8390484435389572,3.0,6.0,1.5,0.02388195646443792,0.0,0.0,0.0,0.0,0.0,0.0,0.0,1.0,1.0,0.0,1.0,1.0,0.0,9.066106622697244e-18,1.0,1.0,0.0,1.0,1.0,0.0,9.066106622697244e-18,1.0,1.0,0.0,1.0,1.0,0.0,9.066106622697244e-18,1.0,1.0,0.0,1.0,1.0,0.0,9.066106622697244e-18,17.95,8.651456310679613,13.332912425154118,0.0,46.9,17.95,0.14011864978254188,2.4775,2.0364563106796116,0.5309712337448652,0.818125,2.7025,1.659375,0.01416713938189168,8.993333333333332,9.400388349514563,1.2433604412369657,7.92,18.12,-0.16666666666666785,-0.009569388920616716
batch_dist_binary_ethanol+propan-2-ol__operating_point_001__test_anormal_experiment_002,batch_dist_binary_ethanol+propan-2-ol,operating_point_001,test_anormal_experiment_002,0.4,206,8.55,,1.0,1.0,0.0,1.0,1.0,0.0,4.272314385343519e-19,1.0,1.0,0.0,1.0,1.0,0.0,4.272314385343519e-19,400.4,400.3519417475728,0.2625629771978626,399.8,400.9,-0.05000000000001137,-0.0014300335979291123,58.7,58.435436893203885,0.11742039566660983,58.2,58.7,0.25,0.0004815819511506818,53.66,53.34485436893204,0.21682520890979592,52.87,53.66,0.769999999999996,0.003448504016994438,58.3,58.19441747572815,0.09950267687005969,58.0,58.4,-0.05000000000000426,-0.0002491187321328455,58.26,58.161383495145635,0.07586681815208686,58.0,58.37,-0.035000000000003695,-0.0005209487039572055,58.2,58.220388349514565,0.07415245945285172,58.1,58.4,-0.04999999999999716,-0.0004502603067397822,54.7,54.03106796116505,0.3436829414100031,53.4,54.7,1.3000000000000043,0.005684650996784345,51.6,51.52548543689322,0.15931979070487767,51.05,51.7,0.5500000000000043,0.0021360254232345335,51.8,51.71577669902913,0.153485487567906,51.2,51.9,0.5999999999999943,0.001918857189922655,51.92,51.78703883495146,0.16930046750576874,51.26,51.96,0.6450000000000031,0.0021964491209285563,0.496,0.5373470873786408,0.09103259507068358,0.437,1.209,-0.041000000000000036,-0.00034926053667459425,0.118,0.12577184466019417,0.03575042376685695,0.0105,0.178,0.1075,0.0002073091798879154,-0.14,-0.26825242718446607,0.05996132628160072,-0.39,-0.11,0.22499999999999998,0.00034899786194991604,2.6,2.688106796116505,0.2530947022427126,2.4,3.4,-0.75,-0.0032318873525586304,299.89,299.4484708737864,1.5882565230882089,294.19,301.99,5.699999999999989,0.014905615555943918,7.7071786658406705,7.007610932805805,0.4980593587177951,5.691938093646962,8.594386322875676,0.3889106530763078,0.001102664939915403,175.0,175.0,0.0,175.0,175.0,0.0,-7.678118327968093e-17,7.5,6.83373786407767,0.7817688179889908,4.5,7.5,1.5,0.010544567739809942,7.5,5.894417475728155,1.031697348084269,3.75,7.5,3.75,0.01575379134964841,7.5,5.992718446601942,0.9896053879863262,4.5,7.5,3.0,0.014916245405594615,6.0,5.544902912621359,0.8713268201796225,3.0,7.5,1.5,0.012233043890084332,0.0,0.0,0.0,0.0,0.0,0.0,0.0,1.0,1.0,0.0,1.0,1.0,0.0,4.272314385343519e-19,1.0,1.0,0.0,1.0,1.0,0.0,4.272314385343519e-19,1.0,1.0,0.0,1.0,1.0,0.0,4.272314385343519e-19,1.0,1.0,0.0,1.0,1.0,0.0,4.272314385343519e-19,32.5,20.119174757281556,15.510590854151777,0.0,46.9,32.5,0.19150763994275663,2.0275,2.1149332524271847,0.4021922673771407,0.818125,2.7025,1.2093749999999999,0.0023322282737390466,8.613333333333333,9.16462783171521,1.2137679342757812,7.826666666666667,18.12,-0.5466666666666669,-0.004656807155661269
batch_dist_binary_ethanol+propan-2-ol__operating_point_002__train_normal_experiment_002,batch_dist_binary_ethanol+propan-2-ol,operating_point_002,train_normal_experiment_002,0.1,712,118.61666666666666,0.8558843607462356,1.0,1.0,0.0,1.0,1.0,0.0,1.549580615065301e-19,1.0,1.0,0.0,1.0,1.0,0.0,1.549580615065301e-19,389.933,385.1763806179775,3.2225014840027026,378.5,390.0,11.33299999999997,0.015508383280774784,57.7,58.286025280898876,0.968100534410577,57.4,61.1,-3.3999999999999986,-0.004055777818648386,52.78,52.710259831460675,0.03342168506457852,52.63,52.79,0.0799999999999983,0.00010382621302610654,57.7333,58.49765912921348,1.1626282001200599,57.4,61.6,-3.8667000000000016,-0.004922019533942638,57.97,58.286207865168535,0.5651910389416457,57.86,60.23,-2.259999999999998,-0.002025893490186293,57.6333,58.256507443820226,1.3588570675855403,57.0,61.9,-4.166699999999999,-0.005287119985033864,51.6,51.62113764044944,0.08243568731969614,51.5,51.8,0.0,1.4496733194363885e-05,50.8,50.682935393258425,0.10815841980820087,50.4,50.9,0.3999999999999986,0.00046537019420243706,51.0667,51.05669480337078,0.07126287672694405,50.8,51.2,0.26670000000000016,0.00012695049519901818,50.67,50.806453651685395,0.28874421311022436,50.05,51.3,0.6000000000000014,-0.0004549166687112715,0.0577,0.30553609550561794,0.3579129901449935,0.0,2.702,0.0547,0.00016563868226924505,0.322,0.42847766853932584,0.2789756726812126,0.0,2.368,0.065,4.4153374998812426e-06,-0.3367,-0.22373834269662918,0.06671165021358441,-0.39,-0.06,-0.1367,-3.969767327740933e-05,2.8,4.3470505617977535,1.7683807067769113,1.9,6.8,-2.2,-0.004508926138162333,300.017,299.99088904494386,0.16765787560020362,299.45,300.49,0.5670000000000073,5.0332515276939523e-05,7.235943736289131,6.9999924027408,0.4855560415052524,5.450516374354328,8.423202407506848,0.24136515275557002,-2.6609107756236208e-05,175.0,175.0,0.0,175.0,175.0,0.0,5.39703202892619e-17,12.0,9.598314606741573,1.5464461014018103,6.0,12.0,4.5,0.006992924367402793,6.0,7.363061797752809,0.6360261387495099,6.0,9.0,0.0,0.00039389276462103095,6.49995,5.362359480337078,1.6439903634566577,3.0,7.5,1.9999500000000001,0.007303443338886123,6.0,4.192415730337078,2.7869825047788814,0.0,7.5,6.0,0.012316805908436352,0.0,0.0,0.0,0.0,0.0,0.0,0.0,1.0,1.0,0.0,1.0,1.0,0.0,1.549580615065301e-19,1.0,1.0,0.0,1.0,1.0,0.0,1.549580615065301e-19,1.0,1.0,0.0,1.0,1.0,0.0,1.549580615065301e-19,1.0,1.0,0.0,1.0,1.0,0.0,1.549580615065301e-19,34.9333,36.401802387640444,2.0519451785960072,31.4,42.8,-5.3666999999999945,-0.0050951134207695556,4.3225,5.5203737710674154,3.138476317663642,0.7,27.34,0.7312499999999997,4.967254687365855e-05,2.769333333333333,6.073814606741574,4.772173201933247,2.0,38.02666666666667,0.729333333333333,0.002208515763589934
batch_dist_binary_ethanol+propan-2-ol__operating_point_002__train_normal_experiment_002,batch_dist_binary_ethanol+propan-2-ol,operating_point_002,train_normal_experiment_002,0.2,1424,118.61666666666666,0.8558843607462356,1.0,1.0,0.0,1.0,1.0,0.0,-8.916443945738286e-20,1.0,1.0,0.0,1.0,1.0,0.0,-8.916443945738286e-20,394.7,388.7837780898876,4.38642688674716,378.5,394.9,16.099999999999966,0.010405911844484445,58.0,58.05277387640449,0.729896822845628,57.4,61.1,-3.1000000000000014,-0.0009485947542547757,52.84,52.74144311797753,0.045241319799984955,52.63,52.85,0.14000000000000057,8.911522827851292e-05,58.0,58.14188904494381,0.8979983996996501,57.4,61.6,-3.6000000000000014,-0.0013459633062141351,57.9,58.06613061797753,0.4590002536389597,57.71,60.23,-2.3299999999999983,-0.0007350844277899785,57.8,58.044592696629216,0.9857903699356658,57.0,61.9,-4.0,-0.0011030598410085818,51.5,51.62236657303371,0.06499179663487492,51.5,51.8,-0.10000000000000142,6.805039120362735e-06,50.8,50.78535814606741,0.1314329272206882,50.4,51.0,0.3999999999999986,0.00028756546147954445,51.0,51.072893258426966,0.06101045196927401,50.8,51.2,0.20000000000000284,4.295175317388679e-05,50.63,50.75185042134832,0.21366430419577087,50.05,51.3,0.5600000000000023,-0.0001852169910314443,0.095,0.29425210674157304,0.318482891116248,0.0,2.725,0.092,1.0222475816536038e-05,0.37,0.4119186095505618,0.20441942702850466,0.0,2.368,0.11299999999999999,-2.7579106326619426e-05,-0.15,-0.24062851123595505,0.06758953623912163,-0.41,-0.03,0.05000000000000002,-4.88017922173235e-05,2.6,3.765730337078652,1.3974027056163627,1.9,6.8,-2.4,-0.0018768413356145717,299.75,299.9969698033708,0.1579378471249237,299.45,300.49,0.30000000000001137,2.3885551343884233e-05,7.880092067734958,6.99172800928197,0.4947199788308036,5.002125752254418,8.787832837109473,0.8855134842013976,-3.652250810160157e-05,175.0,175.0,0.0,175.0,175.0,0.0,9.276140867598884e-17,10.500000000000002,10.156074438202246,1.2778163723626004,6.0,12.0,3.0000000000000018,0.001853535189397137,6.0,6.949613764044944,0.729748705239422,6.0,9.0,0.0,-0.0008792627279803411,6.0,6.012113764044944,1.3908568281525948,3.0,7.5,1.5,0.002226303591457896,6.0,4.986657303370786,2.147323668892182,0.0,7.5,6.0,0.003109481057793046,0.0,0.0,0.0,0.0,0.0,0.0,0.0,1.0,1.0,0.0,1.0,1.0,0.0,-8.916443945738286e-20,1.0,1.0,0.0,1.0,1.0,0.0,-8.916443945738286e-20,1.0,1.0,0.0,1.0,1.0,0.0,-8.916443945738286e-20,1.0,1.0,0.0,1.0,1.0,0.0,-8.916443945738286e-20,35.4,35.83476123595506,1.8938296723923895,30.8,42.8,-4.899999999999999,-0.0017890626099980424,4.8625,5.33408435744382,2.2997185540706777,0.7,27.34,1.2712499999999998,-0.00031026494617446835,3.2666666666666666,5.9233614232209755,4.24643854821664,2.0,38.333333333333336,1.2266666666666666,0.00013629967755381843
batch_dist_binary_ethanol+propan-2-ol__operating_point_002__train_normal_experiment_002,batch_dist_binary_ethanol+propan-2-ol,operating_point_002,train_normal_experiment_002,0.4,2848,118.61666666666666,0.8558843607462356,1.0,1.0,0.0,1.0,1.0,0.0,-7.614535083733407e-20,1.0,1.0,0.0,1.0,1.0,0.0,-7.614535083733407e-20,400.333,393.3622717696629,5.66479120980817,378.5,400.4,21.733000000000004,0.006612465004742242,57.8333,57.97315660112359,0.5271495334166817,57.4,61.1,-3.2667,-0.00020243946360808078,52.89,52.7997419241573,0.07439791369782993,52.63,52.98,0.18999999999999773,8.41417101383294e-05,57.8333,58.000298455056175,0.6539641207164281,57.4,61.6,-3.7667,-0.00030893663756715917,57.86,57.96458040730337,0.34287226767495266,57.7,60.23,-2.3699999999999974,-0.00019066513016413562,57.8667,57.94931530898876,0.7060427996326475,57.0,61.9,-3.9332999999999956,-0.00022567787101226118,51.7333,51.656425561797754,0.06862580242234952,51.5,51.8,0.13329999999999842,4.6816314953549935e-05,51.0333,50.89271418539326,0.14667649349982348,50.4,51.1,0.6332999999999984,0.00015836730660111266,51.2,51.10721558988765,0.0661073211531476,50.8,51.3,0.4000000000000057,4.730935780458841e-05,50.63,50.709011587078656,0.15877255519413436,50.05,51.3,0.5600000000000023,-7.208012073911521e-05,0.9517,0.2945997542134831,0.2975933055397018,0.0,2.725,0.9487,5.201003964856581e-06,0.3903,0.41450470505617976,0.168111665960682,0.0,2.368,0.13329999999999997,-3.7867558646381717e-07,-0.31,-0.25007724719101126,0.06347158361132883,-0.41,-0.03,-0.10999999999999999,-1.6245298594844557e-05,2.6,3.401246488764045,1.1000257774758129,1.9,6.8,-2.4,-0.0006122158505335369,300.15,299.9984859550562,0.15373570253953348,299.45,300.55,0.6999999999999886,4.388168271494392e-06,7.6005139981618814,6.997511663363024,0.4981463996065639,5.002125752254418,8.787832837109473,0.6059354146283207,1.3767097857345117e-06,175.0,175.0,0.0,175.0,175.0,0.0,-9.536988416064122e-18,9.49995,9.852440308988765,1.0430562420086291,6.0,12.0,1.9999500000000001,-0.00012829785460038228,6.0,6.526422050561798,0.7047720294752244,6.0,9.0,0.0,-0.000564376134298788,6.49995,6.211727528089888,1.0757338430903216,3.0,7.5,1.9999500000000001,0.0004779089449148692,6.0,5.345066713483146,1.597616579560305,0.0,7.5,6.0,0.0007439232489698087,0.0,0.0,0.0,0.0,0.0,0.0,0.0,1.0,1.0,0.0,1.0,1.0,0.0,-7.614535083733407e-20,1.0,1.0,0.0,1.0,1.0,0.0,-7.614535083733407e-20,1.0,1.0,0.0,1.0,1.0,0.0,-7.614535083733407e-20,1.0,1.0,0.0,1.0,1.0,0.0,-7.614535083733407e-20,34.6333,35.5356566011236,1.6889734212851155,30.6,42.8,-5.666699999999999,-0.0005284013879327149,5.090875,5.3631779318820225,1.8912562420576724,0.7,27.34,1.4996249999999995,-4.260100347715718e-06,14.689333333333334,5.9279967228464425,3.967910740529358,2.0,38.333333333333336,12.649333333333335,6.934671953141885e-05
batch_dist_ternary_acetone+butan-1-ol+methanol__operating_point_001__test_anormal_experiment_001,batch_dist_ternary_acetone+butan-1-ol+methanol,operating_point_001,test_anormal_experiment_001,0.1,546,90.93333333333334,0.7793467741208475,1.0,1.0,0.0,1.0,1.0,0.0,8.255756656447013e-19,1.0,1.0,0.0,1.0,1.0,0.0,8.255756656447013e-19,373.569,372.06056593406595,0.9626262917253146,370.24,373.593,3.259999999999991,0.006093238928189243,75.198,72.82006410256412,1.350414472229401,70.577,75.198,4.556999999999988,0.00856397433470717,65.373,63.22358424908425,1.2602925645315257,61.232,65.373,4.141000000000005,0.007978448577905233,69.754,67.77250915750916,1.0482482535234885,66.192,69.775,3.562000000000012,0.006615111912893035,70.021,67.93297161172161,1.0916976641657807,66.283,70.021,3.7169999999999987,0.0069013964667738875,64.829,62.735076007326015,1.0933030979992153,61.072,64.829,3.756999999999991,0.006903582067765465,60.512,58.571324175824174,1.143678397443165,56.497,60.533,3.9939999999999998,0.007240566688900432,46.799,45.864285714285714,0.5283466001648995,44.817,46.82,1.9819999999999993,0.003337934416857029,45.595,44.60495695970696,0.48619440412802867,43.807,45.595,1.7879999999999967,0.0030534790855288123,43.221,43.24869139194139,0.02710775031917178,43.18,43.305,-0.04200000000000159,-0.0001287139725745081,0.397,0.38342948717948716,0.010651319825389223,0.335,0.422,0.062,-9.880857615791756e-06,0.433,0.41305677655677653,0.038523748441773135,0.005,0.705,0.065,-2.741939140308932e-05,1.038,1.0224065934065936,0.06326473154051387,0.852,1.212,-0.06299999999999994,-5.7945445862858984e-05,2.119,2.032489926739927,0.12363408801395452,1.71,2.362,0.14000000000000012,-0.00027702457547819196,649.543,649.3676291208792,0.696952981958179,647.183,651.517,-1.9740000000000464,-0.00026032930724084074,3.643,3.7175989010989015,0.2989179544879764,2.732,4.562,-0.25900000000000034,0.00012635617238202824,175.0,175.0,0.0,175.0,175.0,0.0,1.271826112147267e-16,19.5,19.50824175824176,0.11088151687148685,19.5,21.000000000000004,0.0,7.54742297435688e-05,13.5,13.571428571428571,0.9624014965191787,12.0,15.0,1.5,0.00524913591683127,15.0,13.967032967032967,1.0292486265120353,12.0,15.0,3.0,0.005899707189477938,12.0,10.25,1.0544906587782321,9.0,12.0,3.0,0.006045624033648793,0.0,0.0,0.0,0.0,0.0,0.0,0.0,1.0,1.0,0.0,1.0,1.0,0.0,8.255756656447013e-19,1.0,1.0,0.0,1.0,1.0,0.0,8.255756656447013e-19,1.0,1.0,0.0,1.0,1.0,0.0,8.255756656447013e-19,1.0,1.0,0.0,1.0,1.0,0.0,8.255756656447013e-19,23.0,3.8754578754578755,8.419793000284477,0.0,23.0,1.0,-0.0015722968476100593,11.827,11.601671245421247,0.20717285097352936,10.9,11.953,0.9000000000000004,-0.00014209629995649319,5.913,5.800933150183151,0.10360120788239743,5.45,5.977,0.4500000000000002,-7.057021103110269e-05
batch_dist_ternary_acetone+butan-1-ol+methanol__operating_point_001__test_anormal_experiment_001,batch_dist_ternary_acetone+butan-1-ol+methanol,operating_point_001,test_anormal_experiment_001,0.2,1092,90.93333333333334,0.7793467741208475,1.0,1.0,0.0,1.0,1.0,0.0,-2.372648005430874e-19,1.0,1.0,0.0,1.0,1.0,0.0,-2.372648005430874e-19,376.185,373.4644413919414,1.6572298182683554,370.24,376.208,5.875999999999976,0.005243993434477146,80.593,75.2667467948718,2.856658164580824,70.577,80.593,9.951999999999998,0.009050264146237896,71.016,65.62965750915752,2.8127729599587514,61.232,71.016,9.784000000000006,0.008899017467153311,75.073,70.01069184981685,2.5945958912478955,66.192,75.073,8.881,0.008188993614776381,75.083,70.16092719780221,2.5857730938922843,66.283,75.104,8.778999999999996,0.008170218378374762,70.037,65.01160073260074,2.6266723597292763,61.072,70.037,8.965000000000003,0.008301245834033404,66.268,60.86092032967033,2.7091395967938556,56.497,66.268,9.75,0.00853950408929682,48.72,46.8171478937729,1.098369329896916,44.817,48.741,3.9029999999999987,0.0034817492091099443,47.993,45.69288415750916,1.243428641402475,43.807,47.993,4.186,0.00392460449137992,43.368,43.26319230769231,0.04123340620155403,43.18,43.389,0.10500000000000398,5.76678523524789e-05,0.34,0.3707582417582417,0.02907278468538572,0.033,0.69,0.0050000000000000044,-4.529288825447262e-05,0.342,0.39229945054945053,0.05546879860557395,0.005,1.089,-0.025999999999999968,-8.272696147330431e-05,0.911,1.0097477106227106,0.06447080467879172,0.794,1.212,-0.18999999999999995,-4.7254593556030794e-05,1.927,1.979757326007326,0.10964881165283583,1.71,2.362,-0.052000000000000046,-0.00017729338536944358,649.337,649.2868347069597,0.6668041693691634,647.183,651.517,-2.1800000000000637,-0.00031243634181695514,3.643,3.723288461538462,0.29099482428496354,2.73,4.562,-0.25900000000000034,1.630086285627155e-05,175.0,175.0,0.0,175.0,175.0,0.0,1.7654753839353193e-16,21.000000000000004,20.057005494505493,0.7243880251348884,19.5,21.000000000000004,1.5000000000000036,0.0019140582821594314,18.0,14.695741758241759,1.5287904611066014,12.0,18.0,6.0,0.0045183480846683775,18.0,15.412087912087912,1.7648014653358841,12.0,18.0,6.0,0.005418897831492608,15.0,11.456043956043956,1.6305772450006835,9.0,15.0,6.0,0.004886349688662217,0.0,0.0,0.0,0.0,0.0,0.0,0.0,1.0,1.0,0.0,1.0,1.0,0.0,-2.372648005430874e-19,1.0,1.0,0.0,1.0,1.0,0.0,-2.372648005430874e-19,1.0,1.0,0.0,1.0,1.0,0.0,-2.372648005430874e-19,1.0,1.0,0.0,1.0,1.0,0.0,-2.372648005430874e-19,0.0,3.443681318681319,8.100178987819094,0.0,23.0,-22.0,-0.0013266221276448836,10.5,11.292942765567766,0.4178974109005781,10.42,11.953,-0.4269999999999996,-0.0011274034853137416,5.25,5.646520604395604,0.20898005470842204,5.21,5.977,-0.21300000000000008,-0.0005637539052171162
batch_dist_ternary_acetone+butan-1-ol+methanol__operating_point_001__test_anormal_experiment_001,batch_dist_ternary_acetone+butan-1-ol+methanol,operating_point_001,test_anormal_experiment_001,0.4,2183,90.93333333333334,0.7793467741208475,1.0,1.0,0.0,1.0,1.0,0.0,-3.18398222427041e-19,1.0,1.0,0.0,1.0,1.0,0.0,-3.18398222427041e-19,380.379,375.8729743472286,2.8048347161159097,370.24,380.449,10.069999999999993,0.004431500397270234,97.585,81.75100549702245,7.638328416008838,70.577,97.628,26.94399999999999,0.01199912429460817,89.098,72.43511497938617,7.995870735403882,61.232,89.098,27.866,0.012534102357540274,92.208,76.39868598259277,7.515825974274549,66.192,92.208,26.016000000000005,0.011766813839282703,92.348,76.52295350435182,7.494185009247588,66.283,92.348,26.043999999999997,0.011731350040437075,87.463,71.46299633531837,7.591059045132829,61.072,87.463,26.39099999999999,0.011887523514061516,84.811,67.65301855245076,7.968267414119132,56.497,84.811,28.293000000000006,0.012468261392864097,52.503,48.70324965643609,2.16592974870702,44.817,52.524,7.686,0.0034355279830741627,51.468,47.81347961520843,2.4075079371424666,43.807,51.489,7.661000000000001,0.0038091196251898597,45.637,43.71119995419148,0.6322436903954765,43.18,45.679,2.3740000000000023,0.0008648390718778146,0.23,0.33245029775538254,0.06673285106677893,0.004,1.492,-0.10500000000000001,-6.4993960838622e-05,0.181,0.3359129638112689,0.0937170671137503,0.004,1.303,-0.187,-0.00010573969003880928,0.905,0.9768108108108107,0.07169297662482016,0.745,1.212,-0.19599999999999995,-6.099132942217304e-05,1.984,1.951602611085662,0.11092318330766651,1.397,2.362,0.004999999999999893,-6.416358133993831e-05,650.073,649.2279118185983,0.7220848265199675,645.451,651.517,-1.4440000000000737,-8.324637007708566e-05,3.906,3.7077672927164453,0.31123948987415334,2.727,4.562,0.0040000000000000036,-2.3315551665767392e-05,175.0,175.0,0.0,175.0,175.0,0.0,3.5811471872176423e-17,30.0,22.629867155290885,3.1523070437918093,19.5,30.0,10.5,0.004732858270663739,27.0,18.443540998625746,4.417985973118503,12.0,27.0,15.0,0.006861614555147158,28.5,19.45945945945946,4.773459903601183,12.0,28.5,16.5,0.0074582860939647585,24.0,15.171438387540082,4.358250040888204,9.0,24.0,15.0,0.00679978890181006,0.0,0.0,0.0,0.0,0.0,0.0,0.0,1.0,1.0,0.0,1.0,1.0,0.0,-3.18398222427041e-19,1.0,1.0,0.0,1.0,1.0,0.0,-3.18398222427041e-19,1.0,1.0,0.0,1.0,1.0,0.0,-3.18398222427041e-19,1.0,1.0,0.0,1.0,1.0,0.0,-3.18398222427041e-19,23.0,3.266147503435639,7.962732950012386,0.0,23.0,1.0,-0.00043342496037116146,8.273,10.366732249198352,1.086548448228604,8.22,11.953,-2.654,-0.0016759908448570687,4.137,5.183358909757215,0.543324826999122,4.11,5.977,-1.3260000000000005,-0.0008380877277667637
batch_dist_ternary_acetone+butan-1-ol+methanol__operating_point_001__test_anormal_experiment_002,batch_dist_ternary_acetone+butan-1-ol+methanol,operating_point_001,test_anormal_experiment_002,0.1,344,57.31666666666667,0.7073610235106318,1.0,1.0,0.0,1.0,1.0,0.0,-1.0392499062020484e-19,1.0,1.0,0.0,1.0,1.0,0.0,-1.0392499062020484e-19,368.437,367.23042005813954,0.7428817152700383,365.759,368.437,2.6779999999999973,0.00742697183596843,71.662,70.64484883720931,0.516970821562964,69.789,71.662,1.8730000000000047,0.005174910310794862,61.723,60.504087209302334,0.6990308280034486,59.335,61.723,2.387999999999998,0.007036685759093494,66.66550000000001,65.9407398255814,0.4335657941553932,65.139,66.719,1.5265000000000128,0.00435702604745489,66.729,65.89758575581396,0.514144636299432,64.967,66.729,1.7409999999999997,0.005172208359004338,61.5915,60.762215116279066,0.5020303864882534,59.905,61.623,1.643500000000003,0.005050153731866784,58.9055,58.31942877906977,0.5989511799831104,57.363,59.096,1.309500000000007,0.00573358378018261,49.075,49.99657122093023,0.6361175971457709,49.075,51.416,-2.340999999999994,-0.006320049774929502,46.857,47.595093023255814,0.49290399857557465,46.857,48.751,-1.8939999999999984,-0.004889495824330053,44.4295,44.98368023255814,0.36883067633661215,44.398,45.805,-1.3545000000000016,-0.003668269329976756,0.388,0.3788866279069768,0.026281712764549634,0.09,0.588,-0.03699999999999998,-3.621306676650124e-05,0.475,0.45864098837209294,0.014281524907175817,0.437,0.497,-0.02200000000000002,1.6773650092710892e-05,1.072,1.051654069767442,0.06354418061800575,0.846,1.192,0.04200000000000004,-7.203716095711739e-05,1.964,1.9396744186046513,0.14686487258388434,1.598,2.267,0.1439999999999999,0.0012607148015930326,648.7135000000001,649.0283590116279,0.7583172157773915,647.398,650.701,-1.3234999999999673,-2.0393644963796918e-05,5.6545000000000005,5.366693313953488,0.38223368101590843,4.554,6.381,0.1905000000000001,0.00011553495152212251,175.0,175.0,0.0,175.0,175.0,0.0,-8.037038930309427e-17,19.5,18.6453488372093,0.7426628670712943,18.0,19.5,1.5,0.006393506413109788,12.75,12.002180232558139,0.04037847204386367,12.0,12.75,0.75,3.791708796762526e-05,13.5,12.274709302325581,0.6130603059656333,10.500000000000002,13.5,1.5,0.004220404036235313,9.0,7.556686046511628,0.3479367010604587,6.0,9.0,1.5,0.0013838078926500426,0.0,0.0,0.0,0.0,0.0,0.0,0.0,1.0,1.0,0.0,1.0,1.0,0.0,-1.0392499062020484e-19,1.0,1.0,0.0,1.0,1.0,0.0,-1.0392499062020484e-19,1.0,1.0,0.0,1.0,1.0,0.0,-1.0392499062020484e-19,1.0,1.0,0.0,1.0,1.0,0.0,-1.0392499062020484e-19,12.0,2.86046511627907,7.7221559688290835,0.0,24.0,12.0,0.0017722645897879554,11.827,11.74868895348837,0.17196887155805649,11.393,12.193,-0.266,0.0004147380662506314,5.913,5.87434011627907,0.08587517486518449,5.697,6.097,-0.13399999999999945,0.00020759270341097466
batch_dist_ternary_acetone+butan-1-ol+methanol__operating_point_001__test_anormal_experiment_002,batch_dist_ternary_acetone+butan-1-ol+methanol,operating_point_001,test_anormal_experiment_002,0.2,688,57.31666666666667,0.7073610235106318,1.0,1.0,0.0,1.0,1.0,0.0,-9.835031978693454e-19,1.0,1.0,0.0,1.0,1.0,0.0,-9.835031978693454e-19,370.424,368.3387914244186,1.2940220499942132,365.759,370.494,4.664999999999964,0.006494202361073733,73.749,71.68582485465117,1.1814007133735664,69.789,73.813,3.9599999999999937,0.005936547288536292,64.369,61.76016787790698,1.4543373645254385,59.335,64.369,5.033999999999999,0.007319862445857073,68.953,66.87020494186046,1.0751224278603668,65.139,68.953,3.814000000000007,0.0053887028686950686,69.192,66.91668604651163,1.200577455044494,64.967,69.192,4.2039999999999935,0.0060155810239185085,64.043,61.77228997093023,1.1831808824446741,59.905,64.043,4.095000000000006,0.0059314927774484875,62.225,59.390930959302324,1.4833551917720917,57.363,62.225,4.629000000000005,0.006987237120910788,48.553,49.322355377906966,0.8177077916347308,48.449,51.416,-2.8629999999999995,-0.0039051773428816555,46.646,47.1455726744186,0.5721385726528727,46.478,48.751,-2.104999999999997,-0.0026694591988925456,43.809,44.50782921511628,0.5560646669076403,43.746,45.805,-1.9750000000000014,-0.002744892584039445,0.386,0.38161409883720937,0.032079350500725086,0.004,0.776,-0.03899999999999998,6.0308330666751245e-06,0.439,0.45207558139534887,0.025902813940010778,0.005,0.591,-0.057999999999999996,-3.697157953554403e-05,1.119,1.0539643895348838,0.06425794989210779,0.846,1.262,0.08899999999999997,-1.2222554798135803e-05,1.935,1.954482558139535,0.11308546489359322,1.598,2.267,0.11499999999999999,0.0002582526074189052,648.655,648.9885625000001,0.7400510454507995,647.282,650.701,-1.3820000000000618,-5.872853571033289e-05,4.878,5.35592441860465,0.39552894296561814,4.44,6.381,-0.5860000000000003,-7.508331757455586e-05,175.0,175.0,0.0,175.0,175.0,0.0,6.283474314309325e-17,21.000000000000004,19.335392441860463,1.0035697143551032,18.0,21.000000000000004,3.0000000000000036,0.004552052978053322,13.5,12.740188953488373,0.7493905231299928,12.0,13.5,1.5,0.003266279408771327,15.0,13.090116279069768,1.0366908379338182,10.500000000000002,15.0,3.0,0.004728219847852111,9.0,8.278343023255815,0.7624426313211874,6.0,9.0,1.5,0.0033197416112383045,0.0,0.0,0.0,0.0,0.0,0.0,0.0,1.0,1.0,0.0,1.0,1.0,0.0,-9.835031978693454e-19,1.0,1.0,0.0,1.0,1.0,0.0,-9.835031978693454e-19,1.0,1.0,0.0,1.0,1.0,0.0,-9.835031978693454e-19,1.0,1.0,0.0,1.0,1.0,0.0,-9.835031978693454e-19,0.0,2.494186046511628,7.252102416110709,0.0,24.0,0.0,-0.0010857704887684307,11.567,11.689409883720929,0.14867416189082747,11.387,12.193,-0.5259999999999998,-0.00026158538409805685,5.783,5.844978924418605,0.07418351052050214,5.693,6.097,-0.26399999999999935,-0.00012939471556321327
batch_dist_ternary_acetone+butan-1-ol+methanol__operating_point_001__test_anormal_experiment_002,batch_dist_ternary_acetone+butan-1-ol+methanol,operating_point_001,test_anormal_experiment_002,0.4,1376,57.31666666666667,0.7073610235106318,1.0,0.9992732558139535,0.02694839566531854,0.0,1.0,0.0,-1.4670185668816236e-06,1.0,1.0,0.0,1.0,1.0,0.0,-2.5938734163464822e-20,373.847,370.21915406976746,2.1904542116247754,365.759,373.847,8.087999999999965,0.005490222721975918,80.06,74.15831540697674,2.9102162725456275,69.789,80.06,10.271,0.007276241797823207,71.122,64.67803234011627,3.388081217227274,59.335,71.122,11.786999999999999,0.008505108364769417,75.285,69.39033720930233,2.929980498515703,65.139,75.285,10.146,0.007311601102221554,75.317,69.4575941133721,2.969383695043184,64.967,75.317,10.328999999999994,0.007428734012491543,70.335,64.36797238372093,3.026780510250376,59.905,70.335,10.386999999999993,0.007567734582487038,67.687,62.068384447674426,3.0831109073036713,57.363,67.687,10.091000000000001,0.007698342361139911,51.729,49.520798691860456,0.8968434461824977,48.449,51.771,0.3130000000000024,0.0005191898971474815,48.309,47.214578851744186,0.5475723200049473,46.478,48.751,-0.44200000000000017,0.00013574905576512652,43.767,44.09020276162791,0.5745594390522201,43.578,45.805,-2.016999999999996,-0.0012613519877295364,0.347,0.3724393168604651,0.04297063866215303,0.004,0.859,-0.07800000000000001,-2.3253938150313157e-05,0.335,0.42321002906976746,0.05510582974688048,0.004,1.055,-0.16199999999999998,-7.962615208169207e-05,1.109,1.037498909883721,0.06728504073462752,0.84,1.262,0.07899999999999996,-4.889997904259218e-05,1.861,1.9518183139534886,0.11066701041262873,1.588,2.267,0.040999999999999925,2.9378467760137084e-05,647.425,648.9166046511629,0.8076992936309005,646.331,650.701,-2.61200000000008,-5.2759625437711334e-05,5.333,5.354637354651163,0.39831133243178446,4.44,6.381,-0.13100000000000023,-2.7530802783862294e-06,175.0,175.0,0.0,175.0,175.0,0.0,-2.9104108957671566e-17,25.500000000000004,21.55105377906977,2.537756455711061,18.0,25.500000000000004,7.5000000000000036,0.006256465130097136,18.0,14.149164244186046,1.7168150395428714,12.0,18.0,6.0,0.004153803769569843,18.0,14.825581395348838,2.0521258714347925,10.500000000000002,18.0,6.0,0.005053351573187412,13.5,9.829578488372093,1.7838882757806005,6.0,13.5,6.0,0.004344709060509332,0.0,0.0,0.0,0.0,0.0,0.0,0.0,1.0,1.0,0.0,1.0,1.0,0.0,-2.5938734163464822e-20,1.0,1.0,0.0,1.0,1.0,0.0,-2.5938734163464822e-20,1.0,1.0,0.0,1.0,1.0,0.0,-2.5938734163464822e-20,1.0,1.0,0.0,1.0,1.0,0.0,-2.5938734163464822e-20,0.0,2.3372093023255816,7.071249462166677,0.0,24.0,0.0,-0.00046196575881938314,10.54,11.368232921511629,0.38557048500748425,10.42,12.193,-1.5530000000000008,-0.0008459408759275373,5.27,5.6842972383720936,0.19295086589427415,5.21,6.097,-0.7770000000000001,-0.00042290702280442256
batch_dist_ternary_acetone+butan-1-ol+methanol__operating_point_002__test_anormal_experiment_001,batch_dist_ternary_acetone+butan-1-ol+methanol,operating_point_002,test_anormal_experiment_001,0.1,416,69.23333333333333,0.5212433752519567,1.0,1.0,0.0,1.0,1.0,0.0,-1.7473654682022206e-18,1.0,1.0,0.0,1.0,1.0,0.0,-1.7473654682022206e-18,326.415,325.8375288461539,0.4921869664926161,324.912,326.415,1.4350000000000023,0.0038107245251063136,65.325,64.70977764423077,0.4979800234980345,63.88,65.325,1.3810000000000002,0.00401438419699832,54.989,54.75804927884615,0.324777676323268,53.903,55.117,1.0859999999999985,0.0014235188540548617,60.13,59.630585336538466,0.42848637252967187,59.058,60.193,0.9670000000000059,0.0034454793857221886,60.238,59.71360096153846,0.5606649881965706,58.967,60.408,1.1649999999999991,0.004443157633300231,55.222,54.602655048076926,0.5122493025425083,53.93,55.306,1.1649999999999991,0.004132095273734656,50.4,49.176953125000004,0.8711846354687237,47.682,50.421,2.5279999999999987,0.007183926339002971,40.251,39.893280048076925,0.43032578396734816,38.981,40.501,0.769999999999996,0.0031600709839912267,39.732,39.35131850961538,0.3803452680797587,38.536,39.921,0.7349999999999994,0.002597841684946778,39.025,38.930450721153846,0.1388200900566127,38.605,39.255,0.10499999999999687,0.0003324879901454043,0.488,0.5068197115384616,0.10003255453713297,0.004,1.504,-0.10899999999999999,0.0003064722364832878,0.105,0.1524002403846154,0.12272805606353636,0.004,1.344,-0.15300000000000002,0.00036517854761603153,0.956,0.9988713942307691,0.10530519826994061,0.72,1.673,0.0040000000000000036,0.00015695492262353123,1.377,1.8794555288461536,0.8137409760034972,0.361,3.278,-0.528,0.0017620315656649873,541.754,546.8288341346154,2.88304248746145,539.708,561.28,-4.656999999999925,0.002862045025703362,5.464,4.997597355769231,0.3905624190088526,4.44,5.865,0.9100000000000001,3.979483234542947e-05,140.0,140.0,0.0,140.0,140.0,0.0,2.224628256871465e-16,18.0,19.016826923076923,1.2882440079001087,16.5,21.000000000000004,0.0,-0.005838739573679349,9.0,9.49579326923077,1.6539980250525617,7.5,12.0,0.0,-0.00871441632606797,9.0,10.070913461538462,1.2371046890792485,7.5,12.0,0.0,-0.004048637827458142,6.0,7.3485576923076925,1.3395420559835067,4.5,9.0,0.0,-0.005324424427094111,0.0,0.0,0.0,0.0,0.0,0.0,0.0,1.0,1.0,0.0,1.0,1.0,0.0,-1.7473654682022206e-18,1.0,1.0,0.0,1.0,1.0,0.0,-1.7473654682022206e-18,1.0,1.0,0.0,1.0,1.0,0.0,-1.7473654682022206e-18,1.0,1.0,0.0,1.0,1.0,0.0,-1.7473654682022206e-18,0.0,3.451923076923077,9.587531774786688,0.0,31.0,0.0,-0.0025739927057427292,7.24,7.740108173076923,1.123443496033225,5.84,9.355,-1.549999999999999,0.004794286442949443,7.24,7.739879807692308,1.1237415974597993,5.84,9.355,-1.549999999999999,0.00479776730052474
batch_dist_ternary_acetone+butan-1-ol+methanol__operating_point_002__test_anormal_experiment_001,batch_dist_ternary_acetone+butan-1-ol+methanol,operating_point_002,test_anormal_experiment_001,0.2,831,69.23333333333333,0.5212433752519567,1.0,0.9975932611311673,0.04899945384236421,0.0,1.0,0.0,-7.611674133357147e-06,1.0,1.0,0.0,1.0,1.0,0.0,-7.731341180009585e-19,328.101,326.58066787003617,0.8973685804798418,324.912,328.147,3.120999999999981,0.003692819033701801,66.472,65.23915643802647,0.6831370097448246,63.88,66.515,2.5279999999999916,0.0027765623170270203,56.139,55.128432009626955,0.5228261203461225,53.903,56.181,2.236000000000004,0.0019347933284093429,60.782,59.97138507821901,0.4800743747219851,59.058,60.824,1.6189999999999998,0.0018578480333440797,61.086,60.040638387484954,0.5572392285765135,58.967,61.107,2.012999999999998,0.0020226892609314377,55.857,54.97089049338147,0.5342854180905867,53.93,55.857,1.7999999999999972,0.0020069984638637103,51.538,50.02359025270758,1.0816694567915712,47.682,51.56,3.665999999999997,0.004347886850791049,40.606,40.1507099879663,0.4130573172102902,38.981,40.751,1.125,0.0014640131443573907,40.026,39.630838146811065,0.40689600462639347,38.536,40.278,1.0290000000000035,0.0014974246716106259,38.899,38.95881167268352,0.11905447426320345,38.605,39.255,-0.021000000000000796,0.00015525598645616033,0.491,0.5021955475330927,0.10110671271893953,0.004,1.512,-0.10599999999999998,1.2481169470996672e-05,0.136,0.14387424789410347,0.1148716445250542,0.004,1.551,-0.122,1.933724902386522e-05,0.855,0.986661853188929,0.09511523178431508,0.72,1.673,-0.09699999999999998,-2.3629825466823273e-05,2.225,1.9302454873646209,0.6117258967121437,0.361,3.278,0.32000000000000006,0.0004688181495769211,545.46,546.6510457280385,2.77933462519349,538.721,561.28,-0.9509999999999081,-0.00027558569114060033,5.343,5.026081227436823,0.3951771659643007,4.44,5.865,0.7889999999999997,0.00013198331370468618,140.0,140.0,0.0,140.0,140.0,0.0,-8.456992855599523e-17,16.5,18.3971119133574,1.1655675079695071,16.5,21.000000000000004,-1.5,-0.0029441495501584453,9.0,9.623646209386282,1.2910447135748364,7.5,12.0,0.0,1.1339094227503114e-05,10.500000000000002,10.00361010830325,1.0561772733883317,7.5,12.0,1.5000000000000018,-1.9353308819849293e-05,7.5,7.250902527075812,1.1923527001764882,4.5,9.0,1.5,-0.00011771955915860821,0.0,0.0,0.0,0.0,0.0,0.0,0.0,1.0,1.0,0.0,1.0,1.0,0.0,-7.731341180009585e-19,1.0,1.0,0.0,1.0,1.0,0.0,-7.731341180009585e-19,1.0,1.0,0.0,1.0,1.0,0.0,-7.731341180009585e-19,1.0,1.0,0.0,1.0,1.0,0.0,-7.731341180009585e-19,0.0,3.0541516245487363,9.124527132919967,0.0,31.0,0.0,-0.0017190255049634885,7.925,7.677042719614922,0.8285122797845879,5.84,9.355,-0.8649999999999993,0.00037781182352291016,7.925,7.676928399518652,0.8286236039380818,5.84,9.355,-0.8649999999999993,0.00037848610493067974
batch_dist_ternary_acetone+butan-1-ol+methanol__operating_point_002__test_anormal_experiment_001,batch_dist_ternary_acetone+butan-1-ol+methanol,operating_point_002,test_anormal_experiment_001,0.4,1662,69.23333333333333,0.5212433752519567,1.0,0.9975932611311673,0.04899945384236421,0.0,1.0,0.0,5.358487303013619e-07,1.0,1.0,0.0,1.0,1.0,0.0,2.7636009534705734e-19,331.636,328.3995054151625,2.088613479660498,324.912,331.75,6.656000000000006,0.004330002350376156,68.641,66.40513237063777,1.3476678646880735,63.88,68.726,4.697000000000003,0.0027975171869918897,58.397,56.16168441636582,1.2159093310521063,53.903,58.397,4.494,0.002478100696225516,63.223,60.991820998796626,1.1795157848715785,59.058,63.265,4.060000000000002,0.002429693844487799,63.27,61.06707129963899,1.1990469891504378,58.967,63.312,4.197000000000003,0.0024525595305361844,58.4,56.03269434416366,1.2294796048787373,53.93,58.421,4.342999999999996,0.0025281653848644395,55.146,51.69959807460891,1.977696782569792,47.682,55.146,7.274000000000001,0.004095086998903427,41.231,40.57465072202165,0.5647294718272288,38.981,41.585,1.75,0.0010891885074285489,40.551,40.05427647412755,0.551203288641522,38.536,40.971,1.554000000000002,0.0010705094702434632,38.962,39.03239951865223,0.2440657692323108,38.333,40.157,0.04200000000000159,0.0001934748495105252,0.442,0.5028372442839952,0.10162652012939043,0.004,1.665,-0.15499999999999997,9.76054343509431e-07,0.095,0.14546811070998797,0.10824927029117831,0.004,1.551,-0.163,7.079702692984024e-06,0.983,0.9905628760529483,0.10279652796141542,0.718,1.673,0.031000000000000028,-3.9683734969581395e-06,1.23,1.9709154632972323,0.6327460530203819,0.161,3.278,-0.675,0.00013793389401765027,551.374,546.1960848375451,3.0974298859924074,537.339,561.28,4.963000000000079,-0.0007531739218830249,4.878,5.0663056558363415,0.41000641943173494,4.181,5.952,0.32399999999999984,7.389591855405619e-05,140.0,140.0,0.0,140.0,140.0,0.0,-7.388725802594405e-18,15.0,17.250902527075812,1.5424934972488495,15.0,21.000000000000004,-3.0,-0.0025774454622278244,10.500000000000002,9.74774368231047,1.1918304034024843,7.5,12.0,1.5000000000000018,0.0004288374517004865,10.500000000000002,10.387184115523466,1.0273331350801473,7.5,12.0,1.5000000000000018,0.0008508055840681164,7.5,7.472924187725631,1.0442327973429693,4.5,9.0,1.5,0.0005220917943613683,0.0,0.0,0.0,0.0,0.0,0.0,0.0,1.0,1.0,0.0,1.0,1.0,0.0,2.7636009534705734e-19,1.0,1.0,0.0,1.0,1.0,0.0,2.7636009534705734e-19,1.0,1.0,0.0,1.0,1.0,0.0,2.7636009534705734e-19,1.0,1.0,0.0,1.0,1.0,0.0,2.7636009534705734e-19,0.0,2.63748495788207,8.580994962181784,0.0,32.0,0.0,-0.0011191207267071722,7.05,7.726753910950663,0.8351622904283558,5.64,9.75,-1.7399999999999993,9.915812139439084e-05,7.05,7.726699759326114,0.8352216024856317,5.64,9.75,-1.7399999999999993,9.935473866996859e-05
batch_dist_ternary_acetone+butan-1-ol+methanol__operating_point_002__train_normal_experiment_001,batch_dist_ternary_acetone+butan-1-ol+methanol,operating_point_002,train_normal_experiment_001,0.1,352,58.516666666666666,0.5983274613155629,1.0,0.9971590909090909,0.05322441475907727,0.0,1.0,0.0,-2.8202046615644974e-05,1.0,1.0,0.0,1.0,1.0,0.0,-3.4043899981844553e-19,329.196,328.75381534090906,0.21118140694591606,328.329,329.241,0.8440000000000509,0.0019836194258997727,63.541,63.12345738636364,0.24879008562803476,62.755,63.583,0.742999999999995,0.002414134260451485,53.414,52.98429119318182,0.23466621243303676,52.584,53.414,0.8299999999999983,0.0023024295994372346,58.217,58.02257102272727,0.08821913451405283,57.86,58.217,0.3149999999999977,0.00083149758645499,58.48,58.16242755681819,0.17531635288019437,57.845,58.501,0.5719999999999956,0.0017125401844771267,53.189,52.949704545454544,0.11574037576235634,52.766,53.21,0.3810000000000002,0.001105276864306636,51.391,50.77067897727272,0.4506147386438276,49.894,51.391,1.4969999999999999,0.004332880587306968,40.501,40.4426534090909,0.042589885426599056,40.314,40.522,0.16599999999999682,0.00028853568920853456,40.005,39.93982244318182,0.04225968664841096,39.858,40.068,0.08400000000000318,0.0002195618062297477,39.213,39.26579119318182,0.04505157721922625,39.193,39.402,-0.16799999999999926,-0.00020066863613260697,0.517,0.5176974431818182,0.013956153711435918,0.476,0.557,-0.025000000000000022,-5.837555386068195e-05,0.136,0.14567471590909092,0.07697421544692282,0.004,1.263,-0.014999999999999986,-6.45128694880822e-05,0.975,0.9547840909090908,0.05654705881420526,0.842,1.108,0.0040000000000000036,-4.844932766320832e-05,2.333,2.0227670454545454,0.15544913299239996,1.693,2.479,-0.1459999999999999,-0.00027707891730554857,549.678,548.7715227272728,0.9038710096248758,546.348,550.943,-0.7000000000000455,-0.0003365589596131042,5.455,5.210109375,0.408496655012532,4.448,5.958,-0.009000000000000341,0.0001382513162789264,140.0,140.0,0.0,140.0,140.0,0.0,-4.54185597943167e-17,18.0,18.31534090909091,0.6112049367356932,18.0,19.5,0.0,-0.0017313305202823744,9.0,9.0,0.0,9.0,9.0,0.0,7.447672787829897e-18,10.500000000000002,9.149147727272727,0.4488613888033493,9.0,10.500000000000002,1.5000000000000018,0.002281270429287424,7.5,6.123579545454546,0.41242867762446656,6.0,7.5,1.5,0.0018636049974576862,0.0,0.0,0.0,0.0,0.0,0.0,0.0,1.0,1.0,0.0,1.0,1.0,0.0,-3.4043899981844553e-19,1.0,1.0,0.0,1.0,1.0,0.0,-3.4043899981844553e-19,1.0,1.0,0.0,1.0,1.0,0.0,-3.4043899981844553e-19,1.0,1.0,0.0,1.0,1.0,0.0,-3.4043899981844553e-19,0.0,3.0681818181818183,9.090198835890941,0.0,30.0,-30.0,-0.0067437284151165185,8.125,7.959538352272728,0.1746324771634404,7.585,8.41,-0.28500000000000014,-0.0007277596596824683,8.12,7.959495738636364,0.17555253069374177,7.585,8.41,-0.2900000000000009,-0.0007414349008718867
batch_dist_ternary_acetone+butan-1-ol+methanol__operating_point_002__train_normal_experiment_001,batch_dist_ternary_acetone+butan-1-ol+methanol,operating_point_002,train_normal_experiment_001,0.2,703,58.516666666666666,0.5983274613155629,1.0,0.9985775248933144,0.0376888799416551,0.0,1.0,0.0,2.5213841003323482e-06,1.0,1.0,0.0,1.0,1.0,0.0,1.3669077319933522e-19,329.059,328.97851564722623,0.2879459132767883,328.329,329.469,0.7070000000000505,0.0010667462698709777,64.603,63.573880512091044,0.5261527099622231,62.755,64.603,1.8049999999999926,0.002583455931317695,54.265,53.403893314367004,0.4833647933691649,52.584,54.265,1.6809999999999974,0.0023799879540010722,59.163,58.35718918918918,0.3903651121987718,57.86,59.163,1.2609999999999957,0.0018620022822325537,59.073,58.46124253200569,0.3425378163303265,57.845,59.094,1.1649999999999991,0.001683764327678757,54.12,53.313185633001424,0.4181408668504325,52.766,54.184,1.3119999999999976,0.0020164974507079765,52.635,51.39153769559033,0.7405160091561803,49.894,52.635,2.7409999999999997,0.0036227928908850247,40.689,40.51100853485064,0.08080798807737806,40.314,40.689,0.3539999999999992,0.00037301617153590857,40.278,40.05122688477952,0.12341258078142571,39.858,40.299,0.3569999999999993,0.0005734819057187636,39.213,39.2238278805121,0.05625169096294446,39.109,39.402,-0.16799999999999926,-0.00022470497388263374,0.532,0.5150768136557611,0.03548787888479597,0.004,0.869,-0.010000000000000009,-1.9976563562090843e-05,0.145,0.1474985775248933,0.07476937988691343,0.004,1.305,-0.006000000000000005,5.500313066102265e-06,0.956,0.964425320056899,0.05603447589065103,0.781,1.166,-0.015000000000000013,3.455197698618693e-05,1.894,2.011635135135135,0.13717344858230857,1.693,2.479,-0.5850000000000002,-9.513334184386986e-05,547.982,548.7125583214794,1.0179303743155654,545.388,551.795,-2.396000000000072,-0.0004900341084550778,4.888,5.218950924608819,0.40761689028017123,4.44,5.958,-0.5760000000000005,6.617925203451074e-06,140.0,140.0,0.0,140.0,140.0,0.0,-4.867743158767666e-17,18.0,18.157894736842106,0.46033830748778687,18.0,19.5,0.0,-0.0008901867454498866,9.0,9.125889046941678,0.4159152777581441,9.0,10.500000000000002,0.0,0.0009760865024022905,10.500000000000002,9.663584637268848,0.74393017185017,9.0,10.500000000000002,1.5000000000000018,0.0025692472238524875,7.5,6.545163584637269,0.7209312732111404,6.0,7.5,1.5,0.0021952102544207795,0.0,0.0,0.0,0.0,0.0,0.0,0.0,1.0,1.0,0.0,1.0,1.0,0.0,1.3669077319933522e-19,1.0,1.0,0.0,1.0,1.0,0.0,1.3669077319933522e-19,1.0,1.0,0.0,1.0,1.0,0.0,1.3669077319933522e-19,1.0,1.0,0.0,1.0,1.0,0.0,1.3669077319933522e-19,0.0,3.1152204836415365,9.151612745715711,0.0,30.0,-30.0,-0.000735691525165212,7.8,7.9700213371265995,0.15080238064584361,7.585,8.41,-0.6100000000000003,-7.200416739891161e-05,7.8,7.96952347083926,0.15140130353559575,7.585,8.41,-0.6100000000000003,-7.35973022157238e-05
batch_dist_ternary_acetone+butan-1-ol+methanol__operating_point_002__train_normal_experiment_001,batch_dist_ternary_acetone+butan-1-ol+methanol,operating_point_002,train_normal_experiment_001,0.4,1405,58.516666666666666,0.5983274613155629,1.0,0.999288256227758,0.026669030598142632,0.0,1.0,0.0,1.8345026773564957e-06,1.0,1.0,0.0,1.0,1.0,0.0,3.7574052324455817e-19,330.427,329.49021174377225,0.6368288538927385,328.329,330.496,2.0750000000000455,0.0014803057505901845,66.727,64.55999786476868,1.1395288101878378,62.755,66.727,3.929000000000002,0.0028026921153723994,56.501,54.3402231316726,1.109547260527432,52.584,56.501,3.9169999999999945,0.0027203150187229503,61.182,59.205657651245545,0.973594331850208,57.86,61.182,3.280000000000001,0.0023826256804155444,61.298,59.29510889679715,0.9782683338334862,57.845,61.319,3.3900000000000006,0.0023823050037228596,56.175,54.211958007117445,1.04208076937884,52.766,56.217,3.3669999999999973,0.0025496414975062663,54.85,52.55120355871887,1.3507488904195115,49.894,54.85,4.956000000000003,0.0033241542088142755,41.168,40.69922099644128,0.2175908794970236,40.314,41.168,0.8329999999999984,0.0005269697766981918,40.866,40.28829822064057,0.27181527842272324,39.858,40.866,0.9450000000000003,0.0006621370394267878,39.444,39.293592170818506,0.18162237977600973,39.109,40.388,0.06300000000000239,0.0002188054393523573,0.499,0.5081854092526691,0.053604223494365964,0.004,1.367,-0.04300000000000004,-2.5322001731441615e-05,0.121,0.1417238434163701,0.08840491746216098,0.004,1.374,-0.03,-1.7377679233832014e-05,0.907,0.9675099644128113,0.057688529611641004,0.781,1.22,-0.06399999999999995,2.422793938058972e-06,2.052,1.99093487544484,0.23848510072473944,1.024,3.849,-0.42700000000000005,-4.574858331179775e-05,549.023,548.7100306049823,1.0107617016728887,545.388,551.795,-1.3550000000000182,-0.00021325842678176794,4.878,5.217302135231316,0.4132166028241524,4.44,5.958,-0.5860000000000003,-7.291499143761012e-08,140.0,140.0,0.0,140.0,140.0,0.0,-7.418563739907241e-18,16.5,17.54946619217082,0.842514495960333,16.5,19.5,-1.5,-0.001460941253037159,10.500000000000002,9.555160142348754,0.7242495632518142,9.0,10.500000000000002,1.5000000000000018,0.0013151696800320226,12.0,10.181316725978649,0.9464287864004136,9.0,12.0,3.0,0.0018409072117631822,7.5,6.888256227758007,0.7366033557772825,6.0,7.5,1.5,0.0012365499909983892,0.0,0.0,0.0,0.0,0.0,0.0,0.0,1.0,1.0,0.0,1.0,1.0,0.0,3.7574052324455817e-19,1.0,1.0,0.0,1.0,1.0,0.0,3.7574052324455817e-19,1.0,1.0,0.0,1.0,1.0,0.0,3.7574052324455817e-19,1.0,1.0,0.0,1.0,1.0,0.0,3.7574052324455817e-19,0.0,3.0,8.973269914236207,0.0,30.0,-30.0,-0.000267906617410269,7.535,7.813526690391458,0.3548244518580666,6.575,9.745,-0.875,-0.0004742995693548204,7.535,7.812932384341637,0.35410678424057984,6.575,9.655,-0.875,-0.00047466045583670704
batch_dist_ternary_acetone+butan-1-ol+methanol__operating_point_003__test_anormal_experiment_001,batch_dist_ternary_acetone+butan-1-ol+methanol,operating_point_003,test_anormal_experiment_001,0.1,353,58.75,0.5279566585383422,1.0,1.0,0.0,1.0,1.0,0.0,-4.994258202910268e-19,1.0,1.0,0.0,1.0,1.0,0.0,-4.994258202910268e-19,345.1,344.55184135977333,0.34255043720413714,343.8,345.1,1.2000000000000455,0.0033221190150900044,48.1,47.60934844192634,0.2550295774750275,47.2,48.1,0.8999999999999986,0.0024343400393719264,38.0,37.52294617563739,0.2884172692164216,37.0,38.0,0.8999999999999986,0.0028092903879142076,42.7,42.383286118980166,0.17370637285840512,42.1,42.7,0.6000000000000014,0.0016670886131202882,42.9,42.53937677053824,0.24669293048911983,42.1,43.0,0.7999999999999972,0.002397074165091626,37.9,37.292067988668556,0.3183606662122985,36.9,37.9,1.0,0.0030316034256232154,39.4,37.32889518413598,1.0237204673376075,35.9,39.4,3.5,0.009960027848465907,26.7,26.35892351274788,0.20347122865877093,26.0,26.7,0.6999999999999993,0.0019607142389468464,26.1,25.863739376770543,0.22753677922457904,25.4,26.2,0.6000000000000014,0.0021722785544987288,25.0,25.14050991501416,0.2222133587655652,24.7,25.6,0.3000000000000007,0.0010747630916162208,0.7,0.6711048158640226,0.2595772828738541,0.0,2.5,0.0,1.876934224367877e-05,0.2,0.14305949008498584,0.15338942784378665,0.0,1.0,0.1,0.00020043365910509531,-0.3,-0.13909348441926345,0.08811063601240421,-0.4,0.1,-0.19999999999999998,-0.00011567152778080895,2.0,1.969971671388102,0.21277673010586376,1.2,2.3,0.7,0.0007712890173158094,299.2,298.8504249291785,0.8998621806038324,295.7,300.9,1.5,0.00015902106967770563,5.9,5.31784702549575,0.4135028413787054,4.5,5.9,1.0,-0.00025174925904747667,157.5,157.5,0.0,157.5,157.5,0.0,-1.5602624139534674e-16,13.5,13.89943342776204,0.6630256996748519,13.5,15.0,0.0,0.0014167034051078622,6.0,6.0,0.0,6.0,6.0,0.0,2.713781484965008e-19,7.5,6.288951841359774,0.5915526987635644,6.0,7.5,1.5,0.003950564608004467,3.0,3.905099150141643,0.7337876079802247,3.0,4.5,0.0,0.0012546541421319328,0.0,0.0,0.0,0.0,0.0,0.0,0.0,1.0,1.0,0.0,1.0,1.0,0.0,-4.994258202910268e-19,1.0,1.0,0.0,1.0,1.0,0.0,-4.994258202910268e-19,1.0,1.0,0.0,1.0,1.0,0.0,-4.994258202910268e-19,1.0,1.0,0.0,1.0,1.0,0.0,-4.994258202910268e-19,42.0,4.164305949008498,12.55226695945435,0.0,42.0,42.0,0.0002979087460769838,6.8,6.728328611898017,0.18078138458200727,6.3,7.1,0.5,0.0012290372636918048,10.2,10.0971671388102,0.2710652950138314,9.4,10.6,0.7999999999999989,0.0018366674378101867
batch_dist_ternary_acetone+butan-1-ol+methanol__operating_point_003__test_anormal_experiment_001,batch_dist_ternary_acetone+butan-1-ol+methanol,operating_point_003,test_anormal_experiment_001,0.2,706,58.75,0.5279566585383422,1.0,1.0,0.0,1.0,1.0,0.0,-6.533966815738695e-20,1.0,1.0,0.0,1.0,1.0,0.0,-6.533966815738695e-20,346.0,345.1240793201133,0.6534617466474586,343.8,346.1,2.1000000000000227,0.0031835838810040156,49.4,48.160906515580734,0.6402471856109638,47.2,49.4,2.1999999999999957,0.003113645995251225,39.1,38.043767705382436,0.6031757056404914,37.0,39.1,2.0,0.0029522984846251576,43.9,42.879461756373935,0.5653750985659888,42.1,43.9,1.7999999999999972,0.0027307097276799653,43.9,42.93611898016997,0.47481764205762,42.1,43.9,1.7999999999999972,0.002312340742671895,39.0,37.84844192634561,0.6502595756690274,36.9,39.1,2.1000000000000014,0.003172419190479764,42.6,39.282294617563736,2.1741230796174205,35.9,42.6,6.700000000000003,0.010610703285987665,28.0,26.77351274787535,0.5107827248910473,26.0,28.0,2.0,0.002451517442228736,26.7,26.152691218130315,0.35148387727632907,25.4,26.7,1.1999999999999993,0.001699556438849025,25.4,25.22308781869688,0.2508164248477935,24.7,25.9,0.6999999999999993,0.0005004894782425601,0.7,0.6732294617563739,0.2962084214429168,0.0,2.7,0.0,8.55084346014415e-06,0.1,0.14376770538243627,0.1626514456788512,0.0,1.3,0.0,4.588810569149433e-05,-0.3,-0.14787535410764874,0.08550643193640468,-0.4,0.1,-0.19999999999999998,-6.987650382524511e-05,1.9,1.9759206798866855,0.18310607599993237,1.2,2.3,0.5999999999999999,8.189372111479728e-05,299.3,298.74645892351276,0.9902042506192589,295.0,300.9,1.6000000000000227,-0.00029321805580064295,5.8,5.31742209631728,0.40937267736563604,4.5,5.9,0.8999999999999995,7.807440120438126e-06,157.5,157.5,0.0,157.5,157.5,0.0,-8.8847844672029e-17,13.5,13.737960339943342,0.5480103890703741,13.5,15.0,0.0,-0.0006324384558796301,7.5,6.2719546742209635,0.5779036827195467,6.0,7.5,1.5,0.0016908674860528741,7.5,6.665014164305949,0.7451693819068144,6.0,7.5,1.5,0.002067880397656002,4.5,4.055949008498583,0.684759230824042,3.0,4.5,1.5,0.0009326728069622816,0.0,0.0,0.0,0.0,0.0,0.0,0.0,1.0,1.0,0.0,1.0,1.0,0.0,-6.533966815738695e-20,1.0,1.0,0.0,1.0,1.0,0.0,-6.533966815738695e-20,1.0,1.0,0.0,1.0,1.0,0.0,-6.533966815738695e-20,1.0,1.0,0.0,1.0,1.0,0.0,-6.533966815738695e-20,0.0,3.86685552407932,12.143119877825002,0.0,42.0,0.0,-0.0014315288439217025,6.6,6.757223796033995,0.1631322246518687,6.3,7.1,0.2999999999999998,0.0002497903423551402,9.9,10.136543909348443,0.24331622698783406,9.4,10.6,0.5,0.00035800667988822115
batch_dist_ternary_acetone+butan-1-ol+methanol__operating_point_003__test_anormal_experiment_001,batch_dist_ternary_acetone+butan-1-ol+methanol,operating_point_003,test_anormal_experiment_001,0.4,1411,58.75,0.5279566585383422,1.0,1.0,0.0,1.0,1.0,0.0,8.45613724730419e-20,1.0,1.0,0.0,1.0,1.0,0.0,8.45613724730419e-20,347.6,345.99482636428064,1.035121110790289,343.8,347.7,3.7000000000000455,0.002520172127169772,52.3,49.51785967399009,1.5400695668971167,47.2,52.4,5.099999999999994,0.0037686417383824213,42.2,39.32990786676116,1.4890047970470455,37.0,42.2,5.100000000000001,0.0036389273923029468,46.9,44.094188518781,1.4077220330601015,42.1,47.0,4.799999999999997,0.0034327287415696667,46.8,44.147342310418146,1.3861258293483765,42.1,46.8,4.699999999999996,0.0033713799131401914,41.8,39.161091424521615,1.5098715851184188,36.9,41.9,4.899999999999999,0.0036972612571065403,47.3,42.08206945428774,3.334066623981766,35.9,47.3,11.399999999999999,0.008105995407669592,37.1,29.637703756201272,3.5993831820748574,26.0,37.1,11.100000000000001,0.008249273245538284,30.7,27.015875265768955,1.1672061641618976,25.4,30.7,5.199999999999999,0.0026570005571574327,26.1,25.73905031892275,0.6329698527284258,24.7,27.3,1.4000000000000021,0.001276453497176273,0.6,0.6498936924167257,0.27000732863227983,0.0,2.8,-0.09999999999999998,-6.38986042700479e-05,0.0,0.10956768249468461,0.1600425977276058,0.0,1.3,-0.1,-6.757525373558815e-05,-0.2,-0.16172927002126153,0.07974703352401906,-0.4,0.1,-0.1,-4.486563185380412e-05,2.0,1.9671863926293407,0.15966551229891301,1.2,2.3,0.7,-2.588221112084191e-06,299.7,298.87172218284906,0.8896768837869018,295.0,301.0,2.0,0.00020850963872066138,5.9,5.325230333097094,0.4060682511870042,4.4,6.0,1.0,2.2199581279734198e-05,157.5,157.5,0.0,157.5,157.5,0.0,-2.7646640154056333e-17,13.5,13.28632175761871,0.7950172652882054,12.0,15.0,0.0,-0.001087097719892098,7.5,6.844082211197732,0.7440756262209812,6.0,7.5,1.5,0.0014806555568090626,9.0,7.335223245924876,0.9894695028182857,6.0,9.0,3.0,0.0020220482777778574,4.5,4.277817150956769,0.5328311694672901,3.0,4.5,1.5,0.0005888918539211276,0.0,0.0,0.0,0.0,0.0,0.0,0.0,1.0,1.0,0.0,1.0,1.0,0.0,8.45613724730419e-20,1.0,1.0,0.0,1.0,1.0,0.0,8.45613724730419e-20,1.0,1.0,0.0,1.0,1.0,0.0,8.45613724730419e-20,1.0,1.0,0.0,1.0,1.0,0.0,8.45613724730419e-20,0.0,3.8398299078667613,12.104898281648463,0.0,42.0,0.0,-0.0004535516831104925,6.3,6.578809355067329,0.24759137324481603,5.9,7.1,0.0,-0.00042659684891448087,9.4,9.866619418851878,0.3724740342435022,8.9,10.6,0.0,-0.0006477511374353983
batch_dist_ternary_acetone+butan-1-ol+methanol__operating_point_003__train_normal_experiment_001,batch_dist_ternary_acetone+butan-1-ol+methanol,operating_point_003,train_normal_experiment_001,0.1,488,81.3,0.6821567449714401,1.0,0.9979508196721312,0.04522146821867605,0.0,1.0,0.0,-3.5624001366305737e-06,1.0,1.0,0.0,1.0,1.0,0.0,-1.4639223122531289e-18,347.698,346.694637295082,0.5931047068100412,345.542,347.698,2.086999999999989,0.004186810714294946,48.436,47.69987090163934,0.41255706353143295,46.999,48.478,1.3950000000000031,0.0029188104743237344,38.277,37.54033913934426,0.4056310950751707,36.858,38.277,1.419000000000004,0.0028744142691368556,43.1,42.36192418032787,0.3143126174773701,41.887,43.1,1.1709999999999994,0.0021680080566002114,43.099,42.53102459016393,0.3593568686229215,41.876,43.12,1.2009999999999934,0.0025433259620905885,38.112,37.31651024590164,0.42944759587164966,36.68,38.112,1.4110000000000014,0.003026391499307866,42.421,39.14817418032787,1.779279907182632,36.728,42.421,5.692999999999998,0.01235326943661001,27.444,26.470839139344264,0.4633581794950824,25.723,27.444,1.7010000000000005,0.003272423527660017,26.408,25.915370901639346,0.4164602084951731,25.07,26.408,1.338000000000001,0.002886844851381811,26.112,25.290022540983607,0.4966708001415176,24.337,26.112,1.7539999999999978,0.0028219048783403684,0.702,0.6777561475409836,0.2633179079723388,0.004,2.866,0.09099999999999997,9.451186960747952e-05,0.606,0.15395799180327868,0.1998651947780605,0.005,1.095,0.504,-0.00019061218245849406,-0.056,-0.10669774590163934,0.05520771446747564,-0.242,0.058,0.053,-6.641689767196623e-05,1.924,1.9264743852459016,0.3279349834033966,0.743,2.406,1.076,0.0007124872295699425,299.273,299.4872131147541,0.45663148510441093,298.134,300.584,-0.1349999999999909,-0.00025322278465741976,5.469,5.079522540983607,0.40884441244838454,4.44,5.854,0.915,6.514333962311671e-05,157.5,157.5,0.0,157.5,157.5,0.0,-4.365724181854662e-18,12.0,13.410860655737705,0.3546310670230834,12.0,13.5,-1.5,-0.0009992532383249998,6.0,6.0,0.0,6.0,6.0,0.0,-4.111943100041343e-18,6.0,6.491803278688525,0.7041551342594927,6.0,7.5,0.0,0.003444686045159664,4.5,3.8837090163934427,0.7372036591069471,3.0,4.5,1.5,0.0019439475441226483,0.0,0.0,0.0,0.0,0.0,0.0,0.0,1.0,1.0,0.0,1.0,1.0,0.0,-1.4639223122531289e-18,1.0,1.0,0.0,1.0,1.0,0.0,-1.4639223122531289e-18,1.0,1.0,0.0,1.0,1.0,0.0,-1.4639223122531289e-18,1.0,1.0,0.0,1.0,1.0,0.0,-1.4639223122531289e-18,41.0,5.125,13.559475469206026,0.0,41.0,41.0,-0.0026311680893206313,6.9,6.983963114754098,0.27736663955465024,6.332,7.432,0.33200000000000074,0.0009461335154528627,10.35,10.475428278688524,0.4155641619833283,9.498,11.148,0.49799999999999933,0.0014215849128533485
batch_dist_ternary_acetone+butan-1-ol+methanol__operating_point_003__train_normal_experiment_001,batch_dist_ternary_acetone+butan-1-ol+methanol,operating_point_003,train_normal_experiment_001,0.2,976,81.3,0.6821567449714401,1.0,0.9989754098360656,0.03199281761474589,0.0,1.0,0.0,2.7040597035718126e-06,1.0,1.0,0.0,1.0,1.0,0.0,-4.0800353164772613e-19,348.868,347.5703821721312,0.995598163068374,345.542,348.891,3.257000000000005,0.0034739375239587976,50.19,48.472437500000005,0.8989187079095727,46.999,50.19,3.149000000000001,0.003184129028177726,40.078,38.33843801229508,0.9248815675177898,36.858,40.099,3.220000000000006,0.0032750787178239386,44.858,43.147877561475404,0.8993799384504229,41.887,44.878,2.928999999999995,0.003158058585163697,44.828,43.20518032786885,0.8100527996239391,41.876,44.849,2.9299999999999997,0.0028515039154010454,39.946,38.17465215163934,0.9885222749483903,36.68,39.988,3.2449999999999974,0.0034969601109245334,46.398,41.946963114754105,3.1744607150064064,36.728,46.398,9.670000000000002,0.011159487945314718,35.068,28.87548821721311,2.9595660251959854,25.723,35.089,9.325,0.00992300300028008,29.838,26.660531762295083,1.0566182506360666,25.07,29.838,4.768000000000001,0.003461388550791796,27.407,26.03703586065574,0.8661304451390679,24.337,27.428,3.0489999999999995,0.0029718691828834972,0.832,0.6848483606557377,0.26994131222636686,0.004,2.866,0.22099999999999997,4.879966208934139e-05,0.005,0.08601536885245903,0.1595116515396701,0.004,1.095,-0.09699999999999999,-0.0002450635938050574,-0.107,-0.12269877049180326,0.055548526253899055,-0.275,0.058,0.0020000000000000018,-5.783567448542194e-05,1.991,1.9659426229508197,0.2437407097575621,0.743,2.406,1.1430000000000002,0.0001744936115782804,298.672,299.4501736680328,0.4594460640508224,298.134,300.584,-0.73599999999999,-0.000144797792480489,5.469,5.079254610655739,0.4160484429047848,4.44,5.865,0.915,-9.093104196008424e-06,157.5,157.5,0.0,157.5,157.5,0.0,-1.0352090918195288e-16,12.0,13.23796106557377,0.5690497926516601,12.0,13.5,-1.5,-0.0007811457339747317,7.5,6.414959016393443,0.6710048727870391,6.0,7.5,1.5,0.0016078571327157647,7.5,6.91905737704918,0.7306980246758926,6.0,7.5,1.5,0.001952731229372673,4.5,3.8875512295081966,0.7368875947480527,3.0,4.5,1.5,0.0003339691207998332,0.0,0.0,0.0,0.0,0.0,0.0,0.0,1.0,1.0,0.0,1.0,1.0,0.0,-4.0800353164772613e-19,1.0,1.0,0.0,1.0,1.0,0.0,-4.0800353164772613e-19,1.0,1.0,0.0,1.0,1.0,0.0,-4.0800353164772613e-19,1.0,1.0,0.0,1.0,1.0,0.0,-4.0800353164772613e-19,0.0,5.103995901639344,13.519706867638384,0.0,41.0,0.0,6.747242052709607e-06,7.02,7.043102459016394,0.21836844183030626,6.332,7.432,0.45199999999999996,0.00031322154832263933,10.53,10.564229508196721,0.327372504575777,9.498,11.148,0.677999999999999,0.00046990786836198517
batch_dist_ternary_acetone+butan-1-ol+methanol__operating_point_003__train_normal_experiment_001,batch_dist_ternary_acetone+butan-1-ol+methanol,operating_point_003,train_normal_experiment_001,0.4,1952,81.3,0.6821567449714401,1.0,0.9994877049180327,0.02262813814073542,0.0,1.0,0.0,1.1253461564780607e-06,1.0,1.0,0.0,1.0,1.0,0.0,5.640562760648413e-19,349.901,348.49293775614757,1.182851682182814,345.542,349.993,4.2900000000000205,0.0019899719867538354,55.1,50.48028765368853,2.3427268663796896,46.999,55.143,8.059000000000005,0.004126423634280875,45.359,40.41804380122951,2.433922163526818,36.858,45.359,8.501000000000005,0.004283027542739871,49.801,45.13137423155737,2.3304258848989585,41.887,49.843,7.872,0.004096856628986137,49.999,45.2051124487705,2.322161957045135,41.876,49.999,8.100999999999999,0.004073999426336452,45.009,40.216448514344265,2.392255174937706,36.68,45.051,8.308,0.004218950318876159,49.936,45.18341214139345,4.0121766879014285,36.728,49.936,13.207999999999998,0.006845043272003987,40.981,33.621693903688524,5.300956748644795,25.723,40.981,15.238000000000003,0.00921569837422313,37.948,30.851304815573773,4.539218704163621,25.07,37.948,12.878,0.007836325758642066,35.231,28.78499231557377,3.309126714001135,24.337,35.231,10.873000000000001,0.005680899722980596,0.614,0.6481229508196721,0.28213799296748193,0.004,2.866,0.0030000000000000027,-5.513098571055942e-05,0.005,0.04675000000000001,0.1195029729892888,0.004,1.095,-0.09699999999999999,-9.018521193893423e-05,-0.166,-0.13161347336065574,0.053718078662875195,-0.303,0.058,-0.05700000000000001,-2.4829753357939432e-05,2.024,1.9506713627049181,0.20823509915740396,0.743,2.406,1.1760000000000002,1.8090830465256036e-05,299.238,299.35337218237703,0.5300648720928366,297.901,300.808,-0.17000000000001592,-0.0001670262066966816,4.878,5.064471823770493,0.41035872386137096,4.437,5.865,0.32399999999999984,-2.9210903822402296e-05,157.5,157.5,0.0,157.5,157.5,0.0,-6.531684674190995e-17,13.5,13.192622950819672,0.6049864390550196,12.0,13.5,0.0,-1.0662957345039134e-05,9.0,7.214523565573771,1.1066885781807867,6.0,9.0,3.0,0.0017253716517394303,10.500000000000002,7.850409836065574,1.227631764849373,6.0,10.500000000000002,4.500000000000002,0.0019978209813467664,6.0,4.500384221311475,0.9586246262720852,3.0,6.0,3.0,0.0012389704218178775,0.0,0.0,0.0,0.0,0.0,0.0,0.0,1.0,1.0,0.0,1.0,1.0,0.0,5.640562760648413e-19,1.0,1.0,0.0,1.0,1.0,0.0,5.640562760648413e-19,1.0,1.0,0.0,1.0,1.0,0.0,5.640562760648413e-19,1.0,1.0,0.0,1.0,1.0,0.0,5.640562760648413e-19,0.0,4.967469262295082,13.370684233578146,0.0,41.0,0.0,-0.000189699883942364,6.096,6.664967213114754,0.4487550161266063,5.844,7.432,-0.47199999999999953,-0.0006223240559118598,9.144,9.997204918032788,0.6729578846896564,8.766,11.148,-0.7080000000000002,-0.0009332955736539395
batch_dist_ternary_acetone+butan-1-ol+methanol__operating_point_004__test_anormal_experiment_001,batch_dist_ternary_acetone+butan-1-ol+methanol,operating_point_004,test_anormal_experiment_001,0.1,424,70.61666666666666,0.8428618908463588,1.0,1.0,0.0,1.0,1.0,0.0,2.6400241529617888e-19,1.0,1.0,0.0,1.0,1.0,0.0,2.6400241529617888e-19,362.231,358.91818632075467,2.2105500314853037,354.542,362.3,7.689000000000021,0.017949574231941864,52.539,52.866706367924536,0.20797642335542108,52.517,53.131,-0.31700000000000017,-0.001428260837052581,42.092,41.86110966981132,0.1332735708767137,41.562,42.113,0.5090000000000003,0.001074367133445069,48.292,48.35847641509434,0.0992611652404115,48.04,48.501,0.25200000000000244,0.000552823812784902,47.866,47.70925353773585,0.1443159694700762,47.423,47.908,0.44299999999999784,0.0011114692500846235,42.603,42.47880660377359,0.08580649084704778,42.244,42.645,0.33800000000000097,0.0006323978872962546,38.744,40.377568396226415,1.5700902956822393,38.723,43.262,-4.518000000000001,-0.012371362473532065,30.371,30.273168632075468,0.14484759551483975,29.894,30.413,0.4559999999999995,0.0009375150935525032,30.278,30.58228419811321,0.1397281559203591,30.257,30.801,-0.1670000000000016,-0.0008009701198825642,29.56,30.361753537735847,0.5782128594527635,29.56,31.526,-1.966000000000001,-0.004610341189064872,0.095,0.2772606132075472,0.25512129214966467,0.004,1.348,-0.374,-0.00032668284254689403,0.687,0.6648962264150944,0.2519488845188412,0.004,2.961,-0.08099999999999996,-0.0002979326359206862,0.224,0.28983726415094335,0.06363371323787147,0.129,0.473,-0.049000000000000016,3.332349399012945e-05,2.071,2.080041273584906,0.5934426583458627,1.377,4.577,-2.506,-0.0010262276351729,350.036,349.2393608490566,0.5294569002050599,347.739,350.413,0.7350000000000136,-0.0006770586660993298,4.873,5.550695754716981,0.3784750831519602,4.78,6.387,-0.5910000000000002,-0.00012521658362260474,175.0,175.0,0.0,175.0,175.0,0.0,4.094997125439487e-16,15.0,14.0625,0.7261843774138906,13.5,15.0,0.0,0.0030477955935485426,7.5,8.034198113207546,0.7182823578905564,7.5,9.0,-1.5,-0.004860202611755273,6.0,7.224056603773585,1.0647820915362873,6.0,9.0,-3.0,-0.007973410158925056,4.5,4.85377358490566,0.6367924528301887,4.5,6.0,-1.5,-0.003814910147117858,0.0,0.0,0.0,0.0,0.0,0.0,0.0,1.0,1.0,0.0,1.0,1.0,0.0,2.6400241529617888e-19,1.0,1.0,0.0,1.0,1.0,0.0,2.6400241529617888e-19,1.0,1.0,0.0,1.0,1.0,0.0,2.6400241529617888e-19,1.0,1.0,0.0,1.0,1.0,0.0,2.6400241529617888e-19,0.0,2.82311320754717,10.467124351737265,0.0,42.0,0.0,-0.0057045363307908405,13.5,13.343924528301889,1.1160900998796224,12.06,16.851,-3.1709999999999994,-0.004259565337174617,2.25,2.2234622641509434,0.18507024989652013,2.01,2.809,-0.5289999999999999,-0.0007034807660519049
batch_dist_ternary_acetone+butan-1-ol+methanol__operating_point_004__test_anormal_experiment_001,batch_dist_ternary_acetone+butan-1-ol+methanol,operating_point_004,test_anormal_experiment_001,0.2,848,70.61666666666666,0.8428618908463588,1.0,1.0,0.0,1.0,1.0,0.0,3.62059839132964e-19,1.0,1.0,0.0,1.0,1.0,0.0,3.62059839132964e-19,366.106,361.71676238207544,3.312329676178237,354.542,366.175,11.564000000000021,0.013341196865899366,52.475,52.62738738207547,0.28933838707412446,52.221,53.131,-0.3810000000000002,-0.0010643266664451916,42.686,42.12701356132076,0.3057572568409484,41.562,42.686,1.1030000000000015,0.0012442354529656502,48.271,48.30198466981132,0.0935862645687322,48.04,48.501,0.23100000000000165,-0.0001401781567019568,48.204,47.88703596698113,0.21264678380254165,47.423,48.204,0.7809999999999988,0.0008233370762695466,43.236,42.68838325471698,0.2563852310963177,42.244,43.236,0.9709999999999965,0.0010136202606344346,38.975,39.58105365566038,1.3680931638032285,38.618,43.262,-4.286999999999999,-0.00427771135647528,30.06,30.27458726415094,0.12370114359786956,29.894,30.413,0.14499999999999957,2.763162369029725e-05,29.127,30.16453419811321,0.49195279258040475,29.127,30.801,-1.3180000000000014,-0.0019240769435790212,28.577,29.691970518867926,0.8114633268685414,28.577,31.526,-2.948999999999998,-0.0032419666427191338,0.165,0.23725294811320757,0.20973518088246235,0.004,1.348,-0.30399999999999994,-0.00017943349411015432,0.76,0.6937954009433963,0.18856028905516042,0.004,2.961,-0.008000000000000007,8.975941272905077e-05,0.475,0.3001751179245283,0.06465780521136055,0.129,0.501,0.20199999999999996,4.643787055303908e-05,2.107,2.0805678066037734,0.4254368396617945,1.377,4.577,-2.4699999999999998,-0.00015385846167784576,349.121,349.25592983490566,0.512952444758707,347.739,350.602,-0.18000000000000682,1.3383344997874153e-05,5.464,5.548380306603773,0.37308139319016875,4.554,6.387,0.0,4.818350542538454e-06,175.0,175.0,0.0,175.0,175.0,0.0,3.620682602023777e-17,16.5,15.044221698113208,1.2126941034678924,13.5,16.5,1.5,0.00442696278138339,6.0,7.538915094339623,0.8610517660015715,6.0,9.0,-3.0,-0.0024365260714350654,6.0,6.827830188679245,0.9769532971176365,6.0,9.0,-3.0,-0.002339972999380598,3.0,4.588443396226415,0.624638334304584,3.0,6.0,-3.0,-0.0016872730515761242,0.0,0.0,0.0,0.0,0.0,0.0,0.0,1.0,1.0,0.0,1.0,1.0,0.0,3.62059839132964e-19,1.0,1.0,0.0,1.0,1.0,0.0,3.62059839132964e-19,1.0,1.0,0.0,1.0,1.0,0.0,3.62059839132964e-19,1.0,1.0,0.0,1.0,1.0,0.0,3.62059839132964e-19,0.0,2.847877358490566,10.534723367881533,0.0,42.0,0.0,-0.0007671999069910403,14.477,13.699314268867925,0.8959043473737013,12.06,16.851,-2.193999999999999,0.001009666627322568,2.413,2.28291804245283,0.14880457043231357,2.01,2.809,-0.3660000000000001,0.00016975778019203856
batch_dist_ternary_acetone+butan-1-ol+methanol__operating_point_004__test_anormal_experiment_001,batch_dist_ternary_acetone+butan-1-ol+methanol,operating_point_004,test_anormal_experiment_001,0.4,1696,70.61666666666666,0.8428618908463588,1.0,0.9994103773584906,0.024274986851696816,0.0,1.0,0.0,-1.0269760914062212e-06,1.0,1.0,0.0,1.0,1.0,0.0,3.588442546218897e-21,264.582,349.9991102594339,29.036992274797942,264.582,368.761,-89.95999999999998,-0.03603043719885016,47.041,51.94971285377359,1.7605670007994927,46.935,53.343,-5.815000000000005,-0.0022995273179576155,46.378,42.94177329009434,1.1379378270706737,41.562,46.4,4.795000000000002,0.002101072217770513,48.627,48.18032311320754,0.36886209915386375,47.035,48.648,0.5870000000000033,-0.0003747043415776958,49.048,47.94517954009434,0.42917194676946474,46.79,49.048,1.625,7.304051301380358e-05,44.228,42.954559846698125,0.3929460658382513,42.244,44.228,1.963000000000001,0.00059491227496433,41.076,39.57034375,0.9963066692156957,38.618,43.262,-2.186,-0.0004104088565237692,31.161,30.023452535377356,0.47790105862321997,29.043,31.244,1.2460000000000022,-0.00030723335974033856,30.78,29.563427181603775,0.8523973495981568,28.164,30.801,0.33500000000000085,-0.0010924877652095204,30.815,29.224462853773584,0.9375764492916747,28.055,31.526,-0.7109999999999985,-0.0009304072923223194,0.011,0.18852004716981133,0.18005036035288938,0.004,1.348,-0.45799999999999996,-0.00014353329021099653,0.127,0.6187010613207548,0.27406957141442884,0.004,2.961,-0.641,-0.0002370658719929772,0.314,0.27438620283018866,0.102747918473689,-0.069,0.523,0.04099999999999998,-8.206069185177715e-05,2.847,2.1331011202830186,1.0590576192655679,-0.298,6.139,-1.73,-1.2281494540226434e-05,392.158,355.29559551886797,14.015159098870148,347.622,402.262,42.85700000000003,0.018399917186369644,5.854,5.601342275943395,0.40852475766961555,4.55,6.836,0.3899999999999997,0.00016906430019069654,70.0,148.87382075471697,45.39462059317227,70.0,175.0,-105.0,-0.06942965954180576,12.0,12.467865566037736,5.864703877969213,0.0,16.5,-3.0,-0.006477880460081363,10.500000000000002,7.218307783018868,2.4227430709459856,0.0,12.0,1.5000000000000018,-0.00019649773110848862,12.0,6.740713443396227,2.4203455668908798,0.0,12.0,3.0,0.0001711843078446805,9.0,4.6216096698113205,1.928059090048284,0.0,10.500000000000002,3.0,0.0005120124593969322,0.0,0.0,0.0,0.0,0.0,0.0,0.0,1.0,1.0,0.0,1.0,1.0,0.0,3.588442546218897e-21,1.0,1.0,0.0,1.0,1.0,0.0,3.588442546218897e-21,1.0,1.0,0.0,1.0,1.0,0.0,3.588442546218897e-21,1.0,1.0,0.0,1.0,1.0,0.0,3.588442546218897e-21,43.0,5.288030660377358,12.00288750200769,0.0,43.0,43.0,0.008188827548010086,6.069,12.660068101415094,3.3514079744479877,0.18,16.851,-10.602,-0.0033610067540097393,1.011,2.109733785377358,0.5586082684274215,0.03,2.809,-1.768,-0.000560032148779341
batch_dist_ternary_acetone+butan-1-ol+methanol__operating_point_004__train_normal_experiment_001,batch_dist_ternary_acetone+butan-1-ol+methanol,operating_point_004,train_normal_experiment_001,0.1,441,73.36666666666666,0.8536232622828172,1.0,1.0,0.0,1.0,1.0,0.0,3.756374987870479e-19,1.0,1.0,0.0,1.0,1.0,0.0,3.756374987870479e-19,368.784,367.30786167800454,0.9736044871611439,365.529,368.83,3.231999999999971,0.0076144343051909955,51.036,50.82894784580498,0.12791068578677556,50.613,51.079,0.4230000000000018,0.0009752558366003809,40.587,40.39075170068027,0.13352886649978696,40.163,40.629,0.4030000000000058,0.001040104083591509,46.03,46.01377210884353,0.06568423824675346,45.904,46.197,-0.10499999999999687,-0.0002541156322669589,45.903,45.788404761904765,0.05692698310902918,45.693,45.903,0.16799999999999926,0.0004222468707762715,40.873,40.69846371882086,0.08485676098868095,40.557,40.915,0.23199999999999932,0.0005791334715704336,37.799,37.20515419501133,0.873354535774641,33.581,37.799,4.217999999999996,0.005276188447406889,28.856,29.21065306122449,0.2213769597729026,28.835,29.645,-0.7889999999999979,-0.0017275617239903434,28.018,28.322616780045355,0.16999083432559295,27.976,28.625,-0.5859999999999985,-0.0013272077362413482,27.992,28.262513605442177,0.14287235568497345,27.992,28.515,-0.5019999999999989,-0.0011159654071418795,0.127,0.19403968253968254,0.10969214347038828,0.004,1.183,-0.044999999999999984,-1.4553583671231282e-05,0.832,0.7448911564625851,0.0967634370837403,0.005,1.538,0.06599999999999995,0.00017903525046382248,0.391,0.37951700680272116,0.06565553140245826,0.251,0.538,-0.05099999999999999,-6.072359013524665e-08,2.36,1.992874149659864,0.20143276346705136,1.451,2.368,0.9089999999999998,0.0010207683073229282,349.426,349.4631224489796,0.49298218999754256,347.748,350.691,0.026999999999986812,-0.0008641630078607891,4.883,5.463668934240363,0.36981821747749155,4.554,6.375,-0.44599999999999973,-5.056694006273452e-05,175.0,175.0,0.0,175.0,175.0,0.0,1.410764805488351e-16,13.5,14.986394557823129,0.14220778884603316,13.5,15.0,-1.5,-0.0001834300153627806,6.0,6.0,0.0,6.0,6.0,0.0,2.253824992722288e-18,6.0,5.738095238095238,0.5694409877667331,4.5,6.0,1.5,0.0028851400700140232,3.0,3.557823129251701,0.7249607233149886,3.0,4.5,-1.5,-0.00040337813447056546,0.0,0.0,0.0,0.0,0.0,0.0,0.0,1.0,1.0,0.0,1.0,1.0,0.0,3.756374987870479e-19,1.0,1.0,0.0,1.0,1.0,0.0,3.756374987870479e-19,1.0,1.0,0.0,1.0,1.0,0.0,3.756374987870479e-19,1.0,1.0,0.0,1.0,1.0,0.0,3.756374987870479e-19,0.0,5.434240362811791,13.374264806591386,0.0,39.0,0.0,-0.0073605666042640865,16.629,15.685454648526077,0.4052453250235564,14.966,16.629,1.0550000000000015,0.0026091409290989083,2.771,2.6138990929705215,0.06738273192395493,2.494,2.771,0.17999999999999972,0.00043320440064138126
batch_dist_ternary_acetone+butan-1-ol+methanol__operating_point_004__train_normal_experiment_001,batch_dist_ternary_acetone+butan-1-ol+methanol,operating_point_004,train_normal_experiment_001,0.2,881,73.36666666666666,0.8536232622828172,1.0,0.9988649262202043,0.033671729793850906,0.0,1.0,0.0,-1.1231404129115535e-06,1.0,1.0,0.0,1.0,1.0,0.0,-3.5010717982552364e-18,371.049,368.58980760499435,1.5420162520579097,365.529,371.072,5.496999999999957,0.006023711459612595,51.163,50.95441884222475,0.16199167222334349,50.613,51.227,0.5499999999999972,0.0006029956523936484,40.968,40.58745913734393,0.23283717091560477,40.163,40.99,0.784000000000006,0.0009115278342272773,46.03,46.02169807037457,0.05017237242027622,45.904,46.197,-0.10499999999999687,3.756299238312621e-06,46.178,45.89998013620885,0.13292548415818342,45.693,46.199,0.44299999999999784,0.000513845232655045,41.021,40.81305902383655,0.14536079396054735,40.557,41.063,0.38000000000000256,0.0005417482259646267,38.198,37.60536946651533,0.7417159748770396,33.581,38.219,4.616999999999997,0.00214570425993121,28.337,28.889242338251986,0.3736494621394164,28.337,29.645,-1.3079999999999998,-0.0014604108096649018,27.725,28.082767309875145,0.2760982728993149,27.704,28.625,-0.8789999999999978,-0.0010700005861389215,27.825,28.08532746878547,0.208538280116248,27.804,28.515,-0.6690000000000005,-0.0008011080218899952,0.18,0.1933427922814983,0.10151590782857589,0.004,1.185,0.008000000000000007,-1.1359003409433186e-05,0.837,0.7709824063564131,0.12217285988603956,0.005,2.006,0.07099999999999995,0.00011625566747181824,0.309,0.3873155505107832,0.06640870066758132,0.222,0.555,-0.133,3.976916481173011e-05,2.029,2.013047673098751,0.15951093849009462,1.451,2.368,0.5779999999999998,0.00017749674113789324,350.314,349.38566174801366,0.5166418449126681,347.748,350.691,0.9150000000000205,-0.0003348911905076513,5.469,5.464402383654938,0.36755016970127985,4.554,6.375,0.14000000000000057,4.143168463345249e-06,175.0,175.0,0.0,175.0,175.0,0.0,3.2997241276404035e-17,13.5,14.730987514188422,0.5743466315671854,13.5,15.0,-1.5,-0.0009447541270145494,6.0,6.0,0.0,6.0,6.0,0.0,-9.745969775295977e-19,6.0,5.868898978433598,0.42363198001785535,4.5,6.0,1.5,0.0008077924183810361,4.5,3.5925085130533483,0.733277867891383,3.0,4.5,0.0,0.00011508679418522431,0.0,0.0,0.0,0.0,0.0,0.0,0.0,1.0,1.0,0.0,1.0,1.0,0.0,-3.5010717982552364e-18,1.0,1.0,0.0,1.0,1.0,0.0,-3.5010717982552364e-18,1.0,1.0,0.0,1.0,1.0,0.0,-3.5010717982552364e-18,1.0,1.0,0.0,1.0,1.0,0.0,-3.5010717982552364e-18,39.0,4.977866061293984,12.945613046469308,0.0,39.0,39.0,-0.002518379139913108,16.706,16.137628830874007,0.549519974330394,14.966,17.16,1.1319999999999997,0.0019172716181715594,2.784,2.6894040862656072,0.09162011737815862,2.494,2.86,0.19299999999999962,0.0003198372394051034
batch_dist_ternary_acetone+butan-1-ol+methanol__operating_point_004__train_normal_experiment_001,batch_dist_ternary_acetone+butan-1-ol+methanol,operating_point_004,train_normal_experiment_001,0.4,1762,73.36666666666666,0.8536232622828172,1.0,0.9994324631101021,0.023816271575887952,0.0,1.0,0.0,8.259022594728026e-07,1.0,1.0,0.0,1.0,1.0,0.0,1.3004895345535971e-19,373.639,370.4426892735528,2.2352507565679036,365.529,373.662,8.086999999999989,0.004325453511568028,51.756,51.21302468785472,0.3082521541941128,50.613,51.84,1.1430000000000007,0.0005988570312307471,41.71,40.96504256526674,0.43784709909243175,40.163,41.71,1.5260000000000034,0.0008595761558884955,46.616,46.151366912599315,0.19816807728899136,45.904,46.7,0.48100000000000165,0.0003181452658995879,46.811,46.200511918274685,0.3426962707222269,45.693,46.853,1.0760000000000005,0.0006694837860036806,41.632,41.10349404086265,0.3348930930331505,40.557,41.696,0.9909999999999997,0.0006496529519768818,39.101,38.08920686719637,0.7395298970958409,33.581,39.143,5.519999999999996,0.0012219724685624323,27.922,28.487051078320093,0.48877947316166503,27.901,29.645,-1.722999999999999,-0.0009255100336644621,27.474,27.823382236095348,0.3283893516791439,27.432,28.625,-1.129999999999999,-0.0006078779766286718,27.658,27.90251674233825,0.23752660375055717,27.637,28.515,-0.8359999999999985,-0.0004343271446297581,0.306,0.1979435300794552,0.10034539565235773,0.004,1.276,0.134,9.399480094637369e-06,0.812,0.7824866628830874,0.16557161492504188,0.005,2.693,0.04600000000000004,3.0704440521409955e-05,0.492,0.39163904653802495,0.06462761326176841,0.222,0.581,0.04999999999999999,1.3960569195209546e-05,1.736,2.007700056753689,0.12702971228664975,1.451,2.368,0.2849999999999999,7.625970706479576e-06,349.301,349.33594012485815,0.5248245787859291,347.748,350.691,-0.09800000000001319,-0.0001466353941316419,5.469,5.457331157775256,0.370266510237613,4.554,6.381,0.14000000000000057,-1.5224590667017303e-05,175.0,175.0,0.0,175.0,175.0,0.0,-5.774066242210666e-17,13.5,14.325340522133938,0.7455642743740362,13.5,15.0,-1.5,-0.0008652683477474643,6.0,6.0,0.0,6.0,6.0,0.0,-2.2446646165541896e-18,6.0,6.072360953461975,0.5470999688864038,4.5,7.5,1.5,0.0005107152531723699,4.5,3.6035754824063564,0.7355677131627439,3.0,4.5,0.0,6.433317938683623e-05,0.0,0.0,0.0,0.0,0.0,0.0,0.0,1.0,1.0,0.0,1.0,1.0,0.0,1.3004895345535971e-19,1.0,1.0,0.0,1.0,1.0,0.0,1.3004895345535971e-19,1.0,1.0,0.0,1.0,1.0,0.0,1.3004895345535971e-19,1.0,1.0,0.0,1.0,1.0,0.0,1.3004895345535971e-19,0.0,4.525255391600454,12.454824750052707,0.0,39.0,0.0,-0.001091405705947683,16.32,16.485975312145293,0.5336272086670463,14.966,17.28,0.7460000000000004,0.0008597596526150275,2.72,2.747542849035187,0.08900262088151434,2.494,2.88,0.129,0.00014347777675416742
batch_dist_ternary_acetone+butan-1-ol+methanol__operating_point_005__test_anormal_experiment_001,batch_dist_ternary_acetone+butan-1-ol+methanol,operating_point_005,test_anormal_experiment_001,0.1,357,59.48333333333333,0.5381445655054129,1.0,1.0,0.0,1.0,1.0,0.0,-5.685615961836134e-19,1.0,1.0,0.0,1.0,1.0,0.0,-5.685615961836134e-19,281.4,280.3429971988796,0.6333572743459596,279.1,281.4,2.2999999999999545,0.006109830788130415,56.6,55.539915966386566,0.6832196342089443,54.3,56.6,2.3000000000000043,0.00661245792648854,46.8,45.99929971988796,0.48782753108445537,45.2,46.8,1.5999999999999943,0.004715068501821544,51.0,50.075070028011204,0.5126498503322299,49.2,51.0,1.7999999999999972,0.004958621449960853,51.4,50.3141456582633,0.5931945147125609,49.4,51.4,2.0,0.005712054453317325,45.3,43.86064425770308,0.8920902841798528,42.3,45.3,2.8999999999999986,0.008640544912962279,47.0,45.60462184873949,0.783039531199921,44.3,47.0,2.700000000000003,0.007577385985465585,36.3,34.52521008403362,0.7727920735346087,33.4,36.3,2.799999999999997,0.007386792517521728,33.9,33.39677871148459,0.4753556696370016,32.5,34.0,1.3999999999999986,0.0044414752907628524,31.6,31.622408963585436,0.1661537903525096,31.2,31.9,0.40000000000000213,-0.0004996336617630967,0.9,0.858403361344538,0.07418634112820147,0.0,1.3,0.09999999999999998,0.0003551291836802511,0.1,0.09873949579831932,0.08029938331699889,0.0,1.3,0.0,0.0001952353347339814,0.1,0.19019607843137257,0.05552616347776672,0.1,0.4,-0.1,-0.0002486827384271144,1.6,1.880952380952381,0.511178887352836,0.2,2.5,1.4000000000000001,0.0025032849119812385,397.8,398.524649859944,0.7242751253728621,397.3,400.1,-2.099999999999966,-0.0036829520584842138,5.5,5.2942577030812314,0.42584806897158173,4.4,6.0,0.0,-2.3103836977642804e-05,108.5,108.5,0.0,108.5,108.5,0.0,-1.8100899769751346e-16,13.5,14.491596638655462,0.7100218758534008,13.5,15.0,-1.5,-0.005648571650115086,7.5,8.634453781512605,0.6439683919888135,7.5,9.0,0.0,0.00251254227131815,10.500000000000002,9.193277310924369,0.5025533279846027,9.0,10.500000000000002,1.5000000000000018,0.002707579799228692,6.0,6.569327731092437,0.7268300358376037,6.0,7.5,0.0,-0.001996464268966652,100.0,100.0,0.0,100.0,100.0,0.0,-1.639183067578878e-16,1.0,1.0,0.0,1.0,1.0,0.0,-5.685615961836134e-19,1.0,1.0,0.0,1.0,1.0,0.0,-5.685615961836134e-19,1.0,1.0,0.0,1.0,1.0,0.0,-5.685615961836134e-19,1.0,1.0,0.0,1.0,1.0,0.0,-5.685615961836134e-19,0.0,0.20168067226890757,2.6869739686334566,0.0,36.0,0.0,-0.0014147144012334714,6.3,6.461624649859944,0.3370420752856126,5.8,6.9,0.39999999999999947,0.002640035362585186,12.5,12.921148459383755,0.6734414086622442,11.6,13.9,0.8000000000000007,0.005284422475286006
batch_dist_ternary_acetone+butan-1-ol+methanol__operating_point_005__test_anormal_experiment_001,batch_dist_ternary_acetone+butan-1-ol+methanol,operating_point_005,test_anormal_experiment_001,0.2,714,59.48333333333333,0.5381445655054129,1.0,1.0,0.0,1.0,1.0,0.0,7.421434176321307e-19,1.0,1.0,0.0,1.0,1.0,0.0,7.421434176321307e-19,283.4,281.3609943977591,1.1843465465249317,279.1,283.5,4.2999999999999545,0.005737344084840197,58.9,56.60889355742297,1.2647427667240887,54.3,58.9,4.600000000000001,0.006126861340952645,49.0,46.942086834733885,1.0994477800383053,45.2,49.0,3.799999999999997,0.005318507084863004,53.5,51.145938375350134,1.2357922085678583,49.2,53.5,4.299999999999997,0.00597379684913715,53.3,51.31841736694679,1.1549796653991375,49.4,53.3,3.8999999999999986,0.005595309731107147,48.1,45.214355742296924,1.602315968116998,42.3,48.1,5.700000000000003,0.007760544875469356,49.5,46.93382352941177,1.5208106629359184,44.3,49.5,5.200000000000003,0.007368866592528069,42.9,37.03277310924369,2.863843744574503,33.4,42.9,9.399999999999999,0.013633699029293431,36.1,34.06757703081232,0.8679412424633218,32.5,36.1,3.6000000000000014,0.004109174383079232,34.7,32.56428571428572,1.0687529617068965,31.2,34.8,3.5000000000000036,0.004621299004600736,0.8,0.8471288515406165,0.10039567480987306,0.0,2.1,0.0,-1.7411018978545677e-05,0.0,0.10063025210084033,0.071324173996584,0.0,1.3,-0.1,2.6065016577350616e-05,0.1,0.16806722689075632,0.05769781189396944,0.0,0.4,-0.1,-0.00013486719534075388,2.0,1.8746498599439776,0.39362241157248307,0.2,2.5,1.8,0.00043263559310090054,398.5,398.3939775910365,0.5643643751666321,397.3,400.1,-1.3999999999999773,-0.0007543796851613985,5.3,5.285364145658263,0.4300015557950633,4.4,6.0,-0.20000000000000018,-6.367281757100895e-05,108.5,108.5,0.0,108.5,108.5,0.0,-3.272214182843699e-17,13.5,14.355042016806722,0.7426076855952787,13.5,15.0,-1.5,-0.0012480795336995301,10.500000000000002,8.947478991596638,0.7103481434147381,7.5,10.500000000000002,3.0000000000000018,0.002165650536247016,10.500000000000002,9.827731092436975,0.7459610427284764,9.0,10.500000000000002,1.5000000000000018,0.0030248441435637304,7.5,6.95063025210084,0.7221216565204944,6.0,7.5,1.5,0.0016632612499290148,100.0,100.0,0.0,100.0,100.0,0.0,-5.4040126766167844e-17,1.0,1.0,0.0,1.0,1.0,0.0,7.421434176321307e-19,1.0,1.0,0.0,1.0,1.0,0.0,7.421434176321307e-19,1.0,1.0,0.0,1.0,1.0,0.0,7.421434176321307e-19,1.0,1.0,0.0,1.0,1.0,0.0,7.421434176321307e-19,0.0,0.10084033613445378,1.902651656885366,0.0,36.0,0.0,-0.0006005379819421569,5.9,6.25826330532213,0.328109444272803,5.8,6.9,0.0,-0.0005454062479060441,11.9,12.510994397759104,0.6570573500944592,11.5,13.9,0.20000000000000107,-0.0011116818170691636
batch_dist_ternary_acetone+butan-1-ol+methanol__operating_point_005__test_anormal_experiment_001,batch_dist_ternary_acetone+butan-1-ol+methanol,operating_point_005,test_anormal_experiment_001,0.4,1428,59.48333333333333,0.5381445655054129,1.0,1.0,0.0,1.0,1.0,0.0,1.3427980357501416e-19,1.0,1.0,0.0,1.0,1.0,0.0,1.3427980357501416e-19,286.4,283.2215336134454,2.1269965643424245,279.1,286.4,7.2999999999999545,0.005133647155946035,64.0,58.96530112044819,2.7128265684630426,54.3,64.0,9.700000000000003,0.006575783046445569,55.0,49.34989495798319,2.800322921085268,45.2,55.0,9.799999999999997,0.006750175264828522,59.0,53.563375350140056,2.811158429590038,49.2,59.0,9.799999999999997,0.006799673894772901,59.1,53.735399159663864,2.7909157699703733,49.4,59.1,9.700000000000003,0.006746594987660573,54.0,48.06299019607843,3.3029681215035347,42.3,54.1,11.600000000000001,0.008006914364950157,56.9,49.993382352941175,3.5908896905603513,44.3,56.9,12.600000000000001,0.008670219021683726,50.2,41.937464985994396,5.48664380476541,33.4,50.2,16.700000000000003,0.013200808503069284,46.1,37.94394257703081,4.483768977768851,32.5,46.1,13.600000000000001,0.010491720264950214,42.3,35.23690476190476,3.2862224188949707,31.2,42.3,11.099999999999998,0.007689374419382013,0.7,0.7978641456582632,0.11788871468720251,0.0,2.1,-0.10000000000000009,-0.00011959075618754707,0.0,0.06544117647058824,0.09015634591008896,0.0,1.3,-0.1,-7.322352945791925e-05,0.1,0.18466386554621853,0.07741960072652268,0.0,0.5,-0.1,4.0883278938161876e-05,1.7,1.886204481792717,0.32830225822102227,0.2,2.5,1.5,8.627466585037913e-05,397.5,397.7386554621849,1.2980421095898567,394.8,400.1,-2.3999999999999773,-0.002165973316954378,4.9,5.270273109243696,0.4304341120904766,4.4,6.0,-0.5999999999999996,-4.115062525638164e-05,108.5,108.5,0.0,108.5,108.5,0.0,-1.0358588350011973e-16,18.0,15.054621848739496,1.2144783366165361,13.5,18.0,3.0,0.0019275638636575881,13.5,9.933823529411764,1.2461414742717414,7.5,13.5,6.0,0.0027199628973173812,15.0,10.992647058823529,1.488911581982603,9.0,15.0,6.0,0.0034189576178797246,10.500000000000002,7.672794117647059,1.0608831581562201,6.0,10.500000000000002,4.500000000000002,0.0021582837362814807,100.0,100.0,0.0,100.0,100.0,0.0,-9.482233017914843e-18,1.0,1.0,0.0,1.0,1.0,0.0,1.3427980357501416e-19,1.0,1.0,0.0,1.0,1.0,0.0,1.3427980357501416e-19,1.0,1.0,0.0,1.0,1.0,0.0,1.3427980357501416e-19,1.0,1.0,0.0,1.0,1.0,0.0,1.3427980357501416e-19,0.0,0.07563025210084033,1.648323129910339,0.0,36.0,0.0,-0.00014427429057238566,4.9,5.841316526610646,0.5193000062098596,4.8,6.9,-1.0,-0.0010094238722076485,9.7,11.680217086834732,1.0364804675419577,9.6,13.9,-2.0,-0.0020147376167214967
batch_dist_ternary_acetone+butan-1-ol+methanol__operating_point_005__test_anormal_experiment_002,batch_dist_ternary_acetone+butan-1-ol+methanol,operating_point_005,test_anormal_experiment_002,0.1,352,58.56666666666667,0.5718771251098211,1.0,1.0,0.0,1.0,1.0,0.0,-3.4043899981844553e-19,1.0,1.0,0.0,1.0,1.0,0.0,-3.4043899981844553e-19,271.935,270.07337073863636,1.0239525820328437,268.201,271.935,3.7339999999999804,0.010054193396703472,55.715,54.84987926136364,0.44361702110773427,54.105,55.715,1.6100000000000065,0.0043489976442348385,45.02,44.227397727272724,0.4314550922663472,43.492,45.02,1.5280000000000058,0.00424164270180559,50.534,49.907963068181814,0.28936172667323057,49.507,50.534,1.027000000000001,0.002762011733151876,50.337,49.7106434659091,0.3512812688482971,49.133,50.358,1.1829999999999998,0.0034387937860848048,45.199,44.58404545454545,0.3705651081177761,43.995,45.22,1.1610000000000014,0.003632211744817902,47.45,45.671140625,1.0877699942912065,43.767,47.45,3.683,0.010691322615455039,35.256,35.02286647727273,0.08740496014554795,34.902,35.256,0.2710000000000008,0.0006893547316705863,34.299,34.114845170454544,0.09699644604240526,33.922,34.299,0.35600000000000165,0.000934974678689323,33.096,33.153555397727274,0.04422809131958682,33.096,33.326,-0.04100000000000392,-0.00010977302717742505,0.866,0.8418196022727272,0.08242171379875349,0.005,1.123,0.06299999999999994,0.00022254517004871005,0.058,0.11212073863636363,0.07984179347109939,0.006,1.243,-0.016999999999999994,4.553805102671987e-06,0.379,0.35378125,0.05101429045135963,0.205,0.534,-0.008000000000000007,-0.00011565425446445296,1.899,1.9365071022727272,0.2568962235881951,0.863,2.276,1.036,0.0011849460639297765,399.965,399.3908252840909,0.4578112577704872,397.999,400.772,0.7090000000000032,-7.765227179205863e-05,4.878,5.006164772727273,0.40998809033139577,4.44,5.865,0.0,0.0002572887845550703,108.5,108.5,0.0,108.5,108.5,0.0,2.1468087209137083e-16,13.5,14.880681818181818,0.40588230340195425,13.5,15.0,-1.5,-0.001872065611442407,9.0,8.633522727272727,0.6445233259279988,7.5,9.0,0.0,-0.00022699208251617577,7.5,8.218039772727273,0.7482516505220949,7.5,9.0,0.0,0.003475558317980417,6.0,5.4460227272727275,0.7217195214661227,4.5,6.0,1.5,-0.00015683089337481824,100.0,100.0,0.0,100.0,100.0,0.0,-2.416031124046489e-16,1.0,1.0,0.0,1.0,1.0,0.0,-3.4043899981844553e-19,1.0,1.0,0.0,1.0,1.0,0.0,-3.4043899981844553e-19,1.0,1.0,0.0,1.0,1.0,0.0,-3.4043899981844553e-19,1.0,1.0,0.0,1.0,1.0,0.0,-3.4043899981844553e-19,0.0,3.5213068181818183,10.72249258129203,0.0,37.0,0.0,-0.004609108628230442,6.173,6.186664772727272,0.15410549665715478,5.703,6.4,0.46999999999999975,0.001073270567958956,12.347,12.374164772727273,0.3084043816528482,11.407,12.8,0.9399999999999995,0.0021459592107609
batch_dist_ternary_acetone+butan-1-ol+methanol__operating_point_005__test_anormal_experiment_002,batch_dist_ternary_acetone+butan-1-ol+methanol,operating_point_005,test_anormal_experiment_002,0.2,703,58.56666666666667,0.5718771251098211,1.0,1.0,0.0,1.0,1.0,0.0,1.3669077319933522e-19,1.0,1.0,0.0,1.0,1.0,0.0,1.3669077319933522e-19,275.271,271.89962233285917,2.084866677918105,268.201,275.271,7.069999999999993,0.010262901818822624,57.325,55.637613086770976,0.9107927976680145,54.105,57.325,3.220000000000006,0.004482740072378182,46.994,45.088706258890475,0.9974274417490219,43.492,46.994,3.5020000000000024,0.004902869272935033,51.877,50.53311522048364,0.7200514346326649,49.507,51.898,2.3700000000000045,0.003522835398657735,51.9,50.43261664295874,0.8275272901735039,49.133,51.922,2.745999999999995,0.004066735096340357,46.846,45.3030426742532,0.8414298406281622,43.995,46.867,2.808,0.004132144341848302,50.021,47.234219061166435,1.8179126957492764,43.767,50.021,6.253999999999998,0.0089103496323891,36.566,35.39576600284495,0.452440692273416,34.902,36.566,1.581000000000003,0.0021039005397557875,34.719,34.290896159317214,0.20441130272629762,33.922,34.719,0.7760000000000034,0.0009959318676423861,32.886,33.095775248933144,0.08770008206664959,32.886,33.326,-0.25099999999999767,-0.00031265670574882827,0.856,0.8452062588904693,0.1306438786678217,0.004,2.244,0.052999999999999936,4.5212095376568493e-05,0.088,0.11456685633001423,0.09030203671369108,0.005,1.243,0.012999999999999998,4.692468508257948e-06,0.353,0.34700568990042674,0.05341095109951482,0.195,0.534,-0.03400000000000003,-5.7743564322511876e-05,1.869,1.9478975817923183,0.19205367658110617,0.863,2.276,1.006,0.00018008958305010565,400.009,399.3066678520626,0.5287631696767684,397.99,400.772,0.7530000000000427,-0.00042732590429973155,5.854,5.016218349928876,0.4006323020443734,4.44,5.865,0.976,6.332533881875985e-05,108.5,108.5,0.0,108.5,108.5,0.0,1.0324862955270409e-17,15.0,14.539118065433854,0.690876587926356,13.5,15.0,0.0,-0.0013416267528109731,9.0,8.763157894736842,0.5454985706436184,7.5,9.0,0.0,0.000596065563170819,10.500000000000002,8.591394025604552,0.6814348031721479,7.5,10.500000000000002,3.0000000000000018,0.0021554466455782125,6.0,5.722617354196301,0.5809755175714948,4.5,6.0,1.5,0.0011623408004986966,100.0,100.0,0.0,100.0,100.0,0.0,5.2400557242137884e-17,1.0,1.0,0.0,1.0,1.0,0.0,1.3669077319933522e-19,1.0,1.0,0.0,1.0,1.0,0.0,1.3669077319933522e-19,1.0,1.0,0.0,1.0,1.0,0.0,1.3669077319933522e-19,1.0,1.0,0.0,1.0,1.0,0.0,1.3669077319933522e-19,0.0,3.5789473684210527,10.8473416072602,0.0,37.0,0.0,-0.00032651924099293323,5.947,6.166703413940256,0.12241012269876773,5.703,6.4,0.24399999999999977,4.500549730808735e-06,11.893,12.333946657183501,0.24511615311953644,11.407,12.8,0.48600000000000065,7.333065721217367e-06
batch_dist_ternary_acetone+butan-1-ol+methanol__operating_point_005__test_anormal_experiment_002,batch_dist_ternary_acetone+butan-1-ol+methanol,operating_point_005,test_anormal_experiment_002,0.4,1406,58.56666666666667,0.5718771251098211,1.0,1.0,0.0,1.0,1.0,0.0,1.58584078487469e-19,1.0,1.0,0.0,1.0,1.0,0.0,1.58584078487469e-19,281.169,274.8651938122333,3.5534373433857724,268.201,281.214,12.967999999999961,0.008719761628752137,62.394,57.651579658605975,2.350908091408923,54.105,62.437,8.289000000000001,0.005751028942801097,52.818,47.37145519203414,2.6709297718478164,43.492,52.84,9.326,0.006520988702284298,57.061,52.35053698435278,2.1642469734305796,49.507,57.061,7.554000000000002,0.005237445920791484,57.21,52.334170341394014,2.268236900284693,49.133,57.21,8.055999999999997,0.005510712388472756,52.216,47.274587482219054,2.335797801154948,43.995,52.216,8.178000000000004,0.005680804942449296,55.463,49.92140469416785,3.17178979876434,43.767,55.484,11.695999999999998,0.0077949770650997995,47.008,38.2743506401138,3.7091438035522284,34.902,47.008,12.023000000000003,0.008409444581049193,38.179,35.03993883357042,0.9883444041758828,33.922,38.2,4.236000000000004,0.0022458421451670278,33.807,33.15040078236131,0.2918660232708297,32.803,34.394,0.6700000000000017,0.000246020149649308,0.744,0.8178065433854907,0.14283416405367097,0.004,2.307,-0.05900000000000005,-6.775857831368845e-05,0.052,0.100824679943101,0.08778976014842207,0.005,1.243,-0.023,-3.1627737587822925e-05,0.275,0.3384555476529161,0.05564368564622668,0.161,0.534,-0.11199999999999999,-3.162435703858587e-05,1.779,1.9428477951635847,0.1597845498385746,0.863,2.276,0.9159999999999999,8.018317395946441e-06,397.856,399.23159246088187,0.5894823237504959,397.703,400.772,-1.3999999999999773,-0.00020331142067486638,4.878,5.009482574679944,0.39245457314118637,4.44,5.865,0.0,8.800315500656832e-06,108.5,108.5,0.0,108.5,108.5,0.0,-9.469933924404935e-18,16.5,14.873044096728307,0.8044874901518437,13.5,16.5,1.5,0.0008902954890380484,12.0,9.827880512091038,1.3166031565831184,7.5,12.0,3.0,0.0028663366126639783,13.5,10.068456614509246,1.749613562464931,7.5,13.5,6.0,0.004063000852466156,9.0,6.755334281650071,1.2894445066641864,4.5,9.0,4.5,0.002847115405507187,100.0,100.0,0.0,100.0,100.0,0.0,3.104689714512763e-17,1.0,1.0,0.0,1.0,1.0,0.0,1.58584078487469e-19,1.0,1.0,0.0,1.0,1.0,0.0,1.58584078487469e-19,1.0,1.0,0.0,1.0,1.0,0.0,1.58584078487469e-19,1.0,1.0,0.0,1.0,1.0,0.0,1.58584078487469e-19,0.0,3.3815789473684212,10.605010118438752,0.0,37.0,0.0,-0.0005010800757670455,5.423,5.9615181365576095,0.2642899627587468,5.35,6.4,-0.28000000000000025,-0.0005456844639163978,10.847,11.92352240398293,0.5286550950203254,10.7,12.8,-0.5600000000000005,-0.001091623685462032
batch_dist_ternary_acetone+butan-1-ol+methanol__operating_point_006__test_anormal_experiment_001,batch_dist_ternary_acetone+butan-1-ol+methanol,operating_point_006,test_anormal_experiment_001,0.1,131,21.78333333333333,0.5192997651223262,1.0,1.0,0.0,1.0,1.0,0.0,-4.493701544844809e-18,1.0,1.0,0.0,1.0,1.0,0.0,-4.493701544844809e-18,276.1,274.68894656488544,0.8396200550483184,273.189,276.1,2.88900000000001,0.022171179202476018,70.555,69.94560305343511,0.3337337451658613,69.364,70.555,1.1480000000000103,0.008788776490684491,59.654,59.085988549618314,0.3129374035988338,58.589,59.654,1.0650000000000048,0.008255172689905388,66.129,65.73190076335878,0.19893762131630463,65.391,66.129,0.7169999999999987,0.00521738909944987,65.391,64.9155076335878,0.24829400346256592,64.5,65.391,0.8910000000000053,0.006545310414775849,60.563,60.1132786259542,0.24566084857023815,59.693,60.605,0.8700000000000045,0.006462611434366886,59.54,58.82669847328245,0.40569678388629643,58.145,59.54,1.394999999999996,0.010714760049110811,50.308,50.085885496183195,0.09345292248472982,49.974,50.308,0.29299999999999926,0.002324942614637191,48.856,48.765828244274815,0.04835033455019689,48.667,48.877,0.12600000000000477,0.0011334036192813318,47.508,47.46006870229008,0.07391788727108826,47.319,47.571,0.16799999999999926,0.0017699727753160868,1.195,1.1987022900763358,0.03180329443218554,1.16,1.277,-0.07899999999999996,-0.0005811108738589674,0.084,0.08015648854961831,0.008274416556416865,0.069,0.104,-0.01999999999999999,-0.00011411946831794208,1.002,1.0685992366412211,0.05432059271869568,0.953,1.269,-0.10299999999999998,-0.0001873084930336859,1.92,1.0528664122137406,0.5466436236143918,0.248,2.087,1.635,0.014309355148668122,698.206,698.7018091603054,0.9464476884323813,696.887,700.396,0.9510000000000218,0.0009099583622467356,4.878,5.144438931297709,0.42028476361885353,4.444,5.854,-0.5860000000000003,-0.00019479261196818742,108.5,108.5,0.0,108.5,108.5,0.0,-7.575969012365851e-16,22.5,22.259541984732824,0.5503335041541016,21.000000000000004,22.5,0.0,-0.007710991298777604,15.0,14.232824427480915,0.7498033073470947,13.5,15.0,0.0,0.0042678695350450305,13.5,13.5,0.0,13.5,13.5,0.0,-6.753434723776246e-17,10.500000000000002,10.36259541984733,0.43269718231353904,9.0,10.500000000000002,0.0,-0.0005525009341803965,200.0,200.0,0.0,200.0,200.0,0.0,-1.0643343912229376e-15,1.0,1.0,0.0,1.0,1.0,0.0,-4.493701544844809e-18,1.0,1.0,0.0,1.0,1.0,0.0,-4.493701544844809e-18,1.0,1.0,0.0,1.0,1.0,0.0,-4.493701544844809e-18,1.0,1.0,0.0,1.0,1.0,0.0,-4.493701544844809e-18,0.0,1.9236641221374047,6.431813013084076,0.0,24.0,0.0,0.011466396199220618,5.83,5.802099236641221,0.15216837826213675,5.615,6.19,-0.34699999999999953,-0.0024716783216783456,17.49,17.406229007633588,0.45658296596282705,16.845,18.57,-1.0420000000000016,-0.0074179175786047115
batch_dist_ternary_acetone+butan-1-ol+methanol__operating_point_006__test_anormal_experiment_001,batch_dist_ternary_acetone+butan-1-ol+methanol,operating_point_006,test_anormal_experiment_001,0.2,262,21.78333333333333,0.5192997651223262,1.0,1.0,0.0,1.0,1.0,0.0,1.783480483132073e-18,1.0,1.0,0.0,1.0,1.0,0.0,1.783480483132073e-18,278.477,275.9966660305344,1.5135914219075188,273.189,278.477,5.265999999999963,0.01997535256259513,71.556,70.490213740458,0.6271847556133637,69.364,71.556,2.149000000000001,0.008277183542730817,60.763,59.645452290076335,0.646049043802846,58.589,60.763,2.1739999999999995,0.008537364912586169,66.803,66.0891106870229,0.4126284268738791,65.391,66.824,1.3909999999999911,0.005444225700112541,66.389,65.4005534351145,0.5575608420294019,64.5,66.389,1.8889999999999958,0.007359301744071972,61.475,60.559940839694654,0.5167213444748885,59.693,61.475,1.7820000000000036,0.006822205062969431,61.083,59.57227671755725,0.8605822172377643,58.145,61.104,2.9379999999999953,0.011371533800336417,52.315,50.60124427480916,0.6616116177155824,49.974,52.315,2.299999999999997,0.008086938027517922,49.235,48.905206106870224,0.16171795811836576,48.667,49.277,0.5050000000000026,0.002080395381213998,47.487,47.464597328244274,0.05543310624230719,47.319,47.571,0.14699999999999847,0.0002146057047231593,1.186,1.2124961832061067,0.029415845562636978,1.16,1.277,-0.08800000000000008,8.4939636239408e-05,0.074,0.08504198473282443,0.009259106960700402,0.069,0.105,-0.03,3.3731109947885173e-05,0.992,1.056324427480916,0.04882973704713215,0.951,1.269,-0.11299999999999999,-0.00015967680107933102,1.655,1.525982824427481,0.631695000121326,0.248,2.449,1.37,0.0067530613919812785,698.951,698.6857862595419,0.9293187770778775,696.887,700.396,1.6960000000000264,-0.00039447009435727943,5.469,5.121845419847328,0.4269695583724115,4.444,5.854,0.004999999999999893,-0.0003055902243636182,108.5,108.5,0.0,108.5,108.5,0.0,2.739713945761437e-16,21.000000000000004,21.65267175572519,0.7436579945555486,21.000000000000004,22.5,-1.4999999999999964,-0.00815804038885552,13.5,14.061068702290076,0.7258133125988004,13.5,15.0,-1.5,-0.0024561196312417265,13.5,13.5,0.0,13.5,13.5,0.0,2.3118014527483334e-17,10.500000000000002,10.431297709923664,0.3135816168922711,9.0,10.500000000000002,0.0,0.0007176193054606354,200.0,200.0,0.0,200.0,200.0,0.0,2.857280484185927e-16,1.0,1.0,0.0,1.0,1.0,0.0,1.783480483132073e-18,1.0,1.0,0.0,1.0,1.0,0.0,1.783480483132073e-18,1.0,1.0,0.0,1.0,1.0,0.0,1.783480483132073e-18,1.0,1.0,0.0,1.0,1.0,0.0,1.783480483132073e-18,0.0,1.9694656488549618,6.545132719043114,0.0,24.0,0.0,0.0017174821871274967,5.68,5.863200381679389,0.14937141486913416,5.615,6.19,-0.4969999999999999,0.0002649641640735965,17.04,17.590379770992367,0.4485809175083346,16.845,18.57,-1.4920000000000009,0.0008070156211477792
batch_dist_ternary_acetone+butan-1-ol+methanol__operating_point_006__test_anormal_experiment_001,batch_dist_ternary_acetone+butan-1-ol+methanol,operating_point_006,test_anormal_experiment_001,0.4,524,21.78333333333333,0.5192997651223262,1.0,1.0,0.0,1.0,1.0,0.0,-2.4457111482383417e-19,1.0,1.0,0.0,1.0,1.0,0.0,-2.4457111482383417e-19,282.696,278.31116030534355,2.6931074261066112,273.189,282.696,9.485000000000014,0.017771212345519274,74.005,71.58292938931298,1.2808100503149191,69.364,74.005,4.597999999999999,0.008456343425960775,63.579,60.87269751908397,1.4298965006999784,58.589,63.579,4.990000000000002,0.009434083270953691,68.552,66.84203435114503,0.879846214764614,65.391,68.552,3.1400000000000006,0.005803496604398289,68.725,66.44986545801525,1.2276538070646517,64.5,68.746,4.224999999999994,0.008095514281961107,63.491,61.51995038167939,1.105722174139678,59.693,63.512,3.798000000000002,0.007304839582060597,65.696,61.372199427480915,2.122416650897512,58.145,65.696,7.550999999999995,0.013926291840338896,58.656,53.05372423664122,2.8209177543817168,49.974,58.656,8.640999999999998,0.01812011682871446,51.215,49.4725286259542,0.7188567080193431,48.667,51.257,2.4850000000000065,0.004487080241288941,47.718,47.52811832061069,0.08329609724967273,47.319,47.718,0.3780000000000001,0.0004645387006845306,1.107,1.1955419847328246,0.03277817062048825,1.103,1.277,-0.16700000000000004,-0.00012084809764987414,0.047,0.08041412213740458,0.013105131055803299,0.005,0.171,-0.056999999999999995,-3.0325756738554352e-05,0.941,1.0363540076335878,0.06041406967850406,0.828,1.269,-0.16400000000000003,-0.00018915707342298055,1.393,1.6962872137404579,0.490277880317882,0.248,2.449,1.108,0.0016985845230623596,698.655,698.6859198473283,0.8943053532883684,696.734,700.485,1.3999999999999773,-0.00038699821306107675,4.554,5.116981870229007,0.405972180493384,4.444,5.941,-0.9100000000000001,-6.97460753016704e-05,108.5,108.5,0.0,108.5,108.5,0.0,-7.164236015267015e-17,22.5,21.412213740458014,0.6696270923914539,21.000000000000004,22.5,0.0,-0.002013590747115776,15.0,14.49618320610687,0.7084446548820467,13.5,15.0,0.0,0.0023702696672789946,16.5,13.995229007633588,0.8439706143801354,13.5,16.5,3.0,0.004261318498470559,12.0,10.603053435114504,0.4970046049055883,9.0,12.0,1.4999999999999982,0.0017144608635274487,200.0,200.0,0.0,200.0,200.0,0.0,1.1883751956777408e-17,1.0,1.0,0.0,1.0,1.0,0.0,-2.4457111482383417e-19,1.0,1.0,0.0,1.0,1.0,0.0,-2.4457111482383417e-19,1.0,1.0,0.0,1.0,1.0,0.0,-2.4457111482383417e-19,1.0,1.0,0.0,1.0,1.0,0.0,-2.4457111482383417e-19,0.0,1.8091603053435115,6.314426114660644,0.0,24.0,0.0,-0.0014477335896628616,5.267,5.771484732824427,0.16803428818868418,5.267,6.19,-0.9099999999999993,-0.0006596567491883724,15.802,17.314999999999998,0.5046486174549937,15.802,18.57,-2.7300000000000004,-0.0019791403091384274
batch_dist_ternary_acetone+butan-1-ol+methanol__operating_point_006__train_normal_experiment_001,batch_dist_ternary_acetone+butan-1-ol+methanol,operating_point_006,train_normal_experiment_001,0.1,234,38.98333333333333,0.5300619463814193,1.0,1.0,0.0,1.0,1.0,0.0,-6.877835190128664e-19,1.0,1.0,0.0,1.0,1.0,0.0,-6.877835190128664e-19,275.2,273.3480769230769,1.1824963356503189,271.1,275.2,4.099999999999966,0.017416159161205803,72.0,70.92606837606836,0.5648953571728862,70.0,72.0,2.0,0.008318406702115992,60.8,59.89358974358975,0.5154053446526484,59.0,60.8,1.7999999999999972,0.0076137292227148115,67.0,66.42350427350428,0.30912563827374134,66.0,67.0,1.0,0.004527627730988328,66.5,65.76452991452992,0.43821509710111967,65.1,66.5,1.4000000000000057,0.0064561250699503425,61.7,60.96367521367522,0.417876394210812,60.3,61.7,1.4000000000000057,0.0061582012180132,60.4,59.048717948717936,0.8278915021006634,57.6,60.4,2.799999999999997,0.012224243658815644,49.1,48.12735042735042,0.43048847858232486,47.6,49.2,1.5,0.006150099862089629,47.3,47.01410256410256,0.16671103945805874,46.7,47.3,0.5,0.002397767210113153,46.5,46.483333333333334,0.03726779962499702,46.4,46.5,0.10000000000000142,0.00035519528716499983,1.3,1.2713675213675215,0.04520430323109207,1.2,1.3,0.0,0.000303871090100659,0.1,0.1,0.0,0.1,0.1,0.0,2.9747316569442245e-21,1.1,1.0829059829059828,0.06575088740826293,0.9,1.3,0.0,-0.00017616936985031018,2.1,1.5794871794871796,0.6024222418934598,0.3,2.3,1.5,0.007843517393330194,699.5,698.9367521367521,0.7403046601540912,697.3,700.7,0.0,0.0007330556394573159,4.8,5.175854700854702,0.42171849818175067,4.5,5.9,-0.10000000000000053,-0.00042335438281013426,108.5,108.5,0.0,108.5,108.5,0.0,5.570302225909842e-17,22.5,23.641025641025642,0.6399991781717274,22.5,24.0,-1.5,-0.006947029775995211,15.0,14.26923076923077,0.7497534111391511,13.5,15.0,1.5,-0.003898484859127728,13.5,13.5,0.0,13.5,13.5,0.0,4.954577939548785e-18,10.500000000000002,10.500000000000002,0.0,10.500000000000002,10.500000000000002,0.0,2.3031875391362406e-17,200.0,200.0,0.0,200.0,200.0,0.0,-5.151960510815358e-16,1.0,1.0,0.0,1.0,1.0,0.0,-6.877835190128664e-19,1.0,1.0,0.0,1.0,1.0,0.0,-6.877835190128664e-19,1.0,1.0,0.0,1.0,1.0,0.0,-6.877835190128664e-19,1.0,1.0,0.0,1.0,1.0,0.0,-6.877835190128664e-19,0.0,2.2051282051282053,6.88804049833045,0.0,24.0,-24.0,-0.005445235068100555,6.2,6.101923076923076,0.12829644184007263,5.8,6.5,-0.2999999999999998,0.000787681256131627,18.6,18.302350427350426,0.37388699367359507,17.4,19.4,-0.7999999999999972,0.002306943049340975
batch_dist_ternary_acetone+butan-1-ol+methanol__operating_point_006__train_normal_experiment_001,batch_dist_ternary_acetone+butan-1-ol+methanol,operating_point_006,train_normal_experiment_001,0.2,468,38.98333333333333,0.5300619463814193,1.0,1.0,0.0,1.0,1.0,0.0,-1.749166444347236e-18,1.0,1.0,0.0,1.0,1.0,0.0,-1.749166444347236e-18,278.4,275.0831196581197,2.035447957426408,271.1,278.4,7.2999999999999545,0.015019778393487818,74.0,71.92200854700855,1.1468312601024708,70.0,74.0,4.0,0.008480009378088531,63.1,60.91175213675215,1.171911619767769,59.0,63.1,4.100000000000001,0.008658445542014866,68.4,67.02286324786324,0.7017391685598476,66.0,68.4,2.4000000000000057,0.005166161177858564,68.4,66.58643162393163,0.9686561053118655,65.1,68.4,3.3000000000000114,0.007142007409673481,63.3,61.72959401709403,0.8830408059639393,60.3,63.3,3.0,0.00652834590879913,63.0,60.384722222222216,1.5550227548314797,57.6,63.0,5.399999999999999,0.011500248910361223,54.4,49.91997863247863,2.119063200024311,47.6,54.4,6.799999999999997,0.015105406328360091,48.3,47.361324786324786,0.415524019465975,46.7,48.3,1.5,0.0030305270597385573,46.5,46.506837606837614,0.04788518270277316,46.4,46.6,0.10000000000000142,0.00022823969898016678,1.2,1.2643162393162395,0.04790663097985672,1.2,1.3,-0.10000000000000009,-3.790141698032599e-05,0.1,0.1,0.0,0.1,0.1,0.0,-1.1719226324580402e-19,1.0,1.068482905982906,0.06214854797569199,0.9,1.3,-0.10000000000000009,-0.00012993308160938973,1.8,1.7493589743589744,0.4746676923342863,0.3,2.3,1.2000000000000002,0.0020995394816865623,699.0,698.9032051282052,0.7976761313553324,697.2,700.7,-0.5,-0.00026117929854008024,5.9,5.18525641025641,0.44543810478443735,4.4,5.9,1.0,7.092101438356569e-05,108.5,108.5,0.0,108.5,108.5,0.0,-6.682359497128032e-17,22.5,23.07051282051282,0.7282062567705231,22.5,24.0,-1.5,-0.004525516989961369,15.0,14.634615384615385,0.6438718862608925,13.5,15.0,1.5,0.0018549158342696071,15.0,13.977564102564102,0.6987694053035645,13.5,15.0,1.5,0.004161224374398314,10.500000000000002,10.509615384615387,0.11971057305758384,10.500000000000002,12.0,0.0,0.00011932361160523869,200.0,200.0,0.0,200.0,200.0,0.0,-6.837562111326852e-17,1.0,1.0,0.0,1.0,1.0,0.0,-1.749166444347236e-18,1.0,1.0,0.0,1.0,1.0,0.0,-1.749166444347236e-18,1.0,1.0,0.0,1.0,1.0,0.0,-1.749166444347236e-18,1.0,1.0,0.0,1.0,1.0,0.0,-1.749166444347236e-18,0.0,2.2051282051282053,6.888040498330449,0.0,24.0,-24.0,-0.0008302605381450898,5.9,6.076388888888889,0.11759841103221985,5.8,6.5,-0.5999999999999996,-0.00014029182666723764,17.9,18.221688034188034,0.3440190018262118,17.4,19.4,-1.5,-0.0004443011897708387
batch_dist_ternary_acetone+butan-1-ol+methanol__operating_point_006__train_normal_experiment_001,batch_dist_ternary_acetone+butan-1-ol+methanol,operating_point_006,train_normal_experiment_001,0.4,936,38.98333333333333,0.5300619463814193,1.0,1.0,0.0,1.0,1.0,0.0,-1.2401401838060952e-18,1.0,1.0,0.0,1.0,1.0,0.0,-1.2401401838060952e-18,284.5,278.0544871794872,3.5264069680818877,271.1,284.6,13.399999999999977,0.013000050047259537,79.4,74.15641025641025,2.6249546381951756,70.0,79.4,9.400000000000006,0.00967274677457359,70.0,63.56848290598291,3.1187767513756848,59.0,70.0,11.0,0.011434977122402504,73.7,68.87083333333334,2.206582350225929,66.0,73.8,7.700000000000003,0.007997013798068438,74.1,68.72120726495727,2.5264914972400425,65.1,74.1,9.0,0.009246204737290126,69.0,63.75774572649573,2.4290744471738384,60.3,69.0,8.700000000000003,0.00885512296382402,69.4,63.117895299145296,3.22018180282787,57.6,69.4,11.800000000000004,0.011893284779686897,63.9,54.58424145299145,5.291225507698985,47.6,63.9,16.299999999999997,0.01945170410187046,56.9,49.42329059829059,2.7911312661020555,46.7,56.9,10.100000000000001,0.009359774090767858,47.7,46.70876068376068,0.28061128784225636,46.4,47.7,1.3000000000000043,0.0009049261576099098,1.1,1.1967948717948718,0.08210885400080457,1.1,1.3,-0.19999999999999996,-0.00025032995338727124,0.1,0.1,0.0,0.1,0.1,0.0,-1.37968930827798e-20,1.0,1.0433226495726495,0.06283684068144993,0.9,1.3,-0.10000000000000009,-0.0001130442474845778,2.0,1.7957264957264958,0.37284696166033593,0.3,2.3,1.4,0.000454903248550057,699.8,698.859188034188,0.8184035723212936,696.9,700.7,0.2999999999999545,-0.0003460375326157996,4.9,5.175747863247863,0.4484415993760948,4.4,6.0,0.0,1.1131856822103896e-05,108.5,108.5,0.0,108.5,108.5,0.0,-8.446453474742759e-17,27.0,23.52724358974359,1.0963494633520117,22.5,27.0,3.0,0.0019375642876804339,19.5,15.841346153846153,1.6412126483489555,13.5,19.5,6.0,0.005356055520849282,21.000000000000004,15.940705128205128,2.3862943625725426,13.5,21.000000000000004,7.5000000000000036,0.00841482110080263,16.5,12.076923076923077,1.8091238194448818,10.500000000000002,16.5,5.999999999999998,0.006147559515630322,200.0,200.0,0.0,200.0,200.0,0.0,5.125031555743664e-17,1.0,1.0,0.0,1.0,1.0,0.0,-1.2401401838060952e-18,1.0,1.0,0.0,1.0,1.0,0.0,-1.2401401838060952e-18,1.0,1.0,0.0,1.0,1.0,0.0,-1.2401401838060952e-18,1.0,1.0,0.0,1.0,1.0,0.0,-1.2401401838060952e-18,24.0,2.1025641025641026,6.762623037583491,0.0,24.0,0.0,-0.0004881802860332656,5.3,5.785630341880341,0.3401385207608676,5.1,6.5,-1.2000000000000002,-0.0011139328546259381,16.0,17.35229700854701,1.0158558985691415,15.3,19.4,-3.3999999999999986,-0.0033392771770887337
batch_dist_ternary_acetone+butan-1-ol+methanol__operating_point_007__test_anormal_experiment_001,batch_dist_ternary_acetone+butan-1-ol+methanol,operating_point_007,test_anormal_experiment_001,0.1,276,45.833333333333336,0.6291167676751996,1.0,1.0,0.0,1.0,1.0,0.0,-4.936697438867176e-18,1.0,1.0,0.0,1.0,1.0,0.0,-4.936697438867176e-18,331.203,330.2949311594203,0.4936909061757992,329.424,331.203,1.7789999999999964,0.006180097030579636,66.324,66.1586811594203,0.06602831907897469,66.047,66.324,0.23399999999999466,0.000607191678200824,55.926,55.73434782608696,0.09303269272446138,55.606,55.926,0.2980000000000018,0.0011347343787901762,61.518,61.61267391304349,0.08527246722885795,61.455,61.771,-0.2530000000000001,-0.0009779149840899277,61.404,61.3698079710145,0.023559385531202764,61.319,61.425,0.0,-2.313323154719656e-06,56.45,56.497012681159426,0.025946272917677735,56.429,56.556,-0.08499999999999375,-0.00011741741698905273,51.77,51.47578623188406,0.2381706540752099,51.096,51.791,0.6110000000000042,0.0028307298697221777,41.147,41.140050724637675,0.020358809460852428,41.085,41.189,-0.021000000000000796,0.00013354033190168026,40.656,40.66779347826087,0.021524272468379523,40.635,40.74,0.0,6.507869465333243e-05,40.829,40.821277173913046,0.016765869207235377,40.766,40.871,0.021000000000000796,-5.193889927368079e-05,0.186,0.20304528985507247,0.07767773410936533,0.004,1.178,0.0040000000000000036,0.00011579443786475679,0.562,0.5249021739130434,0.02414643271097011,0.477,0.562,0.051000000000000045,0.0002913131947318088,0.69,0.7167572463768116,0.0442728175636728,0.515,0.813,-0.06600000000000006,7.797548550959602e-06,2.19,1.9340851449275358,0.2703855657452609,1.083,2.26,1.0939999999999999,0.0027688835775745205,599.471,598.8870289855073,0.6940842164479472,597.407,600.387,0.58299999999997,-0.000821198898419641,5.854,5.48741847826087,0.3646570153242914,4.869,6.381,0.0,0.0002912265806709415,140.0,140.0,0.0,140.0,140.0,0.0,-2.978517613588124e-16,15.0,14.380434782608695,0.7385707599721385,13.5,15.0,0.0,-0.0025273611963300053,9.0,9.21195652173913,0.5225028377922419,9.0,10.500000000000002,0.0,-8.861174926158723e-05,9.0,8.744565217391305,0.5638308662592816,7.5,9.0,0.0,0.0029584338123028876,6.0,6.0,0.0,6.0,6.0,0.0,-1.1338175172671605e-17,0.0,0.0,0.0,0.0,0.0,0.0,0.0,1.0,1.0,0.0,1.0,1.0,0.0,-4.936697438867176e-18,1.0,1.0,0.0,1.0,1.0,0.0,-4.936697438867176e-18,1.0,1.0,0.0,1.0,1.0,0.0,-4.936697438867176e-18,1.0,1.0,0.0,1.0,1.0,0.0,-4.936697438867176e-18,0.0,1.9565217391304348,7.407271755391661,0.0,30.0,0.0,-0.003475977797120479,12.152,11.396710144927537,0.3470737549086013,10.744,12.176,1.3759999999999994,0.004182993964127207,3.038,2.849152173913043,0.08680904432392701,2.686,3.044,0.34399999999999986,0.001046241920063922
batch_dist_ternary_acetone+butan-1-ol+methanol__operating_point_007__test_anormal_experiment_001,batch_dist_ternary_acetone+butan-1-ol+methanol,operating_point_007,test_anormal_experiment_001,0.2,551,45.833333333333336,0.6291167676751996,1.0,1.0,0.0,1.0,1.0,0.0,8.1178095845428e-19,1.0,1.0,0.0,1.0,1.0,0.0,8.1178095845428e-19,332.458,331.04806987295825,0.8716724506775588,329.424,332.504,3.0340000000000487,0.0054615390630043704,66.515,66.24305081669692,0.10822419156121599,66.047,66.536,0.42499999999999716,0.0006224769194348764,56.267,55.89697005444646,0.1896317606274165,55.606,56.267,0.6390000000000029,0.001184299943329792,61.666,61.59194646098005,0.06774423007822017,61.455,61.771,-0.10500000000000398,-0.00020211616679703117,61.616,61.415544464609795,0.05858999872250399,61.319,61.616,0.2119999999999962,0.0003106280711318035,56.556,56.49910254083485,0.024844889283104306,56.429,56.556,0.021000000000000796,4.789531071640279e-06,52.213,51.69993103448276,0.2920338526709303,51.096,52.213,1.054000000000002,0.0017149446568580622,41.189,41.150760435571684,0.0219222507312607,41.085,41.21,0.021000000000000796,7.995807120358255e-05,40.677,40.67337931034483,0.023873731060165906,40.635,40.74,0.021000000000000796,4.7256515283024186e-05,40.85,40.81878584392014,0.019294744570128003,40.766,40.871,0.04200000000000159,-8.43672661280334e-06,0.193,0.20265426497277678,0.05595845924054635,0.004,1.178,0.01100000000000001,1.3684892003758778e-05,0.549,0.5432767695099818,0.025473787910471286,0.477,0.577,0.038000000000000034,0.0001315964864457723,0.754,0.7232976406533574,0.04513792508727938,0.515,0.886,-0.0020000000000000018,3.871695731081756e-05,1.837,1.9775499092558981,0.20393303577584976,1.083,2.26,0.7409999999999999,0.000519049841108149,598.43,598.8978684210526,0.733614961306585,597.102,600.602,-0.4580000000000837,0.00023834322073411384,5.854,5.490951905626135,0.3636377457290058,4.554,6.387,0.0,0.00011055787895525574,140.0,140.0,0.0,140.0,140.0,0.0,-2.390609230204066e-16,15.0,14.357531760435572,0.7422512515972114,13.5,15.0,0.0,-5.326284226308731e-05,9.0,9.17967332123412,0.48706003684133337,9.0,10.500000000000002,0.0,-3.873661255506776e-06,9.0,8.872050816696914,0.41899019254238096,7.5,9.0,0.0,0.0010671936758893212,6.0,6.0,0.0,6.0,6.0,0.0,5.7417750626882436e-18,0.0,0.0,0.0,0.0,0.0,0.0,0.0,1.0,1.0,0.0,1.0,1.0,0.0,8.1178095845428e-19,1.0,1.0,0.0,1.0,1.0,0.0,8.1178095845428e-19,1.0,1.0,0.0,1.0,1.0,0.0,8.1178095845428e-19,1.0,1.0,0.0,1.0,1.0,0.0,8.1178095845428e-19,0.0,1.9600725952813067,7.413520977219017,0.0,30.0,0.0,-0.0006864988558352446,11.76,11.700326678765881,0.3991940819445703,10.744,12.352,0.984,0.0021437630467062816,2.94,2.925130671506352,0.09987066583388955,2.686,3.088,0.246,0.0005362683729905355
batch_dist_ternary_acetone+butan-1-ol+methanol__operating_point_007__test_anormal_experiment_001,batch_dist_ternary_acetone+butan-1-ol+methanol,operating_point_007,test_anormal_experiment_001,0.4,1101,45.833333333333336,0.6291167676751996,1.0,1.0,0.0,1.0,1.0,0.0,6.918590420176932e-20,1.0,1.0,0.0,1.0,1.0,0.0,6.918590420176932e-20,334.741,332.40575613079017,1.5576183972799835,329.424,334.787,5.317000000000007,0.00487902724211192,66.982,66.46818119891007,0.2638407227404798,66.047,67.004,0.8919999999999959,0.0008081263062587522,56.906,56.21799772933696,0.37761525569022386,55.606,56.906,1.2779999999999987,0.0011852031008992637,61.834,61.655702543142596,0.09295389329515825,61.455,61.855,0.06300000000000239,0.00019784443084764564,62.04,61.60333878292461,0.2103880980520755,61.319,62.04,0.6359999999999957,0.0006441326351933485,56.98,56.55244005449591,0.10603672501263382,56.429,56.98,0.4450000000000003,0.00022822766002499127,52.656,52.05181607629428,0.4296676746412891,51.096,52.762,1.4969999999999999,0.0013048574730925612,41.231,41.175558583106266,0.040704278679350704,41.085,41.293,0.06300000000000239,0.00010177367517434757,40.656,40.671621253405995,0.02471314194522909,40.635,40.74,0.0,3.333642032606345e-06,40.787,40.81108991825612,0.02255565521731047,40.745,40.871,-0.021000000000000796,-2.4157504966526502e-05,0.207,0.20687602179836515,0.05402979067728911,0.004,1.178,0.024999999999999994,1.6955412884538407e-05,0.571,0.5544373297002725,0.026960397096106762,0.477,0.613,0.05999999999999994,5.434677059342657e-05,0.758,0.7337733878292462,0.04540276622612341,0.515,0.894,0.0020000000000000018,3.926835123564374e-05,1.89,2.003420526793824,0.17592887335411952,1.083,2.277,0.7939999999999998,0.0001477598592331277,597.031,598.7205240690282,0.8558170847100078,596.357,600.62,-1.8570000000000846,-0.0005069434095782399,5.854,5.490424613987285,0.3703327617752799,4.55,6.387,0.0,5.231989757175475e-06,140.0,140.0,0.0,140.0,140.0,0.0,-8.513233076171798e-17,15.0,14.239782016348775,0.7499303919765509,13.5,15.0,0.0,-0.00019553252199371098,9.0,9.092643051771118,0.36108425971677327,9.0,10.500000000000002,0.0,-0.00023098948159650835,9.0,8.935967302452315,0.3032307041945006,7.5,9.0,0.0,0.00030808038349441376,6.0,6.1348773841961854,0.4290969209009458,6.0,7.5,0.0,0.0005357790708181594,0.0,0.0,0.0,0.0,0.0,0.0,0.0,1.0,1.0,0.0,1.0,1.0,0.0,6.918590420176932e-20,1.0,1.0,0.0,1.0,1.0,0.0,6.918590420176932e-20,1.0,1.0,0.0,1.0,1.0,0.0,6.918590420176932e-20,1.0,1.0,0.0,1.0,1.0,0.0,6.918590420176932e-20,0.0,1.880108991825613,7.271070067990328,0.0,30.0,0.0,-0.00016426997640248635,12.24,11.935244323342417,0.4344106171194952,10.744,12.912,1.4640000000000004,0.0010183553131716738,3.06,2.983900999091735,0.10870330679921175,2.686,3.228,0.3660000000000001,0.00025482790539595526
batch_dist_ternary_acetone+butan-1-ol+methanol__operating_point_007__train_normal_experiment_001,batch_dist_ternary_acetone+butan-1-ol+methanol,operating_point_007,train_normal_experiment_001,0.1,296,49.21666666666667,0.7672313093097739,1.0,1.0,0.0,1.0,1.0,0.0,3.843170194949369e-18,1.0,1.0,0.0,1.0,1.0,0.0,3.843170194949369e-18,325.254,323.6164527027027,0.9305431170533688,321.931,325.254,3.323000000000036,0.010881224521903921,65.622,65.68807601351351,0.06520329538222962,65.559,65.856,0.06300000000000239,-0.0003539040195817757,55.074,54.91062837837838,0.10690050662316292,54.734,55.095,0.3399999999999963,0.0012213745332391032,61.623,61.656547297297294,0.04664536410722214,61.539,61.75,0.041999999999994486,0.00033324032815567635,61.213,61.06314864864864,0.12041004632060599,60.789,61.234,0.4029999999999987,0.0013134443380209279,56.302,56.184288851351354,0.09231978524308394,56.026,56.365,0.232999999999997,0.0010278373519900996,51.243,51.56610304054054,0.21077628885493205,51.222,52.002,-0.7379999999999995,-0.0021651673630485478,43.107,42.812959459459464,0.1687586285433008,42.585,43.107,0.5219999999999985,0.0019436589902693188,43.051,42.82860135135135,0.23265110942007272,42.483,43.072,0.568000000000005,0.0025092216253234678,42.718,43.45934628378379,0.3561240353686772,42.718,43.893,-1.0489999999999995,-0.0037475805929194643,0.213,0.2223935810810811,0.10806398095141485,0.004,1.2,-0.144,-3.969088502986733e-05,0.425,0.4684797297297297,0.12686098316100028,0.014,0.629,0.411,0.0002470108783668117,0.681,0.7156418918918919,0.03554902593699852,0.617,0.841,-0.05899999999999994,1.8316930181341127e-05,1.952,3.027748310810811,1.4588108350166624,1.663,5.594,-2.5730000000000004,-0.015348632569395258,598.385,598.9019881756758,0.7816109603072005,597.264,601.006,-0.6639999999999873,0.002185133631321448,5.464,5.059185810810812,0.41650224189236923,4.382,5.859,0.5860000000000003,0.0004803335693166273,140.0,140.0,0.0,140.0,140.0,0.0,8.57486450639566e-16,19.5,19.0464527027027,0.6875430584497418,18.0,19.5,0.0,0.003397291744749446,10.500000000000002,10.91554054054054,0.6712949202683461,10.500000000000002,12.0,-1.4999999999999982,-0.006050195033245813,9.0,9.899493243243244,0.7336562085791818,9.0,10.500000000000002,-1.5000000000000018,-0.00725457738169598,6.0,6.9983108108108105,0.707701731829503,6.0,7.5,-1.5,-0.0067682088868529265,0.0,0.0,0.0,0.0,0.0,0.0,0.0,1.0,1.0,0.0,1.0,1.0,0.0,3.843170194949369e-18,1.0,1.0,0.0,1.0,1.0,0.0,3.843170194949369e-18,1.0,1.0,0.0,1.0,1.0,0.0,3.843170194949369e-18,1.0,1.0,0.0,1.0,1.0,0.0,3.843170194949369e-18,0.0,2.498310810810811,8.093154672440487,0.0,29.0,0.0,0.0062094837518566395,10.632,11.073081081081083,1.5625500360140407,5.072,13.2,5.56,0.0016844116844117146,2.658,2.7681824324324324,0.390566515724139,1.268,3.3,1.39,0.00042158738090941703
batch_dist_ternary_acetone+butan-1-ol+methanol__operating_point_007__train_normal_experiment_001,batch_dist_ternary_acetone+butan-1-ol+methanol,operating_point_007,train_normal_experiment_001,0.2,591,49.21666666666667,0.7672313093097739,1.0,0.9983079526226735,0.04109968799150972,0.0,1.0,0.0,-1.5986476022611576e-05,1.0,1.0,0.0,1.0,1.0,0.0,8.787348324193866e-19,328.421,325.26263028764805,1.8906452593126768,321.931,328.421,6.490000000000009,0.011078052254267794,65.962,65.74067597292724,0.10155043589342436,65.559,65.962,0.4030000000000058,0.000365366491416159,55.543,55.10570558375634,0.22952272363005974,54.734,55.543,0.8089999999999975,0.0013367187845162007,61.434,61.57080879864636,0.10477136815072279,61.35,61.75,-0.14700000000000557,-0.0004878374018431293,61.319,61.17141962774958,0.14163751326773227,60.789,61.362,0.5090000000000003,0.0007187543744811976,56.111,56.18694247038917,0.07994739751145646,56.026,56.365,0.041999999999994486,5.4348699340371944e-05,51.77,51.575235194585446,0.1998204748750158,51.222,52.002,-0.21099999999999852,2.9079748680999426e-05,42.919,42.940871404399324,0.180501131824914,42.585,43.148,0.3339999999999961,0.0008295223415362966,42.273,42.74417343485617,0.2448954556910995,42.231,43.072,-0.20999999999999375,-0.0004430811113100214,41.836,42.83447546531303,0.6954432528438015,41.836,43.893,-1.9310000000000045,-0.0039926293916303125,0.164,0.2049103214890017,0.09475799389052736,0.004,1.228,-0.19299999999999998,-9.986277790308604e-05,0.501,0.47284771573604056,0.0996261989477605,0.004,1.31,0.487,8.725755782453818e-05,0.731,0.7189805414551608,0.03744326845147869,0.591,0.858,-0.009000000000000008,3.523672192367889e-05,2.043,2.560175126903553,1.1355132724540917,1.663,5.594,-2.482,-0.004288154253797809,599.839,598.8569441624365,0.8117834178678097,596.986,601.176,0.7900000000000773,0.0002237819177263977,5.329,5.0745101522842635,0.4129649273241102,4.382,5.871,0.4509999999999996,0.0001301166605821153,140.0,140.0,0.0,140.0,140.0,0.0,6.676133877415404e-17,18.0,19.048223350253807,0.6867745482062527,18.0,19.5,-1.5,-0.00010071479894246545,9.0,10.352791878172589,0.9074731036469706,9.0,12.0,-3.0,-0.003625209568167492,9.0,9.450507614213198,0.6869152307279147,9.0,10.500000000000002,-1.5000000000000018,-0.0031944031056781565,7.5,6.583756345177665,0.731343316938982,6.0,7.5,0.0,-0.0026084696931294106,0.0,0.0,0.0,0.0,0.0,0.0,0.0,1.0,1.0,0.0,1.0,1.0,0.0,8.787348324193866e-19,1.0,1.0,0.0,1.0,1.0,0.0,8.787348324193866e-19,1.0,1.0,0.0,1.0,1.0,0.0,8.787348324193866e-19,1.0,1.0,0.0,1.0,1.0,0.0,8.787348324193866e-19,0.0,2.257191201353638,7.723478931001327,0.0,29.0,0.0,-0.0008589388235348872,11.648,11.151790186125211,1.1330115284015552,5.072,13.2,6.576,0.0010448597956986487,2.912,2.7879306260575296,0.28323984370502076,1.268,3.3,1.644,0.0002618047626909382
batch_dist_ternary_acetone+butan-1-ol+methanol__operating_point_007__train_normal_experiment_001,batch_dist_ternary_acetone+butan-1-ol+methanol,operating_point_007,train_normal_experiment_001,0.4,1182,49.21666666666667,0.7672313093097739,1.0,0.9983079526226735,0.04109968799150972,0.0,1.0,0.0,-4.5052699323269186e-07,1.0,1.0,0.0,1.0,1.0,0.0,-9.688444322797934e-19,330.815,327.4795308798646,2.6184467528928477,321.931,330.838,8.884000000000015,0.007398076660662854,66.77,66.01775423011846,0.3335763482014252,65.559,66.812,1.2109999999999985,0.0009226738521991765,56.586,55.574122250423024,0.5416317461747504,54.734,56.607,1.8519999999999968,0.001580963962523829,61.876,61.56180795262267,0.13726343718875292,61.329,61.939,0.2949999999999946,2.949805505134006e-05,61.913,61.35901692047378,0.24064432801771674,60.789,61.934,1.1029999999999944,0.0006736010231264865,56.81,56.30797715736041,0.18866465110890454,56.026,56.874,0.7409999999999997,0.00044768799011766467,52.087,51.76665482233503,0.24539035198151424,51.222,52.129,0.10600000000000165,0.0005358559010630339,42.085,42.6878100676819,0.332731658050748,42.064,43.148,-0.5,-0.0007171256021043566,41.412,42.250430626057536,0.550966423130643,41.37,43.072,-1.070999999999998,-0.0014850938330190364,41.185,42.14216032148901,0.860098400633605,41.164,43.893,-2.5820000000000007,-0.002394663718858891,0.182,0.19942935702199663,0.07672877469206472,0.004,1.228,-0.175,-2.2541883759668738e-05,0.525,0.49038240270727584,0.07554397848445067,0.004,1.31,0.511,5.9938550806751596e-05,0.694,0.7305757191201354,0.038795970201038775,0.568,0.858,-0.04600000000000004,3.4777066945088134e-05,2.003,2.2907241962774956,0.8487290177117257,1.663,5.594,-2.5220000000000002,-0.001216041045566916,598.26,598.8491404399323,0.8012538237602984,596.582,601.176,-0.7889999999999873,8.167754278163223e-05,4.883,5.061869712351947,0.41330474281853613,4.382,5.871,0.004999999999999893,-1.3016509623431897e-05,140.0,140.0,0.0,140.0,140.0,0.0,-9.274834260808782e-17,18.0,18.945431472081218,0.7234326251078409,18.0,19.5,-1.5,-0.00022095624056385523,9.0,9.921319796954315,0.9194195279024069,9.0,12.0,-3.0,-0.0014809512591159551,9.0,9.488578680203046,0.7022870616107587,9.0,10.500000000000002,-1.5000000000000018,-0.00018075215634118837,6.0,6.62753807106599,0.7389691542866604,6.0,7.5,-1.5,-5.9510437531437904e-05,0.0,0.0,0.0,0.0,0.0,0.0,0.0,1.0,1.0,0.0,1.0,1.0,0.0,-9.688444322797934e-19,1.0,1.0,0.0,1.0,1.0,0.0,-9.688444322797934e-19,1.0,1.0,0.0,1.0,1.0,0.0,-9.688444322797934e-19,1.0,1.0,0.0,1.0,1.0,0.0,-9.688444322797934e-19,0.0,2.036379018612521,7.36183714232745,0.0,29.0,0.0,-0.0007269144037334647,12.032,11.447231810490694,0.8627035567362358,5.072,13.2,6.96,0.0009536970628375883,3.008,2.8617808798646363,0.21567073247412674,1.268,3.3,1.74,0.00023854730317793613
batch_dist_ternary_acetone+butan-1-ol+methanol__operating_point_009__test_anormal_experiment_001,batch_dist_ternary_acetone+butan-1-ol+methanol,operating_point_009,test_anormal_experiment_001,0.1,242,40.16666666666666,0.7855672802662063,1.0,1.0,0.0,1.0,1.0,0.0,-1.5883923223123971e-18,1.0,1.0,0.0,1.0,1.0,0.0,-1.5883923223123971e-18,312.12,309.8511776859504,1.4371976223254004,307.136,312.165,4.9839999999999804,0.020536435650354578,59.551,59.47181611570249,0.1276001966880533,59.169,59.636,0.382000000000005,0.0016645936713206052,48.906,48.56249380165289,0.18314968408316254,48.269,48.927,0.6370000000000005,0.0026064388806120295,55.402,55.4053409090909,0.038160931787315076,55.276,55.486,0.08400000000000318,0.00011498678473399126,54.882,54.604270661157024,0.15047123666951168,54.311,54.882,0.5499999999999972,0.0021305771152998676,49.974,49.61844008264464,0.18670458148838628,49.339,49.995,0.6129999999999995,0.002630536260801483,45.366,45.04686157024793,0.12703434839410346,44.882,45.366,0.44200000000000017,0.0016464191349768796,35.526,35.536004132231405,0.03387004185103258,35.484,35.63,-0.06199999999999761,-0.00040746879499542303,35.033,35.163772727272736,0.08221291145505852,35.012,35.306,-0.27299999999999613,-0.0011464627413325906,34.436,34.608983471074374,0.11436211759875121,34.415,34.792,-0.35600000000000165,-0.0016129906297139775,0.371,0.3707789256198347,0.07641455073567445,0.052,0.955,0.020000000000000018,-4.460316311190346e-05,0.825,0.7665578512396695,0.0781827613601312,0.005,1.072,0.052999999999999936,0.0005257542100242953,0.701,0.7165557851239669,0.06465792048472,0.54,0.85,0.08599999999999997,-2.481476824491964e-05,2.13,1.9674855371900826,0.2672395016405848,1.371,2.354,0.6909999999999998,0.0033854334027224767,449.651,449.13119214876036,0.529367310320421,447.937,450.512,0.8620000000000232,0.0010859322509645772,6.387,5.693648760330578,0.3294794363002707,4.873,6.387,0.9179999999999993,0.00019845167801913431,140.0,140.0,0.0,140.0,140.0,0.0,-1.2029998283110862e-16,16.5,16.115702479338843,0.65479897419393,15.0,16.5,0.0,-0.0034025658318378787,10.500000000000002,10.500000000000002,0.0,10.500000000000002,10.500000000000002,0.0,-1.580607478403974e-17,9.0,9.21694214876033,0.527588217487604,9.0,10.500000000000002,-1.5000000000000018,-0.004566601511150756,6.0,7.382231404958677,0.4034643114130127,6.0,7.5,-1.5,-0.002644958322061314,100.0,100.0,0.0,100.0,100.0,0.0,-1.8465549111576575e-16,1.0,1.0,0.0,1.0,1.0,0.0,-1.5883923223123971e-18,1.0,1.0,0.0,1.0,1.0,0.0,-1.5883923223123971e-18,1.0,1.0,0.0,1.0,1.0,0.0,-1.5883923223123971e-18,1.0,1.0,0.0,1.0,1.0,0.0,-1.5883923223123971e-18,38.0,2.041322314049587,8.56756973383045,0.0,38.0,38.0,-0.00043437010619206307,15.488,14.943380165289257,0.41093829604978804,14.28,15.66,0.6600000000000001,0.0054030742904123946,5.162,4.981365702479339,0.13722854324038572,4.76,5.26,0.2190000000000003,0.0018026729849312483
batch_dist_ternary_acetone+butan-1-ol+methanol__operating_point_009__test_anormal_experiment_001,batch_dist_ternary_acetone+butan-1-ol+methanol,operating_point_009,test_anormal_experiment_001,0.2,483,40.16666666666666,0.7855672802662063,1.0,1.0,0.0,1.0,1.0,0.0,1.1215024755117891e-18,1.0,1.0,0.0,1.0,1.0,0.0,1.1215024755117891e-18,315.705,311.9234917184265,2.424211026364144,307.136,315.705,8.56899999999996,0.017318938753176267,59.848,59.61660766045549,0.18606464626957162,59.169,59.933,0.679000000000002,0.0012822002223253893,49.586,48.900711180124226,0.38719175400279143,48.269,49.586,1.3170000000000002,0.0027731676954734713,55.528,55.428413043478265,0.055426342068416005,55.276,55.591,0.21000000000000085,0.0002532588940261864,55.284,54.87935817805383,0.3129212640013061,54.311,55.326,0.9519999999999982,0.002225622220267312,50.249,49.8857950310559,0.30316973226092486,49.339,50.312,0.8880000000000052,0.0021151991694856186,45.808,45.30719151138716,0.2969316239588256,44.882,45.808,0.8840000000000003,0.0020990146586066212,35.443,35.49446169772257,0.05237044631094187,35.401,35.63,-0.14500000000000313,-0.0003529100383157981,34.677,34.9982049689441,0.18947229325998502,34.656,35.306,-0.6289999999999978,-0.0013500125454719702,34.184,34.43732298136646,0.19733675862381797,34.142,34.792,-0.6080000000000041,-0.0014010841715973007,0.409,0.3736128364389234,0.06727019927874626,0.019,0.955,0.057999999999999996,5.8922184207157255e-06,0.808,0.7993467908902693,0.06491619318578948,0.005,1.072,0.03600000000000003,0.00026157000298833644,0.654,0.7227049689440994,0.06401412253723615,0.54,0.865,0.039000000000000035,6.442248975009459e-05,1.86,1.9930900621118013,0.20869087827589758,1.371,2.354,0.42100000000000004,0.0004124484203248613,450.234,449.13639440993785,0.5116532981877377,447.937,450.512,1.4449999999999932,0.0003901964484601529,5.854,5.694341614906833,0.3502412083167672,4.873,6.399,0.3849999999999998,3.3338154145812357e-06,140.0,140.0,0.0,140.0,140.0,0.0,1.2246626702759834e-16,16.5,16.30745341614907,0.5017426519877831,15.0,16.5,0.0,0.0007655080884215146,10.500000000000002,10.085403726708075,0.6699550312051133,9.0,10.500000000000002,0.0,-0.0033912711204299173,9.0,9.166149068322982,0.46952475260265664,9.0,10.500000000000002,-1.5000000000000018,-0.000867666356899268,6.0,6.729813664596273,0.749728292025163,6.0,7.5,-1.5,-0.004179623043710419,100.0,100.0,0.0,100.0,100.0,0.0,9.278422417250386e-17,1.0,1.0,0.0,1.0,1.0,0.0,1.1215024755117891e-18,1.0,1.0,0.0,1.0,1.0,0.0,1.1215024755117891e-18,1.0,1.0,0.0,1.0,1.0,0.0,1.1215024755117891e-18,1.0,1.0,0.0,1.0,1.0,0.0,1.1215024755117891e-18,0.0,1.8881987577639752,8.257497093321295,0.0,38.0,0.0,-0.0015499728323437156,15.292,15.300178053830228,0.47880310723908476,14.28,16.005,0.4640000000000004,0.002741246711073558,5.097,5.100054865424431,0.15957084199515897,4.76,5.335,0.1540000000000008,0.0009118066097384835
batch_dist_ternary_acetone+butan-1-ol+methanol__operating_point_009__test_anormal_experiment_001,batch_dist_ternary_acetone+butan-1-ol+methanol,operating_point_009,test_anormal_experiment_001,0.4,965,40.16666666666666,0.7855672802662063,1.0,1.0,0.0,1.0,1.0,0.0,1.7074630868476553e-19,1.0,1.0,0.0,1.0,1.0,0.0,1.7074630868476553e-19,383.743,329.78851502590675,25.182590142807175,307.136,383.743,76.60699999999997,0.07974253635718576,53.724,58.41386062176166,2.178845220050515,53.576,60.209,-5.445,-0.005792595028643329,53.691,50.07736373056994,1.5289147798680724,48.269,53.691,5.422000000000004,0.005175111566351672,50.786,54.71747979274611,1.37571207882117,50.786,55.801,-4.5319999999999965,-0.003610805040412745,55.263,54.74178549222798,0.63977503269346,53.338,55.686,0.9309999999999974,-0.0006465977120134177,50.693,49.965543523316065,0.39412108245994665,49.255,50.693,1.3320000000000007,0.00029198695268926135,49.452,46.38506373056995,1.371128884328897,44.882,49.452,4.527999999999999,0.0046366984692584965,37.482,35.89611968911917,0.6716518327073769,35.38,37.503,1.8939999999999984,0.0018667853894583533,36.438,35.17824974093264,0.49524263947674313,34.551,36.48,1.132000000000005,0.0009327976697358354,36.216,34.652466839378235,0.5708429631147951,34.038,36.258,1.4239999999999995,0.0011164740158798982,0.354,0.36599637305699484,0.0880751943195874,0.004,0.955,0.0030000000000000027,-5.8977856944105625e-06,0.792,0.8134222797927461,0.21804273206593522,0.005,1.25,0.020000000000000018,0.00016423669528663987,1.027,0.7102062176165803,0.0964048893031287,0.374,1.028,0.4119999999999999,-1.5008373402053256e-05,2.017,2.5607844559585495,1.4943850133436525,0.761,6.166,0.5779999999999998,0.0012109495513153601,491.557,457.8934911917098,14.423609053446505,447.937,494.76,42.76800000000003,0.04142947155538204,5.854,5.704355440414507,0.3678357408802263,4.873,6.399,0.3849999999999998,2.438849772358517e-05,210.0,167.7098445595855,34.232347767201055,140.0,210.0,70.0,0.1040877772366586,15.0,11.599740932642487,6.84778716462881,0.0,16.5,-1.5,-0.015080296125053117,15.0,9.498963730569947,3.8776126360379544,0.0,15.0,4.499999999999998,0.00034936135533069924,4.5,5.7878238341968915,4.379458578462433,0.0,10.500000000000002,-6.000000000000002,-0.012723772008974175,12.0,6.587564766839378,3.116432425780817,0.0,12.0,4.5,0.0013350705533068784,100.0,100.0,0.0,100.0,100.0,0.0,3.1824422330810004e-17,1.0,1.0,0.0,1.0,1.0,0.0,1.7074630868476553e-19,1.0,1.0,0.0,1.0,1.0,0.0,1.7074630868476553e-19,1.0,1.0,0.0,1.0,1.0,0.0,1.7074630868476553e-19,1.0,1.0,0.0,1.0,1.0,0.0,1.7074630868476553e-19,35.0,5.611917098445596,10.396842782693678,0.0,38.0,35.0,0.019252655338592977,15.315,15.44899792746114,3.0093617601781686,0.368,21.675,0.4870000000000001,0.00186469617857454,5.105,5.149793264248704,1.0030508020062627,0.123,7.225,0.1620000000000008,0.0006217356184265891
batch_dist_ternary_acetone+butan-1-ol+methanol__operating_point_009__train_normal_experiment_001,batch_dist_ternary_acetone+butan-1-ol+methanol,operating_point_009,train_normal_experiment_001,0.1,379,63.016666666666666,0.5931918328504562,1.0,1.0,0.0,1.0,1.0,0.0,2.0584594107230257e-19,1.0,1.0,0.0,1.0,1.0,0.0,2.0584594107230257e-19,318.657,315.7407598944591,1.887999133640959,311.939,318.657,6.717999999999961,0.017144401681425028,59.954,59.52177440633246,0.2630303561127204,58.979,59.997,0.9750000000000014,0.0023668354042539314,49.565,49.06896965699208,0.3104726561027248,48.587,49.565,0.9779999999999944,0.002829428121755491,55.675,55.56249208443272,0.051842680541561575,55.486,55.717,0.16799999999999926,0.0003735245104847774,55.305,55.042912928759904,0.1587296711821259,54.755,55.326,0.5499999999999972,0.0014020563722411709,50.312,50.10010686015831,0.10130283789771607,49.826,50.333,0.4649999999999963,0.0008579290133866377,45.956,45.577021108179416,0.2721680706059167,45.009,45.977,0.9470000000000027,0.0024214233913720518,34.777,34.85865435356201,0.04212352172634162,34.777,34.923,-0.08299999999999841,0.00010702856525657537,33.943,34.046642480211084,0.05075230361353808,33.901,34.153,-0.18900000000000006,-0.00031502337638290585,33.786,33.940120052770446,0.058659549191439474,33.786,34.08,-0.27299999999999613,-0.0004545595519140522,0.458,0.38665039577836413,0.08245195174651149,0.004,1.352,0.09000000000000002,0.00013088140315608762,0.948,0.8821121372031662,0.09089491285272022,0.004,1.807,0.1479999999999999,0.00046782710955048146,0.616,0.6732044854881266,0.07597741127950647,0.476,0.865,0.030000000000000027,-0.00010346082885313505,2.242,2.021708443271768,0.34301234442036255,0.737,2.604,1.4649999999999999,0.0012849563442467234,446.169,448.31274802110823,0.8528710772264677,446.016,450.297,-3.6520000000000437,-0.0021429150051910516,4.873,5.478290237467018,0.34267259223926155,4.869,6.381,-0.5960000000000001,0.00016964090084490102,140.0,140.0,0.0,140.0,140.0,0.0,5.608692966301458e-18,16.5,17.606200527704484,0.6588907460251744,16.5,18.0,-1.5,-0.0007298920123527846,9.0,9.696569920844327,0.7480943968787762,9.0,10.500000000000002,-1.5000000000000018,-0.0021577690929169844,9.0,9.0,0.0,9.0,9.0,0.0,1.0886544751675147e-18,6.0,6.316622691292876,0.6121144568606186,6.0,7.5,-1.5,0.0009853128864377295,100.0,100.0,0.0,100.0,100.0,0.0,9.38347021653233e-17,1.0,1.0,0.0,1.0,1.0,0.0,2.0584594107230257e-19,1.0,1.0,0.0,1.0,1.0,0.0,2.0584594107230257e-19,1.0,1.0,0.0,1.0,1.0,0.0,2.0584594107230257e-19,1.0,1.0,0.0,1.0,1.0,0.0,2.0584594107230257e-19,0.0,0.683377308707124,4.981762326336713,0.0,37.0,0.0,-0.0006279991976422994,17.587,16.61311081794195,0.7263354497809988,14.94,17.64,2.616999999999999,0.005498794038746848,5.863,5.537695250659631,0.2420962599470428,4.98,5.88,0.8730000000000002,0.0018328555557759823
batch_dist_ternary_acetone+butan-1-ol+methanol__operating_point_009__train_normal_experiment_001,batch_dist_ternary_acetone+butan-1-ol+methanol,operating_point_009,train_normal_experiment_001,0.2,757,63.016666666666666,0.5931918328504562,1.0,1.0,0.0,1.0,1.0,0.0,-3.6782399604991173e-19,1.0,1.0,0.0,1.0,1.0,0.0,-3.6782399604991173e-19,323.114,318.29692932628797,3.0212154665961313,311.939,323.114,11.174999999999955,0.013730665040321832,60.824,59.828337516512555,0.3925534461411845,58.979,60.824,1.8449999999999989,0.0016950228988957805,50.84,49.59688837516512,0.6414640199784789,48.587,50.84,2.253,0.0029137799684413,56.2,55.7428963011889,0.21182450834996874,55.486,56.221,0.693000000000005,0.0009289341693881651,56.342,55.34337318361955,0.38705545400165514,54.755,56.342,1.5869999999999962,0.0016952361367197626,51.158,50.38681638044914,0.33112854739029424,49.826,51.158,1.311,0.0014792651147124347,47.219,46.015295904887715,0.5542468037270203,45.009,47.24,2.210000000000001,0.0024773582703605614,35.027,34.856397622192866,0.08518582001094915,34.715,35.089,0.1670000000000016,0.00011561212077150864,33.943,33.971781373844124,0.09592429153194977,33.817,34.153,-0.18900000000000006,-0.0002752364620330618,33.807,33.863353368560105,0.0962191927667482,33.703,34.08,-0.25199999999999534,-0.0003084970397329079,0.412,0.39100792602377804,0.07014811610765408,0.004,1.352,0.043999999999999984,2.9247454852973062e-05,0.601,0.8996875825627476,0.09064401434126647,0.004,2.049,-0.19900000000000007,0.00010673544108624904,0.636,0.6651162483487449,0.07362043637990685,0.435,0.865,0.050000000000000044,-3.536935966799048e-05,2.407,2.017629458388375,0.3176228734103467,0.737,2.604,1.63,0.00023122183488927844,447.264,447.8658758256275,1.2112043665731342,445.496,450.297,-2.5570000000000164,-0.0007366203051098272,4.878,5.498737780713342,0.3516857801762333,4.554,6.381,-0.5910000000000002,0.00010442632593759941,140.0,140.0,0.0,140.0,140.0,0.0,-1.0970505847889632e-16,18.0,17.878137384412152,1.0144729900001885,16.5,19.5,0.0,0.002178395120434729,9.0,9.693527080581243,0.7478708507304745,9.0,10.500000000000002,-1.5000000000000018,7.195064932346965e-05,9.0,9.059445178335535,0.29263294120101924,9.0,10.500000000000002,0.0,0.0004462683007347801,7.5,6.4299867899603695,0.6783004831194885,6.0,7.5,0.0,0.0012529122585483114,100.0,100.0,0.0,100.0,100.0,0.0,-1.262388741985583e-16,1.0,1.0,0.0,1.0,1.0,0.0,-3.6782399604991173e-19,1.0,1.0,0.0,1.0,1.0,0.0,-3.6782399604991173e-19,1.0,1.0,0.0,1.0,1.0,0.0,-3.6782399604991173e-19,1.0,1.0,0.0,1.0,1.0,0.0,-3.6782399604991173e-19,0.0,0.43989431968295906,4.010309566078428,0.0,37.0,0.0,-0.0007481926998279218,17.94,16.80097357992074,0.7025942092103021,14.94,17.955,2.9700000000000006,0.0012367893241280552,5.98,5.600317040951124,0.23418094402508605,4.98,5.985,0.9900000000000002,0.0004122631541471706
batch_dist_ternary_acetone+butan-1-ol+methanol__operating_point_009__train_normal_experiment_001,batch_dist_ternary_acetone+butan-1-ol+methanol,operating_point_009,train_normal_experiment_001,0.4,1513,63.016666666666666,0.5931918328504562,1.0,1.0,0.0,1.0,1.0,0.0,2.1335507234489715e-19,1.0,1.0,0.0,1.0,1.0,0.0,2.1335507234489715e-19,328.945,322.38213185723725,4.7623954524762375,311.939,328.968,17.005999999999972,0.010772869719135098,63.689,60.96163780568408,1.275832799830995,58.979,63.711,4.710000000000001,0.002870271997943716,53.946,50.93999933906147,1.5529500504586926,48.587,53.946,5.358999999999995,0.0035401686896934814,58.701,56.57182650363516,0.9890925830995974,55.486,58.701,3.1940000000000026,0.002178686612261823,58.798,56.38763284864507,1.1975314711743579,54.755,58.798,4.042999999999999,0.0026993996506176556,53.739,51.39180138797092,1.1546269003277205,49.826,53.739,3.891999999999996,0.0025954487363941945,49.831,47.19274223397223,1.3677674209310016,45.009,49.957,4.822000000000003,0.003106623070168206,36.213,35.117546596166555,0.360644516012542,34.715,36.213,1.3530000000000015,0.0007166538504239535,34.027,33.95282683410442,0.08011709717721097,33.817,34.153,-0.10499999999999687,-4.9710923064282606e-05,33.745,33.820767680105746,0.08472406551057775,33.703,34.08,-0.31400000000000006,-0.00012157084346808946,0.403,0.39943456708526104,0.06711523232378305,0.004,1.352,0.03500000000000003,1.9801860700444607e-05,0.984,0.9251067415730337,0.0817295505861811,0.004,2.049,0.18399999999999994,6.132179592234265e-05,0.722,0.6649011896893589,0.07590231607030919,0.435,0.886,0.136,-2.198227635346868e-06,2.027,2.0172346331791142,0.2627888713064145,0.737,2.604,1.25,2.991604891552143e-05,447.99,448.00289623265036,1.0113767671387763,445.496,450.297,-1.8310000000000173,0.00029460998674236044,5.464,5.48645472571051,0.3569307309471341,4.554,6.381,-0.004999999999999893,-1.6069673531624494e-05,140.0,140.0,0.0,140.0,140.0,0.0,4.857714926645629e-17,19.5,18.421844018506278,1.1417454417656805,16.5,21.000000000000004,1.5,0.0017727253280900542,10.500000000000002,9.847653668208856,0.7436153313947715,9.0,10.500000000000002,0.0,0.0005082339586867026,10.500000000000002,9.635492399206873,0.7412071298635783,9.0,10.500000000000002,1.5000000000000018,0.0013429822376459222,7.5,6.738598810310641,0.749913336908784,6.0,7.5,0.0,0.000978487962058793,100.0,100.0,0.0,100.0,100.0,0.0,3.6474907697434704e-17,1.0,1.0,0.0,1.0,1.0,0.0,2.1335507234489715e-19,1.0,1.0,0.0,1.0,1.0,0.0,2.1335507234489715e-19,1.0,1.0,0.0,1.0,1.0,0.0,2.1335507234489715e-19,1.0,1.0,0.0,1.0,1.0,0.0,2.1335507234489715e-19,0.0,0.2690019828155982,3.143359873991269,0.0,37.0,0.0,-0.00041278342238493026,17.685,17.156282551222734,0.6712651873325635,14.94,18.173,2.714999999999998,0.0008012026930414464,5.895,5.718587243886319,0.22378209630155915,4.98,6.062,0.9049999999999994,0.0002668057525752731
batch_dist_ternary_acetone+butan-1-ol+methanol__operating_point_010__train_normal_experiment_001,batch_dist_ternary_acetone+butan-1-ol+methanol,operating_point_010,train_normal_experiment_001,0.1,415,69.0,0.5880048068473721,1.0,1.0,0.0,1.0,1.0,0.0,-3.753026619621726e-19,1.0,1.0,0.0,1.0,1.0,0.0,-3.753026619621726e-19,355.53,349.46434939759035,4.123927271055768,341.098,355.53,14.43199999999996,0.0341386332957252,63.074,62.626832530120474,0.20079449190138673,62.373,63.116,0.5519999999999996,0.001401484533451761,52.967,52.379785542168676,0.34318244441173984,51.861,52.988,1.1060000000000016,0.0028554392318438492,59.016,58.83634578313252,0.12840397124550168,58.532,59.058,0.48400000000000176,0.0010286009422305392,58.459,58.04911807228916,0.19784164115422545,57.654,58.459,0.8049999999999997,0.0016271722340869166,53.718,53.378318072289154,0.19440738504526925,53.083,53.739,0.6140000000000043,0.0015987169413440303,49.388,48.97969638554217,0.23066670914942897,48.588,49.388,0.6739999999999995,0.0018991920021221944,37.149,37.18824819277109,0.038976852449298376,37.128,37.399,-0.2289999999999992,-0.00012529633584501342,36.333,36.348028915662645,0.014685469665834887,36.312,36.417,-0.021000000000000796,-2.110372929846513e-05,36.3,36.32813493975904,0.020360098194516927,36.279,36.363,-0.06300000000000239,-0.00012039227142679117,0.065,0.34373975903614457,0.02885213211623674,0.065,0.64,-0.272,0.0001424023854615795,1.113,1.0684385542168675,0.05623568483189409,0.97,1.141,0.01200000000000001,0.00038692907079824503,0.977,0.9951783132530121,0.048476371211442625,0.833,1.134,0.0020000000000000018,7.75632630857897e-05,1.887,1.8553698795180722,0.5441997063744686,0.267,2.492,1.5350000000000001,0.002922486685873932,498.933,499.2329385542169,0.4660745071599767,497.991,500.359,0.25099999999997635,0.00019994115257028345,6.228,5.734632530120483,0.4156022171712933,4.873,6.381,1.3449999999999998,0.00018881772911042184,175.0,175.0,0.0,175.0,175.0,0.0,1.8108354012017337e-16,16.5,16.01024096385542,0.7024380535284617,15.0,16.5,1.5,0.004756064391344698,10.500000000000002,10.523493975903614,0.1825748483907764,10.500000000000002,12.0,-1.4999999999999982,-0.00032815207317565115,10.500000000000002,10.17289156626506,0.6183100367090429,9.0,10.500000000000002,0.0,-0.001634716122013111,7.5,7.3265060240963855,0.4797299283769752,6.0,7.5,0.0,-0.001319911754039546,200.0,200.0,0.0,200.0,200.0,0.0,1.897137416538404e-16,1.0,1.0,0.0,1.0,1.0,0.0,-3.753026619621726e-19,1.0,1.0,0.0,1.0,1.0,0.0,-3.753026619621726e-19,1.0,1.0,0.0,1.0,1.0,0.0,-3.753026619621726e-19,1.0,1.0,0.0,1.0,1.0,0.0,-3.753026619621726e-19,0.0,2.293975903614458,8.446305949478177,0.0,34.0,0.0,0.0007135565674067536,19.264,18.854756626506024,0.7684838561446067,17.408,20.016,0.49599999999999866,0.00555764462532402,4.816,4.713559036144579,0.19206101128782568,4.352,5.004,0.12399999999999967,0.001388800687700639
batch_dist_ternary_acetone+butan-1-ol+methanol__operating_point_010__train_normal_experiment_001,batch_dist_ternary_acetone+butan-1-ol+methanol,operating_point_010,train_normal_experiment_001,0.2,829,69.0,0.5880048068473721,1.0,1.0,0.0,1.0,1.0,0.0,-1.563524162065017e-19,1.0,1.0,0.0,1.0,1.0,0.0,-1.563524162065017e-19,361.977,354.3072563329313,5.809372629496794,341.098,362.046,20.878999999999962,0.023756635952737228,64.39,63.18847708082026,0.6331389157903833,62.373,64.433,1.868000000000002,0.00258345379209179,54.244,52.989336550060315,0.7082149050621224,51.861,54.244,2.3830000000000027,0.0029567837511476204,59.773,59.09935283474064,0.3196403994755446,58.532,59.815,1.2410000000000068,0.001307301077178055,59.624,58.53872979493365,0.5656177659391876,57.654,59.645,1.9699999999999989,0.002338838839914065,54.629,53.74699698431845,0.43449559478175803,53.083,54.65,1.5249999999999986,0.0018023074518664676,50.548,49.484933051869724,0.57474000996305,48.588,50.548,1.8340000000000032,0.002386463439113375,37.253,37.18203980699639,0.03414046565142875,37.128,37.399,-0.125,-1.977255010499922e-05,36.27,36.32180337756333,0.03388847547849692,36.228,36.417,-0.08399999999999608,-0.00011208657991696828,36.258,36.30309047044632,0.031107409834024387,36.237,36.363,-0.10499999999999687,-0.00011053956214009877,0.396,0.3532322074788902,0.03317409481841042,0.046,0.894,0.059,5.4934112071088025e-05,1.137,1.096360072376357,0.049627329725913695,0.97,1.158,0.03600000000000003,0.00014787889166146913,0.956,0.9987364294330519,0.051638066767479354,0.803,1.158,-0.019000000000000017,2.0264863934681117e-05,2.29,1.9332846803377564,0.40363056732599406,0.267,2.492,1.9380000000000002,0.0006329635845527174,498.969,499.16757478890224,0.5033973684582326,497.73,500.62,0.2869999999999777,-0.0002029016890974253,5.854,5.747955971049457,0.38908078574026195,4.873,6.823,0.9710000000000001,7.614173060838373e-05,175.0,175.0,0.0,175.0,175.0,0.0,-1.2094911175478952e-16,15.0,15.99698431845597,0.7072069638670326,15.0,16.5,0.0,0.0005253509975286922,10.500000000000002,10.511761158021713,0.12971076997362674,10.500000000000002,12.0,-1.4999999999999982,-8.367765918659815e-05,10.500000000000002,10.106453558504223,0.659365097864811,9.0,10.500000000000002,0.0,-0.00017883986778392805,6.0,7.282870928829915,0.5277770108748041,6.0,7.5,-1.5,-8.776912864654664e-05,200.0,200.0,0.0,200.0,200.0,0.0,5.651031128333937e-17,1.0,1.0,0.0,1.0,1.0,0.0,-1.563524162065017e-19,1.0,1.0,0.0,1.0,1.0,0.0,-1.563524162065017e-19,1.0,1.0,0.0,1.0,1.0,0.0,-1.563524162065017e-19,1.0,1.0,0.0,1.0,1.0,0.0,-1.563524162065017e-19,0.0,2.2352231604342583,8.363942044177126,0.0,34.0,0.0,-5.6933034492825776e-05,19.936,19.23636188178528,0.6845880021828952,17.408,20.216,1.1679999999999993,0.00206308719432194,4.984,4.808909529553679,0.1710578532581845,4.352,5.054,0.2919999999999998,0.0005153395456267797
batch_dist_ternary_acetone+butan-1-ol+methanol__operating_point_010__train_normal_experiment_001,batch_dist_ternary_acetone+butan-1-ol+methanol,operating_point_010,train_normal_experiment_001,0.4,1657,69.0,0.5880048068473721,1.0,0.9987929993964997,0.03472094113130362,0.0,1.0,0.0,-1.9149194029414025e-06,1.0,1.0,0.0,1.0,1.0,0.0,8.33749687178405e-20,369.361,360.18275648762824,7.333949378336537,341.098,369.431,28.262999999999977,0.014744931295382277,67.45,64.5285847917924,1.550270705201711,62.373,67.471,4.928000000000004,0.003220600150089568,57.545,54.4083267954134,1.646277767328445,51.861,57.545,5.684000000000005,0.0034321899225609413,62.381,59.99661134580566,1.0660458082006024,58.532,62.402,3.8490000000000038,0.0021744432717365134,62.379,59.710967712733854,1.3606147182802573,57.654,62.4,4.724999999999994,0.0028283642889286773,57.382,54.7867242003621,1.2142646722616512,53.083,57.404,4.277999999999999,0.002507155476167771,53.584,50.75860983705492,1.4808264572139525,48.588,53.584,4.8700000000000045,0.0030738925235078733,38.106,37.351120700060356,0.23418929339706152,37.128,38.127,0.7280000000000015,0.000414764177095222,36.354,36.302792697646346,0.03686084797236257,36.228,36.417,0.0,-4.330496857650895e-05,36.258,36.28010893180446,0.03380810974806116,36.216,36.363,-0.10499999999999687,-5.748315052922036e-05,0.361,0.35830476765238384,0.030861289452712364,0.022,0.894,0.023999999999999966,1.405001423423415e-05,1.168,1.1296882920941462,0.05020916571289717,0.97,1.22,0.06699999999999995,8.062489216709052e-05,1.039,1.006313518406759,0.05538210864956073,0.803,1.173,0.06399999999999995,1.9141410383190828e-05,1.979,1.976888654194327,0.30379316945067686,0.267,2.492,1.6270000000000002,0.000143568095119522,499.74,499.1341173808086,0.5526609924288706,497.569,500.683,1.0579999999999927,-8.527156806716224e-05,6.369,5.7546738080869035,0.38123524928142677,4.789,6.823,1.4859999999999998,2.526426098771081e-05,175.0,175.0,0.0,175.0,175.0,0.0,-2.5571580127466944e-17,16.5,16.044659022329512,0.6887076192992776,15.0,16.5,1.5,0.00023941635915329128,12.0,10.708660229330114,0.5187598517342499,10.500000000000002,12.0,0.0,0.000555122869933065,12.0,10.566535908267953,0.8491278198148374,9.0,12.0,1.4999999999999982,0.001119335672362548,9.0,7.620398310199155,0.7072051535577418,6.0,9.0,1.5,0.0008495357934677452,200.0,200.0,0.0,200.0,200.0,0.0,-1.2073105079338643e-16,1.0,1.0,0.0,1.0,1.0,0.0,8.33749687178405e-20,1.0,1.0,0.0,1.0,1.0,0.0,8.33749687178405e-20,1.0,1.0,0.0,1.0,1.0,0.0,8.33749687178405e-20,1.0,1.0,0.0,1.0,1.0,0.0,8.33749687178405e-20,0.0,2.2057936028968013,8.343154218776819,0.0,34.0,0.0,-9.60018202601371e-05,20.224,19.68437175618588,0.6903910793784408,17.408,21.056,1.4559999999999995,0.0010998293168505452,5.056,4.921095956547979,0.17267606837184413,4.352,5.266,0.3639999999999999,0.0002751600389934514
batch_dist_ternary_acetone+butan-1-ol+methanol__operating_point_011__test_anormal_experiment_001,batch_dist_ternary_acetone+butan-1-ol+methanol,operating_point_011,test_anormal_experiment_001,0.1,413,68.8,0.5717802830641565,1.0,1.0,0.0,1.0,1.0,0.0,-1.6292988082086604e-18,1.0,1.0,0.0,1.0,1.0,0.0,-1.6292988082086604e-18,365.644,360.8489733656174,3.037662362546331,354.933,365.644,10.711000000000013,0.02540197682195097,63.159,62.957036319612584,0.08060411965039047,62.84,63.159,0.21300000000000097,0.0005278897523191852,52.244,51.67856900726391,0.28529971829177775,51.308,52.244,0.9149999999999991,0.002354725552783446,58.743,58.7239225181598,0.08673044183767634,58.427,58.869,0.2530000000000001,0.0004963562848209564,58.247,57.78315496368039,0.30763643632505644,57.273,58.268,0.9309999999999974,0.002553385197079193,53.231,52.790627118644075,0.19034739539925707,52.533,53.253,0.5290000000000035,0.0014990014278457161,48.525,48.16528571428571,0.21542990290273842,47.872,48.567,0.357999999999997,0.0015742822187720627,38.065,38.261813559322036,0.11027437873545654,38.065,38.46,-0.3539999999999992,-0.0009078172425576161,37.403,37.84823849878934,0.2592365502819857,37.382,38.389,-0.9860000000000042,-0.0021576518359452605,36.907,37.302329297820826,0.25368892275589616,36.907,37.83,-0.9230000000000018,-0.002118736566036138,0.342,0.3391053268765133,0.06778478920207084,0.004,0.763,-0.08199999999999996,-5.265466540337639e-05,1.093,1.0210193704600485,0.09744269868970676,0.005,1.212,-0.1120000000000001,0.00013362937880362835,1.06,0.9952033898305085,0.05314581830244873,0.842,1.161,-0.01200000000000001,3.19781574691387e-05,2.07,1.8722094430992733,0.4534904171356108,0.985,2.445,0.09099999999999975,0.003054371589446817,498.296,498.9112953995157,0.6970686364523688,497.075,500.593,-0.7350000000000136,0.0001796291961916297,6.381,5.675888619854721,0.35523513808879037,4.803,6.393,0.9169999999999998,-3.7333090078302825e-05,175.0,175.0,0.0,175.0,175.0,0.0,-2.2614988783315436e-16,15.0,14.956416464891042,0.25194399800520034,13.5,15.0,0.0,-0.0005273932769622308,10.500000000000002,11.208232445520581,0.8315684437974326,10.500000000000002,13.5,-1.4999999999999982,-0.005960770525665953,10.500000000000002,9.955205811138015,0.9999047260983107,9.0,12.0,-1.4999999999999982,-0.007010446679619847,7.5,7.696125907990314,0.5056911015634412,7.5,9.0,0.0,-0.002371736626338807,200.0,200.0,0.0,200.0,200.0,0.0,-2.656495851607149e-16,1.0,1.0,0.0,1.0,1.0,0.0,-1.6292988082086604e-18,1.0,1.0,0.0,1.0,1.0,0.0,-1.6292988082086604e-18,1.0,1.0,0.0,1.0,1.0,0.0,-1.6292988082086604e-18,1.0,1.0,0.0,1.0,1.0,0.0,-1.6292988082086604e-18,0.0,2.5,8.972651479706052,0.0,35.0,0.0,0.0006260239963941017,18.848,18.17068280871671,0.9162115749077919,16.68,20.72,-1.8719999999999999,0.0020353551097696656,4.712,4.542670702179177,0.2289724980868586,4.17,5.18,-0.46799999999999997,0.0005082490372858126
batch_dist_ternary_acetone+butan-1-ol+methanol__operating_point_011__test_anormal_experiment_001,batch_dist_ternary_acetone+butan-1-ol+methanol,operating_point_011,test_anormal_experiment_001,0.2,826,68.8,0.5717802830641565,1.0,1.0,0.0,1.0,1.0,0.0,-4.951426243326142e-19,1.0,1.0,0.0,1.0,1.0,0.0,-4.951426243326142e-19,371.072,364.73391222760296,4.5806842321170995,354.933,371.141,16.13900000000001,0.01895658437805498,63.796,63.220819612590795,0.3154403185691815,62.84,63.944,0.8500000000000014,0.00126282055042496,53.478,52.24568280871671,0.6543722093523995,51.308,53.478,2.149000000000001,0.00273408344447963,59.31,58.813901937046,0.15115102391365437,58.427,59.31,0.8200000000000003,0.000538872943505534,59.2,58.22841585956417,0.5221648865711335,57.273,59.2,1.8840000000000003,0.0021757414479029714,54.12,53.20444128329297,0.45685334948153045,52.533,54.12,1.4179999999999993,0.0018867753651058165,49.768,48.64094612590799,0.5604343172161772,47.872,49.768,1.600999999999999,0.002299308917262696,37.69,38.05650544794189,0.23496925311578012,37.669,38.46,-0.7289999999999992,-0.000981241843025756,36.815,37.435373486682806,0.46930787162036863,36.752,38.389,-1.5740000000000052,-0.001955293539285141,36.656,36.997168886198544,0.3614772542155651,36.53,37.83,-1.1739999999999995,-0.0014790503907176878,0.004,0.33263135593220344,0.07444286609343458,0.004,0.763,-0.42,-5.9209147788657805e-05,0.102,1.037619249394673,0.18338581006075685,0.004,1.212,-1.103,-3.941171037681943e-06,0.963,1.0168704600484262,0.05830860683486806,0.842,1.207,-0.1090000000000001,9.066503844361182e-05,5.263,2.0209194915254236,0.5035302094086814,0.985,5.263,3.284,0.0011278878304078637,502.244,499.0302596852301,0.7568981623340714,497.075,502.396,3.2130000000000223,0.0007459706350252681,5.848,5.69713014527845,0.38042510750548514,4.803,6.393,0.38399999999999945,6.360501998769569e-05,175.0,175.0,0.0,175.0,175.0,0.0,-1.3517946338663646e-17,0.0,14.275423728813559,2.89946373552521,0.0,15.0,-15.0,-0.004440039701245222,28.5,11.1955205811138,3.2632990011094285,9.0,28.5,16.5,0.0010419580624323208,28.5,10.351089588377723,3.6316779550524068,9.0,28.5,16.5,0.0029588446926999625,45.0,8.344430992736077,6.398798633324732,6.0,45.0,37.5,0.006060284887575684,200.0,200.0,0.0,200.0,200.0,0.0,1.3439821879228608e-16,1.0,1.0,0.0,1.0,1.0,0.0,-4.951426243326142e-19,1.0,1.0,0.0,1.0,1.0,0.0,-4.951426243326142e-19,1.0,1.0,0.0,1.0,1.0,0.0,-4.951426243326142e-19,1.0,1.0,0.0,1.0,1.0,0.0,-4.951426243326142e-19,0.0,2.1822033898305087,8.440636486522543,0.0,35.0,0.0,-0.0014366814911975084,6.367,18.286361985472155,2.7700418482617697,0.108,20.72,-14.352999999999998,-0.0006906877370370147,1.273,4.567577481840194,0.7130484444904631,0.022,5.18,-3.907,-0.000201471618374048
batch_dist_ternary_acetone+butan-1-ol+methanol__operating_point_011__test_anormal_experiment_001,batch_dist_ternary_acetone+butan-1-ol+methanol,operating_point_011,test_anormal_experiment_001,0.4,1652,68.8,0.5717802830641565,1.0,1.0,0.0,1.0,1.0,0.0,-2.5025183088135158e-19,1.0,1.0,0.0,1.0,1.0,0.0,-2.5025183088135158e-19,377.806,369.6020133171913,5.998151644031554,354.933,377.806,22.87299999999999,0.012200811874134068,62.585,61.21274757869249,2.431617157521059,57.389,63.944,-0.3609999999999971,-0.003837377781896488,57.246,53.790427058111376,1.7125058344504809,51.308,57.246,5.917000000000002,0.003404622712116783,66.36,63.063728208232455,4.773091250915647,58.427,70.007,7.869999999999997,0.008931883324844016,65.349,62.76448698547215,5.011433591431277,57.273,69.894,8.033000000000001,0.009446270122950972,67.103,60.39752512106538,7.99412869130313,52.533,71.633,14.400999999999996,0.014961860766970531,54.006,50.1327088377724,1.6539553133448768,47.872,54.006,5.838999999999999,0.0032941823782011415,39.814,38.11771700968523,0.6715355497090377,36.962,40.022,1.3950000000000031,-0.00011733529689971785,37.675,37.29008807506053,0.6325038537121348,36.081,38.389,-0.7140000000000057,-0.0006789798031795184,37.306,37.004581416464895,0.5435470660524407,36.048,38.396,-0.5240000000000009,-0.00032403865926595256,0.414,0.3174930387409201,0.09309247033275395,0.004,0.894,-0.010000000000000009,-2.691955928376494e-05,1.409,1.0884158595641646,0.34338749325403894,0.004,1.822,0.20399999999999996,6.155646149259092e-05,1.097,1.0685665859564166,0.1467675604937405,0.732,1.943,0.02499999999999991,8.416465753416408e-05,5.626,2.719386803874092,1.7167319547966862,0.003,6.207,3.6470000000000002,0.0013158224954700208,521.645,505.2150844430993,11.927763461076685,489.905,541.44,22.613999999999976,0.008777000785583959,4.883,5.697241828087167,0.3863395105304403,4.789,6.393,-0.5810000000000004,2.3417511929047974e-05,175.0,175.0,0.0,175.0,175.0,0.0,-6.132155444957444e-17,19.5,11.679025423728813,6.608752896669126,0.0,24.0,4.5,-0.0015007774831947123,0.0,12.331416464891042,6.859220808529548,0.0,30.0,-12.0,-0.0022363805814566875,0.0,12.267857142857142,7.40904179032473,0.0,30.0,-12.0,-0.0009148503901501497,0.0,11.729418886198546,11.29490098593881,0.0,46.5,-7.5,0.00032299546534610623,200.0,200.0,0.0,200.0,200.0,0.0,6.277198572463978e-17,1.0,1.0,0.0,1.0,1.0,0.0,-2.5025183088135158e-19,1.0,1.0,0.0,1.0,1.0,0.0,-2.5025183088135158e-19,1.0,1.0,0.0,1.0,1.0,0.0,-2.5025183088135158e-19,1.0,1.0,0.0,1.0,1.0,0.0,-2.5025183088135158e-19,9.0,5.160714285714286,10.269509289125393,0.0,35.0,9.0,0.003845458356480499,24.304,18.94509200968523,4.764546261512838,0.0,29.117,3.5839999999999996,0.0006179034138809037,6.076,4.3188486682808715,1.0102798629255416,0.0,6.076,0.8959999999999999,-0.0004611250164832811
batch_dist_ternary_acetone+butan-1-ol+methanol__operating_point_011__test_anormal_experiment_002,batch_dist_ternary_acetone+butan-1-ol+methanol,operating_point_011,test_anormal_experiment_002,0.1,187,31.016666666666666,0.6395782749869916,1.0,1.0,0.0,1.0,1.0,0.0,6.0332078768246455e-18,1.0,1.0,0.0,1.0,1.0,0.0,6.0332078768246455e-18,266.815,263.07600802139035,2.3508567254340607,258.605,266.815,8.20999999999998,0.04342684679162735,63.774,62.394516042780765,0.7307152801182167,61.206,63.774,2.567999999999998,0.013512694570559609,56.671,55.61250267379678,0.5917451881003417,54.627,56.671,2.043999999999997,0.010954270183770974,59.352,58.16505347593582,0.6324658028642581,57.167,59.352,2.184999999999995,0.011666430545513575,59.624,58.107593582887695,0.8553179885651292,56.765,59.645,2.8590000000000018,0.015816359525653745,54.756,53.538545454545456,0.624822372036234,52.681,54.777,2.0330000000000013,0.011432933028455765,55.758,54.75236631016043,0.576399181892536,53.774,55.758,1.9840000000000018,0.01066953101200552,51.374,50.61888235294118,0.4654535790898078,49.681,51.395,1.693000000000005,0.008591189867099537,48.288,46.59709625668449,1.1419608716790086,44.291,48.288,3.997,0.020983487423796018,44.251,42.34947593582888,1.0441648830030874,40.787,44.251,3.4639999999999986,0.019285543879996817,1.246,1.1089197860962567,0.10116571349582835,0.964,1.249,0.21399999999999997,0.001811643219713795,0.005,0.005294117647058823,0.0005213286676771739,0.005,0.007,-0.002,1.258905009561085e-06,0.916,0.9754973262032084,0.058276895223707485,0.814,1.132,-0.06299999999999994,-1.7488869885007226e-05,2.214,1.699639037433155,0.8401841562999562,-0.382,2.529,2.596,0.013757030415585464,499.157,498.60516844919783,0.6967452174901928,496.878,500.27,0.8879999999999768,0.0005642270947210779,5.464,5.70860962566845,0.39383819869619835,4.869,6.387,0.0,-0.00010668394143703617,108.5,108.5,0.0,108.5,108.5,0.0,4.457857614921329e-16,21.000000000000004,20.141711229946523,0.7421411875649457,19.5,21.000000000000004,1.5000000000000036,0.011294359885340631,15.0,14.975935828877006,0.18846000199685664,13.5,15.0,1.5,0.0007597473381316741,15.0,14.606951871657754,0.6596100069889982,13.5,15.0,1.5,0.009240839906187775,12.0,11.502673796791443,0.75554514476898,9.0,12.0,3.0,0.011153971790251028,200.0,200.0,0.0,200.0,200.0,0.0,6.378541332331706e-16,1.0,1.0,0.0,1.0,1.0,0.0,6.0332078768246455e-18,1.0,1.0,0.0,1.0,1.0,0.0,6.0332078768246455e-18,1.0,1.0,0.0,1.0,1.0,0.0,6.0332078768246455e-18,1.0,1.0,0.0,1.0,1.0,0.0,6.0332078768246455e-18,0.0,1.6470588235294117,8.352112634964165,0.0,44.0,-44.0,-0.0016149218781541209,0.0,0.0,0.0,0.0,0.0,0.0,0.0,17.2,15.58754010695187,1.2546262379906352,13.55,17.37,2.76,0.022637350940875538
batch_dist_ternary_acetone+butan-1-ol+methanol__operating_point_011__test_anormal_experiment_002,batch_dist_ternary_acetone+butan-1-ol+methanol,operating_point_011,test_anormal_experiment_002,0.2,373,31.016666666666666,0.6395782749869916,1.0,1.0,0.0,1.0,1.0,0.0,1.5309790219104495e-18,1.0,1.0,0.0,1.0,1.0,0.0,1.5309790219104495e-18,271.801,266.2595469168901,3.7396139633635705,258.605,271.801,13.19599999999997,0.03445023519144897,66.727,63.80074128686327,1.6204145663112344,61.206,66.727,5.521000000000001,0.015031210559589697,59.164,56.737534852546915,1.3053552222126947,54.627,59.164,4.536999999999999,0.0121051306467568,62.107,59.42197453083109,1.450827275337552,57.167,62.107,4.939999999999998,0.01344317251088087,62.358,59.57529222520107,1.6837826711025494,56.765,62.379,5.592999999999996,0.015627312083859646,57.615,54.88494235924933,1.5359040320733606,52.681,57.615,4.892000000000003,0.014206778628679728,58.145,55.83880697050938,1.2590601228831455,53.774,58.145,4.371000000000002,0.011679472741979427,53.883,51.63114477211796,1.1833785319239631,49.681,53.883,4.202000000000005,0.010917747970777157,50.414,48.00431903485256,1.6831033295041065,44.291,50.435,6.123000000000005,0.015409868328862052,47.466,44.17242895442359,2.0744471183496582,40.787,47.466,6.679000000000002,0.01923523700203624,1.072,1.1597868632707775,0.10718800733243526,0.964,1.529,0.040000000000000036,0.0005594298335877718,0.007,0.0053485254691689015,0.000534823989508199,0.005,0.007,0.0,7.117483805296404e-07,1.051,0.9602117962466488,0.06205187374375812,0.786,1.132,0.07199999999999995,-0.00013733922649276318,1.556,1.7925509383378015,0.6983830895465146,-0.382,4.422,1.9380000000000002,0.0019836956898756464,498.942,498.58559651474536,0.8555015563614805,496.25,500.27,0.6730000000000018,0.00041331515191647716,6.381,5.693339142091152,0.38396111128946636,4.869,6.387,0.9169999999999998,-0.00012840676119338338,108.5,108.5,0.0,108.5,108.5,0.0,1.3967019805931385e-17,21.000000000000004,20.569705093833782,0.6784457627376974,19.5,21.000000000000004,1.5000000000000036,0.004874713323568958,15.0,14.857238605898123,0.43846691164951246,13.5,15.0,1.5,-0.00028234073184749803,16.5,15.390080428954423,1.0119835558900023,13.5,16.5,3.0,0.008464672260450886,12.0,11.750670241286864,0.5899341819053802,9.0,12.0,3.0,0.00340543157896683,200.0,200.0,0.0,200.0,200.0,0.0,-3.353181737559908e-16,1.0,1.0,0.0,1.0,1.0,0.0,1.5309790219104495e-18,1.0,1.0,0.0,1.0,1.0,0.0,1.5309790219104495e-18,1.0,1.0,0.0,1.0,1.0,0.0,1.5309790219104495e-18,1.0,1.0,0.0,1.0,1.0,0.0,1.5309790219104495e-18,44.0,1.6514745308310992,8.36286501329446,0.0,44.0,0.0,2.389083195751575e-18,0.0,0.0,0.0,0.0,0.0,0.0,0.0,15.0,16.070790884718498,1.2877561086684428,13.55,21.65,0.5600000000000005,0.005487087478454465
batch_dist_ternary_acetone+butan-1-ol+methanol__operating_point_011__test_anormal_experiment_002,batch_dist_ternary_acetone+butan-1-ol+methanol,operating_point_011,test_anormal_experiment_002,0.4,745,31.016666666666666,0.6395782749869916,1.0,1.0,0.0,1.0,1.0,0.0,-4.50291288547457e-19,1.0,1.0,0.0,1.0,1.0,0.0,-4.50291288547457e-19,278.23,270.7380315436242,5.36329893621513,258.605,278.23,19.625,0.02448695783588819,73.515,66.9019610738255,3.585274878282999,61.206,73.515,12.308999999999997,0.016650048755373976,65.522,59.44207181208054,3.1395993467743373,54.627,65.522,10.895000000000003,0.014542500059493112,68.384,62.25594563758389,3.276525514788211,57.167,68.384,11.216999999999999,0.015206812475223201,68.555,62.415197315436245,3.3347715314706177,56.765,68.555,11.790000000000006,0.01549401706263954,63.661,57.67869395973153,3.243057544335215,52.681,63.661,10.938000000000002,0.015061543661888456,64.299,58.45204093959731,3.0336000409952915,53.774,64.299,10.525000000000006,0.014050879483100161,59.956,54.18360201342283,2.955449623578911,49.681,59.956,10.275000000000006,0.013670339740795498,55.874,50.5508644295302,3.0320164334583657,44.291,55.874,11.583000000000006,0.014050619715628496,52.705,47.06179932885907,3.410658677109821,40.787,52.705,11.918,0.015789658651437936,0.947,1.1094369127516779,0.09613734606587446,0.947,1.529,-0.08500000000000008,-0.00017436880654390097,0.005,0.005413422818791946,0.0005606393423859768,0.005,0.007,-0.002,4.012596299118797e-07,0.875,0.9317416107382551,0.06694908924268989,0.716,1.132,-0.10399999999999998,-0.00015746095071818422,1.762,1.8226362416107382,0.5017312797462476,-0.382,4.422,2.144,0.0003379341912731343,500.072,498.53509731543625,0.8762327953635655,496.25,500.871,1.8029999999999973,-0.0001258562517456173,5.464,5.6975469798657725,0.36693757008955585,4.869,6.387,0.0,1.5229118334510526e-05,108.5,108.5,0.0,108.5,108.5,0.0,2.5078557329697777e-17,24.0,21.759060402684565,1.3905246666997704,19.5,24.0,4.5,0.006128768166455481,19.5,16.054026845637583,1.5193993512375399,13.5,19.5,6.0,0.006129464671797974,21.000000000000004,16.936912751677852,1.9272106279460657,13.5,21.000000000000004,7.5000000000000036,0.00867079500861054,16.5,12.95234899328859,1.5705162615739174,9.0,16.5,7.5,0.006684100582336492,200.0,200.0,0.0,200.0,200.0,0.0,2.4654206953064953e-16,1.0,1.0,0.0,1.0,1.0,0.0,-4.50291288547457e-19,1.0,1.0,0.0,1.0,1.0,0.0,-4.50291288547457e-19,1.0,1.0,0.0,1.0,1.0,0.0,-4.50291288547457e-19,1.0,1.0,0.0,1.0,1.0,0.0,-4.50291288547457e-19,0.0,1.5946308724832214,8.223193465423584,0.0,44.0,-44.0,-0.0004009549088245506,0.0,0.0,0.0,0.0,0.0,0.0,0.0,13.44,15.433872483221478,1.1933138973317015,13.1,21.65,-1.0,-0.0024697853080323947
batch_dist_ternary_acetone+butan-1-ol+methanol__operating_point_012__test_anormal_experiment_001,batch_dist_ternary_acetone+butan-1-ol+methanol,operating_point_012,test_anormal_experiment_001,0.1,309,51.333333333333336,0.5103605341246897,1.0,1.0,0.0,1.0,1.0,0.0,-2.180211234664245e-19,1.0,1.0,0.0,1.0,1.0,0.0,-2.180211234664245e-19,274.935,272.6415080906149,1.4559095437042449,269.877,274.935,5.057999999999993,0.016264187081318503,62.989,62.896711974110026,0.08892455013739578,62.755,63.137,-0.14800000000000324,-0.0006017192641368673,52.733,52.204912621359234,0.2838326124882395,51.755,52.733,0.9569999999999936,0.0031713053310611678,59.1,58.967781553398055,0.10436710948961919,58.743,59.163,0.29400000000000404,0.001131433818295812,58.438,58.24136569579287,0.14021908050772516,57.908,58.48,0.5080000000000027,0.0014887131346574558,53.718,53.36473624595469,0.1720487602485393,53.104,53.718,0.6140000000000043,0.0018967308763896084,49.873,49.35743042071197,0.35498621038008943,48.799,49.873,1.073999999999998,0.003947873391875967,38.044,38.00551618122977,0.04821694229807188,37.898,38.106,0.08299999999999841,0.0005032662764733207,37.235,37.28145145631068,0.01769393436783248,37.214,37.319,-0.06300000000000239,-6.909574922412481e-05,36.635,36.780778317152105,0.06639133430617562,36.635,36.887,-0.23100000000000165,-0.0007220683638315471,0.414,0.41314239482200643,0.05777928472326514,0.004,0.831,0.012999999999999956,0.00011385132249523178,0.677,0.6281359223300971,0.08672328480322876,0.005,1.367,0.05800000000000005,0.00032682206612679485,0.792,0.7868527508090615,0.06082584429218388,0.631,0.957,0.007000000000000006,3.434684638881297e-05,2.201,1.970323624595469,0.269420600533887,1.16,2.354,1.0350000000000001,0.0020124127047396714,498.035,499.2655291262136,0.5542277397434906,497.578,500.395,-1.5529999999999973,-0.0011289169490063475,5.464,5.439453074433657,0.37319079024135704,4.554,6.381,0.9060000000000006,-7.321820052792508e-05,108.5,108.5,0.0,108.5,108.5,0.0,-1.4965218224433086e-17,21.000000000000004,20.203883495145632,0.7485808359689818,19.5,21.000000000000004,1.5000000000000036,0.007226644323418553,12.0,10.980582524271844,0.6999387285843438,10.500000000000002,12.0,0.0,-0.0010322906032270008,10.500000000000002,10.245145631067961,0.5617031383967839,9.0,10.500000000000002,0.0,-0.0023247892101634455,7.5,7.5,0.0,7.5,7.5,0.0,-7.086349682038317e-19,100.0,100.0,0.0,100.0,100.0,0.0,7.88935346809049e-17,1.0,1.0,0.0,1.0,1.0,0.0,-2.180211234664245e-19,1.0,1.0,0.0,1.0,1.0,0.0,-2.180211234664245e-19,1.0,1.0,0.0,1.0,1.0,0.0,-2.180211234664245e-19,1.0,1.0,0.0,1.0,1.0,0.0,-2.180211234664245e-19,0.0,2.661812297734628,9.22426611653827,0.0,35.0,0.0,0.003978874241949718,13.671,13.187048543689322,0.42047315685669845,12.439,13.727,1.0220000000000002,0.004319972667482869,5.859,5.651674757281554,0.1799316713452538,5.331,5.883,0.4379999999999997,0.001847665347493104
batch_dist_ternary_acetone+butan-1-ol+methanol__operating_point_012__test_anormal_experiment_001,batch_dist_ternary_acetone+butan-1-ol+methanol,operating_point_012,test_anormal_experiment_001,0.2,617,51.333333333333336,0.5103605341246897,1.0,1.0,0.0,1.0,1.0,0.0,2.6871528082603023e-19,1.0,1.0,0.0,1.0,1.0,0.0,2.6871528082603023e-19,278.409,274.70993598055105,2.422657343180321,269.877,278.454,8.531999999999982,0.013535802363047146,63.753,63.12120907617504,0.2863809078106735,62.755,63.796,0.6159999999999997,0.001343332545882463,53.818,52.728440842787684,0.6083314502042089,51.755,53.818,2.0419999999999945,0.0034104569762662936,59.647,59.161747163695296,0.2388517916517723,58.743,59.689,0.8410000000000011,0.0013154476658178897,59.264,58.56505429497569,0.37526170539808523,57.908,59.285,1.3340000000000032,0.002080058566317699,54.417,53.72514910858995,0.40732679902335023,53.104,54.438,1.3130000000000024,0.002275494683991402,50.695,49.74629740680713,0.4947417047489637,48.799,50.695,1.8960000000000008,0.002712787224577048,38.335,38.09685575364668,0.11615074080724691,37.898,38.356,0.37400000000000233,0.0006276410427702089,37.214,37.25142220421394,0.038603126858394274,37.172,37.319,-0.08400000000000318,-0.00014244196858354934,36.551,36.687636952998375,0.10697489198948171,36.53,36.887,-0.3149999999999977,-0.0005823140153106877,0.445,0.42100648298217175,0.06222818330561429,0.004,1.284,0.043999999999999984,4.5963646744909384e-05,0.676,0.6631693679092382,0.12239998762627906,0.005,2.206,0.05700000000000005,0.00020018194815208241,0.713,0.7837552674230146,0.06082029812079376,0.631,0.957,-0.07200000000000006,-1.977757612405295e-05,1.956,1.992935170178282,0.332201085846041,1.16,4.492,0.79,0.00025714013921123406,499.372,499.1862074554295,0.5757885325983904,497.578,500.629,-0.21600000000000819,-0.00036238481232054524,5.469,5.438916531604538,0.37135371625879576,4.554,6.381,0.9110000000000005,2.1295964975059445e-05,108.5,108.5,0.0,108.5,108.5,0.0,-2.846526269135694e-17,22.5,20.756888168557538,0.8788282545218478,19.5,22.5,3.0,0.00419514279052291,10.500000000000002,10.784440842787681,0.588009074025015,10.500000000000002,12.0,-1.4999999999999982,-0.0010888074962597876,10.500000000000002,10.233792544570502,0.5723050798744407,9.0,10.500000000000002,0.0,-0.0001648767826719303,7.5,7.378444084278768,0.40933853096797573,6.0,7.5,0.0,-0.0006093122468159747,100.0,100.0,0.0,100.0,100.0,0.0,5.60241600868568e-17,1.0,1.0,0.0,1.0,1.0,0.0,2.6871528082603023e-19,1.0,1.0,0.0,1.0,1.0,0.0,2.6871528082603023e-19,1.0,1.0,0.0,1.0,1.0,0.0,2.6871528082603023e-19,1.0,1.0,0.0,1.0,1.0,0.0,2.6871528082603023e-19,0.0,2.4108589951377635,8.835806155233186,0.0,35.0,0.0,-0.0007912399633222247,13.496,13.498081847649921,0.5805904145993328,12.439,17.311,0.8470000000000013,0.001906184510364621,5.784,5.785614262560778,0.2529393194874427,5.331,7.419,0.36299999999999955,0.0008191094656158166
batch_dist_ternary_acetone+butan-1-ol+methanol__operating_point_012__test_anormal_experiment_001,batch_dist_ternary_acetone+butan-1-ol+methanol,operating_point_012,test_anormal_experiment_001,0.4,1233,51.333333333333336,0.5103605341246897,1.0,1.0,0.0,1.0,1.0,0.0,3.6136485787108204e-19,1.0,1.0,0.0,1.0,1.0,0.0,3.6136485787108204e-19,283.145,277.8911273317113,3.746319660843663,269.877,283.167,13.267999999999972,0.010404923063239282,63.159,62.987476480129764,0.7136155269403033,60.994,64.22,0.021999999999998465,-0.00019581002106448206,56.373,54.26944282238443,1.7895679377059222,51.755,58.354,4.596999999999994,0.004529452032625534,59.268,59.176911192214114,0.3398324452669002,58.343,59.899,0.4620000000000033,0.0001067223836037308,59.391,58.838008515815076,0.5095779777999686,57.908,59.645,1.4609999999999985,0.0009660892943117394,54.925,54.20207542579075,0.6262956568469901,53.104,55.264,1.820999999999998,0.001611880856842629,52.719,50.95276601784266,1.4787363050288374,48.799,54.006,3.9200000000000017,0.0037799807037457813,39.043,38.848532035685324,1.049930292933747,37.898,41.96,1.0820000000000007,0.0018949560056465704,36.962,37.62408272506082,0.9953733997025421,36.648,40.971,-0.3359999999999985,0.0005551095255405387,35.65,36.43011597729116,0.5952490992844113,35.629,38.794,-1.216000000000001,-0.0008873946966073479,0.371,0.4166768045417681,0.12346414761967654,0.004,1.284,-0.030000000000000027,3.7337912002228754e-05,0.006,0.6776009732360098,0.28098994734687877,0.004,2.206,-0.613,0.00016764447153795785,0.76,0.8294845904298459,0.239885901857847,0.284,2.747,-0.025000000000000022,0.00010407653135666585,1.459,2.3764371451743713,1.4509217516262043,-0.103,6.153,0.29300000000000015,0.000327435212813308,498.78,507.2271516626115,22.04735334740696,492.876,591.009,-0.8080000000000496,0.01255574295335183,5.474,5.443452149229522,0.38026779490897566,4.444,6.381,0.9160000000000004,4.9768281835089577e-05,108.5,108.5,0.0,108.5,108.5,0.0,5.565900024257517e-17,18.0,18.201338199513383,5.23760888870318,0.0,25.500000000000004,-1.5,-0.0051494228984350805,10.500000000000002,9.934306569343066,3.192039321515766,0.0,18.0,-1.4999999999999982,-0.001727189070438139,12.0,9.472019464720194,3.0046813531029186,0.0,16.5,1.4999999999999982,-0.0010277201799489912,7.5,6.873479318734793,2.5934696787572267,0.0,15.0,0.0,-0.001148649053510112,100.0,100.0,0.0,100.0,100.0,0.0,2.3678880408545616e-17,1.0,1.0,0.0,1.0,1.0,0.0,3.6136485787108204e-19,1.0,1.0,0.0,1.0,1.0,0.0,3.6136485787108204e-19,1.0,1.0,0.0,1.0,1.0,0.0,3.6136485787108204e-19,1.0,1.0,0.0,1.0,1.0,0.0,3.6136485787108204e-19,39.0,7.188564476885645,13.959967929394374,0.0,41.0,39.0,0.010517196664850128,11.753,13.542504866180046,3.568058827032378,0.385,23.38,-0.895999999999999,0.0016724276221142666,5.037,5.804425790754258,1.52948721388478,0.165,10.02,-0.38400000000000034,0.0007163734093870484
batch_dist_ternary_acetone+butan-1-ol+methanol__operating_point_012__test_anormal_experiment_002,batch_dist_ternary_acetone+butan-1-ol+methanol,operating_point_012,test_anormal_experiment_002,0.1,375,62.35,0.7686175703534204,1.0,1.0,0.0,1.0,1.0,0.0,-4.2036502941468744e-18,1.0,1.0,0.0,1.0,1.0,0.0,-4.2036502941468744e-18,273.077,270.728428,1.4751404616112538,267.821,273.144,5.255999999999972,0.013588110479007962,63.562,63.24208000000001,0.19289339439182457,62.967,63.626,0.44599999999999795,0.0015864793491862598,52.925,52.29713466666667,0.3483343315430676,51.67,52.946,1.2339999999999947,0.0032141301627033494,59.247,59.013648,0.12443769563922326,58.806,59.289,0.4200000000000017,0.0011024677437705542,58.692,58.31253733333334,0.20458318912581472,57.887,58.692,0.8049999999999997,0.0018307979292296564,53.718,53.36547066666667,0.1677984161811099,53.104,53.718,0.6140000000000043,0.0015076210035270745,50.042,49.52458133333334,0.3539110576376809,48.799,50.042,1.2220000000000013,0.0032315613835475258,38.106,38.036244,0.03321320717224671,37.982,38.127,0.1039999999999992,0.0002577161224257607,37.403,37.49875466666666,0.05344639505980638,37.382,37.612,-0.16799999999999926,-0.00045834463533972664,36.761,36.932928,0.09934740467672123,36.761,37.117,-0.33499999999999375,-0.0009053346228240571,0.38,0.3966133333333334,0.060306913552446224,0.008,1.0,-0.010000000000000009,3.0191148025940605e-05,0.637,0.6160746666666665,0.09419806663739029,0.005,1.684,0.11599999999999999,0.0002180614404369087,0.886,0.7624826666666666,0.06128621677198082,0.614,0.921,0.14200000000000002,7.274911821594938e-05,2.019,2.0435013333333334,0.12463473297957071,1.543,2.286,0.4760000000000002,0.0003253568096484239,498.484,499.11988,0.5681894005816486,497.811,500.449,-1.2200000000000273,-0.0001544898168175766,5.854,5.676965333333333,0.3502875125734413,4.873,6.387,0.0,-0.00013727409261577884,108.5,108.5,0.0,108.5,108.5,0.0,-1.5362371097663642e-16,19.5,18.836,0.745053018247695,18.0,19.5,1.5,0.00019797474115370976,12.0,11.304,0.7480534740244168,10.500000000000002,12.0,0.0,-0.0016230515416998785,10.500000000000002,10.500000000000002,0.0,10.500000000000002,10.500000000000002,0.0,-1.5588885829285754e-17,7.5,7.5,0.0,7.5,7.5,0.0,-1.8849080708904232e-17,100.0,100.0,0.0,100.0,100.0,0.0,-1.516968643488039e-16,1.0,1.0,0.0,1.0,1.0,0.0,-4.2036502941468744e-18,1.0,1.0,0.0,1.0,1.0,0.0,-4.2036502941468744e-18,1.0,1.0,0.0,1.0,1.0,0.0,-4.2036502941468744e-18,1.0,1.0,0.0,1.0,1.0,0.0,-4.2036502941468744e-18,0.0,2.6133333333333333,9.1998454093292,0.0,35.0,0.0,-0.001465468198884977,12.922,12.705308,0.34968831903472747,11.879,13.279,1.043000000000001,0.0029175616111047653,5.538,5.445060000000001,0.1500088477390584,5.091,5.691,0.44700000000000006,0.001251564569348048
batch_dist_ternary_acetone+butan-1-ol+methanol__operating_point_012__test_anormal_experiment_002,batch_dist_ternary_acetone+butan-1-ol+methanol,operating_point_012,test_anormal_experiment_002,0.2,749,62.35,0.7686175703534204,1.0,1.0,0.0,1.0,1.0,0.0,1.5822992104303407e-19,1.0,1.0,0.0,1.0,1.0,0.0,1.5822992104303407e-19,276.75,272.85804939919893,2.4879156469995283,267.821,276.795,8.928999999999974,0.01145918806537054,64.688,63.682302403204275,0.5123580252150205,62.967,64.751,1.5720000000000027,0.0023261548160470776,54.329,52.94516955941255,0.7508286214440986,51.67,54.35,2.637999999999998,0.003469039746399876,59.899,59.30040587449933,0.32608679358130055,58.806,59.962,1.0720000000000027,0.0014932004883516856,59.751,58.74296795727637,0.4931332397681026,57.887,59.751,1.8639999999999972,0.002263272613038428,54.65,53.76736381842456,0.46186348920019693,53.104,54.65,1.5459999999999994,0.0021150043052055537,51.37,50.122483311081446,0.7044315607781059,48.799,51.37,2.549999999999997,0.0032483533409965646,38.419,38.13214686248332,0.11658605493128922,37.982,38.419,0.4169999999999945,0.0005148338533373922,37.403,37.4376655540721,0.07414903956549149,37.298,37.612,-0.16799999999999926,-0.00031857769717908856,36.551,36.801700267022696,0.15532847515352796,36.551,37.117,-0.5449999999999946,-0.0007089120467218358,0.386,0.4002316421895861,0.05283690375079495,0.004,1.0,-0.0040000000000000036,1.533352848361119e-05,0.641,0.6325947930574098,0.07441134607138959,0.005,1.684,0.12,8.41096649364926e-05,0.77,0.7783778371161548,0.06125011181806232,0.614,0.933,0.026000000000000023,7.521403939655752e-05,2.147,2.01989652870494,0.13607944908490227,1.418,2.286,0.6039999999999999,-0.00014223250965636868,498.753,499.1299519359146,0.5528058569216255,497.811,500.449,-0.9510000000000218,-9.522105052757937e-05,5.854,5.690449265687583,0.3657535960454182,4.869,6.387,0.0,3.368619835359624e-05,108.5,108.5,0.0,108.5,108.5,0.0,3.815732227561709e-17,19.5,18.660881174899867,0.7446864004483846,18.0,19.5,1.5,-0.0006823215267415201,10.500000000000002,11.071762349799734,0.7279974853775063,10.500000000000002,12.0,-1.4999999999999982,-0.0008572499518073935,10.500000000000002,10.403871829105475,0.3673576337879236,9.0,10.500000000000002,0.0,-0.00027938856086188877,7.5,7.506008010680908,0.09474133115499228,7.5,9.0,0.0,4.780705825236568e-05,100.0,100.0,0.0,100.0,100.0,0.0,7.556706932680836e-19,1.0,1.0,0.0,1.0,1.0,0.0,1.5822992104303407e-19,1.0,1.0,0.0,1.0,1.0,0.0,1.5822992104303407e-19,1.0,1.0,0.0,1.0,1.0,0.0,1.5822992104303407e-19,1.0,1.0,0.0,1.0,1.0,0.0,1.5822992104303407e-19,0.0,2.336448598130841,8.735943502728933,0.0,35.0,0.0,-0.0012104552951172013,13.013,12.940102803738316,0.3804904283512338,11.879,13.573,1.1340000000000003,0.0011673941726223144,5.577,5.545786381842457,0.1632159868781953,5.091,5.817,0.48599999999999977,0.0005008667956562425
batch_dist_ternary_acetone+butan-1-ol+methanol__operating_point_012__test_anormal_experiment_002,batch_dist_ternary_acetone+butan-1-ol+methanol,operating_point_012,test_anormal_experiment_002,0.4,1497,62.35,0.7686175703534204,1.0,1.0,0.0,1.0,1.0,0.0,-6.374494546208285e-19,1.0,1.0,0.0,1.0,1.0,0.0,-6.374494546208285e-19,137.332,251.05653473613896,42.480999258391336,137.332,278.925,-130.48900000000003,-0.07041110334625099,56.414,63.22368837675351,2.2277545680384097,56.414,65.856,-6.701999999999998,-0.0022017840683401678,55.777,54.14994388777555,1.3473685426925297,51.67,55.777,4.0859999999999985,0.003045437678223736,53.765,58.921206412825654,1.6165899941638735,53.765,60.719,-5.061999999999998,-0.0016956189425608812,52.64,58.45387441549767,1.9577508255265212,52.64,60.874,-5.247,-0.0016630592528810134,54.078,54.22586840347361,0.7896545117197867,53.104,55.878,0.9740000000000038,0.0008752290087411087,44.84,50.025545424181686,1.9043924784643265,44.84,52.741,-3.979999999999997,-0.0011106237216871081,37.378,38.21677621910488,0.3256292434102443,37.378,38.939,-0.6240000000000023,2.418802749756952e-05,36.396,37.2312828991316,0.3577615069939537,36.375,37.612,-1.1749999999999972,-0.0006731571744618719,36.069,36.57048162992652,0.29065010544893455,35.944,37.117,-1.026999999999994,-0.0006373885222878063,0.092,0.33651569806279225,0.12545686817498233,0.004,1.0,-0.29800000000000004,-0.00019419069177244104,0.02,0.500940881763527,0.2542683966082261,0.005,1.762,-0.501,-0.00039896210032138834,0.7,0.7020607882431531,0.1461119698301107,0.18,0.933,-0.04400000000000004,-0.00019510931467899237,1.89,2.1341466265865066,0.9733916397210668,0.239,5.697,0.347,5.0963576911431306e-05,521.025,500.97988476953907,5.893387560942243,493.145,521.025,21.32099999999997,0.007116449708996608,5.854,5.647190046760186,0.37305917370031483,4.558,6.393,0.0,-0.00011368583679285404,0.0,74.50768203072812,50.32582655796042,0.0,108.5,-108.5,-0.09355817437263454,0.0,12.816633266533065,8.651858366510854,0.0,19.5,-18.0,-0.016158336750180136,6.0,7.864228456913827,4.909780019062259,0.0,12.0,-6.0,-0.008751139105925097,1.5,7.275551102204409,4.87598954007118,0.0,12.0,-9.000000000000002,-0.008811508625870724,7.5,6.722444889779559,2.3310372592210302,0.0,9.0,0.0,-0.001818210934767302,0.0,68.67067468269873,46.38325028383449,0.0,100.0,-100.0,-0.08622873214067697,1.0,1.0,0.0,1.0,1.0,0.0,-6.374494546208285e-19,1.0,1.0,0.0,1.0,1.0,0.0,-6.374494546208285e-19,1.0,1.0,0.0,1.0,1.0,0.0,-6.374494546208285e-19,1.0,1.0,0.0,1.0,1.0,0.0,-6.374494546208285e-19,14.0,2.6309285237140947,7.689634992130147,0.0,35.0,14.0,0.001480097268568107,4.452,11.069660654642618,3.4595433533684825,0.0,13.86,-7.427,-0.005570674108474821,1.908,4.744268537074149,1.482733751483266,0.0,5.94,-3.1830000000000003,-0.00238725480776708
batch_dist_ternary_acetone+butan-1-ol+methanol__operating_point_012__train_normal_experiment_001,batch_dist_ternary_acetone+butan-1-ol+methanol,operating_point_012,train_normal_experiment_001,0.1,421,70.06666666666666,0.5767355667716494,1.0,1.0,0.0,1.0,1.0,0.0,-6.310989404968973e-19,1.0,1.0,0.0,1.0,1.0,0.0,-6.310989404968973e-19,271.958,267.66511163895484,2.8992322762370635,261.793,271.958,10.16500000000002,0.023679914186971365,63.35,62.52381235154394,0.32008743118155775,62.118,63.35,0.9980000000000047,0.0019671311656000523,53.286,52.570623515439436,0.4081139243431283,51.904,53.286,1.3610000000000042,0.00335158141382433,59.205,58.86455463182898,0.1652910608066395,58.553,59.205,0.5889999999999986,0.0013260213213854943,58.755,58.19229216152019,0.28971956325122794,57.76,58.777,0.9310000000000045,0.0023552847541961526,53.993,53.407996437054635,0.3114029904060992,52.872,53.993,1.036999999999999,0.002549031949914534,49.979,49.17472802850356,0.5789763524092172,48.251,50.0,1.7070000000000007,0.004729833857871251,38.273,38.25686104513064,0.047985761475367684,38.169,38.356,0.04200000000000159,0.00034223863290966687,37.403,37.482610451306414,0.02514518951714975,37.382,37.529,-0.08400000000000318,7.206943521991678e-06,36.572,36.79645605700713,0.09897693938398401,36.572,36.97,-0.35599999999999454,-0.0007993510952579828,0.414,0.4008847980997624,0.0388435152408436,0.004,0.864,0.022999999999999965,9.274850960974018e-05,0.667,0.6288717339667458,0.10054702015867543,0.004,1.828,0.07900000000000007,0.00027274342772873637,0.614,0.7697446555819477,0.06799347286815367,0.578,0.928,-0.15900000000000003,-8.750002010237189e-06,2.129,1.9455178147268408,0.30856347921297034,1.019,2.276,1.11,0.0015749054786215262,497.192,498.8065961995249,0.8250461591548379,496.743,500.279,-2.144999999999982,-0.0018502556218313517,5.758,5.728713776722089,0.366985868523827,4.869,6.393,-0.09600000000000009,-0.00013882669660044593,108.5,108.5,0.0,108.5,108.5,0.0,-3.5469184158349545e-17,18.0,18.823040380047505,0.7882246630939647,16.5,19.5,0.0,0.004070731420980723,10.500000000000002,10.500000000000002,0.0,10.500000000000002,10.500000000000002,0.0,-2.706574394763778e-17,10.500000000000002,9.881828978622329,0.7356037023127349,9.0,10.500000000000002,0.0,-0.0007270627853532382,7.5,7.5,0.0,7.5,7.5,0.0,-1.6688056446429667e-17,100.0,100.0,0.0,100.0,100.0,0.0,-1.8890626423406041e-16,1.0,1.0,0.0,1.0,1.0,0.0,-6.310989404968973e-19,1.0,1.0,0.0,1.0,1.0,0.0,-6.310989404968973e-19,1.0,1.0,0.0,1.0,1.0,0.0,-6.310989404968973e-19,1.0,1.0,0.0,1.0,1.0,0.0,-6.310989404968973e-19,0.0,2.4109263657957243,8.863963947442553,0.0,35.0,0.0,-7.317265369072131e-05,13.167,12.676010688836103,0.4532827430370088,11.816,13.328,0.875,0.0033695387871351228,5.643,5.432793349168646,0.19408626605998197,5.067,5.712,0.375,0.0014429156809800902
batch_dist_ternary_acetone+butan-1-ol+methanol__operating_point_012__train_normal_experiment_001,batch_dist_ternary_acetone+butan-1-ol+methanol,operating_point_012,train_normal_experiment_001,0.2,841,70.06666666666666,0.5767355667716494,1.0,1.0,0.0,1.0,1.0,0.0,2.1837573230959725e-19,1.0,1.0,0.0,1.0,1.0,0.0,2.1837573230959725e-19,278.073,271.5431385255648,4.596835331953757,261.793,278.14,16.279999999999973,0.018776092083809714,64.9,63.305497621878715,0.8801280444051576,62.118,64.942,2.548000000000009,0.00352004210735271,54.968,53.3376212841855,0.8937047351011564,51.904,54.989,3.0430000000000064,0.0036746444922525893,60.361,59.29051486325803,0.5104913909585718,58.553,60.361,1.7449999999999974,0.00205680280274547,60.175,58.82180677764566,0.7244388400673027,57.76,60.175,2.350999999999999,0.0029685205374214638,55.179,53.991889417360284,0.6725771377335984,52.872,55.179,2.222999999999999,0.002766556801955429,51.749,49.98746432818074,0.981454969234338,48.251,51.749,3.477000000000004,0.004025175998728213,38.773,38.40343043995244,0.18014011154333706,38.169,38.814,0.5420000000000016,0.0007083469777403207,37.55,37.479995838287756,0.02765215684466178,37.382,37.55,0.06299999999999528,1.241205611460364e-05,36.488,36.69104102259215,0.12934839823862113,36.488,36.97,-0.4399999999999977,-0.0005083501248977864,0.414,0.4071391200951249,0.038524182422608334,0.004,0.867,0.022999999999999965,3.506995566139375e-05,0.663,0.6532443519619501,0.10085812273843307,0.004,1.996,0.07500000000000007,0.00011901789925626185,0.804,0.7771355529131986,0.06408923389516988,0.578,0.946,0.031000000000000028,3.759214009531025e-05,2.025,1.9747063020214028,0.23893237307242512,1.019,2.319,1.006,0.0002306620086046522,498.224,498.9052895362663,0.7636755262875442,496.743,500.351,-1.1129999999999995,0.0002177839613590404,6.381,5.713200356718192,0.36948210692315925,4.785,6.393,0.5270000000000001,-0.00010470248871563139,108.5,108.5,0.0,108.5,108.5,0.0,4.17049834203408e-17,19.5,18.750891795481568,0.771105597202694,16.5,19.5,1.5,0.000606221204013683,10.500000000000002,10.500000000000002,0.0,10.500000000000002,10.500000000000002,0.0,-1.1058400910843297e-19,10.500000000000002,10.128121284185493,0.6461561379514883,9.0,10.500000000000002,0.0,0.0009502599834491793,7.5,7.5,0.0,7.5,7.5,0.0,4.879693337700731e-19,100.0,100.0,0.0,100.0,100.0,0.0,-1.1944225250826525e-16,1.0,1.0,0.0,1.0,1.0,0.0,2.1837573230959725e-19,1.0,1.0,0.0,1.0,1.0,0.0,2.1837573230959725e-19,1.0,1.0,0.0,1.0,1.0,0.0,2.1837573230959725e-19,1.0,1.0,0.0,1.0,1.0,0.0,2.1837573230959725e-19,0.0,2.2473246135552913,8.53683746550571,0.0,35.0,0.0,-0.00034845690431874887,13.321,13.010607015457788,0.4886707575017631,11.816,13.783,1.029,0.0015575323178774179,5.709,5.576056480380499,0.20923377445998154,5.067,5.907,0.44099999999999984,0.0006669632190094704
batch_dist_ternary_acetone+butan-1-ol+methanol__operating_point_012__train_normal_experiment_001,batch_dist_ternary_acetone+butan-1-ol+methanol,operating_point_012,train_normal_experiment_001,0.4,1682,70.06666666666666,0.5767355667716494,1.0,1.0,0.0,1.0,1.0,0.0,2.565744438712776e-19,1.0,1.0,0.0,1.0,1.0,0.0,2.565744438712776e-19,284.111,276.4353421521997,6.0041022224167975,261.793,284.111,22.317999999999984,0.011977425583955445,69.47,65.18486623067777,2.1869371383077234,62.118,69.47,7.118000000000002,0.004467282772771858,59.463,55.2189788941736,2.1836872969953154,51.904,59.463,7.538000000000004,0.004477509880654906,64.002,60.625866825208085,1.5831262645230229,58.553,64.044,5.385999999999996,0.003196760814072022,64.139,60.42932253269917,1.8877848328331588,57.76,64.161,6.314999999999998,0.003854160312860707,58.972,55.48005291319857,1.7637848715199964,52.872,59.036,6.015999999999998,0.003595326957040244,56.307,51.92062663495838,2.268216984278308,48.251,56.307,8.035000000000004,0.0046503920947392145,41.314,39.17115160523187,0.9332679012639018,38.169,41.314,3.0829999999999984,0.001831102014305853,39.648,37.856092152199764,0.5577231416080396,37.382,39.669,2.1610000000000014,0.000957723874046719,36.446,36.57559512485137,0.14870200547683374,36.405,36.97,-0.4819999999999993,-0.00028069572320329686,0.408,0.4119485731272295,0.04386544596070412,0.004,0.867,0.01699999999999996,1.1515607751627831e-05,0.666,0.6624143876337694,0.09687838267445975,0.004,1.996,0.07800000000000007,2.8645496353555924e-05,0.777,0.7845986920332938,0.06421337154433374,0.578,0.959,0.0040000000000000036,1.652654725806637e-05,2.037,1.9877401902497027,0.17959396412999448,1.019,2.319,1.018,3.269269241317937e-05,498.394,498.9250377526754,0.7237892552807564,496.743,500.395,-0.9429999999999836,6.150321702990597e-05,4.869,5.72909096313912,0.3627590669515411,4.785,6.829,-0.9850000000000003,3.434344661599053e-05,108.5,108.5,0.0,108.5,108.5,0.0,3.109484425278568e-17,19.5,19.00862068965517,0.7153094837554826,16.5,19.5,1.5,0.0004443596259511993,12.0,11.018579072532699,0.7131689358241738,10.500000000000002,12.0,1.4999999999999982,0.001137059783449246,13.5,10.960612366230677,1.1555141206552857,9.0,13.5,2.9999999999999982,0.002021156652746956,10.500000000000002,8.175980975029727,0.8658227347219957,7.5,10.500000000000002,3.0000000000000018,0.0014730572571318035,100.0,100.0,0.0,100.0,100.0,0.0,-4.024958425933415e-17,1.0,1.0,0.0,1.0,1.0,0.0,2.565744438712776e-19,1.0,1.0,0.0,1.0,1.0,0.0,2.565744438712776e-19,1.0,1.0,0.0,1.0,1.0,0.0,2.565744438712776e-19,1.0,1.0,0.0,1.0,1.0,0.0,2.565744438712776e-19,0.0,2.2265160523186682,8.520947029425768,0.0,35.0,0.0,-3.812898253297923e-05,13.356,13.201787752675386,0.417949110673519,11.816,13.979,1.064,0.0004886830702214842,5.724,5.65799464922711,0.17900683937910433,5.067,5.991,0.4560000000000004,0.00020937445141122957
batch_dist_ternary_acetone+butan-1-ol+methanol__operating_point_013__test_anormal_experiment_001,batch_dist_ternary_acetone+butan-1-ol+methanol,operating_point_013,test_anormal_experiment_001,0.1,2066,344.31666666666666,0.8507243126342093,1.0,1.0,0.0,1.0,1.0,0.0,6.49303320037394e-20,1.0,1.0,0.0,1.0,1.0,0.0,6.49303320037394e-20,278.006,271.16369603097775,5.9843946884645,254.397,278.006,23.60899999999998,0.009416189366218634,60.569,60.38905324298161,0.2108827125735487,59.721,60.697,0.8060000000000045,0.0002941577166152891,50.415,50.23812875121007,0.13135309071195309,49.862,50.436,0.4889999999999972,0.0002010905169452622,55.612,55.757038238141334,0.24319637339110134,55.507,56.347,-0.6929999999999978,-0.00035651432186090137,55.665,55.639144482091,0.12656972683567186,55.453,55.982,-0.10500000000000398,-0.00014314869878018403,50.439,50.58307333010649,0.1863874850908561,50.312,51.031,-0.4859999999999971,-0.0002743794573900298,39.206,39.18489327202323,0.09801176958900251,38.933,39.437,-0.23099999999999454,-0.00010928822427574212,36.254,36.463995401742494,0.2682950103668767,36.15,37.336,-1.0820000000000007,-0.00038302781374330086,35.997,36.14090392061956,0.19715607399025312,35.872,36.794,-0.796999999999997,-0.000278037675389278,36.132,36.24006727976767,0.14816835001390605,36.027,36.698,-0.5660000000000025,-0.00020717856370357083,0.005,0.005677395934172314,0.0024575027256792874,0.004,0.032,0.0,7.844107990198401e-07,1.895,1.8278010648596321,0.07404253388187267,1.657,1.987,0.22399999999999998,0.00010846928961071508,1.277,1.297232090997096,0.09633349388317661,1.034,1.625,0.05699999999999994,5.380252494918498e-05,2.014,2.0391938528557603,0.18596925277502593,1.53,2.649,-0.2490000000000001,-4.932048535584609e-05,498.511,498.4243451113262,0.9850392881967716,495.29,500.611,3.1410000000000196,0.00015058272487246513,5.848,5.797776137463698,0.3758937038308298,4.554,6.836,0.37399999999999967,-3.981584071334435e-05,108.5,108.5,0.0,108.5,108.5,0.0,3.672505220771239e-17,15.0,16.554453049370764,0.8284989260391996,15.0,18.0,-3.0,-0.001003194854115744,7.5,7.821999031945789,0.6156646052014071,7.5,9.0,-1.5,-0.000679938529542476,7.5,7.591481122942885,0.3589608454406079,7.5,9.0,-1.5,-0.00023564013315703476,6.0,4.954501452081317,0.6893334520955366,4.5,6.0,0.0,-0.00021729603367345572,200.0,200.0,0.0,200.0,200.0,0.0,1.6656953910602105e-17,1.0,1.0,0.0,1.0,1.0,0.0,6.49303320037394e-20,1.0,1.0,0.0,1.0,1.0,0.0,6.49303320037394e-20,1.0,1.0,0.0,1.0,1.0,0.0,6.49303320037394e-20,1.0,1.0,0.0,1.0,1.0,0.0,6.49303320037394e-20,0.0,1.637947725072604,8.666153657481473,0.0,48.0,0.0,0.00014015569677758045,29.77,28.75356485963214,0.9656596113033921,26.32,31.16,2.9899999999999984,0.0013683113203175686,0.0,0.0,0.0,0.0,0.0,0.0,0.0
batch_dist_ternary_acetone+butan-1-ol+methanol__operating_point_013__test_anormal_experiment_001,batch_dist_ternary_acetone+butan-1-ol+methanol,operating_point_013,test_anormal_experiment_001,0.2,4132,344.31666666666666,0.8507243126342093,1.0,1.0,0.0,1.0,1.0,0.0,-3.41921919858683e-19,1.0,1.0,0.0,1.0,1.0,0.0,-3.41921919858683e-19,280.024,275.287670498548,5.922744217116152,254.397,280.114,25.62700000000001,0.00428216982885249,60.357,60.42075798644724,0.1557090583849533,59.721,60.697,0.5940000000000012,5.4890907974706805e-05,50.33,50.32557732333011,0.1287007638966781,49.862,50.5,0.40399999999999636,8.959868648983966e-05,55.444,55.620797434656346,0.22395927344033825,55.36,56.347,-0.8609999999999971,-0.00015407202137030792,55.495,55.568244070667966,0.12915965276136152,55.326,55.982,-0.2750000000000057,-8.291979629746244e-05,50.418,50.505754598257504,0.15619063376574638,50.312,51.031,-0.5069999999999979,-8.966229807620968e-05,38.954,39.16136991771539,0.07962249588897977,38.933,39.437,-0.482999999999997,-3.151114760213249e-05,36.254,36.34977492739594,0.22253030275527896,36.109,37.336,-1.0820000000000007,-0.00013334786707142586,35.976,36.058937802516944,0.1642927986024201,35.851,36.794,-0.8179999999999978,-9.642714343333243e-05,36.111,36.18246841723136,0.12148044226526497,36.027,36.698,-0.5870000000000033,-6.916634814330804e-05,0.039,0.06819203775411423,0.08631596256781392,0.004,0.277,0.034,5.2306242646477486e-05,1.945,1.8801478702807357,0.07522725919155887,1.657,1.99,0.274,5.308257673602092e-05,1.258,1.3277824298160696,0.099658522610207,1.034,1.725,0.038000000000000034,3.0201743709633334e-05,1.54,2.026657913843175,0.1669913957699175,1.53,2.649,-0.7229999999999999,-1.6386734760958235e-05,499.992,498.350195909971,0.9971750421954818,495.236,500.611,4.622000000000014,-7.886679296200965e-05,5.464,5.78149165053243,0.37144141131304187,4.554,6.836,-0.009999999999999787,-1.88479794245968e-05,108.5,108.5,0.0,108.5,108.5,0.0,-1.2467205480930465e-17,15.0,15.982696030977735,0.9453083525841554,15.0,18.0,-3.0,-0.0005572362412670943,6.0,7.502541142303969,0.6920318719623159,6.0,9.0,-3.0,-0.000322382769754733,6.0,7.41196757018393,0.5109914114433136,6.0,9.0,-3.0,-0.00017201117660450507,4.5,4.8517666989351405,0.6355393283841566,4.5,6.0,-1.5,-0.00010128456381331776,200.0,200.0,0.0,200.0,200.0,0.0,7.600389525072993e-18,1.0,1.0,0.0,1.0,1.0,0.0,-3.41921919858683e-19,1.0,1.0,0.0,1.0,1.0,0.0,-3.41921919858683e-19,1.0,1.0,0.0,1.0,1.0,0.0,-3.41921919858683e-19,1.0,1.0,0.0,1.0,1.0,0.0,-3.41921919858683e-19,0.0,1.579864472410455,8.531115032571089,0.0,48.0,0.0,-4.9702764430659255e-05,30.0,29.53692037754114,1.0753452513874608,26.32,31.58,3.219999999999999,0.0007820355660282699,0.0,0.0,0.0,0.0,0.0,0.0,0.0
batch_dist_ternary_acetone+butan-1-ol+methanol__operating_point_013__test_anormal_experiment_001,batch_dist_ternary_acetone+butan-1-ol+methanol,operating_point_013,test_anormal_experiment_001,0.4,8264,344.31666666666666,0.8507243126342093,1.0,1.0,0.0,1.0,1.0,0.0,-1.1483926346695845e-19,1.0,1.0,0.0,1.0,1.0,0.0,-1.1483926346695845e-19,281.999,278.12356383107453,5.078228739834892,254.397,282.112,27.602000000000032,0.0016296712306233642,60.59,60.46868350677638,0.12990889836121294,59.721,60.697,0.8270000000000053,2.9897849332373033e-05,50.606,50.41957103097773,0.13991414521267162,49.862,50.649,0.6799999999999997,5.16712671492531e-05,55.633,55.56720474346564,0.1778812179045641,55.276,56.347,-0.671999999999997,-3.1592605422134855e-05,55.643,55.54285515488868,0.1128592811546298,55.284,55.982,-0.12700000000000244,-1.282955513411213e-05,50.629,50.50938486205228,0.12334351316786332,50.312,51.031,-0.2959999999999994,-3.5410841560318256e-06,39.227,39.170808990803486,0.07382182274114274,38.891,39.437,-0.21000000000000085,2.3136502989855003e-06,36.233,36.29433912149081,0.1689169810833379,36.046,37.336,-1.1030000000000015,-3.578552918552131e-05,35.997,36.01981655372701,0.12675092265323948,35.788,36.794,-0.796999999999997,-2.5292606870674577e-05,36.132,36.156161120522746,0.09350717226764889,35.944,36.698,-0.5660000000000025,-1.721254654681496e-05,0.005,0.04240277105517909,0.07697664460682421,0.004,0.483,0.0,-3.365621551564565e-06,1.921,1.903600435624395,0.09299898779130414,0.558,3.774,0.25,1.570317519018397e-05,1.313,1.346975798644724,0.10419737410809535,1.034,1.728,0.09299999999999997,1.122664031808478e-05,1.803,2.013005082284608,0.17125493781313417,1.364,2.649,-0.45999999999999996,-6.817518548818061e-06,499.489,498.23699885043567,1.0611312766318117,493.89,500.62,4.118999999999971,-4.2692794112983295e-05,6.222,5.780884862052274,0.3695131196191784,4.554,6.843,0.7480000000000002,-1.7514965790132176e-06,108.5,108.5,0.0,108.5,108.5,0.0,6.7218823577928956e-18,15.0,15.618949661181027,0.8590421822265264,15.0,18.0,-3.0,-0.00021059647841654077,7.5,7.316583978702807,0.6948220420377423,6.0,9.0,-1.5,-0.00011170002929747766,7.5,7.321847773475315,0.5512683259932031,6.0,9.0,-1.5,-5.9031239404190216e-05,4.5,4.7851524685382385,0.5884561494882006,4.5,6.0,-1.5,-4.0229034317244e-05,200.0,200.0,0.0,200.0,200.0,0.0,-2.9967703873653497e-18,1.0,1.0,0.0,1.0,1.0,0.0,-1.1483926346695845e-19,1.0,1.0,0.0,1.0,1.0,0.0,-1.1483926346695845e-19,1.0,1.0,0.0,1.0,1.0,0.0,-1.1483926346695845e-19,1.0,1.0,0.0,1.0,1.0,0.0,-1.1483926346695845e-19,0.0,1.5275895450145207,8.400748116893629,0.0,48.0,0.0,-3.4472999010448684e-05,30.65,30.072784970958374,0.9801928466200047,26.32,32.24,3.8699999999999974,0.000301698390237475,0.0,0.0,0.0,0.0,0.0,0.0,0.0
batch_dist_ternary_butan-1-ol+propan-2-ol+water__operating_point_001__test_anormal_experiment_001,batch_dist_ternary_butan-1-ol+propan-2-ol+water,operating_point_001,test_anormal_experiment_001,0.1,259,43.05,0.6738020637083357,1.0,1.0,0.0,1.0,1.0,0.0,-3.4585943548438055e-18,1.0,1.0,0.0,1.0,1.0,0.0,-3.4585943548438055e-18,446.6,446.51119691119686,0.11006366984174633,446.3,446.7,0.20000000000004547,0.0012773775564455035,72.4,70.54208494208494,1.0692458897314614,69.4,72.4,2.1000000000000085,0.011656570958896242,72.6,72.56949806949807,0.05157873424570139,72.4,72.6,0.19999999999998863,0.0005243091289600044,67.4,66.64054054054054,0.2886817617262572,66.3,67.4,0.30000000000001137,0.00114061928015406,47.1,47.44903474903475,0.22306446500790134,47.1,47.8,-0.6999999999999957,-0.0029499036475781988,67.3,68.83474903474904,0.9837821169439703,67.3,70.7,-3.4000000000000057,-0.013130383130383507,66.5,67.15096525096524,0.6065512951894338,66.4,68.1,-1.2000000000000028,-0.0073821150565339284,63.5,63.751351351351346,0.19675972673731087,63.5,64.0,-0.3999999999999986,-0.00255330464632814,63.5,63.5023166023166,0.015043057713342422,63.5,63.6,0.0,-3.370608021782483e-05,63.4,63.42432432432432,0.042904075314561536,63.4,63.5,0.0,-0.0001670108646855601,0.9,0.8316602316602318,0.10472221206760501,0.4,1.0,0.4,0.001198154453968406,0.5,0.615057915057915,0.27050128020361014,0.0,1.4,0.3,6.637611288773834e-05,0.8,0.6918918918918918,0.05533237488415223,0.6,0.8,0.20000000000000007,6.022889743819916e-05,3.0,3.008880308880309,0.0778468769648883,2.8,3.2,-0.10000000000000009,-6.167936400496016e-05,500.1,499.9942084942085,0.32132275322877496,499.2,500.8,0.5,7.549333130640395e-05,6.8,6.513127413127413,0.3705123594110182,5.8,7.3,0.0,2.5693979182328407e-05,210.0,210.0,0.0,210.0,210.0,0.0,-9.225720965353903e-16,0.0,9.584942084942085,10.925181014930649,0.0,28.5,0.0,0.010126328730979895,0.0,0.0,0.0,0.0,0.0,0.0,0.0,16.5,9.972972972972974,3.886821020823854,3.0,16.5,13.5,0.0516438621089784,4.5,0.8397683397683398,1.2146156042240923,0.0,4.5,4.5,0.01362298920438456,0.0,0.0,0.0,0.0,0.0,0.0,0.0,1.0,0.4826254826254826,0.4996980349631191,0.0,1.0,1.0,0.0002949282019049451,1.0,1.0,0.0,1.0,1.0,0.0,-3.4585943548438055e-18,1.0,1.0,0.0,1.0,1.0,0.0,-3.4585943548438055e-18,1.0,1.0,0.0,1.0,1.0,0.0,-3.4585943548438055e-18,22.5,21.95250965250965,2.8416686249862337,12.8,28.9,2.0,0.007676145350563883,9.3,10.355984555984556,4.627798422483819,0.0,23.5,-6.699999999999999,0.0012016770156304528,0.0,0.003861003861003861,0.03708172109202462,0.0,0.4,0.0,-8.758055269683197e-05
batch_dist_ternary_butan-1-ol+propan-2-ol+water__operating_point_001__test_anormal_experiment_001,batch_dist_ternary_butan-1-ol+propan-2-ol+water,operating_point_001,test_anormal_experiment_001,0.2,517,43.05,0.6738020637083357,1.0,1.0,0.0,1.0,1.0,0.0,-9.762265546804271e-19,1.0,1.0,0.0,1.0,1.0,0.0,-9.762265546804271e-19,446.7,446.58549323017405,0.11401923237194952,446.3,446.8,0.30000000000001137,0.0005714914423476261,69.7,70.82147001934236,0.9977844729785196,69.4,72.4,-0.5999999999999943,0.001706276792867615,72.6,72.58452611218571,0.03973336902518692,72.4,72.6,0.19999999999998863,0.00015326957434809788,72.6,68.27756286266924,1.9894692434934762,66.3,72.6,5.5,0.012273601734264726,46.4,47.10077369439071,0.4049492900465135,46.4,47.8,-1.3999999999999986,-0.002700740157444768,68.0,67.99458413926499,1.1139565080026048,66.8,70.7,-2.700000000000003,-0.006192828929098173,69.0,67.08762088974855,0.9005486976592032,66.1,69.4,1.2999999999999972,0.00020801242968476757,63.4,63.57736943907155,0.2234130471278664,63.4,64.0,-0.5,-0.0013401578963183054,63.5,63.50116054158607,0.010710149477684587,63.5,63.6,0.0,-1.0958991661641614e-05,63.4,63.42611218568665,0.043924620969692456,63.4,63.5,0.0,1.3399147491083804e-05,1.9,0.6475822050290136,0.41585938554052115,0.0,2.6,1.4,-0.001171656886649464,1.3,0.5247582205029013,0.36278285776871716,0.0,1.4,1.1,-0.0006612214430126351,0.7,0.695164410058027,0.05897104533499035,0.6,0.9,0.09999999999999998,1.1992367262035099e-05,3.0,2.971179883945841,0.12361871459159658,2.4,3.2,-0.10000000000000009,-0.0002770836021701872,500.3,499.9905222437137,0.3699640815703862,498.9,501.0,0.6999999999999886,-2.7362743839364865e-05,6.8,6.504061895551258,0.365116949599177,5.8,7.3,0.0,-1.7853951550148704e-05,210.0,210.0,0.0,210.0,210.0,0.0,-2.267705207039868e-16,1.5,4.82495164410058,9.087039692597239,0.0,28.5,1.5,-0.026270969492147116,0.0,0.0,0.0,0.0,0.0,0.0,0.0,16.5,14.094777562862669,5.016193486850726,3.0,19.5,13.5,0.03065374119307815,15.0,5.199226305609284,5.016602935322002,0.0,15.0,15.0,0.03247122309467683,0.0,0.0,0.0,0.0,0.0,0.0,0.0,1.0,0.4835589941972921,0.49972962022297146,0.0,1.0,1.0,-5.818165145231582e-06,1.0,1.0,0.0,1.0,1.0,0.0,-9.762265546804271e-19,1.0,1.0,0.0,1.0,1.0,0.0,-9.762265546804271e-19,1.0,1.0,0.0,1.0,1.0,0.0,-9.762265546804271e-19,17.0,21.471179883945844,3.8177485796157673,8.4,29.8,-3.5,-0.002875068016087333,9.7,9.018762088974855,5.9135401801098455,0.0,23.5,-6.300000000000001,-0.009656452110682702,0.0,5.519342359767893,19.674188855224237,0.0,100.0,0.0,0.041444978654280984
batch_dist_ternary_butan-1-ol+propan-2-ol+water__operating_point_001__test_anormal_experiment_001,batch_dist_ternary_butan-1-ol+propan-2-ol+water,operating_point_001,test_anormal_experiment_001,0.4,1034,43.05,0.6738020637083357,1.0,1.0,0.0,1.0,1.0,0.0,-4.771114451644061e-19,1.0,1.0,0.0,1.0,1.0,0.0,-4.771114451644061e-19,446.6,446.5610251450677,0.10276314688669011,446.3,446.8,0.20000000000004547,2.060178274704073e-05,69.4,70.81769825918762,1.0073070183722344,69.4,72.4,-0.8999999999999915,0.000139093376648102,72.9,72.72504835589942,0.16159638685888736,72.4,73.0,0.5,0.0005018462717538654,69.3,70.51798839458414,2.85930991793974,66.3,74.4,2.200000000000003,0.006994690315053568,45.4,46.50261121856867,0.6968726421735374,45.4,47.8,-2.3999999999999986,-0.002325033760324079,73.6,70.02688588007736,2.605460820204878,66.8,74.2,2.8999999999999915,0.006727463608144017,66.1,67.21818181818182,0.9659273521996607,66.0,69.4,-1.6000000000000085,-0.0003557949969835497,63.4,63.51150870406189,0.17474227062393374,63.4,64.0,-0.5,-0.00038853565253870164,63.5,63.500290135396504,0.009325043721463306,63.4,63.6,0.0,-4.48681308694802e-06,63.4,63.42988394584139,0.04577493162297498,63.4,63.5,0.0,1.6428672087458943e-06,0.5,0.743036750483559,0.4393978478198822,0.0,2.7,0.0,0.00023464453078135897,0.8,0.5408123791102514,0.36396924966498195,0.0,1.6,0.6000000000000001,2.8753161210022606e-05,0.7,0.6927466150870406,0.05929632184613536,0.6,0.9,0.09999999999999998,-5.381244920482205e-06,3.0,2.9757253384912956,0.11594663781344963,2.4,3.2,-0.10000000000000009,-4.303910460835682e-07,499.5,499.9989361702128,0.40857447820804144,498.9,501.4,-0.10000000000002274,1.2757051120423065e-05,6.8,6.5033849129593815,0.36656457391799985,5.8,7.3,0.0,-4.204589450221288e-06,210.0,210.0,0.0,210.0,210.0,0.0,3.2632562154965494e-18,13.5,5.139748549323017,9.104436838681377,0.0,28.5,13.5,-0.0064547992115865545,0.0,0.0,0.0,0.0,0.0,0.0,0.0,0.0,9.452611218568665,7.094122526391028,0.0,19.5,-3.0,-0.014024940808341133,0.0,8.174564796905223,6.064908502147282,0.0,16.5,0.0,0.008395466630867682,0.0,0.0,0.0,0.0,0.0,0.0,0.0,0.0,0.488394584139265,0.4998652961775797,0.0,1.0,0.0,-5.2591289238007165e-06,1.0,1.0,0.0,1.0,1.0,0.0,-4.771114451644061e-19,1.0,1.0,0.0,1.0,1.0,0.0,-4.771114451644061e-19,1.0,1.0,0.0,1.0,1.0,0.0,-4.771114451644061e-19,17.9,21.047195357833658,4.658736605218877,4.2,32.9,-2.6000000000000014,-0.0024006680667672826,9.9,9.266924564796906,5.914888667576263,0.0,25.0,-6.1,0.0004807972730901007,0.3,5.266731141199226,19.590274487569452,0.0,100.0,0.3,9.822359487839372e-05
batch_dist_ternary_butan-1-ol+propan-2-ol+water__operating_point_001__test_anormal_experiment_002,batch_dist_ternary_butan-1-ol+propan-2-ol+water,operating_point_001,test_anormal_experiment_002,0.1,483,80.38333333333334,0.667959927704737,1.0,0.9937888198757764,0.07856590460045662,0.0,1.0,0.0,-4.419669681342656e-05,1.0,1.0,0.0,1.0,1.0,0.0,1.1215024755117891e-18,441.8,439.8813664596274,1.1567000772049314,437.7,441.9,4.0,0.008269713164503298,70.2,71.52091097308488,1.6744201426226266,69.0,74.2,-0.3999999999999915,0.005450794592709942,70.0,69.83209109730849,0.1432583557932774,69.6,70.1,0.4000000000000057,0.0010025408308256196,66.7,67.76749482401657,1.6458113398349514,66.1,71.4,-4.599999999999994,-0.010983337099814883,58.1,60.898757763975155,1.7051008935730863,58.1,64.1,-5.899999999999999,-0.012209726212645482,70.3,74.2111801242236,2.3744759157312085,70.3,78.5,-8.200000000000003,-0.017015344880137465,67.0,68.21987577639752,0.5715642561026807,67.0,68.8,-1.5,-0.003117826689735672,64.6,65.21821946169773,0.4131374395634811,64.5,65.9,0.0,-0.00017048210182874442,63.8,64.0455486542443,0.1706031779309381,63.8,64.4,-0.20000000000000284,-0.0009765020540281052,63.4,63.53457556935817,0.1978800062595103,63.4,64.0,-0.30000000000000426,-0.0011010728402032553,0.2,0.2935817805383023,0.4656972410596579,0.0,2.1,-0.2,0.00014908664064847949,0.5,0.3679089026915114,0.345370410544604,0.0,1.4,0.3,-2.6858811894810533e-05,0.6,0.6859213250517597,0.06009421537241007,0.6,0.9,0.0,0.00011351628706851561,2.9,3.010351966873706,0.11446373448693073,2.7,3.3,-0.20000000000000018,-0.00016051388298120254,499.3,499.9971014492753,0.3094640462464506,499.2,501.0,-0.8999999999999773,-1.0298362847313748e-05,6.4,6.503105590062112,0.36725533852451375,5.8,7.3,-0.39999999999999947,-3.4569271772624676e-05,210.0,210.0,0.0,210.0,210.0,0.0,2.580158686804683e-16,0.0,8.9472049689441,16.052282831836326,0.0,49.5,0.0,-0.046351099411470385,0.0,0.0,0.0,0.0,0.0,0.0,0.0,16.5,4.919254658385094,5.215510974388701,0.0,16.5,16.5,0.035436538761781065,0.0,0.0,0.0,0.0,0.0,0.0,0.0,0.0,0.0,0.0,0.0,0.0,0.0,0.0,0.0,0.4782608695652174,0.4995271866554808,0.0,1.0,-1.0,8.242950200866155e-05,1.0,1.0,0.0,1.0,1.0,0.0,1.1215024755117891e-18,1.0,1.0,0.0,1.0,1.0,0.0,1.1215024755117891e-18,1.0,1.0,0.0,1.0,1.0,0.0,1.1215024755117891e-18,18.7,23.667080745341618,2.47667653815342,16.6,30.0,-7.800000000000001,-0.002587157483587029,2.1,6.515734989648034,5.655298622851003,0.0,21.7,-3.3000000000000003,0.0007370518055575435,0.0,15.482608695652173,32.73788726781135,0.0,100.0,0.0,0.01650894658291376
batch_dist_ternary_butan-1-ol+propan-2-ol+water__operating_point_001__test_anormal_experiment_002,batch_dist_ternary_butan-1-ol+propan-2-ol+water,operating_point_001,test_anormal_experiment_002,0.2,965,80.38333333333334,0.667959927704737,1.0,0.9958549222797928,0.06424870466321243,0.0,1.0,0.0,2.1232292902017184e-06,1.0,1.0,0.0,1.0,1.0,0.0,1.7074630868476553e-19,444.5,441.6098445595855,1.99623388328395,437.7,444.6,6.699999999999989,0.0071297892674902965,70.2,71.51564766839378,1.6641398282867994,69.0,74.2,-0.3999999999999915,0.0012595997672728164,70.4,70.0357512953368,0.24002715802922545,69.6,70.5,0.8000000000000114,0.0008510543970009506,74.7,69.55046632124353,2.8305352558055112,66.1,74.7,3.4000000000000057,0.006507692433011089,54.1,58.44808290155441,2.857878656975799,54.1,64.1,-9.899999999999999,-0.010211916978262767,67.7,70.98766839378239,3.720165361231646,66.6,78.5,-10.799999999999997,-0.013008080423118127,66.9,67.53917098445595,0.8028829767726168,66.6,68.8,-1.5999999999999943,-0.0024373323533539337,64.05,64.7140414507772,0.5912069312749423,64.0,65.9,-0.5499999999999972,-0.0016988878952294568,63.6,63.8279792746114,0.253850267125486,63.5,64.4,-0.3999999999999986,-0.0008456061105203668,63.4,63.47647668393781,0.15403391297877547,63.4,64.0,-0.30000000000000426,-0.0003168232002994282,0.15,0.3117616580310881,0.5028406407923728,0.0,2.1,-0.25,8.113406617237707e-05,0.0,0.3524352331606218,0.358388415225647,0.0,1.4,-0.2,-6.673216183600839e-05,0.7,0.6906735751295336,0.06155213617356697,0.6,0.9,0.09999999999999998,2.762601733062595e-05,2.9,2.9808290155440416,0.12094334213936357,2.7,3.3,-0.20000000000000018,-0.00011461165001222278,500.4,500.00134715025905,0.32633662759887144,499.1,501.0,0.19999999999998863,1.4799842907500639e-05,6.8,6.50279792746114,0.36799758615430284,5.8,7.3,0.0,-9.115196940199739e-06,210.0,210.0,0.0,210.0,210.0,0.0,1.3606257791883536e-16,0.0,8.836787564766839,15.84816375304951,0.0,49.5,0.0,-0.012643389752921534,0.0,0.0,0.0,0.0,0.0,0.0,0.0,6.0,10.692746113989637,7.408205031266536,0.0,21.000000000000004,6.0,0.019707293479562845,15.0,2.7,4.50243457458802,0.0,15.0,15.0,0.012827069116988997,0.0,0.0,0.0,0.0,0.0,0.0,0.0,1.0,0.49844559585492226,0.4999975838219157,0.0,1.0,0.0,8.82408751550523e-05,1.0,1.0,0.0,1.0,1.0,0.0,1.7074630868476553e-19,1.0,1.0,0.0,1.0,1.0,0.0,1.7074630868476553e-19,1.0,1.0,0.0,1.0,1.0,0.0,1.7074630868476553e-19,25.65,23.4820207253886,2.574816369444241,15.2,30.0,-0.8500000000000014,-0.0009178519916892247,2.9000000000000004,6.314507772020725,5.8754478952797164,0.0,22.2,-2.5,-0.0006626024408056325,0.0,17.822487046632126,34.78039978721694,0.0,100.0,0.0,0.009137243805345013
batch_dist_ternary_butan-1-ol+propan-2-ol+water__operating_point_001__test_anormal_experiment_002,batch_dist_ternary_butan-1-ol+propan-2-ol+water,operating_point_001,test_anormal_experiment_002,0.4,1930,80.38333333333334,0.667959927704737,1.0,0.9958549222797928,0.06424870466321243,0.0,1.0,0.0,-5.207916706088238e-07,1.0,1.0,0.0,1.0,1.0,0.0,-5.088015905237161e-19,447.1,443.9322279792746,2.7771118015643785,437.7,447.2,9.300000000000011,0.004850762619071017,70.0,71.42663212435232,1.5657723530445604,69.0,74.2,-0.5999999999999943,0.00011022973009438572,71.2,70.41834196891192,0.4467329268452569,69.6,71.2,1.6000000000000085,0.0007990349696959608,72.4,69.52554404145079,2.7488754816949164,66.1,74.7,1.1000000000000085,0.0001445811987637993,49.0,54.84849740932643,4.256092289462031,48.9,64.1,-15.0,-0.007526772666661532,67.5,71.2121243523316,3.09603258492541,66.6,78.5,-11.0,-0.0014405169384799383,67.3,67.28751295336787,0.6365910922594872,66.6,68.8,-1.2000000000000028,-0.0006420792934612988,63.9,64.30075129533678,0.5919456855343028,63.7,65.9,-0.6999999999999957,-0.000888506185834568,63.5,63.66559585492228,0.24241398748828075,63.4,64.4,-0.5,-0.00036048431605631014,63.4,63.4403626943005,0.1156324042334282,63.4,64.0,-0.30000000000000426,-9.619981948476209e-05,0.0,0.32106217616580307,0.4970724254413278,0.0,2.3,-0.4,2.9255764207130906e-05,0.4,0.35772020725388604,0.352790481431342,0.0,1.4,0.2,-5.183212485810335e-06,0.7,0.6959067357512952,0.06038590583094236,0.5,0.9,0.09999999999999998,1.2060416724558782e-05,3.1,2.9662694300518133,0.11725297016990578,2.6,3.3,0.0,-3.719212015995966e-05,500.1,499.99860103626946,0.34039463747498167,498.9,501.2,-0.0999999999999659,-8.674018966367639e-07,6.4,6.5017616580310875,0.3669606368484426,5.8,7.3,-0.39999999999999947,-5.2650034853655415e-06,210.0,210.0,0.0,210.0,210.0,0.0,-8.624924462142928e-17,0.0,8.178497409326425,14.76058077761442,0.0,49.5,0.0,-0.004219192467529677,0.0,0.0,0.0,0.0,0.0,0.0,0.0,18.0,9.317875647668394,7.716687834478959,0.0,21.000000000000004,18.0,0.00346241206356484,3.0,4.702849740932643,6.39846299251167,0.0,18.0,3.0,0.0017718096294955766,0.0,0.0,0.0,0.0,0.0,0.0,0.0,1.0,0.5020725388601036,0.49999570456422265,0.0,1.0,0.0,2.684831290352019e-05,1.0,1.0,0.0,1.0,1.0,0.0,-5.088015905237161e-19,1.0,1.0,0.0,1.0,1.0,0.0,-5.088015905237161e-19,1.0,1.0,0.0,1.0,1.0,0.0,-5.088015905237161e-19,25.2,23.31940414507772,2.726382884811709,15.0,30.9,-1.3000000000000007,-0.0003842746888291597,13.0,6.4411398963730555,5.793759975972899,0.0,24.2,7.6,5.019713946912168e-05,75.1,18.117150259067362,34.350332881662865,0.0,100.0,75.1,0.0017924364849802202
batch_dist_ternary_butan-1-ol+propan-2-ol+water__operating_point_001__test_anormal_experiment_003,batch_dist_ternary_butan-1-ol+propan-2-ol+water,operating_point_001,test_anormal_experiment_003,0.1,339,56.48333333333333,0.6674175757881148,1.0,0.9970501474926253,0.05423237849808329,0.0,1.0,0.0,2.618212284652238e-05,1.0,1.0,0.0,1.0,1.0,0.0,3.69566692616689e-18,438.1,436.659587020649,0.9678860311374802,434.7,438.1,3.400000000000034,0.009798212839098496,69.2,72.34483775811209,2.0680448821156006,69.2,75.7,-6.3999999999999915,-0.021077502163875418,70.2,69.96017699115045,0.1106749123593723,69.8,70.2,0.4000000000000057,0.0010879750130140427,89.9,95.18702064896756,3.2788870021739003,89.9,101.3,-11.399999999999991,-0.03346038336788332,81.0,86.61858407079646,3.543082054302733,81.0,93.4,-12.400000000000006,-0.03609883289337095,95.8,100.90176991150442,3.1215867202552667,95.8,106.7,-10.900000000000006,-0.03185190775268044,68.9,68.76843657817108,0.08744608767153797,68.6,68.9,0.30000000000001137,0.0007955977070621165,65.9,65.40825958702065,0.6935796444353386,64.4,66.5,1.5,0.006804949345292798,64.2,64.34985250737462,0.11607510315894197,64.1,64.6,0.0,0.0003411992644364575,63.5,63.743952802359885,0.2579422956028686,63.3,64.1,-0.29999999999999716,-0.0019889480639088395,0.1,0.30206489675516224,0.5121202228306054,0.0,2.3,0.1,0.00018059504264605845,0.0,0.3699115044247787,0.5192833084265477,0.0,3.4,-0.1,0.0003183746138136886,0.7,0.6964601769911505,0.057881789117762254,0.6,0.8,0.0,-5.9880055074864505e-05,2.7,2.9964601769911505,0.1711987253935317,2.4,3.7,-0.5,-0.00017067663846183787,499.5,499.9719764011799,0.5678292147663865,498.2,501.7,0.39999999999997726,0.0001388268560821185,6.4,6.5047197640117975,0.36953470056155513,5.8,7.3,-0.39999999999999947,-0.0001096876934781887,210.0,210.0,0.0,210.0,210.0,0.0,2.4729661068466758e-17,18.0,1.0044247787610618,3.2495715001530976,0.0,18.0,18.0,0.016388468777048436,0.0,0.0,0.0,0.0,0.0,0.0,0.0,0.0,0.0,0.0,0.0,0.0,0.0,0.0,0.0,0.0,0.0,0.0,0.0,0.0,0.0,0.0,0.0,0.0,0.0,0.0,0.0,0.0,0.0,0.4808259587020649,0.4996322208788231,0.0,1.0,0.0,3.1726572390491044e-05,1.0,1.0,0.0,1.0,1.0,0.0,3.69566692616689e-18,1.0,1.0,0.0,1.0,1.0,0.0,3.69566692616689e-18,1.0,1.0,0.0,1.0,1.0,0.0,3.69566692616689e-18,16.3,18.267551622418882,6.927637580158577,0.0,31.9,-4.599999999999998,0.0051329589803141605,0.0,6.188495575221239,7.763283436350064,0.0,50.9,-13.9,0.005714848959953676,0.0,16.48495575221239,34.90176915981148,0.0,100.0,-12.3,0.0076205070707132585
batch_dist_ternary_butan-1-ol+propan-2-ol+water__operating_point_001__test_anormal_experiment_003,batch_dist_ternary_butan-1-ol+propan-2-ol+water,operating_point_001,test_anormal_experiment_003,0.2,678,56.48333333333333,0.6674175757881148,1.0,0.9985250737463127,0.03837643608040616,0.0,1.0,0.0,9.798980555644471e-06,1.0,1.0,0.0,1.0,1.0,0.0,-1.889271655943481e-18,441.6,438.21017699115043,1.8620570106355565,434.7,441.6,6.900000000000034,0.009476517089623231,70.5,72.09144542772862,1.8638109147866677,69.1,75.7,-5.099999999999994,-0.003010481694204926,70.5,70.14896755162242,0.21641445708683293,69.8,70.5,0.7000000000000028,0.001092330287865299,81.1,90.26150442477876,5.7293897992036955,81.1,101.3,-20.200000000000003,-0.02920180334354702,73.3,81.7650442477876,5.686072301103932,73.3,93.4,-20.10000000000001,-0.028839814755759245,87.6,96.25073746312685,5.413832201146046,87.6,106.7,-19.10000000000001,-0.027585758935568132,68.7,68.78525073746312,0.09227146187444765,68.6,68.9,0.10000000000000853,6.562429256990058e-05,64.3,65.12197640117994,0.6635723376020931,64.2,66.5,-0.10000000000000853,-0.0010061666389991253,63.8,64.14705014749262,0.241520198606218,63.8,64.6,-0.4000000000000057,-0.0010235814873501155,63.5,63.64380530973451,0.21101308624745624,63.3,64.1,-0.29999999999999716,-0.0006769824969224079,0.0,0.3467551622418879,0.5526656525742287,0.0,2.8,0.0,0.00013231703979766415,0.0,0.3945427728613569,0.5604067847507479,0.0,3.4,-0.1,0.00016342735920419471,0.8,0.7004424778761063,0.06060008733500782,0.6,0.9,0.10000000000000009,8.749777333086961e-06,2.9,2.9672566371681413,0.17920299355319344,2.4,3.7,-0.30000000000000027,-0.0001820223205375914,499.9,499.9821533923304,0.5341633328358557,498.2,501.7,0.7999999999999545,5.353631635955802e-05,7.3,6.505162241887906,0.3683494480251878,5.8,7.3,0.5,3.586542391962405e-06,210.0,210.0,0.0,210.0,210.0,0.0,-4.64450161179316e-16,0.0,6.292035398230088,13.987308669710403,0.0,49.5,0.0,0.008041016491953792,0.0,0.0,0.0,0.0,0.0,0.0,0.0,0.0,0.0,0.0,0.0,0.0,0.0,0.0,0.0,0.0,0.0,0.0,0.0,0.0,0.0,0.0,0.0,0.0,0.0,0.0,0.0,0.0,0.0,0.5014749262536873,0.49999782458781383,0.0,1.0,0.0,5.0939297741138095e-05,1.0,1.0,0.0,1.0,1.0,0.0,-1.889271655943481e-18,1.0,1.0,0.0,1.0,1.0,0.0,-1.889271655943481e-18,1.0,1.0,0.0,1.0,1.0,0.0,-1.889271655943481e-18,16.7,19.230973451327433,6.259787564312995,0.0,31.9,-4.199999999999999,0.005075475348257968,2.8,6.504867256637168,8.344859928379092,0.0,50.9,-11.100000000000001,0.0019986127800768532,0.0,16.580825958702064,34.62298865306972,0.0,100.0,-12.3,0.004733920233872595
batch_dist_ternary_butan-1-ol+propan-2-ol+water__operating_point_001__test_anormal_experiment_003,batch_dist_ternary_butan-1-ol+propan-2-ol+water,operating_point_001,test_anormal_experiment_003,0.4,1356,56.48333333333333,0.6674175757881148,1.0,0.9985250737463127,0.03837643608040616,0.0,1.0,0.0,2.8877105799741563e-07,1.0,1.0,0.0,1.0,1.0,0.0,-4.832017339865673e-19,445.2,440.92927728613574,3.079223445823165,434.7,445.2,10.5,0.007711768029439139,73.0,71.62293510324484,1.8325387226003464,69.0,75.7,-2.5999999999999943,-0.0014589628291727169,71.1,70.47005899705015,0.3748051561463907,69.8,71.1,1.2999999999999972,0.0009511627739646753,68.2,82.21154129793511,9.391812432432497,68.2,101.3,-33.099999999999994,-0.023844386113760174,69.1,75.30737463126844,7.728546347998551,66.7,93.4,-24.30000000000001,-0.018908683155606353,74.7,88.52109144542773,9.018295758942902,74.7,106.7,-32.0,-0.022923933780849885,69.4,68.91851032448376,0.19782256966141715,68.6,69.4,0.8000000000000114,0.0004160437734570679,63.8,64.54944690265486,0.7453059028168189,63.8,66.5,-0.6000000000000085,-0.0014656826520137117,63.6,63.896570796460175,0.3068377034464596,63.5,64.6,-0.6000000000000014,-0.0007172590592353964,63.5,63.57116519174041,0.16828687184912072,63.3,64.1,-0.29999999999999716,-0.000258815151653785,0.1,0.3321902654867257,0.5384667644566499,0.0,2.8,0.1,-1.4671615207944955e-05,0.0,0.4031710914454278,0.5677878230691923,0.0,3.4,-0.1,3.869772819717732e-05,0.6,0.6957227138643068,0.05706173066512484,0.5,0.9,-0.09999999999999998,-9.921210982608224e-06,3.0,2.940744837758112,0.17830599902277702,2.3,3.7,-0.20000000000000018,-9.364135515348429e-05,499.2,499.9781342182891,0.5599951140038318,498.2,501.8,0.0999999999999659,1.4799155758412898e-05,6.4,6.503318584070796,0.3682204939061761,5.8,7.3,-0.39999999999999947,-2.9957590841828143e-06,210.0,210.0,0.0,210.0,210.0,0.0,1.71787200424392e-16,0.0,9.0625,15.685333736128053,0.0,49.5,0.0,0.007608776267427605,15.0,2.3030973451327434,4.428506726017511,0.0,15.0,15.0,0.008256361608359497,1.5,0.004424778761061947,0.08134856774712494,0.0,1.5,1.5,1.9520923520645726e-05,0.0,0.0,0.0,0.0,0.0,0.0,0.0,0.0,0.0,0.0,0.0,0.0,0.0,0.0,0.0,0.4911504424778761,0.4999216791975145,0.0,1.0,0.0,2.497869651680138e-06,1.0,1.0,0.0,1.0,1.0,0.0,-4.832017339865673e-19,1.0,1.0,0.0,1.0,1.0,0.0,-4.832017339865673e-19,1.0,1.0,0.0,1.0,1.0,0.0,-4.832017339865673e-19,20.6,18.210176991150444,7.4047909408185655,0.0,33.0,-0.29999999999999716,-0.0012450364165571613,13.2,6.648414454277286,8.449578199447688,0.0,51.4,-0.7000000000000011,0.0005072705212806143,0.0,16.96674041297935,34.048892108692314,0.0,100.0,-12.3,0.0016811892439230235
batch_dist_ternary_butan-1-ol+propan-2-ol+water__operating_point_001__test_anormal_experiment_004,batch_dist_ternary_butan-1-ol+propan-2-ol+water,operating_point_001,test_anormal_experiment_004,0.1,842,140.21666666666667,0.6662193696072443,1.0,0.998812351543943,0.0344418052256532,0.0,1.0,0.0,5.819613627710121e-06,1.0,1.0,0.0,1.0,1.0,0.0,-5.546758531052636e-19,445.7,443.7023752969121,1.3910962411939265,441.1,445.8,4.599999999999966,0.005669616353077518,63.5,63.348396674584315,0.09550674641756682,63.2,63.6,-0.10000000000000142,9.830071202019047e-05,70.7,70.3852731591449,0.2356508830574254,69.9,70.8,0.7999999999999972,0.0009552086652619292,66.0,73.8686460807601,4.759440207473763,66.0,81.0,-8.700000000000003,-0.018487044992277313,64.1,73.64127078384797,6.688021370913261,64.1,84.4,-16.900000000000006,-0.027080285972396312,67.5,73.0437054631829,3.2806008007620573,67.5,78.1,-2.799999999999997,-0.01116167317851955,68.8,68.67553444180523,0.09744972210685264,68.4,68.9,0.3999999999999915,0.00026861085048765325,64.0,64.52672209026129,0.40821253512730465,63.9,65.3,-0.29999999999999716,-0.0011316856844570966,63.6,63.76650831353919,0.1465175094390252,63.5,64.1,-0.19999999999999574,-0.0005440202962392791,63.4,63.47980997624703,0.0649937836987276,63.4,63.7,-0.10000000000000142,-0.00016072787827419786,0.2,0.30581947743467935,0.4955640330769949,0.0,3.2,-0.7,-5.360276248113962e-06,0.0,0.3806413301662708,0.46101516311246027,0.0,1.7,-0.8,3.4976983528612975e-05,0.7,0.657482185273159,0.05660487536789216,0.5,0.8,0.0,2.729288228788151e-05,2.9,2.9314133016627077,0.17488244497885752,2.5,3.3,-0.30000000000000027,-0.00012825312758248952,499.8,499.9924584323041,0.42524913899956385,498.8,501.3,0.19999999999998863,-2.0691792046778752e-05,6.8,6.504038004750593,0.3682246532080968,5.8,7.3,0.0,-7.321254864295546e-06,210.0,210.0,0.0,210.0,210.0,0.0,-2.0258606647980179e-16,60.0,0.4667458432304038,4.387694529271345,0.0,60.0,60.0,0.0032928459429367694,0.0,1.5017814726840855,5.228194999674468,0.0,28.5,-28.5,-0.009975888204960886,0.0,3.942399049881235,9.906088506265522,0.0,42.00000000000001,-42.00000000000001,-0.024676021154486548,0.0,3.9851543942992875,9.368895601197542,0.0,37.5,-37.5,-0.024524922274235472,0.0,0.0,0.0,0.0,0.0,0.0,0.0,0.0,0.5,0.5,0.0,1.0,0.0,-2.2645232302643177e-05,1.0,1.0,0.0,1.0,1.0,0.0,-5.546758531052636e-19,1.0,1.0,0.0,1.0,1.0,0.0,-5.546758531052636e-19,1.0,1.0,0.0,1.0,1.0,0.0,-5.546758531052636e-19,14.7,20.75866983372922,4.465449536253205,6.7,32.8,-3.0,-0.0023772789981371637,4.9,6.374465558194774,7.259795660203608,0.0,26.6,-8.1,0.000862594389182842,0.0,14.128384798099763,31.488173921586235,0.0,100.0,0.0,0.006139942650773282
batch_dist_ternary_butan-1-ol+propan-2-ol+water__operating_point_001__test_anormal_experiment_004,batch_dist_ternary_butan-1-ol+propan-2-ol+water,operating_point_001,test_anormal_experiment_004,0.2,1683,140.21666666666667,0.6662193696072443,1.0,0.9982174688057041,0.042182387045273544,0.0,1.0,0.0,1.165494000975118e-06,1.0,1.0,0.0,1.0,1.0,0.0,3.234695769885003e-19,446.5,444.92614379084966,1.5746251141998653,441.1,446.5,5.399999999999977,0.0029364671699900514,69.4,69.47825311942958,7.449726696034939,63.2,85.7,5.800000000000004,0.009665311985047673,71.6,70.75603089720737,0.44036276192197427,69.9,71.6,1.6999999999999886,0.0009025258299020639,75.2,72.08273915626857,5.039250637055055,64.5,81.0,0.5,-0.003210266883475709,73.8,72.51714200831849,6.441365085678611,63.0,84.4,-7.200000000000003,-0.0026356502734825394,74.8,71.57198455139633,3.7263089292547678,66.0,78.1,4.5,-0.002293535619996355,69.7,69.08615567439097,0.44111848549924126,68.4,69.8,1.2999999999999972,0.0008546685820641707,64.1,64.25392156862745,0.39857449322189925,63.9,65.3,-0.20000000000000284,-0.000623577049506968,63.6,63.65727866904338,0.15470120761930073,63.5,64.1,-0.19999999999999574,-0.00026701190663133413,63.4,63.46865715983363,0.058801483712268794,63.4,63.7,-0.10000000000000142,-4.1754388969735585e-05,0.0,0.3203802733214498,0.5240139179735502,0.0,3.2,-0.9,2.259875247032508e-05,0.0,0.3724896019013666,0.47003891608146214,0.0,2.7,-0.8,-2.3524099327255104e-05,0.7,0.6722222222222222,0.059876526194494274,0.5,0.9,0.0,2.8034032485242933e-05,2.8,2.8772430184194895,0.27458000943943284,0.7,3.5,-0.40000000000000036,-0.0001412939956805043,500.4,499.99503862150914,0.48717727254450127,498.4,501.5,0.7999999999999545,1.0584976240787434e-05,6.4,6.503505644682114,0.3680086580076789,5.8,7.3,-0.39999999999999947,-1.5607047095140088e-08,210.0,210.0,0.0,210.0,210.0,0.0,6.114819168343077e-17,30.0,8.70855614973262,31.812051773223434,0.0,150.0,30.0,0.003585646069900609,0.0,7.061497326203209,9.754072995626164,0.0,28.5,-28.5,0.006523181819163554,0.0,9.018716577540108,10.529988876181491,0.0,42.00000000000001,-42.00000000000001,0.005728966882304196,0.0,7.340463458110517,8.717028173486847,0.0,37.5,-37.5,0.003327582287513913,0.0,0.0,0.0,0.0,0.0,0.0,0.0,1.0,0.5074272133095663,0.499944833459107,0.0,1.0,1.0,1.0577550306912095e-05,1.0,1.0,0.0,1.0,1.0,0.0,3.234695769885003e-19,1.0,1.0,0.0,1.0,1.0,0.0,3.234695769885003e-19,1.0,1.0,0.0,1.0,1.0,0.0,3.234695769885003e-19,28.7,19.61197266785502,6.202197646409169,0.0,34.3,11.0,-0.0022033140497190406,0.0,6.243464052287582,7.397052339029577,0.0,45.0,-13.0,-0.0003800215277566248,0.0,15.73440285204991,32.93866027190453,0.0,100.0,0.0,0.0031889511813127575
batch_dist_ternary_butan-1-ol+propan-2-ol+water__operating_point_001__test_anormal_experiment_004,batch_dist_ternary_butan-1-ol+propan-2-ol+water,operating_point_001,test_anormal_experiment_004,0.4,3366,140.21666666666667,0.6662193696072443,1.0,0.9982174688057041,0.042182387045273544,0.0,1.0,0.0,4.0118910846982207e-07,1.0,1.0,0.0,1.0,1.0,0.0,-7.901804143301943e-20,447.8,445.9548573975044,1.542812295976154,441.1,447.8,6.699999999999989,0.0013751353363275194,70.8,70.31316102198454,5.395456952281556,63.2,85.7,7.199999999999996,0.001923785033653039,74.4,71.80454545454546,1.2256524151263792,69.9,74.4,4.5,0.0012475984279148222,66.4,71.14168152109329,4.167235151329205,64.5,81.0,-8.299999999999997,-0.0012463388199775195,68.8,71.08805704099822,5.138928759741373,63.0,84.4,-12.200000000000003,-0.0017065635665408352,68.4,71.1024806892454,3.1272163518349414,66.0,78.1,-1.8999999999999915,-0.000654745447158721,72.1,69.98233808674986,1.0577786030924496,68.4,72.1,3.6999999999999886,0.0010736842316249559,64.5,64.30245098039215,0.2902798859447985,63.9,65.3,0.20000000000000284,-2.058560313958289e-05,63.6,63.62119726678551,0.11784492238649835,63.5,64.1,-0.19999999999999574,-6.674396762676256e-05,63.5,63.46103683897801,0.05482506461493494,63.4,63.7,0.0,-1.0552351256839297e-05,0.0,0.33358585858585854,0.5275014308628457,0.0,3.2,-0.9,1.2129543639027077e-05,0.0,0.36148247177658943,0.44197932378981825,0.0,2.7,-0.8,-1.3246957570006266e-05,0.6,0.6745543672014259,0.05760129301897274,0.5,0.9,-0.09999999999999998,4.448298303730389e-06,2.9,2.887551990493167,0.22159044593204189,0.7,3.5,-0.30000000000000027,-8.612302992165544e-06,499.7,499.9837641117052,0.4941368079777337,498.3,501.7,0.0999999999999659,-5.117230010160832e-06,6.8,6.502495543672015,0.36806532680886556,5.8,7.3,0.0,-1.0854761313630484e-06,210.0,210.0,0.0,210.0,210.0,0.0,2.635568821475559e-17,0.0,7.537210338680927,23.898140277147156,0.0,150.0,0.0,-0.0010145110879312444,16.5,6.748217468805704,8.169330739847728,0.0,28.5,-12.0,0.0008388135037903409,7.5,7.673128342245989,9.062004541475991,0.0,42.00000000000001,-34.50000000000001,-0.00042703736873827105,1.5,6.0051247771836005,7.496733277429277,0.0,37.5,-36.0,-0.0006472828734868773,0.0,0.0,0.0,0.0,0.0,0.0,0.0,0.0,0.48960190136660725,0.49989186785224876,0.0,1.0,0.0,-1.015338835459461e-05,1.0,1.0,0.0,1.0,1.0,0.0,-7.901804143301943e-20,1.0,1.0,0.0,1.0,1.0,0.0,-7.901804143301943e-20,1.0,1.0,0.0,1.0,1.0,0.0,-7.901804143301943e-20,13.5,19.36368092691622,6.6306679023346025,0.0,35.4,-4.199999999999999,-4.3253039494630264e-05,2.0,6.216176470588236,7.004461308394044,0.0,45.0,-11.0,-8.404984980459253e-05,0.0,16.926099227569814,33.084108791240745,0.0,100.0,0.0,0.0011207060966697386
batch_dist_ternary_butan-1-ol+propan-2-ol+water__operating_point_001__test_anormal_experiment_005,batch_dist_ternary_butan-1-ol+propan-2-ol+water,operating_point_001,test_anormal_experiment_005,0.1,685,114.08333333333331,0.7145540591367534,1.0,0.9985401459854014,0.03818013673174313,0.0,1.0,0.0,-7.4295675133020835e-06,1.0,1.0,0.0,1.0,1.0,0.0,2.219012162806015e-19,444.3,441.48729927007304,1.8437978512507378,438.4,444.3,5.900000000000034,0.009300646223035856,74.3,85.98350364963503,7.188255180637195,74.3,97.3,-7.799999999999997,-0.030219183441995406,70.4,70.01605839416058,0.2395962469522968,69.6,70.4,0.8000000000000114,0.001198934323743222,105.4,122.7470072992701,11.016541402563659,105.3,139.0,-29.900000000000006,-0.05521376807130304,99.1,119.65722627737226,14.646645650209921,99.1,145.8,-46.5,-0.07319507244201667,114.2,129.5094890510949,9.521826507078462,114.2,143.4,-23.799999999999997,-0.047415809746323305,69.1,69.37781021897811,0.3215444375153031,68.9,69.9,0.19999999999998863,-0.0003232309882408372,65.5,66.58116788321169,0.6308690167861905,65.5,67.6,-0.20000000000000284,-0.0016192201044844129,64.3,65.01299270072992,0.351377612013192,64.3,65.6,-0.6000000000000085,-0.001378102637795184,63.7,64.29080291970803,0.6553898470912616,63.7,65.8,-0.7000000000000028,-0.002590077905922282,0.0,0.3362043795620438,0.5588336803706322,0.0,2.2,0.0,3.516537507928935e-05,0.0,0.4216058394160584,0.5796049920654713,0.0,2.6,0.0,5.4534518928036064e-05,0.6,0.6715328467153284,0.06364695634891078,0.5,0.8,0.0,4.603345097437358e-06,2.9,2.955182481751825,0.17339083816281767,2.6,3.5,-0.20000000000000018,-0.0001288301940610515,499.1,499.9756204379562,0.5893245686152319,498.6,501.5,-1.2999999999999545,-0.00014655288601337255,6.4,6.505109489051095,0.3677751550261156,5.8,7.3,-0.39999999999999947,3.09129743770343e-06,210.0,210.0,0.0,210.0,210.0,0.0,-2.8313031881861736e-16,0.0,13.806569343065693,40.774108366071125,0.0,150.0,-141.0,-0.10937811159807756,0.0,0.4905109489051095,2.7250362138269724,0.0,22.5,-22.5,-0.004176443641503578,0.0,4.567883211678832,13.5005592439265,0.0,66.0,-66.0,-0.036356849967910984,0.0,4.11021897810219,12.758562515828213,0.0,64.5,-64.5,-0.03299243192145415,0.0,0.0,0.0,0.0,0.0,0.0,0.0,0.0,0.4905109489051095,0.49990994980028003,0.0,1.0,-1.0,-0.00023061526899327762,1.0,1.0,0.0,1.0,1.0,0.0,2.219012162806015e-19,1.0,1.0,0.0,1.0,1.0,0.0,2.219012162806015e-19,1.0,1.0,0.0,1.0,1.0,0.0,2.219012162806015e-19,0.0,17.49211678832117,7.539956575090051,0.0,35.9,-23.3,-0.007685865191804182,2.3,6.8255474452554745,8.680919837543206,0.0,41.0,-6.3999999999999995,0.0011562087103652095,0.0,18.110656934306572,35.71544294184157,0.0,100.0,0.0,0.0011494884985441215
batch_dist_ternary_butan-1-ol+propan-2-ol+water__operating_point_001__test_anormal_experiment_005,batch_dist_ternary_butan-1-ol+propan-2-ol+water,operating_point_001,test_anormal_experiment_005,0.2,1370,114.08333333333331,0.7145540591367534,1.0,0.9985401459854014,0.03818013673174312,0.0,1.0,0.0,1.7733863960037606e-07,1.0,1.0,0.0,1.0,1.0,0.0,-7.455377594832967e-19,446.7,443.5139416058394,2.461757682449894,438.4,446.8,8.300000000000011,0.006047574986856124,66.6,77.59744525547445,9.92693457063311,66.6,97.3,-15.5,-0.02347439669307304,71.3,70.4236496350365,0.4744060841924823,69.6,71.3,1.7000000000000028,0.0011964384660996842,82.7,107.96080291970804,17.336204155979523,82.7,139.0,-52.60000000000001,-0.043392925688658004,79.0,103.84072992700729,19.336200067330935,79.0,145.8,-66.6,-0.04740038763193183,93.3,116.27927007299269,15.441538709448023,93.3,143.4,-44.7,-0.038694102058690366,69.5,69.29547445255474,0.25805553298941797,68.9,69.9,0.5999999999999943,-0.00014710333491029054,64.6,65.75875912408759,0.9542069319524429,64.6,67.6,-1.1000000000000085,-0.002167044341578431,63.9,64.54970802919708,0.5349431262570756,63.9,65.6,-1.000000000000007,-0.0012711160005758905,63.5,63.94379562043795,0.5822008725854101,63.5,65.8,-0.9000000000000057,-0.0011331990405372301,1.7,0.34255474452554746,0.5783875512247787,0.0,2.2,1.7,1.645632573402659e-05,1.5,0.4004379562043795,0.5707977112537026,0.0,2.8,1.5,-4.943221242751596e-05,0.7,0.6495620437956204,0.0617549739494863,0.5,0.8,0.09999999999999998,-4.72679810034378e-05,2.9,2.917810218978102,0.17647280276164537,2.5,3.5,-0.20000000000000018,-0.0001066673249974765,499.5,499.97905109489056,0.5918600929713754,498.1,501.8,-0.8999999999999773,-9.950331064197667e-06,6.4,6.502189781021897,0.36792318170074395,5.8,7.3,-0.39999999999999947,-7.787966362265791e-06,210.0,210.0,0.0,210.0,210.0,0.0,-4.991249974739619e-17,0.0,6.903284671532846,29.646573086619576,0.0,150.0,-141.0,-0.028788931912824375,0.0,0.24525547445255474,1.9424369825256034,0.0,22.5,-22.5,-0.001059110690357039,0.0,2.283941605839416,9.815749548978363,0.0,66.0,-66.0,-0.0095459336302441,0.0,2.055109489051095,9.25277978486121,0.0,64.5,-64.5,-0.008624289553117257,0.0,0.0,0.0,0.0,0.0,0.0,0.0,0.0,0.48394160583941603,0.499742061444685,0.0,1.0,-1.0,-2.4078387132140007e-05,1.0,1.0,0.0,1.0,1.0,0.0,-7.455377594832967e-19,1.0,1.0,0.0,1.0,1.0,0.0,-7.455377594832967e-19,1.0,1.0,0.0,1.0,1.0,0.0,-7.455377594832967e-19,22.3,17.42138686131387,8.094604103652252,0.0,35.9,-1.0,-0.000414287096160399,2.7,6.485328467153286,8.558734604530944,0.0,43.0,-5.999999999999999,-0.0007585858648200515,0.0,19.015839416058395,36.528136803154624,0.0,100.0,0.0,0.0017497884565869444
batch_dist_ternary_butan-1-ol+propan-2-ol+water__operating_point_001__test_anormal_experiment_005,batch_dist_ternary_butan-1-ol+propan-2-ol+water,operating_point_001,test_anormal_experiment_005,0.4,2739,114.08333333333331,0.7145540591367534,1.0,0.9981745162468054,0.042686664923151575,0.0,1.0,0.0,-3.311221749782201e-07,1.0,1.0,0.0,1.0,1.0,0.0,-2.3758571246229126e-19,446.2,445.51851040525736,2.7786087989158754,438.4,449.9,7.800000000000011,0.002786792347017761,66.0,71.78466593647317,9.11790414324679,65.6,97.3,-16.099999999999994,-0.009327090800457148,73.3,71.32761956918584,1.0481704151872708,69.6,73.3,3.700000000000003,0.0013231695255192589,63.1,88.64821102592187,23.330382496617815,61.6,139.0,-72.20000000000002,-0.02857920669305484,63.8,86.05675428988681,22.731933717381995,62.0,145.8,-81.8,-0.02700019877258326,67.8,97.67933552391384,22.190368775015365,67.8,143.4,-70.2,-0.027531832243414815,71.0,69.75779481562614,0.5911792537561678,68.9,71.0,2.0999999999999943,0.0006303553573398559,64.3,65.12322015334064,0.9281928010696261,64.3,67.6,-1.4000000000000057,-0.000983553687159602,63.5,64.11489594742608,0.5835121236499886,63.4,65.6,-1.4000000000000057,-0.0006744217621342218,63.4,63.67657904344651,0.4919357141491722,63.3,65.8,-1.000000000000007,-0.0004433884768163582,0.0,0.33347937203358896,0.5878593854166664,0.0,2.7,0.0,-1.1008206346275789e-05,0.0,0.38178167214311787,0.5611285456786566,0.0,2.8,0.0,-2.9451974287937203e-05,0.6,0.6402701715954727,0.05951980189364452,0.5,0.8,0.0,-1.672619575677847e-05,2.9,2.891274187659729,0.17823979430385944,2.5,3.5,-0.20000000000000018,-4.340132809425306e-05,499.5,499.9630704636728,0.618725408279684,497.9,501.8,-0.8999999999999773,-2.058747743002729e-05,6.8,6.5037239868565155,0.3681466441027238,5.8,7.3,0.0,1.1648259086614142e-06,210.0,210.0,0.0,210.0,210.0,0.0,-4.1110082176168976e-17,0.0,3.5865279299014237,21.26480321430687,0.0,150.0,-141.0,-0.007173932737897025,12.0,0.9720700985761227,2.9283218352072726,0.0,22.5,-10.5,0.001436173231185198,16.5,2.2332968236582693,7.592713387118434,0.0,66.0,-49.5,-0.00026983391314656035,0.0,1.0279299014238774,6.6240821379518415,0.0,64.5,-64.5,-0.0022046876516639557,0.0,0.0,0.0,0.0,0.0,0.0,0.0,0.0,0.484118291347207,0.49974770767885246,0.0,1.0,-1.0,-5.909392043393403e-06,1.0,1.0,0.0,1.0,1.0,0.0,-2.3758571246229126e-19,1.0,1.0,0.0,1.0,1.0,0.0,-2.3758571246229126e-19,1.0,1.0,0.0,1.0,1.0,0.0,-2.3758571246229126e-19,17.8,17.185779481562616,8.555857073131968,0.0,35.9,-5.5,-0.00043164523180067987,2.9,6.229609346476817,8.480906624582163,0.0,43.0,-5.799999999999999,-0.0003914505328961706,0.0,18.93778751369113,36.22781018918262,0.0,100.0,0.0,-9.220251719544281e-05
batch_dist_ternary_butan-1-ol+propan-2-ol+water__operating_point_001__test_anormal_experiment_006,batch_dist_ternary_butan-1-ol+propan-2-ol+water,operating_point_001,test_anormal_experiment_006,0.1,278,46.21666666666667,0.6672744411612288,1.0,0.9964028776978417,0.05986804668019151,0.0,1.0,0.0,-3.8259831170816046e-05,1.0,1.0,0.0,1.0,1.0,0.0,-1.5396849320733454e-18,443.0,442.6582733812949,0.16980703418818968,442.3,443.1,0.6999999999999886,0.0018838358915741417,72.9,71.2863309352518,1.7321007098027312,69.2,73.6,2.9000000000000057,0.019711409165435533,71.9,71.67194244604318,0.10037969425375577,71.5,71.9,0.4000000000000057,0.0011834296391931066,67.9,70.43345323741006,1.532335975815124,67.9,73.2,-5.299999999999997,-0.019081239026480023,70.2,67.36366906474821,1.2753375312204276,66.0,70.2,4.1000000000000085,0.015240789783452021,73.5,73.81043165467626,0.4014351421917003,72.7,74.3,0.7000000000000028,0.00272234058566581,70.2,69.92877697841728,0.15137005221448632,69.7,70.2,0.5,0.001800334508217178,64.1,63.91762589928057,0.03994749672626457,63.9,64.1,0.19999999999999574,0.00031688635350011915,63.5,63.5,0.0,63.5,63.5,0.0,-1.1788495581442527e-17,63.4,63.39964028776976,0.0059868046680192355,63.3,63.4,0.0,5.222327320203966e-06,0.2,0.36366906474820143,0.5660765434742788,0.0,2.1,-1.3,0.00014295771953532922,0.0,0.3169064748201439,0.39223827166231223,0.0,1.6,-0.8,-0.00022679422550232804,0.6,0.6586330935251798,0.05797173013414942,0.5,0.8,-0.20000000000000007,-0.00015468701084317234,2.9,2.8967625899280574,0.14942439115629338,2.5,3.2,0.10000000000000009,9.386225734679039e-05,499.6,499.989928057554,0.3653706040139541,498.9,501.1,-0.7999999999999545,0.0001291897656901312,6.8,6.507194244604315,0.37390420959449866,5.8,7.3,-0.5,-0.00023302192064911646,210.0,210.0,0.0,210.0,210.0,0.0,1.861899278804839e-16,0.0,13.154676258992806,15.74377219806893,0.0,42.00000000000001,0.0,-0.07001130200998168,18.0,14.336330935251798,3.38840758504999,7.5,18.0,10.5,0.04087951253065322,1.5,0.07014388489208633,0.31669490483804,0.0,1.5,1.5,0.001443121734125452,0.0,6.642086330935252,4.596150089718919,0.0,13.5,-13.5,-0.05690926471586216,0.0,0.0,0.0,0.0,0.0,0.0,0.0,0.0,0.5251798561151079,0.4993655723475762,0.0,1.0,-1.0,-0.0006350573436673978,1.0,1.0,0.0,1.0,1.0,0.0,-1.5396849320733454e-18,1.0,1.0,0.0,1.0,1.0,0.0,-1.5396849320733454e-18,1.0,1.0,0.0,1.0,1.0,0.0,-1.5396849320733454e-18,21.4,22.737410071942445,3.141169497218873,12.6,30.4,-5.5,0.0019059539837560026,1.3,5.51546762589928,6.357260475436651,0.0,22.7,1.3,-0.0005745956396638973,0.0,21.511510791366906,37.13402050697545,0.0,100.0,0.0,-0.024270696404329918
batch_dist_ternary_butan-1-ol+propan-2-ol+water__operating_point_001__test_anormal_experiment_006,batch_dist_ternary_butan-1-ol+propan-2-ol+water,operating_point_001,test_anormal_experiment_006,0.2,555,46.21666666666667,0.6672744411612288,1.0,0.9981981981981982,0.04240937764302637,0.0,1.0,0.0,4.913622034365348e-06,1.0,1.0,0.0,1.0,1.0,0.0,-1.646387881334772e-18,444.3,443.30891891891895,0.7387576024838269,442.3,444.5,2.0,0.004448424868261431,69.3,71.04747747747747,1.4844852102944062,69.2,73.6,-0.7000000000000028,-0.0005702925219587517,72.3,71.86594594594595,0.22219777886832134,71.5,72.3,0.7999999999999972,0.0013688262971434495,66.7,68.54225225225224,2.2085814144596814,66.1,73.2,-6.5,-0.013212582241748887,74.9,70.31585585585586,3.2655492118322376,66.0,75.0,8.800000000000011,0.02014906174387252,69.1,72.50432432432433,1.6216383782918027,69.0,74.3,-3.700000000000003,-0.008742604121405715,70.4,70.10216216216216,0.2086309099494032,69.7,70.4,0.7000000000000028,0.0012434903282368874,64.0,64.01252252252252,0.10909511899361697,63.9,64.2,0.10000000000000142,0.0005092232195315209,63.5,63.5,0.0,63.5,63.5,0.0,2.7171125290453147e-17,63.4,63.39891891891891,0.010341149443086088,63.3,63.4,0.0,-4.41524037094175e-06,0.0,0.3518918918918919,0.5416533140644126,0.0,2.3,-1.5,-2.9316774895041842e-05,0.0,0.3396396396396396,0.40445253383109453,0.0,1.8,-0.8,7.077019621496652e-05,0.6,0.6545945945945945,0.05805843256929361,0.5,0.8,-0.20000000000000007,-4.2043055964048503e-05,2.9,2.9036936936936937,0.14710373815797587,2.5,3.2,0.10000000000000009,3.178060537227428e-05,500.1,499.99657657657656,0.3682891918326042,498.9,501.1,-0.2999999999999545,6.182740411285595e-05,6.2,6.505405405405405,0.3708373378476777,5.8,7.3,-1.0999999999999996,-1.855945236981111e-05,210.0,210.0,0.0,210.0,210.0,0.0,1.7904850099324932e-17,30.0,8.282432432432433,13.206224045605616,0.0,42.00000000000001,30.0,-0.02750350797515952,4.5,13.825675675675676,3.8128981249215075,4.5,18.0,-3.0,-0.003890904253862994,15.0,3.8189189189189188,4.771358118054351,0.0,15.0,15.0,0.026896816043116334,0.0,3.327027027027027,4.648722500984698,0.0,13.5,-13.5,-0.02510369497357523,0.0,0.0,0.0,0.0,0.0,0.0,0.0,1.0,0.5315315315315315,0.49900477204058485,0.0,1.0,0.0,1.698709331880855e-05,1.0,1.0,0.0,1.0,1.0,0.0,-1.646387881334772e-18,1.0,1.0,0.0,1.0,1.0,0.0,-1.646387881334772e-18,1.0,1.0,0.0,1.0,1.0,0.0,-1.646387881334772e-18,23.2,22.745495495495497,3.0705660888239428,12.6,30.4,-3.6999999999999993,0.0006400694645766466,0.6,5.882162162162162,6.485597127468647,0.0,25.1,0.6,0.0013057810167126274,0.0,19.572792792792793,35.12697429086285,0.0,100.0,0.0,-0.013725367837255219
batch_dist_ternary_butan-1-ol+propan-2-ol+water__operating_point_001__test_anormal_experiment_006,batch_dist_ternary_butan-1-ol+propan-2-ol+water,operating_point_001,test_anormal_experiment_006,0.4,1110,46.21666666666667,0.6672744411612288,1.0,0.9990990990990991,0.030001487937561647,0.0,1.0,0.0,3.049070534719606e-06,1.0,1.0,0.0,1.0,1.0,0.0,7.413477734097592e-19,444.5,443.9563063063063,0.8553045165824577,442.3,445.1,2.1999999999999886,0.0024656521655875316,72.0,71.08522522522523,1.3884701198073808,69.2,73.6,2.0,-0.00044603119927420515,73.1,72.26689189189189,0.4684753659402143,71.5,73.2,1.5999999999999943,0.0014564038959400756,74.1,70.01180180180181,2.8570957023889427,66.1,74.5,0.8999999999999915,0.0043485032343070435,66.1,70.07810810810813,3.18027040425315,65.9,75.0,0.0,-0.000496961645083557,70.6,70.18671171171171,2.691472435646484,66.7,74.3,-2.200000000000003,-0.007003464292521358,71.2,70.43099099099099,0.38849897087288193,69.7,71.2,1.5,0.0011999404312522156,64.1,64.04707207207207,0.09578026764674043,63.9,64.2,0.19999999999999574,0.00018645812135625238,63.5,63.49972972972973,0.005191722354675356,63.4,63.5,0.0,-9.550829573150966e-07,63.4,63.397567567567556,0.015405405405405623,63.3,63.4,0.0,-6.053830835751436e-06,0.1,0.354009009009009,0.5521617303792561,0.0,2.6,-1.4,1.7682415525449317e-06,0.1,0.3413513513513513,0.4025727766704945,0.0,1.8,-0.7000000000000001,1.219847571480057e-05,0.6,0.6527477477477477,0.05662520504403239,0.5,0.8,-0.20000000000000007,-9.221573827989329e-06,2.9,2.9045045045045046,0.14871060679825107,2.5,3.2,0.10000000000000009,6.589502076470468e-06,499.7,499.99864864864867,0.37961926513565847,498.8,501.1,-0.6999999999999886,1.763766657678472e-05,6.8,6.504774774774774,0.369982582611344,5.8,7.3,-0.5,-8.734819330358994e-07,210.0,210.0,0.0,210.0,210.0,0.0,-2.5530962809577854e-17,0.0,8.947297297297297,13.442869334284305,0.0,42.00000000000001,0.0,-0.001385598555468826,10.500000000000002,8.083783783783783,6.73088438482635,0.0,18.0,3.0000000000000018,-0.014346532745054284,3.0,9.344594594594595,7.390610220424363,0.0,19.5,3.0,0.015142919258659964,16.5,6.410810810810811,6.24252131078131,0.0,18.0,3.0,0.009904784985358864,0.0,0.0,0.0,0.0,0.0,0.0,0.0,0.0,0.527027027027027,0.4992690054570585,0.0,1.0,-1.0,-1.1016138291625207e-05,1.0,1.0,0.0,1.0,1.0,0.0,7.413477734097592e-19,1.0,1.0,0.0,1.0,1.0,0.0,7.413477734097592e-19,1.0,1.0,0.0,1.0,1.0,0.0,7.413477734097592e-19,25.2,22.5609009009009,3.263396933984269,12.6,30.9,-1.6999999999999993,-0.00022768660021023452,6.0,5.988018018018018,6.544401750347056,0.0,25.8,6.0,0.0004883009686195178,0.0,19.40756756756757,35.11848229334202,0.0,100.0,0.0,-0.0030843300741255405
batch_dist_ternary_butan-1-ol+propan-2-ol+water__operating_point_001__test_anormal_experiment_007,batch_dist_ternary_butan-1-ol+propan-2-ol+water,operating_point_001,test_anormal_experiment_007,0.1,516,85.96666666666667,0.6711836773475024,1.0,1.0,0.0,1.0,1.0,0.0,-8.165256978427658e-20,1.0,1.0,0.0,1.0,1.0,0.0,-8.165256978427658e-20,438.8,438.0331395348837,0.8767930840927988,436.1,438.9,2.6999999999999886,0.00525538771408585,70.5,71.66317829457364,1.920604509364002,69.0,74.8,1.2999999999999972,-0.008187526121356856,70.4,70.10077519379846,0.18531185700297947,69.8,70.4,0.6000000000000085,0.0012260758941965418,72.0,69.13953488372093,1.427045986919527,67.6,72.0,4.099999999999994,0.009180489240730538,72.0,67.05736434108529,1.9180709460489935,64.9,72.0,3.299999999999997,0.006915830382921137,75.0,71.75620155038759,2.80594266761655,66.9,75.1,8.099999999999994,0.01854793861279157,68.8,68.8624031007752,0.12675603860849716,68.6,69.1,0.20000000000000284,0.0002345714219582891,64.4,64.68662790697674,0.3473535957227311,64.1,65.3,0.30000000000001137,0.0008626587643512144,63.6,63.75135658914728,0.12427347303424677,63.6,64.0,0.0,-0.0004937957273867093,63.3,63.34748062015503,0.08125379903106031,63.3,63.6,0.0,-0.00031208497886059996,0.0,0.3246124031007752,0.5065413626686621,0.0,2.2,-0.4,-0.00025907582039075164,0.0,0.3618217054263566,0.3812918870035998,0.0,1.3,-0.2,-4.7021717683651314e-05,0.6,0.6218992248062015,0.057441219697437707,0.5,0.8,-0.09999999999999998,7.231658058173907e-05,2.7,2.9401162790697675,0.2581973624033487,1.3,3.3,1.4000000000000001,0.0001769635945257935,500.2,499.99476744186046,0.39960220552556736,499.0,501.3,0.5,4.548446082211986e-05,6.4,6.503488372093024,0.36523784575714324,5.8,7.3,-0.39999999999999947,-2.4639781849273064e-05,210.0,210.0,0.0,210.0,210.0,0.0,2.231354975961286e-16,54.0,12.80813953488372,20.45175386301999,0.0,55.5,4.5,0.007151781842288778,22.5,13.101744186046512,8.179302252020527,0.0,22.5,22.5,0.05386593897352293,15.0,14.331395348837209,2.6143726904612374,7.5,16.5,7.5,0.014651149689076694,1.5,14.718023255813954,5.198151576609964,1.5,19.5,-13.5,-0.02865763411801853,0.0,0.0,0.0,0.0,0.0,0.0,0.0,1.0,0.4786821705426357,0.4995453434346343,0.0,1.0,1.0,-0.00020809741317228257,1.0,1.0,0.0,1.0,1.0,0.0,-8.165256978427658e-20,1.0,1.0,0.0,1.0,1.0,0.0,-8.165256978427658e-20,1.0,1.0,0.0,1.0,1.0,0.0,-8.165256978427658e-20,22.2,21.722868217054263,4.406744776506681,4.8,31.9,-2.900000000000002,-0.0030672903620545693,0.0,5.885077519379845,6.197616930251965,0.0,22.3,0.0,0.0023665152264855387,0.0,14.630038759689922,32.31310616810237,0.0,100.0,0.0,0.029540272854358448
batch_dist_ternary_butan-1-ol+propan-2-ol+water__operating_point_001__test_anormal_experiment_007,batch_dist_ternary_butan-1-ol+propan-2-ol+water,operating_point_001,test_anormal_experiment_007,0.2,1032,85.96666666666667,0.6711836773475024,1.0,0.999031007751938,0.031113554957368856,0.0,1.0,0.0,-1.4138792810002228e-06,1.0,1.0,0.0,1.0,1.0,0.0,-1.1676530129577468e-18,439.7,438.4873062015504,0.7881042109555576,436.1,439.7,3.599999999999966,0.002128428212347933,73.3,71.71007751937984,1.854074497438752,69.0,74.8,4.099999999999994,-0.0019293272605162837,70.9,70.36056201550389,0.3067472415280776,69.8,70.9,1.1000000000000085,0.0010199315708630085,68.6,70.31114341085272,1.7980453024509382,67.6,72.8,0.6999999999999886,0.0035883082468203885,69.7,70.5763565891473,4.014043069564283,64.9,76.4,1.0,0.010238602992065419,67.2,71.36618217054264,2.643089160035878,66.9,75.1,0.29999999999999716,-0.0008325265123110437,69.2,68.93013565891472,0.13487282628860933,68.6,69.3,0.6000000000000085,0.00029903000893807065,63.9,64.36143410852713,0.4177564170098264,63.8,65.3,-0.19999999999999574,-0.0009390767824667492,63.4,63.60823643410853,0.17404220259741282,63.4,64.0,-0.20000000000000284,-0.0005240289711835093,63.3,63.323740310077504,0.06216664902555673,63.3,63.6,0.0,-0.00010802310656514475,0.0,0.32073643410852715,0.5049524502808643,0.0,2.2,-0.4,-4.4908954799513464e-05,0.0,0.3538759689922481,0.3962573161284235,0.0,1.4,-0.2,-2.7663994766005106e-05,0.6,0.6291666666666665,0.060297094988752874,0.5,0.8,-0.09999999999999998,2.4798569149799862e-05,3.1,2.9213178294573647,0.21569027408131608,1.3,3.3,1.8,-3.3098968558143614e-05,499.9,499.99437984496126,0.4211779843219429,498.8,501.3,0.19999999999998863,2.121364820586324e-06,6.8,6.503197674418605,0.36678924264722285,5.8,7.3,0.0,-5.321972629531176e-06,210.0,210.0,0.0,210.0,210.0,0.0,-2.6179670391813824e-16,0.0,11.981104651162791,19.09695482697351,0.0,55.5,-49.5,0.003946123425787338,0.0,10.043604651162791,8.644689512870421,0.0,22.5,0.0,-0.008387732384161427,3.0,10.479651162790697,5.104249699475103,3.0,16.5,-4.5,-0.01248372974323146,4.5,7.579941860465116,8.056135102350101,0.0,19.5,-10.5,-0.023913150450796016,0.0,0.0,0.0,0.0,0.0,0.0,0.0,0.0,0.4796511627906977,0.4995857532238378,0.0,1.0,0.0,-2.1513892843323335e-05,1.0,1.0,0.0,1.0,1.0,0.0,-1.1676530129577468e-18,1.0,1.0,0.0,1.0,1.0,0.0,-1.1676530129577468e-18,1.0,1.0,0.0,1.0,1.0,0.0,-1.1676530129577468e-18,15.6,21.46656976744186,4.579650034124331,4.8,33.7,-9.500000000000002,-0.000786640397699477,18.4,5.893023255813953,6.377327038991325,0.0,22.8,18.4,0.0004062473680828225,0.0,15.56327519379845,32.455552763195676,0.0,100.0,0.0,0.005626533690537815
batch_dist_ternary_butan-1-ol+propan-2-ol+water__operating_point_001__test_anormal_experiment_007,batch_dist_ternary_butan-1-ol+propan-2-ol+water,operating_point_001,test_anormal_experiment_007,0.4,2064,85.96666666666667,0.6711836773475024,1.0,0.999031007751938,0.031113554957368852,0.0,1.0,0.0,1.1054453775258843e-07,1.0,1.0,0.0,1.0,1.0,0.0,2.4194073549350997e-19,445.0,439.62294089147287,1.8118708810313822,436.1,445.1,8.899999999999977,0.0025426855790995095,73.3,71.681371124031,1.74995864011465,69.0,74.8,4.099999999999994,-0.0004272580161644408,72.0,70.86426841085272,0.591639627876162,69.8,72.0,2.200000000000003,0.0009899920822816065,71.1,70.31395348837209,2.2742500403206956,66.7,73.9,3.1999999999999886,0.0014403599117248738,70.7,70.47785852713177,3.73039988495749,64.9,76.4,2.0,0.002283866526942016,70.0,71.06310562015504,2.75411804009321,66.6,75.1,3.0999999999999943,0.0003717277417959286,70.2,69.29423449612402,0.41983373329952767,68.6,70.2,1.6000000000000085,0.0006707256391842295,63.9,64.1018410852713,0.3954979222815911,63.6,65.3,-0.19999999999999574,-0.0004870042340195406,63.4,63.49874031007751,0.1680322804993924,63.1,64.0,-0.20000000000000284,-0.00022820268474743567,63.3,63.30581395348836,0.059349806193640206,63.0,63.6,0.0,-4.363875278797166e-05,1.9,0.3252906976744186,0.5131222945246805,0.0,3.0,1.5,-1.455161893567323e-06,0.0,0.3468265503875969,0.4005699149174054,0.0,1.7,-0.2,-1.3279503784403406e-05,0.7,0.6281007751937983,0.05865149270307021,0.5,0.8,0.0,3.587784386399928e-06,2.6,2.909956395348837,0.18873032532037248,1.3,3.3,1.3,-1.8080207404479194e-05,500.0,499.93677325581393,0.657379808142116,495.5,503.2,0.30000000000001137,-0.00012627768673226364,6.4,6.503003875968993,0.366143065168553,5.8,7.3,-0.39999999999999947,-1.030384271646955e-06,210.0,210.0,0.0,210.0,210.0,0.0,-1.1921148000246396e-16,0.0,9.755087209302326,16.906462151863547,0.0,55.5,-49.5,-0.0015264767678917106,0.0,9.542877906976743,8.107694907780598,0.0,22.5,0.0,-0.002093299003022008,0.0,10.91642441860465,5.8645620293942695,0.0,19.5,-7.5,-0.0016567135867725658,0.0,8.255087209302326,7.491272266231761,0.0,19.5,-15.0,-0.003792434056157224,0.0,0.0,0.0,0.0,0.0,0.0,0.0,0.0,0.48498062015503873,0.4997743673189661,0.0,1.0,0.0,-9.34237818749381e-06,1.0,1.0,0.0,1.0,1.0,0.0,2.4194073549350997e-19,1.0,1.0,0.0,1.0,1.0,0.0,2.4194073549350997e-19,1.0,1.0,0.0,1.0,1.0,0.0,2.4194073549350997e-19,26.3,20.65968992248062,6.15971046749657,0.0,39.5,1.1999999999999993,-0.0016104556790509387,0.0,5.933139534883721,6.480481773702454,0.0,28.6,0.0,0.00016579258236325763,0.0,16.473110465116278,32.59069978559726,0.0,100.0,0.0,0.0018027778586769737
batch_dist_ternary_butan-1-ol+propan-2-ol+water__operating_point_001__test_anormal_experiment_008,batch_dist_ternary_butan-1-ol+propan-2-ol+water,operating_point_001,test_anormal_experiment_008,0.1,514,85.65,0.6612130623870466,1.0,0.9980544747081712,0.04406518152881761,0.0,1.0,0.0,-2.076640861090187e-06,1.0,1.0,0.0,1.0,1.0,0.0,-1.161650212858513e-18,441.4,439.025486381323,1.2512376195406825,436.9,441.4,4.5,0.008294700081144035,69.7,71.62879377431906,1.8869374092069784,69.0,74.6,0.6000000000000085,-0.006874538416861793,70.4,70.15836575875487,0.1690499157131837,69.9,70.4,0.5,0.0011168439654031,73.2,70.881906614786,1.8990688541177172,67.7,73.3,5.5,0.012665127743237,75.8,68.72334630350196,3.6543241920097,64.9,75.8,10.099999999999994,0.023543027667262937,71.1,72.7453307392996,0.9260747187862001,70.7,73.9,0.3999999999999915,0.0008716015164780289,68.7,68.91712062256808,0.1384273715750187,68.7,69.1,0.0,-0.00029683592836118595,64.0,64.7852140077821,0.4254263744939501,64.0,65.5,-0.4000000000000057,-0.0011532779665532665,63.5,63.75447470817121,0.18427852888649898,63.4,64.1,-0.29999999999999716,-0.0011279606215871285,63.3,63.354085603112836,0.10453175409291485,63.2,63.7,-0.20000000000000284,-0.00048526236700390554,0.1,0.27431906614785995,0.43802930554457137,0.0,2.2,-0.30000000000000004,6.252898184286863e-05,0.0,0.39727626459143967,0.38668547321484065,0.0,1.6,-0.6,6.99960521731713e-05,0.6,0.6227626459143968,0.06427804756249685,0.5,0.8,0.0,0.00012644091813152663,2.9,2.9828793774319067,0.15054594888757608,2.5,3.3,-0.20000000000000018,-0.0002135758849859067,501.6,499.99708171206225,0.4687628028199068,498.5,501.6,1.2000000000000455,-6.19766837415909e-05,6.4,6.503112840466927,0.3656852728570548,5.8,7.3,-0.39999999999999947,-2.9311564835047035e-05,210.0,210.0,0.0,210.0,210.0,0.0,-1.3706202197661062e-16,54.0,11.784046692607005,19.092725262343905,0.0,54.0,13.5,-0.014367261889376459,15.0,17.55350194552529,5.301012805456605,4.5,24.0,10.5,0.025253786500553075,7.5,15.058365758754864,2.997972410545457,7.5,18.0,-6.0,-0.014690422554440558,0.0,7.155642023346304,6.171518716235804,0.0,16.5,-16.5,-0.04074475410694392,0.0,0.0,0.0,0.0,0.0,0.0,0.0,1.0,0.5155642023346303,0.49975769689489197,0.0,1.0,0.0,-0.0001398418792627739,1.0,1.0,0.0,1.0,1.0,0.0,-1.161650212858513e-18,1.0,1.0,0.0,1.0,1.0,0.0,-1.161650212858513e-18,1.0,1.0,0.0,1.0,1.0,0.0,-1.161650212858513e-18,27.4,21.150583657587546,5.778415631293924,0.0,33.9,3.6999999999999993,-0.012597336465084505,2.3,6.693385214007781,6.177906774959676,0.0,24.7,-5.0,0.0012123164243955796,0.0,12.969649805447471,30.73778162040181,0.0,100.0,0.0,0.015825726531583397
batch_dist_ternary_butan-1-ol+propan-2-ol+water__operating_point_001__test_anormal_experiment_008,batch_dist_ternary_butan-1-ol+propan-2-ol+water,operating_point_001,test_anormal_experiment_008,0.2,1028,85.65,0.6612130623870466,1.0,0.9980544747081712,0.04406518152881761,0.0,1.0,0.0,-2.4080128860056662e-06,1.0,1.0,0.0,1.0,1.0,0.0,-7.898544472514714e-19,444.3,440.91089494163424,2.158509081724887,436.9,444.3,7.400000000000034,0.00721139990414531,72.1,71.65671206225682,1.85205314789213,69.0,74.6,3.0,-0.00184945386212515,70.8,70.38706225680934,0.2692364329441287,69.9,70.8,0.8999999999999915,0.0008942095099564278,66.2,70.32966926070038,2.2290846055161873,66.2,73.3,-1.5,-0.0020331035054404877,66.9,70.76498054474708,4.024032776408973,64.9,76.6,1.2000000000000028,0.006217761001561899,67.5,70.29377431906615,2.7186379621607544,66.4,73.9,-3.200000000000003,-0.008062741814062274,69.3,68.96634241245135,0.12766782451029435,68.7,69.3,0.5999999999999943,0.00016996042143626995,63.6,64.26186770428016,0.6116772358553172,63.6,65.5,-0.8000000000000043,-0.0017827557712585768,63.4,63.57957198443579,0.2186601659300215,63.3,64.1,-0.3999999999999986,-0.0006579552787160404,63.3,63.32704280155641,0.07870677812546233,63.2,63.7,-0.20000000000000284,-0.00013957637994295867,0.1,0.28784046692607,0.464726610813525,0.0,3.3,-0.30000000000000004,6.35952889414981e-05,0.8,0.3858949416342412,0.38125519279961256,0.0,1.6,0.20000000000000007,-4.778193459468059e-05,0.7,0.6221789883268481,0.05945863966559554,0.5,0.8,0.09999999999999998,1.0158942436971223e-05,2.9,2.960992217898833,0.14443566532556332,2.5,3.3,-0.20000000000000018,-0.00010109070059997232,499.9,500.00466926070044,0.45772401284450076,498.5,501.6,-0.5,1.4545281506167544e-05,6.4,6.503696498054475,0.3668749525979763,5.8,7.3,-0.39999999999999947,-2.4709746908264835e-06,210.0,210.0,0.0,210.0,210.0,0.0,-2.2562932975753938e-17,22.5,11.962062256809338,18.8217891683567,0.0,55.5,-18.0,0.0024714165280503666,3.0,9.986381322957198,8.937706452597496,0.0,24.0,-1.5,-0.02136302321908751,9.0,9.08317120622568,6.607251857087343,0.0,18.0,-4.5,-0.018898275671679017,16.5,6.262645914396887,5.866178334491314,0.0,16.5,0.0,-0.003339063336228712,0.0,0.0,0.0,0.0,0.0,0.0,0.0,0.0,0.5116731517509727,0.4998637189556757,0.0,1.0,-1.0,-2.123027874726392e-05,1.0,1.0,0.0,1.0,1.0,0.0,-7.898544472514714e-19,1.0,1.0,0.0,1.0,1.0,0.0,-7.898544472514714e-19,1.0,1.0,0.0,1.0,1.0,0.0,-7.898544472514714e-19,26.3,21.72412451361868,5.0951855768281265,0.0,34.8,2.6000000000000014,5.3608110726444316e-05,5.1,6.671984435797666,6.139170113353401,0.0,24.7,-2.2,-0.0002699238848114069,24.1,14.911089494163425,31.73665309065624,0.0,100.0,24.1,0.008985427180988917
batch_dist_ternary_butan-1-ol+propan-2-ol+water__operating_point_001__test_anormal_experiment_008,batch_dist_ternary_butan-1-ol+propan-2-ol+water,operating_point_001,test_anormal_experiment_008,0.4,2056,85.65,0.6612130623870466,1.0,0.9980544747081712,0.04406518152881761,0.0,1.0,0.0,-7.124620225637085e-07,1.0,1.0,0.0,1.0,1.0,0.0,1.0305155343511054e-18,443.5,442.10466926070035,2.0060117787217187,436.9,444.5,6.600000000000023,0.0026087740001843086,73.5,71.64824902723736,1.7422191806411715,69.0,74.6,4.400000000000006,-0.0004443511033282035,71.8,70.83224708171208,0.5241316788476333,69.9,71.8,1.8999999999999915,0.0008798047848534965,67.6,70.52821011673151,2.556798731522747,66.1,74.6,-0.10000000000000853,0.0005746651017723868,67.6,70.61828793774319,3.7580104051252436,64.9,76.6,1.8999999999999915,0.0014036560872362099,66.7,70.69134241245138,2.648985369864772,66.4,74.6,-4.0,-0.000777998311161233,70.2,69.30087548638133,0.385118623473553,68.7,70.2,1.5,0.0006060074935816724,63.7,63.945282101167315,0.5369581407638305,63.6,65.5,-0.7000000000000028,-0.0006877917133293597,63.4,63.4874513618677,0.18059597233017355,63.3,64.1,-0.3999999999999986,-0.00021739038885686826,63.3,63.3135214007782,0.05727308914708866,63.2,63.7,-0.20000000000000284,-3.71767101742862e-05,0.8,0.30744163424124515,0.47649832445479195,0.0,3.3,0.4,4.043767370490323e-05,1.2,0.37431906614785987,0.38282945089055886,0.0,1.6,0.6,-2.317434609828252e-05,0.5,0.6335603112840467,0.06216090314706458,0.5,0.8,-0.09999999999999998,1.9554873334815188e-05,2.8,2.943579766536965,0.14342810418187296,2.5,3.3,-0.30000000000000027,-4.1438779498430564e-05,499.8,500.00131322957196,0.4430211402190753,498.4,501.6,-0.5999999999999659,-1.4484656681181727e-06,6.4,6.50306420233463,0.36640984548233274,5.8,7.3,-0.39999999999999947,-8.664836090307248e-07,210.0,210.0,0.0,210.0,210.0,0.0,-1.01843227623856e-16,0.0,9.79669260700389,16.727648096819674,0.0,55.5,-40.5,-0.0014461881369467412,1.5,9.57125486381323,8.396523714465031,0.0,24.0,-3.0,-0.005217176097954022,1.5,9.64567120622568,7.4397914504202864,0.0,21.000000000000004,-12.0,-0.0043499834787512955,6.0,6.669747081712062,6.664020731478347,0.0,18.0,-10.5,-0.0024427816709976543,0.0,0.0,0.0,0.0,0.0,0.0,0.0,0.0,0.49319066147859925,0.4999536307587944,0.0,1.0,-1.0,-2.2442553710765047e-05,1.0,1.0,0.0,1.0,1.0,0.0,1.0305155343511054e-18,1.0,1.0,0.0,1.0,1.0,0.0,1.0305155343511054e-18,1.0,1.0,0.0,1.0,1.0,0.0,1.0305155343511054e-18,20.8,21.87324902723735,4.839908305021951,0.0,34.8,-2.8999999999999986,0.00014719782956455491,0.0,6.524562256809339,6.157348651439578,0.0,24.7,-7.3,-0.00027760026442835185,0.0,15.46429961089494,31.421024767926546,0.0,100.0,0.0,0.0021732880783716007
batch_dist_ternary_butan-1-ol+propan-2-ol+water__operating_point_001__test_anormal_experiment_009,batch_dist_ternary_butan-1-ol+propan-2-ol+water,operating_point_001,test_anormal_experiment_009,0.1,439,73.11666666666666,0.6668634244298469,1.0,1.0,0.0,1.0,1.0,0.0,-1.2128888841349968e-19,1.0,1.0,0.0,1.0,1.0,0.0,-1.2128888841349968e-19,440.3,438.464464692483,1.0212833603150215,437.1,440.4,3.1999999999999886,0.00784996184581174,70.4,72.06173120728928,1.992661413440849,68.9,74.9,0.8000000000000114,0.005997285237307737,70.4,70.12642369020502,0.151781262657481,69.9,70.4,0.5,0.0011702981700173495,72.2,68.71025056947609,1.7103622765862725,66.8,72.2,5.200000000000003,0.013033130317119317,73.5,67.39772209567198,2.687903266177425,64.8,73.5,7.599999999999994,0.019291168936533452,71.4,71.23029612756264,0.5339223099266374,70.0,71.8,1.4000000000000057,0.0036289030032594146,68.8,68.90501138952163,0.13320112512138985,68.7,69.1,0.09999999999999432,0.00025807266032553956,64.3,64.72209567198178,0.32319473026562995,64.2,65.3,0.0,0.00016602036213852626,63.5,63.72323462414579,0.14128443365412827,63.5,64.0,-0.20000000000000284,-0.0009260404462764605,63.3,63.328246013667425,0.08141333319081707,63.2,63.5,-0.10000000000000142,-0.00039074711290523116,2.0,0.276993166287016,0.39936632888337403,0.0,2.1,1.4,-0.00011233500795706327,0.7,0.39794988610478366,0.3607387854011511,0.0,1.4,0.0,-0.00013725579191925524,0.7,0.636902050113895,0.05771240432618541,0.5,0.8,0.09999999999999998,6.727335135610327e-05,3.0,3.0031890660592255,0.1334280394174044,2.6,3.3,-0.10000000000000009,-0.00027451158383851254,500.0,500.0127562642368,0.37419180919544487,498.8,501.1,0.0,2.87929376447373e-05,6.8,6.499316628701594,0.36538678912738,5.8,7.3,0.0,-0.00010168303939952697,210.0,210.0,0.0,210.0,210.0,0.0,-1.599147024747212e-16,0.0,11.38496583143508,19.177354762974552,0.0,57.0,-1.5,-0.09385951599497333,21.000000000000004,17.340546697038725,6.282970125373726,4.5,24.0,16.500000000000004,0.046117137613221504,18.0,16.517084282460136,3.208801203879292,9.0,19.5,9.0,0.02221914120453766,4.5,8.747152619589977,2.6260626185373934,4.5,12.0,-7.5,-0.02028604294260989,0.0,0.0,0.0,0.0,0.0,0.0,0.0,0.0,0.510250569476082,0.49989491478251313,0.0,1.0,0.0,0.000154602473072222,1.0,1.0,0.0,1.0,1.0,0.0,-1.2128888841349968e-19,1.0,1.0,0.0,1.0,1.0,0.0,-1.2128888841349968e-19,1.0,1.0,0.0,1.0,1.0,0.0,-1.2128888841349968e-19,27.6,22.707744874715264,3.191915209532163,11.3,29.9,5.800000000000001,-0.0020332210928834505,5.8,6.708200455580865,5.763697259663074,0.0,23.6,-1.1000000000000005,-0.0005600722802020938,0.0,11.336902050113894,28.55075575504137,0.0,100.0,0.0,0.031555343430245915
batch_dist_ternary_butan-1-ol+propan-2-ol+water__operating_point_001__test_anormal_experiment_009,batch_dist_ternary_butan-1-ol+propan-2-ol+water,operating_point_001,test_anormal_experiment_009,0.2,878,73.11666666666666,0.6668634244298469,1.0,0.9965831435079726,0.05835393374692254,0.0,1.0,0.0,-1.4848516893344359e-05,1.0,1.0,0.0,1.0,1.0,0.0,1.631495917764455e-20,442.5,440.1128701594533,1.86917952083028,437.1,442.6,5.399999999999977,0.007286539560584392,71.1,71.97289293849659,1.98185816605532,68.9,74.9,1.5,0.0016011895975741111,70.7,70.33006833712984,0.24135672872509537,69.9,70.7,0.7999999999999972,0.0009380663573393093,70.5,70.82095671981777,2.5209270803353836,66.8,73.9,3.5,0.0082945091895432,70.7,71.10694760820046,4.346641100963,64.8,76.8,4.799999999999997,0.014000131145647132,67.7,70.29339407744874,1.304068316845054,67.7,71.8,-2.299999999999997,-0.003893245670289996,69.1,68.925284738041,0.13439596926703956,68.7,69.1,0.3999999999999915,0.0002253712326464649,63.6,64.29202733485194,0.5011878729487046,63.6,65.3,-0.6999999999999957,-0.0016043383696341365,63.4,63.566742596810926,0.18762659758608444,63.3,64.0,-0.30000000000000426,-0.000672213192009328,63.3,63.3141230068337,0.0592749924727504,63.2,63.5,-0.10000000000000142,-9.709954921769365e-05,0.7,0.27881548974943055,0.41979218216462405,0.0,2.4,0.09999999999999998,2.677165433904758e-07,0.2,0.3869020501138953,0.36532410420333633,0.0,2.1,-0.49999999999999994,-6.897601498233998e-05,0.7,0.6363325740318905,0.056783476457624,0.5,0.8,0.09999999999999998,6.731032165442201e-06,2.8,2.9758542141230064,0.13186980766060968,2.6,3.3,-0.30000000000000027,-0.0001339841516593307,499.3,499.9928246013667,0.39674759019900013,498.7,501.1,-0.6999999999999886,-9.226735425753353e-05,6.4,6.501708428246014,0.3674814816551828,5.8,7.3,-0.39999999999999947,-2.177634731254181e-05,210.0,210.0,0.0,210.0,210.0,0.0,-2.746803603487155e-16,0.0,11.19874715261959,18.870227862146383,0.0,57.0,-1.5,-0.0204098272218596,0.0,11.830865603644646,8.800732104961744,0.0,24.0,-4.5,-0.019800949381370486,0.0,11.856492027334852,6.689068871213067,0.0,19.5,-9.0,-0.018962203202193044,7.5,6.283599088838269,3.289536775082978,1.5,12.0,-4.5,-0.00973470540484864,0.0,0.0,0.0,0.0,0.0,0.0,0.0,0.0,0.5022779043280182,0.499994811124948,0.0,1.0,0.0,-3.41028325305638e-05,1.0,1.0,0.0,1.0,1.0,0.0,1.631495917764455e-20,1.0,1.0,0.0,1.0,1.0,0.0,1.631495917764455e-20,1.0,1.0,0.0,1.0,1.0,0.0,1.631495917764455e-20,3.5,22.488838268792712,3.5928634995588973,3.5,32.1,-18.3,-0.0012736499309579533,0.0,6.541116173120729,5.807781452985142,0.0,24.5,-6.9,-0.0007814034231318826,0.0,13.567539863325742,30.014596389980362,0.0,100.0,0.0,0.009413364883225625
batch_dist_ternary_butan-1-ol+propan-2-ol+water__operating_point_001__test_anormal_experiment_009,batch_dist_ternary_butan-1-ol+propan-2-ol+water,operating_point_001,test_anormal_experiment_009,0.4,1756,73.11666666666666,0.6668634244298469,1.0,0.9971526195899773,0.05328482743542854,0.0,1.0,0.0,-1.4460668427943564e-06,1.0,1.0,0.0,1.0,1.0,0.0,5.184488361223707e-19,444.9,441.13194760820045,1.7853934277956547,437.1,444.9,7.7999999999999545,0.00280545954170354,72.3,71.78792710706149,1.8943904806274987,68.9,74.9,2.700000000000003,0.0002016018852545338,71.3,70.64100227790433,0.3725396402987204,69.9,71.3,1.3999999999999915,0.0007240271629638776,75.3,69.99806378132119,2.933534161169328,65.6,75.3,8.299999999999997,0.000718507509203489,75.1,70.48923690205012,4.028226615801424,64.8,76.8,9.199999999999989,0.00207197853668911,70.2,70.5390091116173,1.6488620145328623,67.6,73.1,0.20000000000000284,0.0006824339589860786,69.6,69.09208428246015,0.2231733898048058,68.7,69.6,0.8999999999999915,0.00037378212776847724,63.5,63.884510250569484,0.5436518501553971,63.3,65.3,-0.7999999999999972,-0.0009182229697888881,63.3,63.45353075170843,0.17782556100776617,63.3,64.0,-0.4000000000000057,-0.00028430826550423236,63.3,63.30301822323461,0.04745219040322616,63.2,63.5,-0.10000000000000142,-3.041627078509142e-05,0.0,0.3227220956719818,0.4486777513890208,0.0,2.4,-0.6,6.463165281196112e-05,0.0,0.3975512528473804,0.37910957779316573,0.0,2.1,-0.7,-5.982727579256876e-06,0.6,0.6378701594533028,0.05909161643008943,0.5,0.8,0.0,1.2668875259515677e-06,2.8,2.959339407744875,0.13414037821111,2.6,3.3,-0.30000000000000027,-5.7851538489350765e-05,499.7,500.000569476082,0.40328903371836655,498.7,501.4,-0.30000000000001137,-5.274321040988371e-06,6.4,6.50387243735763,0.3685019135165482,5.8,7.3,-0.39999999999999947,1.0502545238351256e-06,210.0,210.0,0.0,210.0,210.0,0.0,7.200400483496065e-17,0.0,10.533314350797266,17.787978733418413,0.0,57.0,-1.5,-0.004337673628165427,1.5,11.299544419134396,8.133003842423433,0.0,24.0,-3.0,-0.001613212224071733,10.500000000000002,12.404897494305239,7.465414480936776,0.0,22.5,1.5000000000000018,0.0017385047741979966,0.0,7.561503416856492,4.667586677662912,0.0,15.0,-12.0,-0.0011434466062423504,0.0,0.0,0.0,0.0,0.0,0.0,0.0,0.0,0.4988610478359909,0.4999987027862854,0.0,1.0,0.0,-7.512898999345074e-06,1.0,1.0,0.0,1.0,1.0,0.0,5.184488361223707e-19,1.0,1.0,0.0,1.0,1.0,0.0,5.184488361223707e-19,1.0,1.0,0.0,1.0,1.0,0.0,5.184488361223707e-19,21.3,22.5123006833713,3.9292297483456315,0.1,33.4,-0.5,0.00021833105026527626,0.0,6.787870159453303,6.068488741066717,0.0,24.9,-6.9,6.628692840565026e-05,0.0,13.370102505694762,29.41894989583325,0.0,100.0,0.0,0.002536251095090905
batch_dist_ternary_butan-1-ol+propan-2-ol+water__operating_point_001__test_anormal_experiment_010,batch_dist_ternary_butan-1-ol+propan-2-ol+water,operating_point_001,test_anormal_experiment_010,0.1,462,76.83333333333333,0.6634705933239367,1.0,0.9978354978354979,0.04647383236706469,0.0,1.0,0.0,-2.768463200522341e-05,1.0,1.0,0.0,1.0,1.0,0.0,-2.3476648977574232e-18,438.6,436.70411255411256,0.6523719395442558,436.0,438.6,2.6000000000000227,0.003960758159770322,69.0,71.6852813852814,1.7278467403250097,69.0,74.3,-0.20000000000000284,-0.006973862239202434,70.5,70.22878787878787,0.17387312643275582,70.0,70.5,0.5,0.0012429182863441996,71.9,70.47002164502165,1.0706961563729245,68.7,71.9,3.200000000000003,0.007972106181698399,74.4,68.35508658008656,2.9670906160927446,65.2,74.4,8.600000000000009,0.02129847191175035,74.4,72.50930735930737,2.0595467359062543,68.4,74.7,6.0,0.014873658798734783,68.8,68.94686147186145,0.1271392624855341,68.7,69.1,0.09999999999999432,0.00011202540706889298,64.7,65.45660173160172,0.45271647682147537,64.7,66.2,-0.20000000000000284,-0.0004246893535838531,63.7,64.0085497835498,0.1966950081046205,63.7,64.3,-0.29999999999999716,-0.0011092846690641516,63.4,63.46190476190475,0.2462907680869436,63.0,63.9,-0.30000000000000426,-0.0011223167278884122,0.0,0.32153679653679657,0.4922081372525414,0.0,3.5,-0.2,1.8390505546326974e-05,0.4,0.35086580086580094,0.3731139465413046,0.0,1.6,0.4,8.325062929805109e-05,0.6,0.65508658008658,0.06596841919228044,0.5,0.9,0.0,5.104620224347619e-05,3.0,2.9777056277056273,0.14747213536485354,2.5,3.3,0.0,-2.412112296250288e-05,499.9,499.8588744588744,0.763709481616283,496.5,502.4,-0.4000000000000341,0.0005757145986617433,6.4,6.501948051948051,0.3687120638736798,5.8,7.3,-0.39999999999999947,-5.492509299147606e-05,210.0,210.0,0.0,210.0,210.0,0.0,5.390306195545225e-17,37.5,8.665584415584416,16.090859629600196,0.0,51.00000000000001,-6.0,-0.04333706660088881,16.5,16.816558441558442,4.698891328187646,6.0,21.000000000000004,10.5,0.029120201865384405,9.0,13.39935064935065,1.539923119739219,9.0,15.0,-4.5,-0.007913393465976607,0.0,12.577922077922079,5.747707016017787,0.0,18.0,-16.5,-0.04075390789876627,0.0,0.0,0.0,0.0,0.0,0.0,0.0,0.0,0.44805194805194803,0.4972940778843063,0.0,1.0,-1.0,5.84723766088339e-05,1.0,1.0,0.0,1.0,1.0,0.0,-2.3476648977574232e-18,1.0,1.0,0.0,1.0,1.0,0.0,-2.3476648977574232e-18,1.0,1.0,0.0,1.0,1.0,0.0,-2.3476648977574232e-18,19.4,21.531060606060606,7.0112736645294556,0.0,38.8,-5.800000000000001,0.005892911219157518,8.0,6.059632034632035,6.005946162482721,0.0,25.1,6.8,0.0026132051476054257,69.0,10.48917748917749,28.230993993878403,0.0,100.0,69.0,0.025799578313364185
batch_dist_ternary_butan-1-ol+propan-2-ol+water__operating_point_001__test_anormal_experiment_010,batch_dist_ternary_butan-1-ol+propan-2-ol+water,operating_point_001,test_anormal_experiment_010,0.2,923,76.83333333333333,0.6634705933239367,1.0,0.9989165763813651,0.03289756544027946,0.0,1.0,0.0,4.57823316898144e-08,1.0,1.0,0.0,1.0,1.0,0.0,7.689074532683986e-19,441.8,438.5492957746479,2.0341097387580716,436.0,441.9,5.800000000000011,0.007444065207347796,69.1,71.71473456121343,1.7499356465392404,69.0,74.5,-0.10000000000000853,-0.0014605784670859857,71.0,70.4940411700975,0.3127434721063101,70.0,71.0,1.0,0.0011614763898531901,68.3,70.46787648970748,1.1320481816175518,68.3,72.0,-0.4000000000000057,-0.00010707953254766815,69.0,71.03385698808233,3.7555808193261093,65.2,76.1,3.200000000000003,0.009520183308793591,67.5,71.68418201516793,2.219254755925451,67.5,74.7,-0.9000000000000057,-0.0027462277317154963,69.3,69.01305525460455,0.14124958578454827,68.7,69.3,0.5999999999999943,0.00033001049239489135,64.1,64.86170097508126,0.6852842487989004,64.1,66.2,-0.8000000000000114,-0.002128630944585205,63.6,63.82128927410618,0.2358445815606902,63.6,64.3,-0.3999999999999986,-0.0007806434397433221,63.4,63.43098591549295,0.17697592988395247,63.0,63.9,-0.30000000000000426,-0.00024134919188528088,0.1,0.3261646803900325,0.5247819781201292,0.0,3.5,-0.1,2.16931948318123e-06,1.3,0.3297941495124594,0.3750231240405661,0.0,1.6,1.3,-5.765877722127119e-05,0.6,0.6568255687973997,0.062209227546699816,0.5,0.9,0.0,9.998098201942827e-06,3.2,2.9455037919826657,0.15153981401532338,2.5,3.3,0.20000000000000018,-0.00010782146066738305,500.0,499.92957746478874,0.618797652968867,496.5,502.4,-0.30000000000001137,0.00029365652322520166,6.8,6.5013001083423605,0.36643939882592563,5.8,7.3,0.0,-2.0936260281215273e-05,210.0,210.0,0.0,210.0,210.0,0.0,3.445150150073774e-16,27.0,8.780606717226435,16.412918136498597,0.0,52.5,-16.5,-0.013151638621376777,0.0,10.346424702058505,8.24820103840876,0.0,21.000000000000004,-6.0,-0.021814720216082828,6.0,9.570422535211268,4.1242120669985765,4.5,15.0,-7.5,-0.014413285226886997,3.0,6.419284940411701,7.400348204748772,0.0,18.0,-13.5,-0.024796099992397055,0.0,0.0,0.0,0.0,0.0,0.0,0.0,1.0,0.4561213434452871,0.49807094223509313,0.0,1.0,0.0,3.473352897446321e-05,1.0,1.0,0.0,1.0,1.0,0.0,7.689074532683986e-19,1.0,1.0,0.0,1.0,1.0,0.0,7.689074532683986e-19,1.0,1.0,0.0,1.0,1.0,0.0,7.689074532683986e-19,21.2,22.01858071505959,5.770783611384354,0.0,38.8,-4.0,0.0024399869172409324,24.8,5.768851570964248,6.145136914471708,0.0,26.0,23.6,-0.0003857362378336329,100.0,13.399024918743228,31.34243834367093,0.0,100.0,100.0,0.013455809820112779
batch_dist_ternary_butan-1-ol+propan-2-ol+water__operating_point_001__test_anormal_experiment_010,batch_dist_ternary_butan-1-ol+propan-2-ol+water,operating_point_001,test_anormal_experiment_010,0.4,1845,76.83333333333333,0.6634705933239367,1.0,0.9983739837398374,0.04029109493776867,0.0,1.0,0.0,6.209771547469803e-07,1.0,1.0,0.0,1.0,1.0,0.0,9.188690658247977e-19,443.9,440.8157452574526,2.871109725708416,436.0,445.7,7.899999999999977,0.005102739619368806,74.0,71.81027100271002,1.8575704423352963,68.8,75.7,4.799999999999997,0.0001630058343765166,71.8,71.75382113821138,2.843912870052967,69.2,79.2,1.7999999999999972,0.00170810982215997,70.8,70.40880758807587,1.5584900580628136,67.8,72.8,2.0999999999999943,0.0006836383353387382,72.2,70.71162601626015,3.6804506706745785,65.2,76.1,6.400000000000006,0.0021238956805001144,72.3,71.18918699186992,2.6997307239047594,66.7,74.7,3.8999999999999915,0.00015956574831914563,69.9,69.1180216802168,2.7441648641614065,62.1,77.1,1.2000000000000028,0.0003696858518609564,63.5,64.36674796747968,2.39228412395657,59.6,71.0,-1.4000000000000057,-0.0011789326437035082,63.4,63.67146341463415,2.0302289515830707,60.2,71.0,-0.6000000000000014,-0.00040928820815268996,63.3,63.03452574525744,1.7001587220702337,59.5,70.6,-0.4000000000000057,-0.0007738777801171567,0.3,0.3054742547425474,0.5103799052775936,0.0,3.5,0.09999999999999998,-2.255838040292413e-05,0.3,0.3617886178861789,0.717084703105015,0.0,7.7,0.3,6.30008391726045e-05,0.6,0.87710027100271,2.176888332249483,0.2,49.1,0.0,0.00027706949760406967,3.0,2.9200813008130084,0.27364419169082466,2.0,5.9,0.0,-3.5706791452631114e-05,499.5,523.6346341463416,74.29884256053884,442.9,705.6,-0.8000000000000114,0.020664328748184135,6.8,6.503306233062331,0.36784719932041027,5.8,7.3,0.0,-8.819786296326229e-07,210.0,210.0,0.0,210.0,210.0,0.0,-1.5603262268043683e-16,0.0,9.41869918699187,17.806522736526134,0.0,66.0,-43.5,-0.0006520346106298464,0.0,9.932113821138211,7.725457152472405,0.0,21.000000000000004,-6.0,-0.0035932566008104135,1.5,10.168292682926829,4.355508932453034,1.5,16.5,-12.0,-0.0018027014569786312,0.0,7.960162601626016,6.995152094064086,0.0,18.0,-16.5,-0.0017802201732778507,0.0,0.0,0.0,0.0,0.0,0.0,0.0,0.0,0.33387533875338754,0.4715957982485618,0.0,1.0,-1.0,-0.0002450891741345856,1.0,1.0,0.0,1.0,1.0,0.0,9.188690658247977e-19,1.0,1.0,0.0,1.0,1.0,0.0,9.188690658247977e-19,1.0,1.0,0.0,1.0,1.0,0.0,9.188690658247977e-19,19.4,15.246504065040652,11.818652405795167,0.0,100.0,-5.800000000000001,-0.012570440065874013,7.8,6.231029810298103,10.671752300485494,0.0,100.0,6.6,0.0009941583118648794,0.0,12.570731707317073,29.643295459677073,0.0,100.0,0.0,0.00013040991555430214
batch_dist_ternary_butan-1-ol+propan-2-ol+water__operating_point_001__test_anormal_experiment_011,batch_dist_ternary_butan-1-ol+propan-2-ol+water,operating_point_001,test_anormal_experiment_011,0.1,405,67.4,0.6606866212413348,1.0,0.9950617283950617,0.07009910897075747,0.0,1.0,0.0,-3.504455535865781e-05,1.0,1.0,0.0,1.0,1.0,0.0,3.3874680522207237e-19,443.1,442.6281481481482,0.25062446015390427,442.1,443.2,0.20000000000004547,0.00043303509332830647,71.2,71.65876543209878,1.6915340270686212,69.1,74.0,1.1000000000000085,0.009584992982056733,71.4,71.22172839506172,0.11641549813520008,71.0,71.4,0.4000000000000057,0.0009569511959406607,66.4,67.26716049382715,1.3497262955900218,65.9,70.3,-3.8999999999999915,-0.010641261170452065,71.7,67.52592592592593,1.7597683473935817,65.9,71.7,5.0,0.013456729909444052,67.4,67.58666666666666,0.8714228467155185,66.7,69.7,-2.299999999999997,-0.006399731927215745,69.7,69.49925925925928,0.13725508178568221,69.2,69.8,0.4000000000000057,0.0010627713017606368,64.1,64.00246913580247,0.02421767868689145,63.9,64.1,0.0,4.344441012248925e-05,63.5,63.501234567901236,0.011042310999999116,63.5,63.6,0.0,-1.6095205579711892e-05,63.4,63.399999999999984,1.4210854715202004e-14,63.4,63.4,0.0,-1.0153452747268621e-16,0.2,0.3338271604938272,0.5307962058095496,0.0,2.2,0.2,-0.00013177836667082146,0.0,0.32864197530864203,0.39367766813247307,0.0,1.6,0.0,-0.00021828783863608002,0.7,0.6718518518518519,0.05531305097065028,0.5,0.8,0.09999999999999998,4.0951549999005745e-05,2.9,2.909135802469135,0.14770840084824616,2.5,3.2,-0.20000000000000018,-3.9705119937277605e-05,499.7,500.00543209876537,0.4662115489264349,498.8,501.2,-0.6999999999999886,8.62565731120801e-05,6.8,6.509876543209876,0.3727789992599972,5.8,7.3,0.39999999999999947,-5.0977183104187794e-05,210.0,210.0,0.0,210.0,210.0,0.0,1.129031334646944e-16,0.0,9.955555555555556,15.92824961514821,0.0,46.5,0.0,-0.0654966481869862,18.0,13.744444444444444,5.129026572386511,3.0,19.5,15.0,0.04223799227213362,15.0,5.4148148148148145,5.113359677152457,0.0,15.0,15.0,0.0423750995789234,13.5,5.277777777777778,4.509934165022756,0.0,13.5,13.5,0.03784784882429129,0.0,0.0,0.0,0.0,0.0,0.0,0.0,0.0,0.49876543209876545,0.4999984758397742,0.0,1.0,-1.0,-0.0001540876583553265,1.0,1.0,0.0,1.0,1.0,0.0,3.3874680522207237e-19,1.0,1.0,0.0,1.0,1.0,0.0,3.3874680522207237e-19,1.0,1.0,0.0,1.0,1.0,0.0,3.3874680522207237e-19,24.4,21.528395061728396,4.770817528821339,9.0,33.1,0.5,-0.008224053932486874,1.0,5.843456790123456,6.298934881644247,0.0,24.6,-12.7,-0.0019458218399836674,0.0,14.201234567901235,31.989243924652296,0.0,100.0,0.0,-0.012395728899655145
batch_dist_ternary_butan-1-ol+propan-2-ol+water__operating_point_001__test_anormal_experiment_011,batch_dist_ternary_butan-1-ol+propan-2-ol+water,operating_point_001,test_anormal_experiment_011,0.2,809,67.4,0.6606866212413348,1.0,0.9962917181705809,0.06078264945930406,0.0,1.0,0.0,-6.320659030798347e-19,1.0,1.0,0.0,1.0,1.0,0.0,-3.896542736424538e-19,442.9,443.06526576019775,0.5166378516831579,442.1,444.0,0.0,0.0016678655916686456,72.3,71.48380716934487,1.643768573209884,69.1,74.0,2.200000000000003,0.0018098668128040498,72.0,71.45723114956736,0.2745491816071866,71.0,72.0,1.0,0.001162089220870946,74.4,68.82447466007416,2.5438880439956173,65.9,74.4,4.1000000000000085,0.007114470820794456,71.9,70.74091470951791,3.5294375189807954,65.9,75.2,5.200000000000003,0.013662498305866837,74.0,69.18615574783685,2.254111733864655,66.7,74.0,4.299999999999997,0.007340319734486779,70.1,69.71199011124845,0.262331695225743,69.2,70.2,0.7999999999999972,0.001090301036696217,64.2,64.0573547589617,0.06404899222019497,63.9,64.2,0.10000000000000853,0.00022827622688099462,63.5,63.50061804697157,0.007837264516265801,63.5,63.6,0.0,-4.308424249943613e-06,63.4,63.39999999999998,2.1316282072803006e-14,63.4,63.4,0.0,-1.106745102063006e-18,0.8,0.3295426452410383,0.5319738773231157,0.0,2.2,0.8,-4.669688229638765e-05,0.7,0.327070457354759,0.3910259665692738,0.0,1.6,0.7,-3.78035331345251e-05,0.7,0.6739184177997528,0.055363487224388004,0.5,0.8,0.09999999999999998,1.745127129111673e-05,2.8,2.915080346106304,0.14131651776142956,2.5,3.2,-0.30000000000000027,1.1626626197851271e-05,499.4,500.00074165636585,0.5092950058406869,498.7,501.7,-1.0,1.2197758713026462e-05,5.9,6.507416563658838,0.37007248917083296,5.8,7.3,-0.5,1.2918473553105399e-06,210.0,210.0,0.0,210.0,210.0,0.0,1.415575572371927e-16,0.0,9.521013597033374,15.233053270818935,0.0,46.5,0.0,-0.011100810328251626,0.0,10.585290482076639,6.721744409524026,0.0,19.5,-3.0,-0.013355219947211039,13.5,12.105686032138443,7.766343176428471,0.0,21.000000000000004,13.5,0.029436543777987184,9.0,10.045735475896167,5.934001227281579,0.0,16.5,9.0,0.020990683740809184,0.0,0.0,0.0,0.0,0.0,0.0,0.0,0.0,0.4919653893695921,0.4999354408641357,0.0,1.0,-1.0,-2.4839731603980472e-05,1.0,1.0,0.0,1.0,1.0,0.0,-3.896542736424538e-19,1.0,1.0,0.0,1.0,1.0,0.0,-3.896542736424538e-19,1.0,1.0,0.0,1.0,1.0,0.0,-3.896542736424538e-19,22.4,20.758343634116194,5.919023632910993,0.0,36.0,-1.5,-0.0017201627455699954,0.0,5.858838071693449,6.276353025649547,0.0,24.6,-13.7,-0.0004383283404566288,0.0,14.631273176761434,31.590383188532297,0.0,100.0,0.0,0.0006280417905820277
batch_dist_ternary_butan-1-ol+propan-2-ol+water__operating_point_001__test_anormal_experiment_011,batch_dist_ternary_butan-1-ol+propan-2-ol+water,operating_point_001,test_anormal_experiment_011,0.4,1618,67.4,0.6606866212413348,1.0,0.9969097651421508,0.055503921540486945,0.0,1.0,0.0,2.157325951222528e-06,1.0,1.0,0.0,1.0,1.0,0.0,-3.974182076251674e-20,441.8,441.26545117428924,8.006528498122652,419.2,461.3,-1.099999999999966,-0.005099662587563689,72.7,71.22812113720643,1.477978124876194,69.1,74.0,2.6000000000000085,-0.0002946469551592051,73.3,72.01674907292954,0.6550158756526365,71.0,73.3,2.299999999999997,0.0013929737514242141,67.0,69.41909765142151,3.031103684177479,65.9,74.8,-3.299999999999997,0.0002559196255650787,74.7,69.97818294190358,3.210668620399502,65.9,75.2,8.0,0.0009948322354624358,67.2,69.69932014833127,2.572627286857693,66.7,74.3,-2.5,0.0004181202240470537,71.3,70.1721260815822,0.5482486366054882,69.2,71.3,2.0,0.0011604794560745352,64.4,64.18411619283066,0.15309292958879442,63.8,64.5,0.30000000000001137,0.0002978547557823858,63.5,63.49857849196539,0.041500968248793874,63.1,63.6,0.0,1.2265453323543577e-06,63.4,63.39208899876388,0.04173862978616364,63.0,63.4,0.0,-5.358044086115362e-06,0.0,0.3334981458590852,0.5407294896919532,0.0,3.1,0.0,-4.720903434168306e-06,0.0,0.3237948084054388,0.38441027657884697,0.0,1.7,0.0,-1.04504948590563e-05,0.7,0.6793572311495674,0.058464760816683496,0.5,0.9,0.09999999999999998,1.0335333598494857e-05,3.0,2.919097651421508,0.13930758174163294,2.3,3.3,-0.10000000000000009,8.948724029449615e-06,499.9,499.95648949320156,0.5894084002205491,496.6,501.8,-0.5,-2.412522171463453e-05,5.9,6.503708281829419,0.3686893821530196,5.8,7.3,-0.5,-4.816375377122454e-06,210.0,225.14215080346105,33.1006565546378,210.0,297.5,0.0,0.014436944251392709,0.0,8.69221260815822,14.000501533460133,0.0,46.5,0.0,-0.0016558701946125776,9.0,10.081891223733004,6.858196372685284,0.0,19.5,6.0,0.000639563571175274,18.0,8.59857849196539,7.5405999050894525,0.0,21.000000000000004,18.0,-0.0017195382236294048,13.5,6.584981458590853,6.072902032070596,0.0,16.5,13.5,-0.0028526102912388787,0.0,0.0,0.0,0.0,0.0,0.0,0.0,0.0,0.48763906056860323,0.4998471838235896,0.0,1.0,-1.0,1.1851836003866159e-05,1.0,1.0,0.0,1.0,1.0,0.0,-3.974182076251674e-20,1.0,1.0,0.0,1.0,1.0,0.0,-3.974182076251674e-20,1.0,1.0,0.0,1.0,1.0,0.0,-3.974182076251674e-20,21.1,20.70061804697157,6.3232144048037835,0.0,39.1,-2.799999999999997,0.0007363133366730181,9.7,5.850679851668728,6.23277771777647,0.0,26.7,-4.0,-4.406922560663229e-05,0.0,16.173609394313967,32.94604687062163,0.0,100.0,0.0,0.0017867771016222033
batch_dist_ternary_butan-1-ol+propan-2-ol+water__operating_point_001__test_anormal_experiment_012,batch_dist_ternary_butan-1-ol+propan-2-ol+water,operating_point_001,test_anormal_experiment_012,0.1,445,74.06666666666666,0.6734308158533022,1.0,1.0,0.0,1.0,1.0,0.0,5.801235217815465e-19,1.0,1.0,0.0,1.0,1.0,0.0,5.801235217815465e-19,440.2,439.17707865168535,1.6739015866841755,435.6,441.1,4.599999999999966,0.012164640581529256,70.1,71.75101123595506,1.7812204154492166,69.1,74.3,0.3999999999999915,0.004668620351091023,70.5,70.26426966292135,0.17508834136489335,70.0,70.5,0.5,0.0013084828669049095,73.1,71.4752808988764,1.5607028738429571,68.4,73.2,4.699999999999989,0.011835868720032559,71.8,67.07775280898876,1.9299355248059038,65.2,71.8,4.700000000000003,0.012008391219858904,73.4,73.88022471910114,1.3087655883433298,70.5,75.3,2.9000000000000057,0.007287274678316172,68.9,68.91662921348313,0.11589363411107165,68.7,69.2,0.10000000000000853,6.849697482921288e-06,64.1,64.73370786516855,0.3940409549879334,64.1,65.4,-0.4000000000000057,-0.0018125688544392891,63.5,63.7047191011236,0.18310732339897798,63.5,64.0,-0.3999999999999986,-0.0013319461447642664,63.3,63.32404494382022,0.13165087556196842,63.1,63.7,-0.20000000000000284,-0.00036434126472921464,0.3,0.27415730337078653,0.40936456373526814,0.0,2.5,-0.10000000000000003,0.0001265355646370406,0.0,0.42629213483146067,0.37236680605653594,0.0,1.9,-0.5,-0.0004176136634442681,0.7,0.6519101123595504,0.0634384848370005,0.5,0.9,0.09999999999999998,0.00013628582984152968,2.8,3.0058426966292138,0.12899620226762407,2.6,3.3,-0.40000000000000036,-0.0003944363570503618,499.7,499.7557303370786,0.9866045365553378,496.2,502.2,-0.19999999999998863,0.0019996350459385694,6.8,6.50067415730337,0.3638427792108019,5.8,7.3,0.0,-7.948644971872567e-05,210.0,210.0,0.0,210.0,210.0,0.0,-1.7150645831776383e-16,0.0,9.758426966292134,16.594758946482383,0.0,49.5,-1.5,-0.07788412436218153,21.000000000000004,14.147191011235956,6.5976858368458995,1.5,21.000000000000004,19.500000000000004,0.04968713359905983,7.5,14.632584269662921,3.4399103490048635,7.5,18.0,-9.0,-0.024239962742003407,0.0,9.0438202247191,7.187988655493347,0.0,19.5,-19.5,-0.05510179903287174,0.0,0.0,0.0,0.0,0.0,0.0,0.0,0.0,0.4314606741573034,0.4952800831984148,0.0,1.0,0.0,0.00048410883801622913,1.0,1.0,0.0,1.0,1.0,0.0,5.801235217815465e-19,1.0,1.0,0.0,1.0,1.0,0.0,5.801235217815465e-19,1.0,1.0,0.0,1.0,1.0,0.0,5.801235217815465e-19,21.6,20.164044943820226,8.599190544490334,0.0,39.1,-5.299999999999997,0.014149568523529285,0.0,7.246966292134832,5.892289458799484,0.0,25.9,-15.9,-0.005787354341795824,0.0,11.988314606741573,29.40187715615309,0.0,100.0,0.0,0.05560636163951527
batch_dist_ternary_butan-1-ol+propan-2-ol+water__operating_point_001__test_anormal_experiment_012,batch_dist_ternary_butan-1-ol+propan-2-ol+water,operating_point_001,test_anormal_experiment_012,0.2,889,74.06666666666666,0.6734308158533022,1.0,0.9988751406074241,0.03352005495107164,0.0,1.0,0.0,-2.647330790301273e-06,1.0,1.0,0.0,1.0,1.0,0.0,1.129312903894668e-18,442.5,439.98042744656914,1.5847272469452556,435.6,442.5,6.899999999999977,0.005126887418757271,70.8,71.80236220472442,1.8216560777032424,69.0,74.5,1.0999999999999943,0.001706100509073146,70.6,70.47165354330708,0.2518897514725318,70.0,70.9,0.5999999999999943,0.0009404941524733643,66.7,70.76670416197976,1.953663007967428,66.7,73.2,-1.7000000000000028,-0.0028934761912732553,71.5,70.72935883014623,4.017938367217631,65.2,76.0,4.400000000000006,0.013680153593008592,66.9,71.85838020247469,2.6058772517899964,66.9,75.3,-3.5999999999999943,-0.0077746451978956575,69.0,68.98312710911136,0.13733321672014437,68.7,69.2,0.20000000000000284,0.00031384362712331986,63.4,64.27502812148481,0.5485491901892908,63.4,65.4,-1.1000000000000014,-0.0019182029440367961,63.1,63.55286839145107,0.20916886682814084,63.1,64.0,-0.7999999999999972,-0.0007420775637178743,63.1,63.30348706411698,0.10304252347301358,63.0,63.7,-0.3999999999999986,-0.0001417637098429535,0.9,0.30742407199100114,0.44923507181290784,0.0,2.5,0.5,0.00021913237917838466,0.8,0.41923509561304845,0.38096006815210065,0.0,1.9,0.30000000000000004,-1.4698663729895008e-05,0.6,0.6555680539932508,0.0625205310056259,0.5,0.9,0.0,2.4500619475404803e-05,3.0,2.9780652418447695,0.13391345952195954,2.5,3.3,-0.20000000000000018,-0.00013068249554138044,493.8,499.4865016872891,1.6435639963056368,492.7,502.2,-6.099999999999966,-0.0018241014361513328,6.4,6.501349831271091,0.36718363900055545,5.8,7.3,-0.39999999999999947,-2.3330670061622455e-05,210.0,210.0,0.0,210.0,210.0,0.0,-3.264151471334823e-16,0.0,9.976940382452193,16.97115190368506,0.0,52.5,-1.5,-0.017618234062983244,0.0,10.98931383577053,7.822492768771355,0.0,21.000000000000004,-1.5,-0.011621133146391922,6.0,8.767154105736783,6.480332875177155,0.0,18.0,-10.5,-0.02301182041737645,6.0,4.926884139482564,6.624871114824701,0.0,19.5,-13.5,-0.019760419979388388,0.0,0.0,0.0,0.0,0.0,0.0,0.0,0.0,0.43869516310461193,0.4962274851045938,0.0,1.0,0.0,-1.991475936446284e-05,1.0,1.0,0.0,1.0,1.0,0.0,1.129312903894668e-18,1.0,1.0,0.0,1.0,1.0,0.0,1.129312903894668e-18,1.0,1.0,0.0,1.0,1.0,0.0,1.129312903894668e-18,0.0,20.01889763779528,8.59235164383414,0.0,39.1,-26.9,-0.0033124786292086862,7.1,7.151181102362205,6.043317690328265,0.0,28.2,-8.8,-0.0002467124421472785,0.0,12.107199100112485,28.612555432457135,0.0,100.0,0.0,0.0050662464641054285
batch_dist_ternary_butan-1-ol+propan-2-ol+water__operating_point_001__test_anormal_experiment_012,batch_dist_ternary_butan-1-ol+propan-2-ol+water,operating_point_001,test_anormal_experiment_012,0.4,1778,74.06666666666666,0.6734308158533022,1.0,0.999437570303712,0.023708930155633284,0.0,1.0,0.0,6.180657552345351e-07,1.0,1.0,0.0,1.0,1.0,0.0,-4.567052429271615e-19,444.0,441.9697131608549,2.3173583921619256,435.6,444.7,8.399999999999977,0.004201131229205696,71.9,71.64322272215972,1.7342227626345568,69.0,74.5,2.200000000000003,0.00017662349800456745,71.6,70.82885264341958,0.43721036332136437,70.0,71.7,1.5999999999999943,0.0008406444703355323,71.1,70.75323397075366,2.537855562777097,66.3,74.5,2.6999999999999886,0.0009083446070643984,74.9,70.26836332958379,3.660481424852802,65.2,76.0,7.800000000000011,0.0020127294773403556,71.6,71.38602362204725,2.786590619696712,66.7,75.3,1.0999999999999943,-0.0005247482340369301,69.4,69.00309336332958,0.24459625199783286,68.2,69.6,0.6000000000000085,0.00020824108403925257,63.6,63.90523059617548,0.5374403754595576,63.4,65.4,-0.8999999999999986,-0.0008421767183235961,63.4,63.46917885264341,0.17422655874180634,63.1,64.0,-0.5,-0.0002224838169222801,63.3,63.29600674915635,0.08077816112990384,63.0,63.7,-0.20000000000000284,-1.9908869374811724e-05,0.1,0.3083802024746906,0.4605867137824265,0.0,2.5,-0.30000000000000004,3.4152776475892794e-05,0.5,0.39344769403824525,0.37920211482731503,0.0,1.9,0.0,-4.604819382777783e-05,0.7,0.6632733408323958,0.062438942758132526,0.5,0.9,0.09999999999999998,1.8968640847645907e-05,3.0,2.9582114735658043,0.1306191720320109,2.5,3.3,-0.20000000000000018,-5.271972795619313e-05,499.7,499.63132733408327,1.4012087156205215,492.7,502.2,-0.19999999999998863,0.00019697595498591384,5.9,6.50376827896513,0.3684436245351417,5.8,7.3,-0.8999999999999995,6.478481983622845e-07,210.0,210.0,0.0,210.0,210.0,0.0,-1.036459628103277e-16,0.0,9.315944881889763,15.92450606450752,0.0,52.5,-1.5,-0.0042159073773875375,3.0,10.335911136107987,7.401658965456468,0.0,21.000000000000004,1.5,-0.0005354314846041209,0.0,10.311023622047244,6.898651827707856,0.0,21.000000000000004,-16.5,-0.002285197253961822,0.0,7.280652418447694,6.8990370549273985,0.0,19.5,-19.5,-0.00044599368704648865,0.0,0.0,0.0,0.0,0.0,0.0,0.0,0.0,0.453318335208099,0.4978160525457739,0.0,1.0,0.0,4.223769568758406e-05,1.0,1.0,0.0,1.0,1.0,0.0,-4.567052429271615e-19,1.0,1.0,0.0,1.0,1.0,0.0,-4.567052429271615e-19,1.0,1.0,0.0,1.0,1.0,0.0,-4.567052429271615e-19,25.7,20.34161979752531,7.77439139053607,0.0,39.1,-1.1999999999999993,0.0013807970059109879,11.8,6.866760404949382,6.065829375935313,0.0,28.2,-4.1,-0.0005528703860207807,44.6,13.174662542182228,29.068392511821674,0.0,100.0,44.6,0.003074018511927617
batch_dist_ternary_butan-1-ol+propan-2-ol+water__operating_point_001__test_anormal_experiment_013,batch_dist_ternary_butan-1-ol+propan-2-ol+water,operating_point_001,test_anormal_experiment_013,0.1,1039,173.01666666666668,0.5704059976630891,1.0,0.9951876804619827,0.06920376520595783,0.0,1.0,0.0,1.190776266299138e-05,1.0,1.0,0.0,1.0,1.0,0.0,-4.686674024481057e-19,445.6,441.1771896053898,1.939783928127731,439.0,445.6,6.100000000000023,0.00532644387774116,71.7,71.57045235803658,1.8667711021511155,69.0,74.6,2.700000000000003,-0.001325430273576822,71.1,70.54485081809433,0.30741549207992985,70.0,71.1,1.0,0.0010010726615315194,66.2,70.47815206929741,3.023761218677415,65.8,74.6,-2.0,-0.006477078252295616,66.2,70.48806544754572,3.3862929287605916,65.7,75.5,0.10000000000000853,0.0030496743071779403,67.0,71.0247353224254,2.952491044991373,66.6,75.1,-3.200000000000003,-0.008143998123858753,69.3,68.98296438883543,0.24168256386629294,68.4,69.3,0.5,0.0004900445540762143,63.8,64.17228103946103,0.5658569811659501,63.6,65.5,-0.7999999999999972,-0.00137101571396724,63.4,63.499999999999986,0.23331729171677773,63.0,64.1,-0.5,-0.0004878331124388003,63.3,63.272473532242536,0.17825143379449918,62.3,63.7,-0.20000000000000284,-2.6819747927697903e-05,0.1,0.3027911453320501,0.47369892290935517,0.0,3.0,-0.1,1.529500224888723e-05,1.1,0.394995187680462,0.5307792725469642,0.0,6.3,0.30000000000000004,-0.00017120752202561687,0.6,0.6407122232916264,0.06688355527397456,0.5,1.0,-0.09999999999999998,3.2674130433760198e-06,3.0,2.884504331087584,0.4926998548788132,-0.4,5.5,-0.20000000000000018,-1.9050280501098395e-05,500.0,499.9213666987488,0.7350601576134165,495.8,503.2,0.5,0.00021164256084728274,0.0,0.0,0.0,0.0,0.0,0.0,0.0,210.0,210.0,0.0,210.0,210.0,0.0,-4.3620899358643446e-18,27.0,12.18334937439846,18.489580915982888,0.0,54.0,4.5,-0.0023940059339815564,4.5,9.207892204042349,7.959600548347026,0.0,21.000000000000004,-3.0,-0.020249166456613586,15.0,9.099615014436958,7.896005974075927,0.0,21.000000000000004,-6.0000000000000036,-0.01694352660641389,12.0,5.898941289701636,6.525797539598757,0.0,19.5,-7.5,-0.010320547769921059,0.0,0.0,0.0,0.0,0.0,0.0,0.0,0.0,0.4773820981713186,0.49948816854543016,0.0,1.0,0.0,8.21346756188507e-05,1.0,1.0,0.0,1.0,1.0,0.0,-4.686674024481057e-19,1.0,1.0,0.0,1.0,1.0,0.0,-4.686674024481057e-19,1.0,1.0,0.0,1.0,1.0,0.0,-4.686674024481057e-19,24.7,21.048219441770936,6.168051920243951,0.0,40.1,2.099999999999998,0.0009617963025808603,5.9,6.808662175168431,9.494371061230874,0.0,100.0,-7.1,-0.0025994314230557334,55.1,14.827911453320501,32.12622288550548,0.0,100.0,55.1,0.01731682266228045
batch_dist_ternary_butan-1-ol+propan-2-ol+water__operating_point_001__test_anormal_experiment_013,batch_dist_ternary_butan-1-ol+propan-2-ol+water,operating_point_001,test_anormal_experiment_013,0.2,2077,173.01666666666668,0.5704059976630891,1.0,0.9971112181030333,0.05366970128590745,0.0,1.0,0.0,4.317843429848631e-06,1.0,1.0,0.0,1.0,1.0,0.0,2.5900440367077993e-20,444.1,443.02951372171395,2.3630053582237562,439.0,446.3,4.600000000000023,0.003087973362570196,73.2,71.59345209436687,1.7301416013588933,69.0,74.6,4.200000000000003,-0.0002926959454290388,72.3,71.0956186807896,0.6387465646138997,70.0,72.3,2.200000000000003,0.001060929621672604,66.5,70.71795859412613,2.9568229889498348,65.8,75.0,-1.7000000000000028,-0.0005363968232468598,66.7,70.4831487722677,3.323909257567334,65.7,75.5,0.6000000000000085,0.0008459584740408168,67.3,71.03591718825227,2.680403804199267,66.6,75.1,-2.9000000000000057,-0.001038072774620646,70.4,69.40962927298989,0.5011241164970085,68.4,70.4,1.6000000000000085,0.0007922144482975403,63.7,63.91603273952817,0.47772536684879857,63.6,65.5,-0.8999999999999915,-0.0005514065523633183,63.4,63.4500722195474,0.17242847444590995,63.0,64.1,-0.5,-0.00013327430887792753,63.3,63.2862782859894,0.12684636594723292,62.3,63.7,-0.20000000000000284,1.6639768582451386e-05,0.0,0.3142031776600866,0.488466401359515,0.0,3.0,-0.2,2.0796764308847676e-05,0.6,0.38155994222436207,0.4694436548798779,0.0,6.3,-0.20000000000000007,-4.2244419407678635e-05,0.6,0.6452575830524795,0.06262507828321862,0.5,1.0,-0.09999999999999998,7.917564140378887e-06,2.9,2.907992296581608,0.3613536631185289,-0.4,5.5,-0.30000000000000027,3.193315751228493e-05,499.5,499.95994222436207,0.5996015339796568,495.8,503.2,0.0,8.189907025449615e-05,0.0,0.0,0.0,0.0,0.0,0.0,0.0,210.0,210.0,0.0,210.0,210.0,0.0,-4.269944069566372e-17,0.0,9.790081848820414,16.378511699529223,0.0,54.0,-22.5,-0.0026797897035607397,4.5,8.785507944150217,7.7000895326197725,0.0,21.000000000000004,-3.0,-0.005413615396223248,6.0,9.105440539239288,8.236364653580102,0.0,21.000000000000004,-15.000000000000004,-0.005236287834396588,3.0,6.4557053442465095,6.849732638076455,0.0,19.5,-16.5,-0.003108537895473852,0.0,0.0,0.0,0.0,0.0,0.0,0.0,0.0,0.49109292248435243,0.49992065767492566,0.0,1.0,0.0,3.302400226216429e-05,1.0,1.0,0.0,1.0,1.0,0.0,2.5900440367077993e-20,1.0,1.0,0.0,1.0,1.0,0.0,2.5900440367077993e-20,1.0,1.0,0.0,1.0,1.0,0.0,2.5900440367077993e-20,18.0,21.48521906596052,5.197311266716815,0.0,40.1,-4.600000000000001,0.0009253213469928356,1.8,6.62344727973038,8.054282858976404,0.0,100.0,-11.2,-0.0005784446361360995,100.0,16.445498314877227,32.862355081707804,0.0,100.0,100.0,0.004257308443530238
batch_dist_ternary_butan-1-ol+propan-2-ol+water__operating_point_001__test_anormal_experiment_013,batch_dist_ternary_butan-1-ol+propan-2-ol+water,operating_point_001,test_anormal_experiment_013,0.4,4153,173.01666666666668,0.5704059976630891,1.0,0.997832891885384,0.04650173929043413,0.0,1.0,0.0,8.607748668007992e-07,1.0,1.0,0.0,1.0,1.0,0.0,-1.7564260093872458e-19,446.8,443.90758487840117,2.0366478052836614,439.0,446.9,7.300000000000011,0.0011996800419739296,70.3,71.30520105947508,1.46376144152554,69.0,74.6,1.2999999999999972,-0.00027350230127075407,76.6,72.61606067902721,1.8069093621383214,70.0,76.6,6.5,0.0014846367471057522,71.0,70.57986997351311,2.990843121731238,65.8,75.0,2.799999999999997,4.3682196845012986e-05,67.1,70.40710329882013,3.1971483973179327,65.7,75.5,1.0,0.00019011276755877773,72.8,70.73253070069829,2.7058183957958315,66.6,75.1,2.5999999999999943,-0.00016479677226351853,74.1,70.67250180592343,1.511285079791308,68.4,74.1,5.299999999999997,0.0012307261039818378,63.9,63.85545388875511,0.3459716125793246,63.6,65.5,-0.6999999999999957,-0.00010259518341759656,63.4,63.42509029617142,0.12449328177288191,63.0,64.1,-0.5,-3.469118724611687e-05,63.3,63.30048157958102,0.09420870320417321,62.3,63.7,-0.20000000000000284,1.4423507545701097e-05,0.3,0.324392005778955,0.5027540549153522,0.0,3.0,0.09999999999999998,1.0387615982603172e-05,0.6,0.3655911389357091,0.42984969675415835,0.0,6.3,-0.20000000000000007,-1.5311774268404683e-05,0.6,0.6550927040693473,0.06205950343819824,0.5,1.0,-0.09999999999999998,9.274924578782154e-06,2.9,2.9211172646279797,0.27162902984776516,-0.4,5.5,-0.30000000000000027,1.3563855137365452e-05,499.5,499.97782326029375,0.5048971644867214,495.8,503.2,0.0,2.2155487312043918e-05,0.0,0.0,0.0,0.0,0.0,0.0,0.0,210.0,210.0,0.0,210.0,210.0,0.0,-5.271670926558274e-17,0.0,7.3508307247772695,13.614908045128084,0.0,54.0,-22.5,-0.0022849049373472098,3.0,8.435829520828317,7.323378194781082,0.0,21.000000000000004,-4.5,-0.0014083190703094264,0.0,9.645437033469781,7.888232556525457,0.0,21.000000000000004,-21.000000000000004,-0.0005839405894513833,0.0,7.409703828557669,6.6272325776862,0.0,19.5,-19.5,0.00016115580179686597,0.0,0.0,0.0,0.0,0.0,0.0,0.0,0.0,0.4955453888755117,0.49998015604594714,0.0,1.0,0.0,3.3680455278643635e-06,1.0,1.0,0.0,1.0,1.0,0.0,-1.7564260093872458e-19,1.0,1.0,0.0,1.0,1.0,0.0,-1.7564260093872458e-19,1.0,1.0,0.0,1.0,1.0,0.0,-1.7564260093872458e-19,11.6,21.7392487358536,4.59348103430661,0.0,40.1,-11.000000000000002,0.0002849712133262633,2.4,6.487334457019022,7.203612174681307,0.0,100.0,-10.6,-0.00015525500412541104,6.4,17.19458222971346,33.092285018400055,0.0,100.0,6.4,0.0010575069227223928
batch_dist_ternary_butan-1-ol+propan-2-ol+water__operating_point_001__train_normal_experiment_001,batch_dist_ternary_butan-1-ol+propan-2-ol+water,operating_point_001,train_normal_experiment_001,0.1,411,68.48333333333333,0.6293049651149618,1.0,1.0,0.0,1.0,1.0,0.0,4.33841489977375e-19,1.0,1.0,0.0,1.0,1.0,0.0,4.33841489977375e-19,431.1,425.26411192214107,4.328555709196709,415.9,431.1,15.200000000000045,0.03588123605351998,73.7,71.1456204379562,1.4539627173440763,69.1,73.8,0.5,0.0002664242218922661,70.2,69.91654501216544,0.1491459377510065,69.7,70.2,0.5,0.0012284396708327767,76.1,80.89148418491483,2.3879845183687562,76.1,83.6,-5.300000000000011,-0.018066644081507093,73.0,79.00790754257908,3.5707982983923903,73.0,83.7,-10.200000000000003,-0.02981041429364037,75.2,78.09221411192215,1.338186197677613,75.2,79.7,-1.7999999999999972,-0.007505924283252279,69.0,68.72895377128954,0.11489390135469865,68.6,69.0,0.4000000000000057,0.0009075950089104181,66.3,66.80450121654502,0.2717169556967666,66.2,67.2,-0.20000000000000284,-0.0009446185383829057,65.3,65.77506082725061,0.21445269828961114,65.3,66.1,-0.5,-0.001333469305212491,64.2,64.89805352798054,0.4392496444803541,64.2,65.6,-0.7999999999999972,-0.003086002789728111,0.0,0.2845498783454988,0.4812781839378709,0.0,2.1,-0.1,0.00018990547073637442,0.0,0.3554744525547445,0.4061425638787978,0.0,2.3,-0.8,-8.249056695088128e-05,0.7,0.6265206812652067,0.05658412281091227,0.5,0.8,0.09999999999999998,0.00015203499777893437,3.0,2.984549878345499,0.1389865274457231,2.6,3.3,-0.10000000000000009,-0.00016845533064501278,500.0,499.99209245742094,0.3557036154036606,499.1,500.8,0.0,-9.943807892482573e-05,0.0,0.0,0.0,0.0,0.0,0.0,0.0,210.0,210.0,0.0,210.0,210.0,0.0,2.878423381687189e-16,0.0,9.675182481751825,15.524009100208062,0.0,45.0,0.0,0.057563810277745604,0.0,1.0474452554744527,2.8431523650853867,0.0,13.5,-13.5,-0.013661371253355368,0.0,4.62043795620438,7.89380371142276,0.0,27.0,-27.0,-0.052138359453185616,0.0,4.5036496350364965,6.801807496563697,0.0,21.000000000000004,-21.000000000000004,-0.04790683967359833,0.0,0.0,0.0,0.0,0.0,0.0,0.0,1.0,0.5304136253041363,0.4990741542054242,0.0,1.0,0.0,-1.9877245048405134e-05,1.0,1.0,0.0,1.0,1.0,0.0,4.33841489977375e-19,1.0,1.0,0.0,1.0,1.0,0.0,4.33841489977375e-19,1.0,1.0,0.0,1.0,1.0,0.0,4.33841489977375e-19,16.9,22.270924574209246,3.0805606848424656,13.7,29.1,-5.700000000000003,0.00013809499940368794,10.5,6.123236009732359,6.157544498291154,0.0,25.4,-1.0,0.0009539349167143428,0.0,15.878223844282235,33.04612173995738,0.0,100.0,-5.1,0.013731503359254426
batch_dist_ternary_butan-1-ol+propan-2-ol+water__operating_point_001__train_normal_experiment_001,batch_dist_ternary_butan-1-ol+propan-2-ol+water,operating_point_001,train_normal_experiment_001,0.2,822,68.48333333333333,0.6293049651149618,1.0,1.0,0.0,1.0,1.0,0.0,8.389528921972348e-19,1.0,1.0,0.0,1.0,1.0,0.0,8.389528921972348e-19,436.9,429.70687347931874,5.526187233016764,415.9,436.9,21.0,0.02248161689781327,73.1,71.15091240875913,1.4501328975482277,69.1,73.8,-0.10000000000000853,-0.00096700801398351,70.7,70.18126520681265,0.30635301621048017,69.7,70.7,1.0,0.001283760770164703,67.8,76.28503649635036,5.185739963072266,67.8,83.6,-13.600000000000009,-0.021569370450797945,66.2,73.92171532846714,5.863734981525056,66.2,83.7,-17.0,-0.024445118095211806,68.8,74.96192214111922,3.513795918304757,68.8,79.7,-8.200000000000003,-0.014275772929453557,69.2,68.89209245742093,0.1889225467695765,68.6,69.2,0.6000000000000085,0.0007719585516773032,65.5,66.24081508515815,0.6243177823035457,65.4,67.2,-1.0,-0.0024370760784456534,64.5,65.36709245742092,0.47385070458434514,64.5,66.1,-1.2999999999999972,-0.0019078662238396185,63.9,64.43613138686132,0.5610392878348038,63.8,65.6,-1.1000000000000014,-0.002164059548893723,0.2,0.2998175182481752,0.4945659364370591,0.0,2.1,0.1,5.411826007338933e-05,0.6,0.3530413625304137,0.39372727075891345,0.0,2.3,-0.20000000000000007,-1.7153770257509647e-05,0.6,0.6322384428223842,0.058682630941510563,0.5,0.8,0.0,4.1267786233839986e-05,2.9,2.9653892944038933,0.13644257379492805,2.6,3.3,-0.20000000000000018,-9.454882910529011e-05,500.1,500.0017639902676,0.3655728135574383,498.8,500.9,0.10000000000002274,1.687883893140209e-05,0.0,0.0,0.0,0.0,0.0,0.0,0.0,210.0,210.0,0.0,210.0,210.0,0.0,2.7092181286986195e-17,0.0,9.804744525547445,15.724162427894859,0.0,46.5,0.0,0.019433458684373562,9.0,1.5018248175182483,2.836318864168503,0.0,13.5,-4.5,0.0024463972766739597,1.5,2.343065693430657,6.032379729432154,0.0,27.0,-25.5,-0.014714227359089296,0.0,2.2518248175182483,5.310650395097209,0.0,21.000000000000004,-21.000000000000004,-0.014206679284268086,0.0,0.0,0.0,0.0,0.0,0.0,0.0,1.0,0.5316301703163017,0.4989985293823637,0.0,1.0,0.0,-4.85045836993615e-06,1.0,1.0,0.0,1.0,1.0,0.0,8.389528921972348e-19,1.0,1.0,0.0,1.0,1.0,0.0,8.389528921972348e-19,1.0,1.0,0.0,1.0,1.0,0.0,8.389528921972348e-19,27.0,22.048479318734792,3.328933032186734,12.2,29.8,4.399999999999999,-0.001078649577511565,3.0,6.205048661800487,6.126584560717919,0.0,25.4,-8.5,0.0005477231575714949,6.6,15.905413625304133,32.777267644217105,0.0,100.0,1.5,-0.00010243703556792379
batch_dist_ternary_butan-1-ol+propan-2-ol+water__operating_point_001__train_normal_experiment_001,batch_dist_ternary_butan-1-ol+propan-2-ol+water,operating_point_001,train_normal_experiment_001,0.4,1644,68.48333333333333,0.6293049651149618,1.0,1.0,0.0,1.0,1.0,0.0,-7.437083577880953e-19,1.0,1.0,0.0,1.0,1.0,0.0,-7.437083577880953e-19,441.7,434.54680656934306,6.290738554890904,415.9,441.8,25.80000000000001,0.012338435590366528,69.3,71.36353406326033,1.53142793262692,69.1,73.9,-3.9000000000000057,-9.818993976800342e-06,71.8,70.7242700729927,0.6296489502412411,69.7,71.9,2.0999999999999943,0.0013247283884738807,70.0,72.75261557177615,5.4157489632321605,66.0,83.6,-11.400000000000006,-0.007952552631229567,69.1,72.52381386861313,4.804574449094108,66.2,83.7,-14.100000000000009,-0.004684880842316285,70.1,72.03077858880778,4.072207341210563,66.8,79.7,-6.900000000000006,-0.0063060682556230615,69.9,69.22840632603406,0.39601376313530495,68.6,70.0,1.3000000000000114,0.0008262259185710959,64.2,65.42691605839417,0.9704206403571486,64.2,67.2,-2.299999999999997,-0.001991077799685967,63.8,64.70702554744526,0.7518373095157833,63.8,66.1,-2.0,-0.0015378390224587814,63.5,64.0426399026764,0.5637794682510184,63.5,65.6,-1.5,-0.0010414418138943939,0.0,0.31049270072992696,0.5013342907827111,0.0,2.3,-0.1,3.272023490560159e-05,0.0,0.3475060827250608,0.3900993189861561,0.0,2.3,-0.8,-1.5195745418141315e-05,0.6,0.6430656934306568,0.06094325920496884,0.5,0.8,0.0,2.692919644427745e-05,2.8,2.9474756690997563,0.13785377851135042,2.5,3.3,-0.30000000000000027,-4.878844070076275e-05,499.2,499.9999087591241,0.42108182876603883,498.6,501.8,-0.8000000000000114,-2.1673098565091473e-08,0.0,0.0,0.0,0.0,0.0,0.0,0.0,210.0,210.0,0.0,210.0,210.0,0.0,1.6709344288353378e-16,21.000000000000004,7.66514598540146,14.308948012585113,0.0,46.5,21.000000000000004,-0.0013267805135859965,0.0,5.377737226277373,6.616075919552747,0.0,18.0,-13.5,0.004288287915543351,0.0,6.335766423357664,8.348993446271226,0.0,27.0,-27.0,0.004601478369997712,0.0,4.820255474452555,6.5967041599687395,0.0,21.000000000000004,-21.000000000000004,0.0026859876287252085,0.0,0.0,0.0,0.0,0.0,0.0,0.0,0.0,0.5091240875912408,0.49991674409408154,0.0,1.0,-1.0,-4.424688000890786e-05,1.0,1.0,0.0,1.0,1.0,0.0,-7.437083577880953e-19,1.0,1.0,0.0,1.0,1.0,0.0,-7.437083577880953e-19,1.0,1.0,0.0,1.0,1.0,0.0,-7.437083577880953e-19,18.7,21.537804136253047,4.52277542560375,0.0,33.4,-3.900000000000002,-0.0014452727454140487,0.0,6.238534063260341,6.217442762545602,0.0,25.4,-11.5,8.874823325423335e-05,0.0,16.737743309002433,33.285418045402764,0.0,100.0,-5.1,0.0019554636997270373
batch_dist_ternary_butan-1-ol+propan-2-ol+water__operating_point_002__test_anormal_experiment_001,batch_dist_ternary_butan-1-ol+propan-2-ol+water,operating_point_002,test_anormal_experiment_001,0.1,396,65.98333333333333,0.6553497732854644,1.0,0.9924242424242424,0.08670850865348179,0.0,1.0,0.0,1.3430224188122497e-05,1.0,1.0,0.0,1.0,1.0,0.0,-1.3977708013716067e-18,438.6,437.415404040404,0.7479197334343051,436.1,438.7,2.5,0.006520625056160606,70.6,70.31414141414142,0.3414201182908786,69.7,70.8,0.5,-0.0007960547991794462,70.4,70.27525252525253,0.09920739865639586,70.1,70.4,0.30000000000001137,0.000802219175461603,70.0,69.92853535353535,0.04571404601052681,69.8,70.0,0.09999999999999432,0.0002979867224357534,70.0,70.12727272727275,0.09218797421318974,70.0,70.3,-0.29999999999999716,-0.0005520884964816823,70.0,69.99520202020202,0.06630362968231525,69.9,70.1,-0.09999999999999432,-0.00029218950336196977,67.9,68.2530303030303,0.41519851536648594,67.8,69.0,-1.0,-0.0032868686224552116,63.6,64.44444444444446,0.5795718067994787,63.6,65.3,-1.499999999999993,-0.004971868994443366,63.4,63.4989898989899,0.15811065649079334,63.3,63.9,-0.5,-0.0012586342331584281,63.3,63.29646464646464,0.01846717706947594,63.2,63.3,0.0,7.285171969687202e-06,0.1,0.11085858585858585,0.055124012641655326,0.0,0.2,0.0,-2.1440048542048048e-05,0.4,0.4861111111111111,0.2257065847550659,0.0,1.1,-0.19999999999999996,5.815576934411137e-05,0.6,0.6022727272727272,0.04788334270624388,0.5,0.7,0.0,5.3421373767005026e-05,3.0,3.030050505050505,0.07772651793727818,2.8,3.2,-0.20000000000000018,-0.00017958818488104743,500.9,499.9964646464647,0.4068077577682501,499.0,501.0,0.7999999999999545,6.956662888822931e-05,6.4,6.498737373737374,0.3649732544748882,5.8,7.3,-0.39999999999999947,-0.00014892089597953848,210.0,210.0,0.0,210.0,210.0,0.0,2.599521078814393e-17,0.0,8.416666666666666,10.861240279270156,0.0,31.5,-15.0,0.024905143002901524,9.0,9.409090909090908,0.6680426571226856,9.0,10.500000000000002,0.0,-0.0007063911441681477,10.500000000000002,10.636363636363637,0.4312196809320512,10.500000000000002,12.0,0.0,0.00022928001437708915,7.5,7.825757575757576,0.6184806912692675,7.5,9.0,0.0,0.001455101987576561,0.0,0.0,0.0,0.0,0.0,0.0,0.0,1.0,0.47474747474747475,0.49936190280033443,0.0,1.0,0.0,8.17407889435432e-05,1.0,1.0,0.0,1.0,1.0,0.0,-1.3977708013716067e-18,1.0,1.0,0.0,1.0,1.0,0.0,-1.3977708013716067e-18,1.0,1.0,0.0,1.0,1.0,0.0,-1.3977708013716067e-18,27.1,23.04419191919192,3.326681484684213,14.1,30.8,1.3000000000000007,-0.0005418950529430776,7.6,8.218434343434344,3.7974391388626603,0.0,18.0,-6.9,0.00034283787400517593,1.5,1.6424242424242423,0.7580665077151051,0.0,3.5,-1.4,-0.00016647680774199336
batch_dist_ternary_butan-1-ol+propan-2-ol+water__operating_point_002__test_anormal_experiment_001,batch_dist_ternary_butan-1-ol+propan-2-ol+water,operating_point_002,test_anormal_experiment_001,0.2,792,65.98333333333333,0.6553497732854644,1.0,0.9962121212121212,0.06142907098570779,0.0,1.0,0.0,1.6026818580135735e-05,1.0,1.0,0.0,1.0,1.0,0.0,3.658525555636348e-18,440.6,438.61338383838375,1.3767083654046584,436.1,440.6,4.5,0.005999039888493989,70.6,70.32702020202021,0.34960614144681834,69.7,70.8,0.5,-4.96167114473117e-05,70.5,70.347601010101,0.10466059815929285,70.1,70.5,0.4000000000000057,0.00039812332355508307,70.0,69.96085858585859,0.049576695018012464,69.8,70.1,0.09999999999999432,0.00016647359603999746,70.0,70.06729797979798,0.0941671203848513,69.9,70.3,-0.29999999999999716,-0.00030993355017701525,69.9,69.99532828282828,0.05427104914997374,69.9,70.1,-0.19999999999998863,-2.6583745573909736e-05,67.9,68.07411616161616,0.34428850164515234,67.8,69.0,-1.0,-0.001083759559749519,63.3,63.93232323232323,0.6585994142497839,63.3,65.3,-1.7999999999999972,-0.0026427849436697405,63.3,63.40479797979797,0.1478027951648594,63.3,63.9,-0.6000000000000014,-0.0005253849588680962,63.3,63.29671717171716,0.01781869430537083,63.2,63.3,0.0,-1.0724803991958743e-06,0.1,0.11553030303030302,0.14239552821442014,0.0,2.3,0.0,1.870922732666558e-05,0.6,0.4939393939393939,0.21669845073079697,0.0,1.1,0.0,3.8517505513009474e-05,0.7,0.601641414141414,0.049846559530123055,0.5,0.7,0.09999999999999998,-4.984376810866531e-06,3.0,3.0161616161616163,0.07598786546810046,2.8,3.2,-0.20000000000000018,-7.576687541868788e-05,499.8,499.99722222222226,0.4116269286563529,498.7,501.2,-0.30000000000001137,1.3826301365772284e-05,6.4,6.5011363636363635,0.3737081743644053,5.7,7.3,-0.39999999999999947,-1.100862481972133e-05,210.0,210.0,0.0,210.0,210.0,0.0,8.398510526813582e-16,0.0,8.285984848484848,10.936742725981805,0.0,31.5,-15.0,0.0030998850272026244,9.0,9.4375,0.6817945071647329,9.0,10.500000000000002,0.0,4.614201988352048e-05,10.500000000000002,10.598484848484848,0.37152120712846104,10.500000000000002,12.0,0.0,-0.00015242989999987293,7.5,7.856060606060606,0.6382098039850712,7.5,9.0,0.0,0.00010790022396001571,0.0,0.0,0.0,0.0,0.0,0.0,0.0,0.0,0.4962121212121212,0.49998565176841653,0.0,1.0,-1.0,0.00010590743943420667,1.0,1.0,0.0,1.0,1.0,0.0,3.658525555636348e-18,1.0,1.0,0.0,1.0,1.0,0.0,3.658525555636348e-18,1.0,1.0,0.0,1.0,1.0,0.0,3.658525555636348e-18,22.9,22.599621212121214,3.7104462632790356,9.5,32.1,-2.900000000000002,-0.0020327042269591956,7.0,8.274999999999999,3.696801955335138,0.0,19.0,-7.5,0.00039346503875739103,1.5,1.6919191919191918,0.7557091482193247,0.0,4.0,-1.4,0.00021387771278965576
batch_dist_ternary_butan-1-ol+propan-2-ol+water__operating_point_002__test_anormal_experiment_001,batch_dist_ternary_butan-1-ol+propan-2-ol+water,operating_point_002,test_anormal_experiment_001,0.4,1584,65.98333333333333,0.6553497732854644,1.0,0.9968434343434344,0.05609457861345824,0.0,1.0,0.0,4.847593531380455e-06,1.0,1.0,0.0,1.0,1.0,0.0,-8.53975133941598e-19,442.8,440.20233585858585,1.9138222235517661,436.1,442.9,6.699999999999989,0.004092736864651991,69.8,70.30871212121212,0.33986012861880865,69.7,70.8,-0.29999999999999716,-3.945919998978807e-05,70.7,70.45467171717172,0.1379536348259713,70.1,70.7,0.6000000000000085,0.0002833065908008713,70.0,70.03005050505051,0.09316813017090421,69.8,70.3,0.09999999999999432,0.0001475727641753858,70.0,70.03491161616162,0.075876143536647,69.9,70.3,-0.29999999999999716,-0.00010252637673618417,70.0,69.99791666666665,0.048870609673900306,69.9,70.1,-0.09999999999999432,1.2815702737482337e-06,68.0,68.01502525252525,0.25388695362482777,67.8,69.0,-0.9000000000000057,-0.0002262318005396582,63.3,63.616161616161605,0.5628807704647628,63.3,65.3,-1.7999999999999972,-0.0009291389013236444,63.3,63.35239898989898,0.11691230590364386,63.3,63.9,-0.6000000000000014,-0.00016491359206048827,63.3,63.28851010101009,0.031890000316583594,63.2,63.3,0.0,-1.7955872919223457e-05,0.1,0.11351010101010102,0.1424685058196893,0.0,2.3,0.0,-4.388951701784686e-06,0.7,0.499179292929293,0.22080679240280907,0.0,1.2,0.09999999999999998,1.3574318666275057e-05,0.6,0.5981060606060605,0.05034174988467199,0.4,0.8,0.0,-8.333754535013637e-06,3.0,3.007638888888889,0.0766138217267193,2.8,3.2,-0.20000000000000018,-2.5717306461450355e-05,500.3,499.99930555555557,0.391698287014309,498.7,501.2,0.19999999999998863,8.899432920323043e-06,6.4,6.505050505050505,0.38661278030308854,5.7,7.3,-0.39999999999999947,7.033011281621538e-06,210.0,210.0,0.0,210.0,210.0,0.0,-8.154883061481765e-18,24.0,8.252840909090908,10.615302681513356,0.0,31.5,9.0,-4.5999299627657705e-05,9.0,9.253787878787879,0.5623820149704006,9.0,10.500000000000002,0.0,-0.00035666271310767013,10.500000000000002,10.398674242424242,0.5380046467667432,9.0,12.0,0.0,-0.0005058156629415511,7.5,7.865530303030303,0.6439588900791955,7.5,9.0,0.0,1.0774610723596072e-05,0.0,0.0,0.0,0.0,0.0,0.0,0.0,1.0,0.5050505050505051,0.4999744917480639,0.0,1.0,0.0,3.979223615700278e-05,1.0,1.0,0.0,1.0,1.0,0.0,-8.53975133941598e-19,1.0,1.0,0.0,1.0,1.0,0.0,-8.53975133941598e-19,1.0,1.0,0.0,1.0,1.0,0.0,-8.53975133941598e-19,27.4,22.539583333333333,3.468098491914728,9.5,32.1,1.5999999999999979,-0.0004784885810261983,7.5,8.318686868686868,3.786708118761764,0.0,19.1,-7.0,0.00017836819282981815,1.7,1.7782196969696968,0.8176781690230441,0.0,4.2,-1.2,0.00021109163820762447
batch_dist_ternary_butan-1-ol+propan-2-ol+water__operating_point_002__test_anormal_experiment_002,batch_dist_ternary_butan-1-ol+propan-2-ol+water,operating_point_002,test_anormal_experiment_002,0.1,150,24.866666666666667,0.6700755060336872,1.0,0.9933333333333333,0.08137703743822468,0.0,1.0,0.0,0.00015111782745899565,1.0,1.0,0.0,1.0,1.0,0.0,-6.174219738431106e-18,436.7,436.39666666666665,0.19947152400502993,436.1,436.8,0.5999999999999659,0.004409262633891444,70.8,70.264,0.3861398710312105,69.7,70.9,0.29999999999999716,0.005397573225476642,69.2,69.18133333333334,0.038964371189876536,69.1,69.2,0.0,0.0003555713587268072,70.0,69.99866666666668,0.016275407487644014,69.9,70.1,0.0,9.102626783372225e-05,69.9,70.02199999999999,0.04452714527865492,69.9,70.1,-0.19999999999998863,-0.0006988755055783653,70.0,69.98333333333335,0.05217491947499212,69.9,70.1,0.0,0.0007884794879767722,67.8,67.79,0.029999999999998285,67.7,67.8,0.0,4.213520600902956e-05,63.4,63.46799999999998,0.04805552344250762,63.4,63.6,-0.20000000000000284,-0.0008967509667098021,63.4,63.38666666666664,0.03399346342395238,63.3,63.4,0.0,-5.724698875514709e-05,63.3,63.30000000000001,1.4210854715202004e-14,63.3,63.3,0.0,-1.7342393155193017e-16,0.1,0.198,0.4356558274601638,0.0,2.7,-0.1,-0.0032060091559624887,0.6,0.49200000000000005,0.26646325575333396,0.0,1.2,-0.30000000000000004,-9.102626783412794e-05,0.6,0.6253333333333333,0.06130434097372079,0.5,0.8,0.0,3.057913685052671e-05,3.0,3.002,0.08443537963042119,2.8,3.2,-0.10000000000000009,6.453620160894968e-05,500.1,499.996,0.3429052347223663,499.0,500.8,0.30000000000001137,0.0006286501622268602,5.9,6.655333333333332,0.47336197096466814,5.8,7.3,-0.5,-0.0003184141517400939,210.0,210.0,0.0,210.0,210.0,0.0,-7.49592536345742e-16,0.0,11.92,12.53409749443493,0.0,34.5,0.0,-0.09389217298546608,10.500000000000002,9.03,0.21000000000000024,9.0,10.500000000000002,1.5000000000000018,0.0011653851282278807,10.500000000000002,10.79,0.5923681287847947,10.500000000000002,12.0,0.0,-0.005896262056091455,7.5,8.3,0.7483314773547883,7.5,9.0,0.0,-0.013083248144362018,0.0,0.0,0.0,0.0,0.0,0.0,0.0,1.0,0.48,0.4995998398718718,0.0,1.0,1.0,0.00021689852882350374,1.0,1.0,0.0,1.0,1.0,0.0,-6.174219738431106e-18,1.0,1.0,0.0,1.0,1.0,0.0,-6.174219738431106e-18,1.0,1.0,0.0,1.0,1.0,0.0,-6.174219738431106e-18,26.7,23.50266666666667,3.040218120829856,15.0,29.6,2.0,0.001604337970576354,6.6,8.101333333333335,4.433553678734726,0.0,19.1,-4.5,0.002385528245699787,1.4,1.7193333333333336,0.9435886580261313,0.0,4.3,-1.0,0.0015014000622249788
batch_dist_ternary_butan-1-ol+propan-2-ol+water__operating_point_002__test_anormal_experiment_002,batch_dist_ternary_butan-1-ol+propan-2-ol+water,operating_point_002,test_anormal_experiment_002,0.2,299,24.866666666666667,0.6700755060336872,1.0,0.9966555183946488,0.05773470401883636,0.0,1.0,0.0,5.252407353370533e-05,1.0,1.0,0.0,1.0,1.0,0.0,1.812791805693519e-18,437.0,436.63043478260863,0.27730815163655215,436.1,437.0,0.8999999999999773,0.003015285852169977,70.7,70.24882943143812,0.3641414068976533,69.7,70.9,0.20000000000000284,0.00020259926825454174,69.2,69.19030100334449,0.029594410442315488,69.1,69.2,0.0,0.00013831339363910928,70.0,70.0,0.014165764939495765,69.9,70.1,0.0,2.4152095351450086e-05,70.1,70.0153846153846,0.045139352023550586,69.9,70.1,0.0,-8.466701084121353e-05,70.0,70.00033444816054,0.051400667433945245,69.9,70.1,0.0,0.00019496756526233907,67.8,67.78896321070235,0.0313347763956416,67.7,67.8,0.0,-2.958407218680392e-05,63.4,63.43411371237457,0.04810941173605825,63.4,63.6,-0.20000000000000284,-0.00045435568225179573,63.4,63.38327759197324,0.03731758127829718,63.3,63.4,0.0,-5.8225404592308074e-05,63.3,63.300000000000004,7.105427357601002e-15,63.3,63.3,0.0,1.0952988312565767e-16,0.0,0.16755852842809366,0.3398569329419917,0.0,2.7,-0.2,-0.0007356512760656325,0.0,0.49197324414715726,0.2626131594664041,0.0,1.2,-0.9,-1.6744854212025893e-05,0.6,0.625752508361204,0.05641774684671448,0.5,0.8,0.0,-1.8405871922064074e-05,2.9,2.9956521739130437,0.08508008869253507,2.8,3.2,-0.20000000000000018,-6.65753855132288e-05,499.9,499.9986622073579,0.3163306813177542,499.0,500.8,0.0999999999999659,0.00015254427510070454,6.8,6.644147157190633,0.42259454039166355,5.8,7.3,0.39999999999999947,-0.00014370047810372883,210.0,210.0,0.0,210.0,210.0,0.0,8.649945320377317e-16,0.0,11.764214046822742,12.372240355153506,0.0,34.5,0.0,-0.0029527956723754945,9.0,9.250836120401338,0.5597637191744504,9.0,10.500000000000002,0.0,0.0013023276694125912,10.500000000000002,10.700668896321071,0.5106225010033227,10.500000000000002,12.0,0.0,-0.0015898633027316737,7.5,7.946488294314381,0.6858430173966972,7.5,9.0,0.0,-0.0048503961751700485,0.0,0.0,0.0,0.0,0.0,0.0,0.0,0.0,0.4816053511705686,0.499661522327307,0.0,1.0,0.0,0.00014500235684945413,1.0,1.0,0.0,1.0,1.0,0.0,1.812791805693519e-18,1.0,1.0,0.0,1.0,1.0,0.0,1.812791805693519e-18,1.0,1.0,0.0,1.0,1.0,0.0,1.812791805693519e-18,23.9,23.581939799331103,2.7680465776261154,15.0,30.3,-0.8000000000000007,0.0008245830621086527,4.0,8.048829431438127,4.417003891659268,0.0,19.6,-7.1,-0.0008108011043522893,0.8,1.7016722408026757,0.9374218609658715,0.0,4.4,-1.5999999999999999,-0.00029431438127089946
batch_dist_ternary_butan-1-ol+propan-2-ol+water__operating_point_002__test_anormal_experiment_002,batch_dist_ternary_butan-1-ol+propan-2-ol+water,operating_point_002,test_anormal_experiment_002,0.4,598,24.866666666666667,0.6700755060336872,1.0,0.9983277591973244,0.04085883519354721,0.0,1.0,0.0,1.4954645478243923e-05,1.0,1.0,0.0,1.0,1.0,0.0,-3.0260241751047463e-19,437.6,436.94431438127083,0.38987106370557845,436.1,437.6,1.5,0.002193588362692893,69.8,70.28695652173913,0.3734908559982731,69.7,70.9,-0.7000000000000028,3.876423675934224e-05,69.2,69.19632107023412,0.024258445225136597,69.1,69.3,0.0,5.208032445898863e-05,70.1,70.02491638795986,0.04624252302208377,69.9,70.2,0.09999999999999432,0.0001860015596038522,70.0,70.01939799331105,0.0439478118135256,69.9,70.1,-0.09999999999999432,-2.866353812494941e-05,70.0,70.00401337792643,0.053166739247088375,69.9,70.1,0.0,7.737696303918697e-05,67.8,67.78143812709031,0.03930761988606569,67.6,67.8,0.0,-5.3727299486512435e-05,63.4,63.415050167224074,0.04139192913637811,63.3,63.6,-0.20000000000000284,-0.00015861463755656192,63.4,63.380100334448144,0.039924552171676585,63.3,63.4,0.0,-2.6455413173462308e-05,63.3,63.30000000000001,1.4210854715202004e-14,63.3,63.3,0.0,-8.303905325788777e-17,0.1,0.13729096989966555,0.25504413471837234,0.0,2.7,-0.1,-0.0002482162516930246,0.5,0.4994983277591973,0.23078262042489292,0.0,1.2,-0.4,2.2190673749986418e-05,0.7,0.6239130434782608,0.05618953053348426,0.5,0.8,0.09999999999999998,-1.2252708593525992e-05,3.1,2.996822742474916,0.07784689556001373,2.8,3.2,0.0,-5.277615036508381e-06,499.8,499.99849498327757,0.3142880830364274,499.0,501.0,0.0,1.2067529118689501e-05,6.8,6.630769230769229,0.38689624700026026,5.8,7.3,0.39999999999999947,-7.497524136391612e-05,210.0,210.0,0.0,210.0,210.0,0.0,-3.6201398199129675e-16,31.5,10.582775919732441,12.25336296695545,0.0,34.5,31.5,-0.0017334903168951133,9.0,9.12541806020067,0.4152076594627141,9.0,10.500000000000002,0.0,-0.0004663997594462525,10.500000000000002,10.605351170568563,0.38331173568347243,10.500000000000002,12.0,0.0,-0.0006998942428795502,7.5,7.926421404682274,0.6766068966927602,7.5,9.0,0.0,-0.0013797554334674229,0.0,0.0,0.0,0.0,0.0,0.0,0.0,0.0,0.4866220735785953,0.499820999043321,0.0,1.0,0.0,6.70854734305464e-05,1.0,1.0,0.0,1.0,1.0,0.0,-3.0260241751047463e-19,1.0,1.0,0.0,1.0,1.0,0.0,-3.0260241751047463e-19,1.0,1.0,0.0,1.0,1.0,0.0,-3.0260241751047463e-19,21.8,23.558695652173913,2.625896815305188,15.0,30.3,-2.8999999999999986,9.677030441736887e-06,13.4,8.211036789297658,3.9695385183688257,0.0,20.0,2.3000000000000007,0.0004422029747174689,2.8,1.758361204013378,0.8479891559814285,0.0,4.4,0.3999999999999999,0.00022660636811451607
batch_dist_ternary_butan-1-ol+propan-2-ol+water__operating_point_002__test_anormal_experiment_003,batch_dist_ternary_butan-1-ol+propan-2-ol+water,operating_point_002,test_anormal_experiment_003,0.1,357,59.45,0.6751905551408042,1.0,0.9971988795518207,0.052851434913482376,0.0,1.0,0.0,1.7670742893856446e-05,1.0,1.0,0.0,1.0,1.0,0.0,-5.685615961836134e-19,437.0,436.11540616246504,0.5958781531549909,434.8,437.0,2.1999999999999886,0.00562585023966139,70.8,70.32352941176471,0.37406431724534167,69.7,70.9,0.0,0.00033614852004451633,69.5,69.49355742296918,0.024550985810822618,69.4,69.5,0.0,6.290256985347615e-05,70.0,69.99775910364146,0.014800946569884767,69.9,70.0,0.0,8.518880529348193e-06,69.9,70.01918767507003,0.04103235130598965,69.9,70.1,-0.09999999999999432,-5.9803596286355866e-05,70.0,70.00392156862746,0.05832656552788375,69.9,70.1,-0.09999999999999432,0.0002338604137906542,68.1,68.02829131652662,0.05611756624376669,67.9,68.1,0.09999999999999432,0.00014025822493965654,63.4,63.42633053221288,0.044042664482008664,63.4,63.5,-0.10000000000000142,-0.0002368407032639693,63.4,63.395098039215675,0.02026162615496447,63.3,63.4,0.0,-4.520984842381967e-05,63.3,63.30224089635854,0.01480094656988582,63.3,63.4,0.0,-1.7960859568174448e-05,0.1,0.10560224089635853,0.03125729128193462,0.0,0.2,0.0,-9.13867524286723e-05,0.6,0.680532212885154,0.48230872430940236,0.0,2.5,0.0,-0.0003969587332767533,0.8,0.657282913165266,0.05919782213067361,0.6,0.8,0.10000000000000009,2.0479599786683642e-05,3.0,3.0039215686274514,0.06349992399301944,2.8,3.2,-0.10000000000000009,-0.00012407762678230347,501.3,499.96638655462186,0.8206558561324788,498.3,501.7,1.5,-0.00010096499839079718,7.0,6.7448179271708675,0.3672248609532664,5.8,7.3,0.20000000000000018,4.76055088408988e-05,210.0,210.0,0.0,210.0,210.0,0.0,-1.618511987176411e-16,0.0,9.617647058823529,11.75711940266585,0.0,33.0,0.0,-0.001750590387432382,10.500000000000002,9.237394957983193,0.5460406950464842,9.0,10.500000000000002,1.5000000000000018,-0.002419770871125453,10.500000000000002,10.731092436974789,0.5415117182806267,10.500000000000002,12.0,0.0,-0.0010171226861217248,7.5,8.016806722689076,0.7128259923831273,7.5,9.0,0.0,-0.002186952239938101,0.0,0.0,0.0,0.0,0.0,0.0,0.0,1.0,1.0,0.0,1.0,1.0,0.0,-5.685615961836134e-19,1.0,1.0,0.0,1.0,1.0,0.0,-5.685615961836134e-19,1.0,1.0,0.0,1.0,1.0,0.0,-5.685615961836134e-19,1.0,1.0,0.0,1.0,1.0,0.0,-5.685615961836134e-19,28.3,14.639635854341735,10.49529311636842,0.0,36.3,23.1,-0.010912395841520367,9.1,9.474789915966387,3.0730750433354443,0.0,18.7,-6.700000000000001,-0.00390780566824686,1.9,1.98921568627451,0.6446800593616212,0.0,4.0,-1.6,-0.001087326525613701
batch_dist_ternary_butan-1-ol+propan-2-ol+water__operating_point_002__test_anormal_experiment_003,batch_dist_ternary_butan-1-ol+propan-2-ol+water,operating_point_002,test_anormal_experiment_003,0.2,714,59.45,0.6751905551408042,1.0,0.9985994397759104,0.03739784292106075,0.0,1.0,0.0,8.093548230501713e-06,1.0,1.0,0.0,1.0,1.0,0.0,7.421434176321307e-19,438.3,436.9288515406163,0.963784453992765,434.8,438.4,3.5,0.004624836429142986,70.8,70.31904761904761,0.36963057478492906,69.7,70.9,0.0,6.0819745664214194e-05,69.6,69.5267507002801,0.05102673579228593,69.4,69.6,0.09999999999999432,0.00019389075572562236,70.0,70.01022408963586,0.03379299617609634,69.9,70.1,0.0,7.87217073002002e-05,70.0,70.01085434173669,0.03215811017110079,69.9,70.1,0.0,-3.841138648488707e-05,70.0,69.99859943977592,0.052907077780176545,69.9,70.1,-0.09999999999999432,2.6730138107087544e-05,68.1,68.06218487394959,0.06797379208090329,67.9,68.2,0.09999999999999432,0.00019508583158445495,63.3,63.38823529411764,0.06058973101958486,63.3,63.5,-0.20000000000000284,-0.0002239951287059199,63.4,63.38046218487394,0.039296801529856276,63.3,63.4,0.0,-7.522027239868327e-05,63.3,63.30042016806723,0.013486893190313721,63.2,63.4,0.0,-1.079524386185938e-05,0.1,0.10448179271708682,0.02814673096494611,0.0,0.2,0.0,-1.5069494485384176e-05,0.5,0.6731792717086834,0.43970902183610405,0.0,2.5,-0.09999999999999998,-8.570671964781414e-05,0.7,0.6681372549019607,0.06337411206367626,0.5,0.9,0.0,5.2465478585436e-05,3.0,3.0015406162464986,0.06343687528432287,2.8,3.2,-0.10000000000000009,-2.7656527945280508e-05,499.5,499.9060224089636,0.849862741592803,497.8,502.1,-0.30000000000001137,-0.00025681658220242715,6.8,6.745378151260502,0.3826960014824347,5.8,7.8,0.0,-1.5481589609138005e-05,210.0,210.0,0.0,210.0,210.0,0.0,-2.1734760899680084e-16,0.0,9.481092436974789,11.666526294547635,0.0,33.0,0.0,-0.0007464938328728339,9.0,9.143907563025211,0.44086748883979904,9.0,10.500000000000002,0.0,-0.0007893805724017877,10.500000000000002,10.628151260504202,0.4192900489964988,10.500000000000002,12.0,0.0,-0.000604469369422757,7.5,7.9978991596638656,0.7063605073203164,7.5,9.0,0.0,-0.0005271273565968679,0.0,0.0,0.0,0.0,0.0,0.0,0.0,1.0,1.0,0.0,1.0,1.0,0.0,7.421434176321307e-19,1.0,1.0,0.0,1.0,1.0,0.0,7.421434176321307e-19,1.0,1.0,0.0,1.0,1.0,0.0,7.421434176321307e-19,1.0,1.0,0.0,1.0,1.0,0.0,7.421434176321307e-19,1.3,14.102450980392156,10.877607672855822,0.0,38.0,-3.9000000000000004,-0.003895801418283073,8.9,9.319467787114846,3.122305986724017,0.0,20.0,-6.9,-0.0012783883058612765,2.1,1.9985294117647059,0.6721069288210368,0.0,4.3,-1.4,-3.120246912013525e-05
batch_dist_ternary_butan-1-ol+propan-2-ol+water__operating_point_002__test_anormal_experiment_003,batch_dist_ternary_butan-1-ol+propan-2-ol+water,operating_point_002,test_anormal_experiment_003,0.4,1428,59.45,0.6751905551408042,1.0,0.9992997198879552,0.026453538890089785,0.0,1.0,0.0,2.482869467862313e-06,1.0,1.0,0.0,1.0,1.0,0.0,1.3427980357501416e-19,440.4,438.15672268907565,1.4919345397831008,434.8,440.4,5.599999999999966,0.0035861274677495103,70.7,70.31064425770309,0.3579125235818698,69.7,70.9,-0.09999999999999432,-1.1403754217614845e-05,72.5,69.6812324929972,0.37425652799667625,69.4,72.5,3.0,0.0005132472377500113,70.0,70.05553221288515,0.07004548101418978,69.9,70.2,0.0,9.067501110810411e-05,70.1,70.04877450980393,0.0686777651695306,69.9,70.3,0.09999999999999432,7.729811399951549e-05,70.0,69.99936974789917,0.04038880344047874,69.9,70.1,-0.09999999999999432,3.885433158099863e-06,61.8,67.88872549019608,1.0204795380945064,61.8,68.3,-6.200000000000003,-0.0007776571764857279,60.5,63.237955182072824,0.48301894715785404,60.5,63.5,-3.0,-0.0005497905432772668,62.0,63.319292717086824,0.23233624173790113,61.9,63.5,-1.3999999999999986,-0.00023716963259954018,62.6,63.28739495798319,0.07829194289271996,62.6,63.4,-0.6999999999999957,-5.472079469357721e-05,0.0,0.10567226890756302,0.12191301550135479,0.0,3.4,-0.1,-4.003498237391435e-07,0.0,0.6160714285714286,0.40896159640598767,0.0,3.0,-0.6,-0.00017960037191859865,1.6,0.7422619047619047,0.2913217176432296,0.5,2.3,0.9000000000000001,0.0002951257126675014,2.9,2.994187675070028,0.07365392285749477,2.7,3.3,-0.20000000000000018,-2.6069511270779383e-05,688.3,505.78263305322133,26.17499640302501,497.8,688.3,188.49999999999994,0.02352991033038956,7.3,6.750910364145658,0.36973078301568435,5.8,7.8,0.5,1.2171829715770808e-05,210.0,210.0,0.0,210.0,210.0,0.0,2.0913539605508184e-17,0.0,9.141806722689076,11.297744443421545,0.0,33.0,0.0,-0.0008124330086274453,9.0,8.971113445378151,0.5079004192453893,7.5,10.500000000000002,0.0,-0.0005410239535831219,10.500000000000002,10.392857142857142,0.584347143942583,9.0,12.0,0.0,-0.0007054233950351531,7.5,7.93172268907563,0.6791167450083615,7.5,9.0,0.0,-0.0002297354818452467,0.0,0.0,0.0,0.0,0.0,0.0,0.0,1.0,1.0,0.0,1.0,1.0,0.0,1.3427980357501416e-19,1.0,1.0,0.0,1.0,1.0,0.0,1.3427980357501416e-19,1.0,1.0,0.0,1.0,1.0,0.0,1.3427980357501416e-19,1.0,1.0,0.0,1.0,1.0,0.0,1.3427980357501416e-19,0.0,14.567752100840336,10.610501187887113,0.0,38.0,-5.2,-0.002126580480862121,5.0,8.903571428571428,3.6237034565063793,0.0,24.3,-10.8,-0.0014970590236013013,1.0,1.94016106442577,0.7876061583527135,0.0,5.1,-2.5,-0.00023856402308184774
batch_dist_ternary_butan-1-ol+propan-2-ol+water__operating_point_002__test_anormal_experiment_004,batch_dist_ternary_butan-1-ol+propan-2-ol+water,operating_point_002,test_anormal_experiment_004,0.1,491,81.75,0.6669373851913899,1.0,0.9979633401221996,0.04508338823050642,0.0,1.0,0.0,-1.8754707685069617e-05,1.0,1.0,0.0,1.0,1.0,0.0,-2.7045139653255956e-19,437.6,437.13910386965375,0.4345309189888914,436.2,437.7,1.400000000000034,0.00294769261338236,70.7,70.26028513238289,0.3323543126964895,69.7,70.8,0.20000000000000284,0.00010395176897452118,69.6,69.53828920570265,0.04860923057326491,69.5,69.6,0.09999999999999432,0.0002372926717753899,70.0,70.00061099796335,0.019661944417346613,69.9,70.1,0.0,-1.9890127826037747e-05,70.1,70.10651731160897,0.06186419333679727,70.0,70.3,0.0,-0.00010133624757840497,70.0,69.99959266802445,0.02993266488125913,69.9,70.1,0.0,6.117076009280632e-05,68.0,68.0633401221996,0.04902558041279771,68.0,68.2,0.0,-1.0776353659007685e-05,63.4,63.39898167006109,0.04667107319723896,63.3,63.5,-0.10000000000000142,-0.00019545446711787584,63.3,63.30733197556007,0.026836037113376864,63.2,63.4,-0.10000000000000142,-3.58569735578876e-05,63.3,63.221384928716915,0.041002166960578554,63.2,63.3,0.0,-2.8588257119887513e-05,0.1,0.11446028513238292,0.13347411761245623,0.0,2.0,0.0,-1.0137679829768749e-06,0.5,0.48839103869653766,0.1894564468571706,0.0,1.4,-0.09999999999999998,4.5690522992766015e-05,0.6,0.5924643584521384,0.05604257412546985,0.5,0.8,0.0,9.151283582331623e-05,2.9,3.0020366598778003,0.06781374005591408,2.8,3.3,-0.10000000000000009,2.2302895625489312e-06,499.1,499.8835030549898,0.8107430083267746,498.3,501.8,-1.1999999999999886,-0.00023424123014700098,6.8,6.719551934826884,0.3714678908631065,5.8,7.8,-0.5,-7.785738109261735e-05,210.0,210.0,0.0,210.0,210.0,0.0,-3.9601996345565855e-17,0.0,9.690427698574338,11.091082362137314,0.0,30.0,0.0,-0.002435932397895817,7.5,8.706720977596742,0.5948999484140816,7.5,9.0,-1.5,-0.0010731240983801041,10.500000000000002,9.889002036659878,0.7370064001108859,9.0,10.500000000000002,0.0,-0.00018247823693582333,7.5,7.793279022403259,0.5948999484140816,7.5,9.0,-1.5,-0.0005354215602092054,0.0,0.0,0.0,0.0,0.0,0.0,0.0,1.0,1.0,0.0,1.0,1.0,0.0,-2.7045139653255956e-19,1.0,1.0,0.0,1.0,1.0,0.0,-2.7045139653255956e-19,1.0,1.0,0.0,1.0,1.0,0.0,-2.7045139653255956e-19,1.0,1.0,0.0,1.0,1.0,0.0,-2.7045139653255956e-19,15.4,14.532586558044807,10.81480830369944,0.0,34.9,-13.999999999999998,-0.015535294839211317,5.1,8.227698574338087,3.333861115531931,0.0,22.7,-2.4000000000000004,0.001006022795586866,1.1,1.779022403258656,0.7195466024822263,0.0,4.8,-0.5999999999999999,0.0002155980369396769
batch_dist_ternary_butan-1-ol+propan-2-ol+water__operating_point_002__test_anormal_experiment_004,batch_dist_ternary_butan-1-ol+propan-2-ol+water,operating_point_002,test_anormal_experiment_004,0.2,982,81.75,0.6669373851913899,1.0,0.9989816700610998,0.03189503006795484,0.0,1.0,0.0,7.666596520476179e-07,1.0,1.0,0.0,1.0,1.0,0.0,3.9311035523598124e-19,438.4,437.66985743380855,0.6485828041270403,436.2,438.5,2.1999999999999886,0.002224583998592748,70.1,70.26160896130345,0.3312364324411102,69.7,70.8,-0.4000000000000057,-4.1220311556445846e-05,69.7,69.57800407331976,0.05905646426250066,69.5,69.7,0.20000000000000284,0.0001722487821215566,70.0,69.99989816700612,0.01941060811603768,69.9,70.1,0.0,-6.8929672352518845e-06,69.9,70.05285132382892,0.08264354476991646,69.9,70.3,-0.19999999999998863,-0.0002120561589473548,70.0,69.99969450101833,0.030103493418426983,69.9,70.1,0.0,9.626330655846457e-06,68.2,68.08625254582486,0.05818372271728374,68.0,68.2,0.20000000000000284,0.00010313853290908103,63.3,63.36242362525457,0.05817516715241997,63.3,63.5,-0.20000000000000284,-0.00014456603265243793,63.3,63.3029531568228,0.024747931782454168,63.2,63.4,-0.10000000000000142,-1.8871865897777528e-05,63.3,63.21670061099797,0.03729813255500712,63.2,63.3,0.0,-1.8603851821012525e-05,0.1,0.11232179226069247,0.1231002535218933,0.0,2.0,0.0,-7.530371871559016e-06,0.5,0.4989816700610998,0.20576958439868126,0.0,1.8,-0.09999999999999998,4.1539013874581825e-05,0.6,0.5982688391038696,0.05785592952268054,0.4,0.8,0.0,3.20723511793387e-05,3.0,3.0003054989816698,0.07056585627337206,2.7,3.3,0.0,-6.3810159965061475e-06,499.8,499.8265784114053,0.8694968366493923,497.6,501.8,-0.5,-0.00011113587020496897,6.4,6.712423625254583,0.38448583882441123,5.8,7.8,-0.8999999999999995,-3.314123947108093e-05,210.0,210.0,0.0,210.0,210.0,0.0,5.664475136793562e-17,12.0,9.493380855397149,10.958573491518052,0.0,31.5,12.0,0.0009729766348559238,9.0,8.676171079429736,0.6171533124416447,7.5,9.0,0.0,-9.739745596095736e-05,9.0,9.856924643584522,0.7423389526316967,9.0,10.500000000000002,-1.5000000000000018,-1.5006887486561476e-05,9.0,7.79938900203666,0.5995412650639509,7.5,9.0,0.0,-8.127859517742232e-05,0.0,0.0,0.0,0.0,0.0,0.0,0.0,1.0,1.0,0.0,1.0,1.0,0.0,3.9311035523598124e-19,1.0,1.0,0.0,1.0,1.0,0.0,3.9311035523598124e-19,1.0,1.0,0.0,1.0,1.0,0.0,3.9311035523598124e-19,1.0,1.0,0.0,1.0,1.0,0.0,3.9311035523598124e-19,25.4,13.222403258655804,11.213732086139041,0.0,36.7,-4.0,-0.003018957446657385,8.4,8.29806517311609,3.4540814317997763,0.0,22.7,0.9000000000000004,0.00027631617705531103,1.8,1.8114052953156823,0.7548972905228645,0.0,4.8,0.10000000000000009,0.00012566248660380946
batch_dist_ternary_butan-1-ol+propan-2-ol+water__operating_point_002__test_anormal_experiment_004,batch_dist_ternary_butan-1-ol+propan-2-ol+water,operating_point_002,test_anormal_experiment_004,0.4,1963,81.75,0.6669373851913899,1.0,0.999490575649516,0.022564681192409678,0.0,1.0,0.0,8.74122016220659e-07,1.0,1.0,0.0,1.0,1.0,0.0,8.399754725605915e-19,438.4,438.12791645440643,0.6634440536912319,436.2,439.0,2.1999999999999886,0.0009716492849487642,70.2,70.27957208354559,0.32884028809432286,69.7,70.8,-0.29999999999999716,2.3028911092296785e-05,69.9,69.67172694854814,0.11071215228918818,69.5,69.9,0.4000000000000057,0.0001864034264237899,70.0,69.9970453387672,0.024754144796169004,69.9,70.1,0.0,-5.014065416476444e-06,70.0,70.02638818135506,0.06835931932715986,69.9,70.3,-0.09999999999999432,-6.756566578300472e-05,69.9,69.99872643912379,0.04178161754712648,69.9,70.1,-0.09999999999999432,-2.15468697349504e-06,68.3,68.14712175241979,0.07893598940546297,68.0,68.3,0.29999999999999716,0.00011474747244763304,63.3,63.335354049923566,0.05296327957984579,63.3,63.5,-0.20000000000000284,-5.731162755425409e-05,63.3,63.29938869077941,0.023009294329468636,63.2,63.4,-0.10000000000000142,-8.351434718660942e-06,63.2,63.211003565970465,0.03129341996297477,63.2,63.3,-0.09999999999999432,-1.1578547251162607e-05,0.1,0.12175241976566481,0.18045221351710453,0.0,2.6,0.0,1.789078697953914e-05,0.5,0.4993377483443709,0.2043454805761905,0.0,1.8,-0.09999999999999998,9.47668834137091e-06,0.6,0.5981151299032094,0.057997777728264324,0.4,0.8,0.0,3.045466487365754e-06,2.9,2.9994396332144673,0.07097811504507552,2.7,3.3,-0.10000000000000009,-2.418827292435152e-06,499.2,499.8308201732043,0.8754957490954645,497.6,501.9,-1.1000000000000227,-2.750708101501671e-05,6.4,6.716403464085583,0.3861666886059916,5.8,7.8,-0.8999999999999995,4.2811355226375035e-06,210.0,210.0,0.0,210.0,210.0,0.0,3.820151129750621e-17,6.0,8.764645950076414,10.752655287675497,0.0,31.5,6.0,-0.0008607143170915694,9.0,8.741721854304636,0.5663122972346712,7.5,9.0,0.0,6.23751895349558e-05,10.500000000000002,9.994141619969435,0.7091508086427747,9.0,10.500000000000002,0.0,0.00032904030911670647,9.0,7.918746816097809,0.6728828487594714,7.5,9.0,0.0,0.0001937290765767705,0.0,0.0,0.0,0.0,0.0,0.0,0.0,1.0,1.0,0.0,1.0,1.0,0.0,8.399754725605915e-19,1.0,1.0,0.0,1.0,1.0,0.0,8.399754725605915e-19,1.0,1.0,0.0,1.0,1.0,0.0,8.399754725605915e-19,1.0,1.0,0.0,1.0,1.0,0.0,8.399754725605915e-19,0.4,12.748802852776363,11.233984914487932,0.0,36.7,-29.0,-0.0018151419705352073,4.8,8.341467142129394,3.502797410171528,0.0,22.7,-2.7,0.00010893590950385408,1.0,1.806826286296485,0.7608507075414939,0.0,4.8,-0.7,7.49079734335963e-06
batch_dist_ternary_butan-1-ol+propan-2-ol+water__operating_point_002__test_anormal_experiment_005,batch_dist_ternary_butan-1-ol+propan-2-ol+water,operating_point_002,test_anormal_experiment_005,0.1,384,63.85,0.4339862097948845,1.0,1.0,0.0,1.0,1.0,0.0,-5.905678134825779e-19,1.0,1.0,0.0,1.0,1.0,0.0,-5.905678134825779e-19,438.8,437.56927083333335,0.7659372591685554,436.1,438.9,2.6999999999999886,0.006884112949713334,69.8,70.2890625,0.3720511225092817,69.7,70.9,-0.4000000000000057,0.0006966532162354954,69.4,69.33046875,0.07660633311572745,69.2,69.5,0.20000000000000284,0.0006204541215964161,69.9,69.92083333333333,0.04061164310336838,69.9,70.0,0.0,-2.6893798107902715e-05,70.1,70.06927083333335,0.04834220015650917,70.0,70.2,0.0,-0.00020357905801777563,70.0,69.97838541666665,0.04537456836150423,69.9,70.1,0.0,0.00011917830863649049,68.1,68.1265625,0.064328715156999,68.0,68.2,-0.10000000000000853,-0.00046461208504317394,63.9,64.65338541666667,0.48287226290948465,63.9,65.3,-1.3000000000000043,-0.004292527805093249,63.4,63.61354166666666,0.25865025922512114,63.3,64.4,-1.000000000000007,-0.002137834424061701,63.3,63.22864583333334,0.04521061342176182,63.2,63.3,0.09999999999999432,0.00016312179987106423,0.0,0.0984375,0.02882519604587857,0.0,0.2,-0.1,8.413583805228819e-06,0.1,0.4776041666666666,0.20276343354421403,0.0,1.1,-0.30000000000000004,3.594316910243801e-05,0.6,0.6187499999999999,0.06134346610139772,0.5,0.8,0.0,3.742667254416495e-05,2.9,3.028385416666667,0.07145436623463303,2.8,3.2,-0.10000000000000009,-0.0001270196839713853,499.3,499.79791666666665,0.9420698804877593,498.0,501.9,-0.0999999999999659,0.00018317028924050795,7.1,6.873177083333332,0.3432144462890409,5.9,7.8,0.2999999999999998,1.081897867146053e-05,210.0,210.0,0.0,210.0,210.0,0.0,2.256220441022644e-16,30.0,10.2421875,11.750994701081426,0.0,36.0,21.0,-0.02144510189549356,9.0,9.46875,0.6952686081652192,9.0,10.500000000000002,-1.5000000000000018,-0.0016873792004340458,10.500000000000002,10.500000000000002,0.0,10.500000000000002,10.500000000000002,0.0,-3.0332583996727867e-17,7.5,7.7421875,0.5519297644118769,7.5,9.0,0.0,-0.0006987301210538801,0.0,0.0,0.0,0.0,0.0,0.0,0.0,1.0,1.0,0.0,1.0,1.0,0.0,-5.905678134825779e-19,1.0,1.0,0.0,1.0,1.0,0.0,-5.905678134825779e-19,1.0,1.0,0.0,1.0,1.0,0.0,-5.905678134825779e-19,1.0,1.0,0.0,1.0,1.0,0.0,-5.905678134825779e-19,19.3,10.523958333333333,11.63286243786386,0.0,36.7,19.3,0.007957893933742492,2.8,7.9281250000000005,3.623008163259043,0.0,18.2,-3.7,0.0003477332067410356,0.7,1.7763020833333334,0.8183990166247308,0.0,4.3,-0.7,0.0004813650774812641
batch_dist_ternary_butan-1-ol+propan-2-ol+water__operating_point_002__test_anormal_experiment_005,batch_dist_ternary_butan-1-ol+propan-2-ol+water,operating_point_002,test_anormal_experiment_005,0.2,767,63.85,0.4339862097948845,1.0,1.0,0.0,1.0,1.0,0.0,-7.027020450382071e-19,1.0,1.0,0.0,1.0,1.0,0.0,-7.027020450382071e-19,441.1,438.9419817470665,1.5472346479217096,436.1,441.2,5.0,0.006950907263898517,70.0,70.27640156453715,0.36685148336214984,69.7,70.9,-0.20000000000000284,-3.275143313777062e-05,69.5,69.4083441981747,0.0980021893409617,69.2,69.5,0.29999999999999716,0.00039930685574325397,70.0,69.9372881355932,0.04835709361927558,69.9,70.0,0.09999999999999432,7.192815758387904e-05,70.0,70.03898305084746,0.05086483840274823,69.9,70.2,-0.09999999999999432,-0.00016060302848230912,70.0,69.98474576271185,0.03908212567445972,69.9,70.1,0.0,4.2724463935065555e-05,67.1,67.6885267275098,0.48046456658318,66.8,68.2,-1.1000000000000085,-0.0019261486165624898,63.3,64.05723598435462,0.701067671787908,63.3,65.3,-1.9000000000000057,-0.003067621829480363,61.1,62.53937418513689,1.1879177160653571,61.1,64.4,-3.3000000000000043,-0.004996323541926859,60.9,62.27627118644067,1.0873026417110079,60.9,63.3,-2.3000000000000043,-0.004329497448606163,0.1,0.10612777053455018,0.1114161507237437,0.0,2.4,0.0,2.996164398950171e-05,0.4,0.4916558018252934,0.19413364236362746,0.0,1.2,0.0,5.982488740847131e-05,0.7,0.6239243807040417,0.06184355513478377,0.5,0.8,0.09999999999999998,2.6262314432481032e-05,3.0,3.0172750977835725,0.06844905941288051,2.8,3.2,0.0,-6.842031021816557e-05,500.3,499.90423728813556,0.7323220635152876,498.0,502.2,0.9000000000000341,0.0004361990912684868,6.8,6.884224250325944,0.3542241157200965,5.9,7.8,0.0,4.743439394610472e-05,210.0,210.0,0.0,210.0,210.0,0.0,1.9482855447314748e-16,18.0,10.539113428943937,11.84517277707741,0.0,36.0,9.0,-0.0002126250165951128,9.0,9.30606258148631,0.6038925331966799,9.0,10.500000000000002,-1.5000000000000018,-0.0007826435648367176,10.500000000000002,10.505867014341591,0.09362745139702068,10.500000000000002,12.0,0.0,3.5384313268286974e-05,7.5,7.836375488917862,0.6256314920398925,7.5,9.0,0.0,0.00038635521308139016,0.0,0.0,0.0,0.0,0.0,0.0,0.0,1.0,1.0,0.0,1.0,1.0,0.0,-7.027020450382071e-19,1.0,1.0,0.0,1.0,1.0,0.0,-7.027020450382071e-19,1.0,1.0,0.0,1.0,1.0,0.0,-7.027020450382071e-19,1.0,1.0,0.0,1.0,1.0,0.0,-7.027020450382071e-19,33.8,19.823989569752282,13.157374511321853,0.0,39.1,33.8,0.040207691158799144,9.4,8.202346805736637,3.472066924728118,0.0,19.0,2.9000000000000004,0.0009426668277953934,2.1,1.8253585397653196,0.7746044761010497,0.0,4.3,0.7000000000000002,0.00017637903346598267
batch_dist_ternary_butan-1-ol+propan-2-ol+water__operating_point_002__test_anormal_experiment_005,batch_dist_ternary_butan-1-ol+propan-2-ol+water,operating_point_002,test_anormal_experiment_005,0.4,1533,63.85,0.4339862097948845,1.0,0.9993476842791911,0.025532140627241913,0.0,1.0,0.0,-8.027346484806573e-07,1.0,1.0,0.0,1.0,1.0,0.0,3.3120250377196736e-19,440.6,440.04481409001954,1.579597426979852,436.1,441.8,4.5,0.0028617187111073467,70.7,70.29549902152641,0.3565425617449302,69.7,70.9,0.5,1.402787125341007e-05,69.7,69.50313111545988,0.12539557927569245,69.2,69.7,0.5,0.0002654566872995352,70.0,70.01539465101109,0.10597506825695507,69.9,70.3,0.09999999999999432,0.00017653700419204877,70.0,70.0191128506197,0.04173342448687271,69.9,70.2,-0.09999999999999432,-5.848171727867565e-05,70.0,69.99569471624265,0.04190182922461414,69.9,70.1,0.0,2.362704545867154e-05,67.1,67.40476190476191,0.45833246499015523,66.8,68.2,-1.1000000000000085,-0.0008557227962337809,63.3,63.67338551859099,0.6276381394994106,63.2,65.3,-1.9000000000000057,-0.0011337177990407064,63.3,62.88264840182648,0.9376165976594647,61.1,64.4,-1.1000000000000085,0.00011447062704324633,63.2,62.682517938682324,0.9209355550986928,60.8,63.3,0.0,0.0003632127801538003,0.1,0.10834964122635357,0.140572690818597,0.0,2.4,0.0,1.118399223736275e-05,0.8,0.4890410958904109,0.18850856670223173,0.0,1.2,0.4,1.2360115077108509e-05,0.7,0.626320939334638,0.06344353082302774,0.4,0.8,0.09999999999999998,1.1694444871718452e-05,3.1,3.0088388780169604,0.06792389165322547,2.8,3.2,0.10000000000000009,-2.3847048045919477e-05,500.3,499.85228310502276,0.8500343453144895,496.5,502.2,0.9000000000000341,1.4136956563301874e-05,6.8,6.869667318982385,0.35434082966815406,5.9,7.8,0.0,-3.3271519212494756e-05,210.0,210.0,0.0,210.0,210.0,0.0,6.551481463893054e-17,0.0,9.493150684931507,11.384038507253594,0.0,36.0,-9.0,-0.0015742858870901656,9.0,9.21477495107632,0.525040207423861,9.0,10.500000000000002,-1.5000000000000018,-0.0003432864746586217,10.500000000000002,10.33463796477495,0.47906650099409304,9.0,12.0,0.0,-0.0004942963504864942,7.5,7.796477495107632,0.5973418933543437,7.5,9.0,0.0,2.1019323648296677e-05,0.0,0.0,0.0,0.0,0.0,0.0,0.0,1.0,1.0,0.0,1.0,1.0,0.0,3.3120250377196736e-19,1.0,1.0,0.0,1.0,1.0,0.0,3.3120250377196736e-19,1.0,1.0,0.0,1.0,1.0,0.0,3.3120250377196736e-19,1.0,1.0,0.0,1.0,1.0,0.0,3.3120250377196736e-19,32.3,15.548271363339856,13.03788618364619,0.0,39.1,32.3,-0.0033356629070328348,12.1,8.217286366601435,3.40060927652508,0.0,19.0,5.6,0.0003124796172849019,2.6,1.8137964774951079,0.7519839836139185,0.0,4.3,1.2000000000000002,1.266072421414443e-05
batch_dist_ternary_butan-1-ol+propan-2-ol+water__operating_point_002__test_anormal_experiment_006,batch_dist_ternary_butan-1-ol+propan-2-ol+water,operating_point_002,test_anormal_experiment_006,0.1,1120,186.56666666666663,0.6822258302481301,1.0,0.9991071428571429,0.029867372649424517,0.0,1.0,0.0,-4.996701322996737e-07,1.0,1.0,0.0,1.0,1.0,0.0,-3.993667646099366e-19,441.6,440.89611607142854,0.7422489985261967,439.0,441.8,2.6000000000000227,0.0021324116882157915,69.8,70.28374999999998,0.34471034683381,69.7,70.9,-0.5,2.807078472299077e-05,69.9,69.77549107142856,0.07860235541905593,69.6,69.9,0.30000000000001137,0.00021912905531431284,70.0,70.00066964285715,0.022400529487067118,69.9,70.1,0.0,-7.5255873814350195e-06,70.0,70.06790178571427,0.07241725078389062,70.0,70.3,0.0,-5.718810077862929e-05,70.0,70.00258928571428,0.035763247688149584,69.9,70.1,0.0,-2.252401918593648e-05,68.2,68.22446428571428,0.0521816758634505,68.1,68.3,0.0,9.471610365941388e-05,63.3,63.330000000000005,0.045777021684309846,63.3,63.4,-0.10000000000000142,-9.248723321458337e-05,63.3,63.33272321428571,0.04684886601414476,63.3,63.4,-0.10000000000000142,-1.891635812390855e-05,63.3,63.299107142857146,0.009406833707903697,63.2,63.3,0.0,1.7424394356120394e-07,0.3,0.1077232142857143,0.1181543111647274,0.0,2.1,0.3,1.1387994797280828e-05,0.5,0.5048214285714286,0.16719579061076623,0.0,1.3,0.4,1.8833293302780542e-05,0.5,0.6125446428571428,0.06416529830847281,0.5,0.8,-0.09999999999999998,2.8556148060887636e-05,3.0,2.9987946428571424,0.06426697085384994,2.8,3.2,0.10000000000000009,-2.582269619612988e-06,500.3,499.88066964285713,0.9140857052697221,497.7,502.0,1.8000000000000114,5.431478398363315e-05,6.4,6.983258928571427,0.38849366251347994,6.2,7.8,-0.39999999999999947,-0.00012776458515762637,210.0,210.0,0.0,210.0,210.0,0.0,-6.04446849724344e-17,30.0,9.200223214285714,11.005357357904167,0.0,33.0,27.0,-0.0018575717620265139,9.0,8.7234375,0.5803880057040967,7.5,9.0,0.0,-0.0005539003567217671,10.500000000000002,9.715848214285714,0.7468721647862684,9.0,10.500000000000002,0.0,-8.694580603368232e-05,9.0,7.733035714285714,0.5396573636605556,7.5,9.0,1.5,0.00012090095393433384,0.0,0.0,0.0,0.0,0.0,0.0,0.0,1.0,1.0,0.0,1.0,1.0,0.0,-3.993667646099366e-19,1.0,1.0,0.0,1.0,1.0,0.0,-3.993667646099366e-19,1.0,1.0,0.0,1.0,1.0,0.0,-3.993667646099366e-19,1.0,1.0,0.0,1.0,1.0,0.0,-3.993667646099366e-19,4.3,13.886785714285713,11.10940638396497,0.0,37.8,4.3,0.003899351402544168,11.3,8.335044642857143,3.1696935405278786,0.0,21.1,9.0,0.00026345876448745245,2.5,1.863258928571429,0.7062480119508772,0.0,4.5,2.0,2.4585265248821994e-05
batch_dist_ternary_butan-1-ol+propan-2-ol+water__operating_point_002__test_anormal_experiment_006,batch_dist_ternary_butan-1-ol+propan-2-ol+water,operating_point_002,test_anormal_experiment_006,0.2,2239,186.56666666666663,0.6822258302481301,1.0,0.9995533720410897,0.0211288542608573,0.0,1.0,0.0,5.35619990937184e-07,1.0,1.0,0.0,1.0,1.0,0.0,3.512822287460082e-19,441.6,441.0803707012059,0.5822596141696492,439.0,441.8,2.6000000000000227,0.0005433975994640256,70.5,70.28088432335865,0.3366027427832339,69.7,70.9,0.20000000000000284,-1.1799409051839635e-05,70.2,69.89595801697187,0.14706586902434832,69.6,70.2,0.6000000000000085,0.00022094239098024206,70.0,70.00046895935685,0.019276873525401878,69.9,70.1,0.0,-1.4534438676062275e-06,70.0,70.02936578829835,0.07565907943958171,69.9,70.3,0.0,-5.871720786880824e-05,70.0,70.00406431442609,0.032071650598242504,69.9,70.1,0.0,-5.648064695261367e-07,68.5,68.31125502456455,0.1080427466166052,68.1,68.5,0.29999999999999716,0.00015189969122632516,63.3,63.31840107190711,0.03872046750215336,63.3,63.4,-0.10000000000000142,-2.700150178865801e-05,63.3,63.32722197409558,0.04447259635107588,63.3,63.4,-0.10000000000000142,-8.34738631983444e-06,63.3,63.29924073246987,0.008680453089118911,63.2,63.3,0.0,4.999119915559288e-07,0.1,0.10788298347476552,0.11786277010909495,0.0,2.2,0.1,1.7790922692993851e-06,0.6,0.5073246985261278,0.18730937899305392,0.0,1.4,0.5,7.4919979870095385e-06,0.6,0.6227110317105851,0.0651813837711018,0.5,0.9,0.0,1.984819524501143e-05,3.0,2.9995310406431446,0.06608089697761658,2.8,3.2,0.10000000000000009,8.136933634762541e-07,499.4,499.884435015632,0.9114955049332515,497.6,502.2,0.8999999999999773,4.17897986821438e-05,7.3,6.9858642251004905,0.39345647263359546,6.2,7.8,0.5,-3.0244247847556145e-05,210.0,210.0,0.0,210.0,210.0,0.0,1.0671377916344784e-16,0.0,8.93334077713265,10.769090439438399,0.0,33.0,-3.0,-0.00042452775422428205,9.0,8.680772666368915,0.6133361437488865,7.5,9.0,0.0,-0.00012745029574776423,9.0,9.739280928986155,0.7487499608870724,9.0,10.500000000000002,-1.5000000000000018,8.882632125155531e-06,7.5,7.663465832961143,0.4652610504662288,7.5,9.0,0.0,-7.892136055089368e-05,0.0,0.0,0.0,0.0,0.0,0.0,0.0,1.0,1.0,0.0,1.0,1.0,0.0,3.512822287460082e-19,1.0,1.0,0.0,1.0,1.0,0.0,3.512822287460082e-19,1.0,1.0,0.0,1.0,1.0,0.0,3.512822287460082e-19,1.0,1.0,0.0,1.0,1.0,0.0,3.512822287460082e-19,21.8,14.253818669048684,11.012853342578616,0.0,37.8,21.8,0.0019579828247516394,9.2,8.458887896382313,3.3386387596881195,0.0,22.2,6.8999999999999995,0.00021005513956567597,1.9,1.8651406878070569,0.7330949433247,0.0,4.9,1.4,5.374053909071135e-06
batch_dist_ternary_butan-1-ol+propan-2-ol+water__operating_point_002__test_anormal_experiment_006,batch_dist_ternary_butan-1-ol+propan-2-ol+water,operating_point_002,test_anormal_experiment_006,0.4,4478,186.56666666666663,0.6822258302481301,1.0,0.9995533720410897,0.021128854260857297,0.0,1.0,0.0,1.2521852705186508e-07,1.0,1.0,0.0,1.0,1.0,0.0,9.888932049361967e-20,443.5,441.8241067440822,0.9087584570301594,439.0,443.5,4.5,0.0006485648806614704,70.0,70.27737829388118,0.3221669113927969,69.7,70.9,-0.29999999999999716,-6.8712631027379156e-06,70.8,70.16573246985261,0.31348084926148706,69.6,70.8,1.2000000000000028,0.00024091017933140674,70.0,70.0001674854846,0.01867886617305844,69.9,70.1,0.0,-3.6846921369702735e-07,70.0,70.01173514962038,0.07322534596994422,69.9,70.3,0.0,-2.0399905506658434e-05,70.0,70.00312639571237,0.028220367036637477,69.9,70.1,0.0,-6.929114863933973e-08,69.0,68.52912014292095,0.25409672988500953,68.1,69.0,0.7999999999999972,0.00019266532839952907,63.3,63.32061188030371,0.04043787643805158,63.3,63.4,-0.10000000000000142,6.581656839276254e-08,63.4,63.33009155873158,0.04584734574013944,63.3,63.4,0.0,1.6364638244265226e-06,63.3,63.299196069673975,0.008930102386574733,63.2,63.3,0.0,2.031293083089801e-09,0.1,0.10923403305046897,0.12901062405691271,0.0,2.3,0.1,9.453764926439607e-07,0.6,0.5093568557391692,0.18833379311588477,0.0,1.5,0.5,2.550435457019659e-06,0.6,0.621203662349263,0.06237844322069299,0.5,0.9,0.0,1.0574717973304226e-06,3.0,2.9984256364448414,0.06680750469483078,2.8,3.3,0.10000000000000009,-5.019331869977992e-07,498.3,499.8981799910674,0.8831599881928511,497.4,502.2,-0.19999999999998863,1.3587924088669953e-05,7.3,6.965107190710138,0.39088843576629856,6.2,7.8,0.5,-1.7467079128305874e-05,210.0,210.0,0.0,210.0,210.0,0.0,-2.4957855330254776e-17,13.5,8.254187137114783,10.238743522167368,0.0,33.0,10.5,-0.0005441757473047127,9.0,8.580783832067887,0.6728337195044205,7.5,9.0,0.0,-7.915082138323238e-05,9.0,9.667094685127289,0.7448136746675328,9.0,10.500000000000002,-1.5000000000000018,-6.72939164752445e-05,7.5,7.634993300580616,0.42809093281886723,7.5,9.0,0.0,-1.9337642797718453e-05,0.0,0.0,0.0,0.0,0.0,0.0,0.0,1.0,1.0,0.0,1.0,1.0,0.0,9.888932049361967e-20,1.0,1.0,0.0,1.0,1.0,0.0,9.888932049361967e-20,1.0,1.0,0.0,1.0,1.0,0.0,9.888932049361967e-20,1.0,1.0,0.0,1.0,1.0,0.0,9.888932049361967e-20,14.6,14.924966502903082,10.704159340525297,0.0,38.2,14.6,0.000799149691150385,8.1,8.518121929432782,3.360978787012796,0.0,22.8,5.8,6.571622317135911e-05,1.8,1.850234479678428,0.7286567471434922,0.0,5.0,1.3,-1.2031044856907694e-05
batch_dist_ternary_butan-1-ol+propan-2-ol+water__operating_point_003__test_anormal_experiment_001,batch_dist_ternary_butan-1-ol+propan-2-ol+water,operating_point_003,test_anormal_experiment_001,0.1,250,41.55,0.6798616082775178,1.0,1.0,0.0,1.0,1.0,0.0,1.807480407044761e-18,1.0,1.0,0.0,1.0,1.0,0.0,1.807480407044761e-18,434.7,433.89840000000004,0.5280884774353634,432.8,434.7,1.8999999999999773,0.007273306772908875,70.0,70.166,0.3431675975379959,69.7,70.8,-0.29999999999999716,-0.0004027840445447382,69.5,69.4696,0.04599826083668555,69.4,69.5,0.09999999999999432,0.00044199107185715936,70.0,69.88959999999999,0.04787316576120883,69.8,70.0,0.09999999999999432,0.0001933086929389731,70.1,70.1336,0.07944205435410255,70.0,70.3,-0.20000000000000284,-0.0007883646138338307,70.0,69.95559999999999,0.04968541033341396,69.9,70.0,0.0,2.200355205688015e-05,68.2,68.2016,0.0505711380136937,68.1,68.3,0.0,-0.0003151154418470573,64.5,64.9104,0.3209545762253589,64.4,65.3,-0.7000000000000028,-0.004177910046560759,63.6,63.825199999999995,0.20387486358057927,63.5,64.4,-0.8000000000000043,-0.002508520136322239,60.9,62.103199999999994,1.0339776399903424,60.9,63.3,-2.3999999999999986,-0.013285767772284355,0.2,0.16,0.052153619241621194,0.0,0.3,0.1,0.00014162146594345489,0.4,0.4064,0.13068680116981976,0.1,0.8,0.30000000000000004,0.0002764076225219596,0.6,0.5883999999999998,0.05714402855942166,0.4,0.7,0.0,0.0001325973215571473,3.1,3.0332,0.06243204305482888,2.9,3.2,0.0,-9.650074401190504e-05,500.0,499.6536,1.576910599875591,493.4,504.2,0.39999999999997726,0.0016754188067005641,6.8,6.932799999999999,0.3777355688838422,6.2,7.8,-0.5,3.6557384918152144e-05,210.0,210.0,0.0,210.0,210.0,0.0,-3.4737069501811287e-16,21.000000000000004,13.23,12.621731260013421,0.0,36.0,19.500000000000004,0.037369749915998646,9.0,9.456,0.6899739125503233,9.0,10.500000000000002,0.0,0.0012764364229827642,10.500000000000002,10.926,0.6764052040012694,10.500000000000002,12.0,0.0,0.0028299332789324255,7.5,8.01,0.7105631569396206,7.5,9.0,0.0,0.0015915134642154336,0.0,0.0,0.0,0.0,0.0,0.0,0.0,1.0,1.0,0.0,1.0,1.0,0.0,1.807480407044761e-18,1.0,1.0,0.0,1.0,1.0,0.0,1.807480407044761e-18,1.0,1.0,0.0,1.0,1.0,0.0,1.807480407044761e-18,1.0,1.0,0.0,1.0,1.0,0.0,1.807480407044761e-18,28.6,24.2016,9.593764508262645,0.0,53.3,16.200000000000003,0.0644350789612634,9.7,7.0724,2.5807902355673926,0.8,12.9,0.8999999999999986,0.002797446359141743,3.4,2.5116000000000005,0.9095853121065666,0.3,4.7,0.19999999999999973,0.000811136178178852
batch_dist_ternary_butan-1-ol+propan-2-ol+water__operating_point_003__test_anormal_experiment_001,batch_dist_ternary_butan-1-ol+propan-2-ol+water,operating_point_003,test_anormal_experiment_001,0.2,499,41.55,0.6798616082775178,1.0,0.9979959919839679,0.04472126974833947,0.0,1.0,0.0,-1.1782601347271906e-05,1.0,1.0,0.0,1.0,1.0,0.0,1.5836544620088131e-18,435.8,434.5224448897796,0.7528018702025775,432.8,435.8,3.0,0.005128831156288618,70.8,70.30280561122244,0.39423722587943894,69.7,71.0,0.5,0.0007078349470025918,69.7,69.53847695390782,0.09043695403567108,69.4,69.7,0.29999999999999716,0.0005772991766666971,70.0,69.93006012024048,0.06185344039714672,69.8,70.0,0.09999999999999432,0.0002600574643263191,70.0,70.08376753507015,0.08228350514272778,70.0,70.3,-0.29999999999999716,-0.00046546104256685534,70.0,69.97434869739479,0.045469347658167444,69.9,70.1,0.0,0.00010215129053291121,68.3,68.21142284569139,0.06463850114892702,68.1,68.4,0.09999999999999432,0.00013342347345308633,64.2,64.60320641282564,0.38502757296438317,64.1,65.3,-1.0,-0.0024415867880338226,63.4,63.62745490981963,0.24777109699064961,63.3,64.4,-1.000000000000007,-0.0015632807784242784,63.3,62.53587174348698,0.9505487243365492,60.9,63.3,0.0,0.0016716710529494035,0.2,0.16312625250501003,0.12029958467230478,0.0,2.3,0.1,7.049279281454473e-05,0.6,0.39338677354709417,0.12965327859607811,0.0,0.8,0.5,-5.823695583938536e-06,0.6,0.5869739478957914,0.06211584402391144,0.4,0.8,0.0,4.526643648743427e-05,3.1,3.0196392785571144,0.06498859265001689,2.8,3.2,0.0,-9.329502378250164e-05,499.8,499.6857715430862,1.3488873006339126,493.4,504.2,0.19999999999998863,0.0008378974817109778,6.8,6.93627254509018,0.39254951804322374,6.2,7.8,-0.5,-4.451312263078917e-05,210.0,210.0,0.0,210.0,210.0,0.0,1.9271425146391783e-16,0.0,10.487975951903808,12.336093957963447,0.0,36.0,-1.5,-0.008567786174759149,9.0,9.363727454909819,0.642879087317013,9.0,10.500000000000002,0.0,1.086510370139669e-05,10.500000000000002,10.848697394789578,0.6336057283921352,10.500000000000002,12.0,0.0,0.0001213994253567582,7.5,7.902805611222445,0.6647977560140977,7.5,9.0,0.0,-7.055074003426537e-05,0.0,0.0,0.0,0.0,0.0,0.0,0.0,1.0,1.0,0.0,1.0,1.0,0.0,1.5836544620088131e-18,1.0,1.0,0.0,1.0,1.0,0.0,1.5836544620088131e-18,1.0,1.0,0.0,1.0,1.0,0.0,1.5836544620088131e-18,1.0,1.0,0.0,1.0,1.0,0.0,1.5836544620088131e-18,11.0,18.31503006012024,12.111404823665321,0.0,53.3,-1.4000000000000004,-0.02631037496680105,11.9,6.91623246492986,2.5812871053621205,0.0,13.9,3.0999999999999996,-0.00011149045078107721,4.2,2.4521042084168334,0.9103119888237864,0.0,5.0,1.0,-0.00010191950165390557
batch_dist_ternary_butan-1-ol+propan-2-ol+water__operating_point_003__test_anormal_experiment_001,batch_dist_ternary_butan-1-ol+propan-2-ol+water,operating_point_003,test_anormal_experiment_001,0.4,998,41.55,0.6798616082775178,1.0,0.998997995991984,0.03163858397564518,0.0,1.0,0.0,1.5392183881610566e-06,1.0,1.0,0.0,1.0,1.0,0.0,-3.7381193992533324e-20,437.4,435.7085170340681,1.356361691912963,432.8,437.6,4.599999999999966,0.004664036945249123,70.6,70.30290581162323,0.38813382857470813,69.7,71.0,0.29999999999999716,5.951704795731378e-05,69.9,69.66718436873748,0.15030959391935236,69.4,69.9,0.5,0.0005054071866733726,70.2,70.01513026052105,0.11481680566824566,69.8,70.3,0.29999999999999716,0.0003604843428924298,70.0,70.04458917835672,0.072084491473187,69.9,70.3,-0.29999999999999716,-0.00018253862491989745,70.0,69.99003006012025,0.041130067628469144,69.9,70.1,0.0,6.256077686800875e-05,68.4,68.28637274549098,0.09429981043020229,68.1,68.4,0.20000000000000284,0.0002703567683075409,63.4,64.11573146292585,0.579326552594602,63.4,65.3,-1.8000000000000043,-0.0019494062054609454,63.3,63.487725450901806,0.2268480920953977,63.3,64.4,-1.1000000000000085,-0.000632896118651973,63.2,62.91583166332665,0.772232183225392,60.9,63.3,-0.09999999999999432,0.0013462921517746584,0.2,0.1714428857715431,0.11140441702533381,0.0,2.3,0.1,3.337689442094833e-05,0.6,0.4106713426853707,0.13682577529827025,0.0,1.0,0.5,5.63960563196748e-05,0.6,0.5976452905811621,0.06127377402798848,0.4,0.8,0.0,4.320948184603262e-05,3.0,3.0123246492985976,0.06435596471202412,2.8,3.2,-0.10000000000000009,-3.442537377005971e-05,499.6,499.79238476953907,1.1161064067870217,493.4,504.2,0.0,0.0003328568818624662,6.8,6.919539078156312,0.37701893125545005,5.9,7.8,-0.5,-8.925655806181519e-06,210.0,210.0,0.0,210.0,210.0,0.0,-4.3916641127444574e-17,0.0,10.457164328657315,12.292750086307741,0.0,36.0,-1.5,-0.0003769500561479771,9.0,9.217184368737476,0.5262286777806684,9.0,10.500000000000002,0.0,-0.0004344172273812999,9.0,10.621743486973948,0.5706219283403599,9.0,12.0,-1.5000000000000018,-0.0008131871829176252,7.5,7.779559118236473,0.5821776943060589,7.5,9.0,0.0,-0.0004538702315399174,0.0,0.0,0.0,0.0,0.0,0.0,0.0,1.0,1.0,0.0,1.0,1.0,0.0,-3.7381193992533324e-20,1.0,1.0,0.0,1.0,1.0,0.0,-3.7381193992533324e-20,1.0,1.0,0.0,1.0,1.0,0.0,-3.7381193992533324e-20,1.0,1.0,0.0,1.0,1.0,0.0,-3.7381193992533324e-20,0.3,15.745440881763527,11.59551092030955,0.0,53.3,-12.1,-0.012616493555603467,7.6,7.0599699398797595,2.635883925219899,0.0,15.5,-1.200000000000001,0.0005619514304889023,2.7,2.474248496993988,0.9183217388283668,0.0,5.3,-0.5,0.00011729568455859623
batch_dist_ternary_butan-1-ol+propan-2-ol+water__operating_point_003__test_anormal_experiment_002,batch_dist_ternary_butan-1-ol+propan-2-ol+water,operating_point_003,test_anormal_experiment_002,0.1,505,84.13333333333334,0.6791228505010427,1.0,1.0,0.0,1.0,1.0,0.0,1.1600158751619142e-18,1.0,1.0,0.0,1.0,1.0,0.0,1.1600158751619142e-18,438.8,437.91900990099003,0.514767091331419,437.1,438.8,1.6999999999999886,0.0035133979236432657,70.4,70.28277227722774,0.343540444855114,69.7,70.8,-0.3999999999999915,-0.0005619692404022769,70.1,69.95089108910891,0.05038660457498333,69.9,70.1,0.19999999999998863,0.0002951754802809209,70.0,69.99762376237625,0.016479721403217424,69.9,70.1,0.0,-1.99864706966963e-05,70.0,70.01861386138613,0.039427328888822055,69.9,70.1,0.09999999999999432,-8.039313248092478e-05,70.0,70.00316831683168,0.036558123884018835,69.9,70.1,0.0,1.0417190787413771e-05,68.5,68.47346534653465,0.045910710663118096,68.4,68.6,0.09999999999999432,0.00020913582041432013,63.4,63.439009900990094,0.05037492992885254,63.4,63.6,-0.10000000000000142,-0.0002501243913210135,63.4,63.34594059405939,0.0498349397853508,63.3,63.4,0.0,-2.7477903069675597e-05,63.3,63.29940594059405,0.0076845971928440225,63.2,63.3,0.0,2.8046282889067317e-06,0.2,0.1827722772277228,0.08877738107121509,0.0,1.4,0.1,1.7209795513713243e-05,0.6,0.42613861386138613,0.17093204194771455,0.0,1.0,0.5,2.2110906742848273e-05,0.7,0.654059405940594,0.06531232227712663,0.5,0.8,0.09999999999999998,-6.112412483483479e-06,2.9,3.00019801980198,0.07189073389416191,2.8,3.2,-0.10000000000000009,-1.4311990205228914e-05,498.9,499.88059405940595,0.9936529483410633,497.8,502.0,-1.6000000000000227,0.0003494045056687279,6.8,6.8750495049504945,0.35265786792114184,5.8,7.8,0.0,-3.8006906280680996e-05,210.0,210.0,0.0,210.0,210.0,0.0,3.545192938937449e-16,0.0,9.288118811881189,10.948559172159584,0.0,31.5,0.0,0.01299791469830213,9.0,9.062376237623763,0.2994554414525602,9.0,10.500000000000002,-1.5000000000000018,-0.0007023217849735106,9.0,9.911881188118812,0.7323212962445125,9.0,10.500000000000002,0.0,0.00019050041650129043,9.0,7.797029702970297,0.5977607464603397,7.5,9.0,1.5,-0.0007982009381062318,0.0,0.0,0.0,0.0,0.0,0.0,0.0,1.0,1.0,0.0,1.0,1.0,0.0,1.1600158751619142e-18,1.0,1.0,0.0,1.0,1.0,0.0,1.1600158751619142e-18,1.0,1.0,0.0,1.0,1.0,0.0,1.1600158751619142e-18,1.0,1.0,0.0,1.0,1.0,0.0,1.1600158751619142e-18,19.0,13.007920792079208,11.44589409860577,0.0,38.1,13.2,0.013791093395053819,4.0,7.35960396039604,3.129829628992442,0.0,17.0,-2.3,0.00012797863637297173,1.3,2.414455445544555,1.0200218161591659,0.0,5.8,-0.8,0.00011592153004120475
batch_dist_ternary_butan-1-ol+propan-2-ol+water__operating_point_003__test_anormal_experiment_002,batch_dist_ternary_butan-1-ol+propan-2-ol+water,operating_point_003,test_anormal_experiment_002,0.2,1010,84.13333333333334,0.6791228505010427,1.0,1.0,0.0,1.0,1.0,0.0,-1.1054837745856788e-19,1.0,1.0,0.0,1.0,1.0,0.0,-1.1054837745856788e-19,439.5,438.5674752475247,0.7649623441720341,437.1,439.6,2.3999999999999773,0.0025769877955641885,69.8,70.28663366336633,0.33555710209704653,69.7,70.8,-1.0,-0.00012327632847979153,70.3,70.04935643564356,0.11527874819460338,69.9,70.3,0.3999999999999915,0.0003807798736366271,70.0,69.99940594059406,0.02133290036485,69.9,70.1,0.0,-9.387557113470724e-07,70.1,70.03326732673268,0.04732673267326464,69.9,70.1,0.19999999999998863,6.69661270209761e-05,70.0,70.00079207920791,0.02984060521234731,69.9,70.1,0.0,-5.916723341921707e-06,68.7,68.56049504950495,0.10016695209660777,68.4,68.7,0.29999999999999716,0.0003201780095136189,63.4,63.41950495049504,0.04061108071059849,63.4,63.6,-0.10000000000000142,-8.920101028052276e-05,63.3,63.3428712871287,0.04938907230045736,63.3,63.4,-0.10000000000000142,-1.2943997019739161e-05,63.3,63.299504950495034,0.007018538058790603,63.2,63.3,0.0,8.426671924661318e-07,0.2,0.1864851485148515,0.12311156607007104,0.0,2.1,0.1,2.0553334179882847e-05,0.1,0.42846534653465346,0.16478044584777282,0.0,1.0,0.0,7.326312795557699e-06,0.7,0.6486633663366336,0.06375770615085108,0.5,0.8,0.09999999999999998,-7.910414519172687e-06,2.9,3.0,0.0703949255596912,2.8,3.2,-0.10000000000000009,-3.5057750510108668e-06,498.1,499.89678217821785,0.9613171873694388,497.5,502.3,-2.3999999999999773,9.302620686251964e-05,6.8,6.8701485148514845,0.35728968434226893,5.8,7.8,0.0,-3.1400854424931195e-05,210.0,210.0,0.0,210.0,210.0,0.0,2.758648018647125e-17,27.0,8.711881188118811,10.750415945245317,0.0,31.5,27.0,0.001856168124392585,9.0,9.031188118811881,0.21403149175483,9.0,10.500000000000002,-1.5000000000000018,-0.0001804280324218875,9.0,9.802722772277228,0.7470271194569826,9.0,10.500000000000002,0.0,-0.00027354217483784835,7.5,7.7873762376237625,0.5898494077235181,7.5,9.0,0.0,-0.000107763273879103,0.0,0.0,0.0,0.0,0.0,0.0,0.0,1.0,1.0,0.0,1.0,1.0,0.0,-1.1054837745856788e-19,1.0,1.0,0.0,1.0,1.0,0.0,-1.1054837745856788e-19,1.0,1.0,0.0,1.0,1.0,0.0,-1.1054837745856788e-19,1.0,1.0,0.0,1.0,1.0,0.0,-1.1054837745856788e-19,0.0,13.543217821782179,11.243519411400234,0.0,38.1,-5.8,0.0029128730749575235,4.2,7.37480198019802,3.030580314064631,0.0,17.0,-2.0999999999999996,5.759458466072287e-05,1.5,2.457970297029703,1.0046221589662705,0.0,5.8,-0.6000000000000001,0.00016365126820975666
batch_dist_ternary_butan-1-ol+propan-2-ol+water__operating_point_003__test_anormal_experiment_002,batch_dist_ternary_butan-1-ol+propan-2-ol+water,operating_point_003,test_anormal_experiment_002,0.4,2020,84.13333333333334,0.6791228505010427,1.0,0.9995049504950495,0.022244199939268287,0.0,1.0,0.0,-1.3758118718637844e-07,1.0,1.0,0.0,1.0,1.0,0.0,-1.563965138200002e-19,440.0,439.12492574257425,0.7862003591664974,437.1,440.1,2.8999999999999773,0.0012110085725235123,70.2,70.28730198019802,0.32320527803382254,69.7,70.8,-0.5999999999999943,-1.3193028863651182e-05,70.7,70.27747524752475,0.261376126830685,69.9,70.8,0.7999999999999972,0.0004442846189432702,70.0,69.99930693069305,0.01860253499932463,69.9,70.1,0.0,-1.4005619267279803e-07,70.0,70.03504950495049,0.05236247924256427,69.9,70.2,0.09999999999999432,-3.603171218749058e-06,70.0,70.00440594059405,0.03673417439754954,69.9,70.1,0.0,3.7989150347481337e-06,69.1,68.74351485148516,0.21762107652465504,68.4,69.1,0.6999999999999886,0.0003663045241069348,63.4,63.40658415841583,0.035893342366962296,63.3,63.6,-0.10000000000000142,-3.123930083337448e-05,63.3,63.33888613861385,0.048614434823502535,63.3,63.4,-0.10000000000000142,-7.270656182857146e-06,63.3,63.29789603960395,0.01655411420724555,63.1,63.3,0.0,-6.692342034045465e-07,0.2,0.18589108910891092,0.11935148938076012,0.0,2.1,0.1,1.2371873000120479e-06,0.4,0.43987623762376243,0.2123553311388067,0.0,3.7,0.30000000000000004,1.1089589644309169e-05,0.6,0.6445297029702969,0.06350570557269489,0.5,0.8,0.0,-8.843619226822345e-06,2.9,2.996757425742574,0.08740766522608051,2.3,4.0,-0.10000000000000009,-3.682796027479064e-06,501.2,499.8828712871287,0.9597118593028889,497.5,502.3,0.6999999999999886,-7.032703817729389e-06,6.4,6.86668316831683,0.3599452700816261,5.8,7.8,-0.39999999999999947,-6.1430121402498475e-06,210.0,210.0,0.0,210.0,210.0,0.0,-9.199840278667868e-17,1.5,8.114851485148515,10.280945706252272,0.0,31.5,1.5,-0.0008384889092784045,9.0,8.883415841584158,0.4561431243020705,7.5,10.500000000000002,-1.5000000000000018,-0.00022804300158968881,9.0,9.741460396039605,0.7486919920278146,9.0,10.500000000000002,0.0,-0.00015841145208914077,7.5,7.73799504950495,0.5477887049967598,7.5,9.0,0.0,-6.514196234725705e-05,0.0,0.0,0.0,0.0,0.0,0.0,0.0,1.0,1.0,0.0,1.0,1.0,0.0,-1.563965138200002e-19,1.0,1.0,0.0,1.0,1.0,0.0,-1.563965138200002e-19,1.0,1.0,0.0,1.0,1.0,0.0,-1.563965138200002e-19,1.0,1.0,0.0,1.0,1.0,0.0,-1.563965138200002e-19,20.2,13.344455445544554,11.194905790770335,0.0,38.1,14.399999999999999,-0.00028873103384796536,4.6,7.500693069306932,3.563279729071575,0.0,55.2,-1.7000000000000002,0.00015975689661430523,1.6,2.525717821782178,1.1999623924347553,0.0,18.7,-0.5,0.00010525418210472662
batch_dist_ternary_butan-1-ol+propan-2-ol+water__operating_point_003__test_anormal_experiment_003,batch_dist_ternary_butan-1-ol+propan-2-ol+water,operating_point_003,test_anormal_experiment_003,0.1,1516,252.51666666666668,0.4978361788418457,1.0,1.0,0.0,1.0,1.0,0.0,-6.340949497345362e-19,1.0,1.0,0.0,1.0,1.0,0.0,-6.340949497345362e-19,435.7,435.5856860158311,0.26527153726923014,434.9,436.0,0.8000000000000114,0.00039630979863117103,70.6,70.26437994722956,0.3299041568967082,69.7,70.9,0.3999999999999915,-2.7697967407684077e-05,70.5,70.1947889182058,0.18642737601079545,69.9,70.5,0.5999999999999943,0.00041895276644121843,70.0,69.99967018469657,0.020056567304757664,69.9,70.1,0.0,-3.5354344123613226e-07,70.0,69.99696569920845,0.02064338197180913,69.9,70.1,0.0,8.596633505242185e-06,70.0,70.00197889182058,0.026368398328949154,69.9,70.1,0.0,-2.181533518561313e-06,68.9,68.65646437994722,0.15003660300222363,68.4,68.9,0.5,0.0003284599387665613,63.4,63.41042216358838,0.04503977877791806,63.3,63.6,-0.20000000000000284,-6.607353224839067e-05,63.3,63.32216358839049,0.0415347347253671,63.3,63.4,-0.10000000000000142,-1.6448638739805638e-05,63.3,63.29551451187335,0.020698531564595328,63.2,63.3,0.0,7.942242333118846e-07,0.1,0.179089709762533,0.13937086257444295,0.0,3.1,0.0,8.780379658126406e-06,0.1,0.42467018469657,0.1531062177481976,0.0,1.1,-0.19999999999999998,1.5600341130673696e-05,0.6,0.6413588390501319,0.06475446211516006,0.5,0.9,-0.09999999999999998,1.1785757220909505e-05,2.9,2.9991424802110815,0.06741008486182251,2.8,3.2,-0.10000000000000009,3.0072718530182348e-06,500.2,499.8110817941952,0.8862083956307841,497.5,501.9,0.39999999999997726,-5.13697070280012e-06,7.3,6.983377308707124,0.38341362525856826,6.2,7.8,0.5,2.6792496675046353e-05,210.0,210.0,0.0,210.0,210.0,0.0,7.984112198592156e-17,0.0,9.306728232189974,10.910960435876683,0.0,33.0,-4.5,-0.0010409004298540688,9.0,9.213720316622691,0.5243129801909677,9.0,10.500000000000002,0.0,-0.00020441285931694234,10.500000000000002,9.933047493403693,0.7273194725556479,9.0,10.500000000000002,1.5000000000000018,-0.00010380796594851275,7.5,8.052110817941953,0.7234223328211515,7.5,9.0,-1.5,-9.583386509793171e-06,0.0,0.0,0.0,0.0,0.0,0.0,0.0,1.0,1.0,0.0,1.0,1.0,0.0,-6.340949497345362e-19,1.0,1.0,0.0,1.0,1.0,0.0,-6.340949497345362e-19,1.0,1.0,0.0,1.0,1.0,0.0,-6.340949497345362e-19,1.0,1.0,0.0,1.0,1.0,0.0,-6.340949497345362e-19,3.7,11.67130606860158,11.025687858509677,0.0,38.0,-26.2,-0.000949389162865441,3.8,7.255408970976252,2.882780929614963,0.0,17.2,-2.3,0.00024928721733121623,1.3,2.596635883905013,1.0380532962153655,0.0,6.6,-0.9000000000000001,-3.466671676777499e-05
batch_dist_ternary_butan-1-ol+propan-2-ol+water__operating_point_003__test_anormal_experiment_003,batch_dist_ternary_butan-1-ol+propan-2-ol+water,operating_point_003,test_anormal_experiment_003,0.2,3031,252.51666666666668,0.4978361788418457,1.0,1.0,0.0,1.0,1.0,0.0,2.141896796773401e-19,1.0,1.0,0.0,1.0,1.0,0.0,2.141896796773401e-19,442.6,438.2627185747277,2.996942640868736,434.9,442.7,7.7000000000000455,0.003161017974878736,70.0,70.26656219069615,0.3122293367100948,69.7,70.9,-0.20000000000000284,-5.379377440555938e-06,71.4,70.57380402507424,0.44118255336601203,69.9,71.4,1.5,0.0005010290617561812,70.0,69.99904322005938,0.01893942607813006,69.9,70.1,0.0,-1.197816145229547e-06,70.0,70.02462883536786,0.0664009929443938,69.9,70.3,0.0,2.197698505412447e-05,70.0,70.00445397558562,0.032440953796163685,69.9,70.1,0.0,8.101796557286314e-09,69.6,68.96938304190037,0.3647892266827227,68.4,69.7,1.1999999999999886,0.0004118208262869035,63.4,63.40316727152753,0.03591475203639279,63.3,63.6,-0.20000000000000284,-1.375133443700035e-05,63.3,63.322698779280756,0.04220233733617042,63.2,63.4,-0.10000000000000142,-5.886299956027305e-07,63.3,63.29564500164961,0.020409160306246957,63.2,63.3,0.0,1.367652210268406e-06,0.2,0.18231606730451996,0.13678707225743555,0.0,3.1,0.1,4.49968609416859e-06,0.4,0.43279445727482685,0.15170887458704116,0.0,1.1,0.10000000000000003,1.1827071565384053e-05,0.7,0.6467667436489607,0.06461140366266305,0.5,0.9,0.0,7.807524653874715e-06,3.1,2.9995546024414383,0.06639587818893848,2.8,3.2,0.10000000000000009,1.1509291523844925e-06,499.0,499.7868690201254,0.9193002565697062,497.5,502.1,-0.8000000000000114,-2.2915845372311822e-05,6.4,6.992180798416363,0.3957709818194137,5.9,7.9,-0.39999999999999947,9.943985643822141e-06,210.0,210.0,0.0,210.0,210.0,0.0,1.8349412881914428e-17,10.500000000000002,8.218822170900692,10.135451478487024,0.0,33.0,6.000000000000002,-0.0013035293994244218,9.0,8.943830419003628,0.647623279272715,7.5,10.500000000000002,0.0,-0.00035242103961064024,9.0,9.75123721544045,0.7499989795312759,9.0,10.500000000000002,0.0,-0.00018988844248468651,7.5,7.901847575057737,0.6642965369523025,7.5,9.0,-1.5,-0.00015472513711407225,0.0,0.0,0.0,0.0,0.0,0.0,0.0,1.0,1.0,0.0,1.0,1.0,0.0,2.141896796773401e-19,1.0,1.0,0.0,1.0,1.0,0.0,2.141896796773401e-19,1.0,1.0,0.0,1.0,1.0,0.0,2.141896796773401e-19,1.0,1.0,0.0,1.0,1.0,0.0,2.141896796773401e-19,0.4,11.404190036291652,11.134968026966972,0.0,38.0,-29.5,-0.00042925419023840457,11.9,7.403959089409437,2.861885765063923,0.0,17.2,5.800000000000001,0.0001998103852086205,4.2,2.6173540085780274,1.0132489497794852,0.0,6.6,2.0,1.6210014218739446e-05
batch_dist_ternary_butan-1-ol+propan-2-ol+water__operating_point_003__test_anormal_experiment_003,batch_dist_ternary_butan-1-ol+propan-2-ol+water,operating_point_003,test_anormal_experiment_003,0.4,6061,252.51666666666668,0.4978361788418457,1.0,0.9991750536215146,0.02871003033711428,0.0,1.0,0.0,-5.823353805745691e-07,1.0,1.0,0.0,1.0,1.0,0.0,1.3728147161646405e-19,440.7,440.7858604190727,3.368098104827269,434.9,445.5,5.800000000000011,0.0016512156957633284,70.1,70.23538195017325,0.27795741905612015,69.7,70.9,-0.10000000000000853,-1.8142193937512676e-05,74.2,71.60136941098828,1.214029972085285,69.9,74.2,4.299999999999997,0.0006851713516683397,70.0,69.9990760600561,0.021473618859703874,69.9,70.1,0.0,-1.7252864601656639e-07,69.9,70.00886817356871,0.06097680874343866,69.9,70.3,-0.09999999999999432,-5.277082258566545e-06,70.0,70.00366276192048,0.03835997466614735,69.9,70.1,0.0,-1.588129096989777e-06,72.1,69.85286256393334,1.0447678295233613,68.4,72.1,3.6999999999999886,0.0005881060035209394,63.5,63.41877577957432,0.04490786234487655,63.3,63.6,-0.10000000000000142,1.0581370708731894e-05,63.4,63.3265137766045,0.044289913667487114,63.2,63.4,0.0,2.040076325201766e-06,63.3,63.29734367266127,0.016080318993783108,63.2,63.3,0.0,1.0344011777723614e-06,0.2,0.1867018643788154,0.14427887935764194,0.0,3.3,0.1,2.5848415073693823e-06,0.5,0.4368091074080185,0.15078187476071372,0.0,1.1,0.2,3.0689047608787745e-06,0.7,0.6482511136776109,0.06271830286896865,0.5,0.9,0.0,1.1280437250884035e-06,3.0,2.9990018148820328,0.06595591936885961,2.8,3.2,0.0,-2.772088875470909e-08,498.7,499.7994390364626,0.9103737773972338,497.5,502.1,-1.1000000000000227,6.555975369447378e-06,7.3,6.99090909090909,0.3940081017504894,5.9,7.9,0.5,-7.591944891468953e-07,210.0,210.0,0.0,210.0,210.0,0.0,-3.1467453561414045e-18,3.0,7.058859924104933,8.972529196855824,0.0,33.0,-1.5,-0.000874380616057164,9.0,8.814015838970468,0.6430958900413412,7.5,10.500000000000002,0.0,-0.00010403461995209294,10.500000000000002,9.604355716878404,0.7357225990779387,9.0,10.500000000000002,1.5000000000000018,-9.371180237968075e-05,9.0,7.780894241874278,0.5851835504295142,7.5,9.0,0.0,-8.113028614476883e-05,0.0,0.0,0.0,0.0,0.0,0.0,0.0,1.0,1.0,0.0,1.0,1.0,0.0,1.3728147161646405e-19,1.0,1.0,0.0,1.0,1.0,0.0,1.3728147161646405e-19,1.0,1.0,0.0,1.0,1.0,0.0,1.3728147161646405e-19,1.0,1.0,0.0,1.0,1.0,0.0,1.3728147161646405e-19,16.9,11.41565748226365,11.152489555287676,0.0,38.0,-13.0,-3.794554199039978e-05,9.6,7.494555353901997,2.8388994339624376,0.0,18.3,3.5,6.512816799400344e-05,3.4,2.623213991090579,0.9940529142918249,0.0,6.6,1.1999999999999997,4.04041587334892e-06
batch_dist_ternary_butan-1-ol+propan-2-ol+water__operating_point_003__test_anormal_experiment_004,batch_dist_ternary_butan-1-ol+propan-2-ol+water,operating_point_003,test_anormal_experiment_004,0.1,589,98.0,0.6483102124519635,1.0,0.99830220713073,0.04116928914425176,0.0,1.0,0.0,-1.3389718927485454e-05,1.0,1.0,0.0,1.0,1.0,0.0,2.0565810716623283e-19,438.2,437.7220713073005,0.37915345121365046,436.7,438.3,1.5,0.00210139893199265,70.7,70.38896434634974,0.4093936637317318,69.7,71.0,0.29999999999999716,-0.00010873273944849795,68.9,68.64380305602715,0.14315082310990854,68.4,68.9,0.5,0.0008185581504335007,70.0,69.99711375212225,0.029857993802348874,69.9,70.1,0.0,-2.3666915473265046e-06,70.0,70.11188455008491,0.07251026681483382,70.0,70.3,0.0,0.0003127908813664334,70.0,69.99456706281835,0.03354075647154566,69.9,70.1,0.0,5.5802240898682416e-05,67.6,67.44821731748726,0.09637423680703418,67.3,67.6,0.29999999999999716,0.0005199732910342523,65.2,65.41731748726656,0.2695760415096177,65.1,66.1,-0.8999999999999915,-0.0014659862966798635,64.7,65.05704584040748,0.24969679325292965,64.6,65.5,-0.7999999999999972,-0.0014532895544336327,64.1,64.60339558573854,0.3117212437972491,64.1,65.1,-1.0,-0.0018165385344953208,0.1,0.16400679117147707,0.04973518963476089,0.1,0.3,0.0,2.944563627298336e-05,0.3,0.39711375212224104,0.1827217975823575,0.0,1.0,0.19999999999999998,4.863169405196995e-05,0.5,0.5758913412563667,0.06052482752357008,0.5,0.7,0.0,7.024317021562653e-05,3.0,3.005942275042445,0.07427295638274191,2.8,3.2,0.0,-4.060960806296167e-05,501.8,499.8247877758914,1.0193693733418103,497.3,501.9,2.6000000000000227,0.0001135131040128608,6.8,6.713242784380305,0.39119490945662466,5.8,7.8,0.0,-6.327816729984187e-05,210.0,210.0,0.0,210.0,210.0,0.0,-2.775337756801752e-16,0.0,9.305602716468591,12.5333843844109,0.0,37.5,0.0,0.003425389608521026,9.0,8.831918505942275,0.47314992596629496,7.5,9.0,0.0,-0.0012320303218406872,10.500000000000002,9.85823429541596,0.7421491341339772,9.0,10.500000000000002,0.0,-0.0004317303451552495,7.5,7.797962648556876,0.598466567905247,7.5,9.0,0.0,7.047220488130819e-06,0.0,0.0,0.0,0.0,0.0,0.0,0.0,1.0,1.0,0.0,1.0,1.0,0.0,2.0565810716623283e-19,1.0,1.0,0.0,1.0,1.0,0.0,2.0565810716623283e-19,1.0,1.0,0.0,1.0,1.0,0.0,2.0565810716623283e-19,1.0,1.0,0.0,1.0,1.0,0.0,2.0565810716623283e-19,34.3,11.55025466893039,11.38672509653711,0.0,38.8,29.799999999999997,0.0014228925433947281,7.6,6.760780984719864,3.1970285548014217,0.0,16.5,1.3999999999999995,0.00038009183702833335,2.3,2.0891341256366722,0.9782094956216717,0.0,4.9,0.09999999999999964,-0.00027808332046237223
batch_dist_ternary_butan-1-ol+propan-2-ol+water__operating_point_003__test_anormal_experiment_004,batch_dist_ternary_butan-1-ol+propan-2-ol+water,operating_point_003,test_anormal_experiment_004,0.2,1177,98.0,0.6483102124519635,1.0,0.9983007646559049,0.04118674475289999,0.0,1.0,0.0,-2.7083200799841926e-06,1.0,1.0,0.0,1.0,1.0,0.0,-1.428473286562492e-18,439.3,438.23466440101953,0.6086746835387291,436.7,439.4,2.6000000000000227,0.0017565071143291241,70.1,70.35577740016993,0.37855167548178076,69.7,71.0,-0.30000000000001137,-7.039939507915796e-05,69.2,68.85072217502125,0.24372749959420476,68.4,69.2,0.7999999999999972,0.0007088738333112827,70.0,69.9966015293118,0.02767400525592489,69.9,70.1,0.0,-9.221535490836606e-07,70.0,70.0677994902294,0.07934310102512862,69.9,70.3,0.0,-9.229336629090153e-05,70.0,69.99723874256584,0.03097236783253973,69.9,70.1,0.0,1.3473769738343658e-05,67.9,67.59919286321156,0.1797565927646445,67.3,67.9,0.6000000000000085,0.0005153384824580579,64.5,65.1069668649108,0.3911487468311839,64.4,66.1,-1.5999999999999943,-0.001119666622283705,63.9,64.65518266779948,0.46416933756893874,63.9,65.5,-1.6000000000000014,-0.0013603056451076821,63.6,64.22837723024638,0.44690210981848477,63.6,65.1,-1.499999999999993,-0.0012862621612036251,0.1,0.1697111299915038,0.04948933601390254,0.1,0.4,0.0,1.8644723072357983e-05,0.1,0.4092183517417163,0.18296733063917578,0.0,1.6,0.0,2.9669352093591028e-05,0.5,0.5788445199660153,0.06220108880358266,0.4,0.8,0.0,1.4072838364876392e-05,3.1,3.0023364485981308,0.07282169610688391,2.8,3.4,0.10000000000000009,-1.547655281213371e-05,499.9,499.73670348343245,1.0522265229893184,497.3,502.0,0.6999999999999886,-0.0002651785124915349,6.2,6.723916737468139,0.3788908966702363,5.8,7.8,-0.5999999999999996,2.159541817398333e-05,210.0,210.0,0.0,210.0,210.0,0.0,-4.220699662497548e-16,10.500000000000002,8.83177570093458,11.773174568175381,0.0,37.5,10.500000000000002,-0.0018948820316121722,9.0,8.722175021240442,0.5827098328641694,7.5,9.0,0.0,-0.00048312603252865133,9.0,9.935429056924384,0.7260580176315672,9.0,10.500000000000002,-1.5000000000000018,0.00012392220268140792,7.5,7.762531860662702,0.5699779058270877,7.5,9.0,0.0,-0.00010036975339893787,0.0,0.0,0.0,0.0,0.0,0.0,0.0,1.0,1.0,0.0,1.0,1.0,0.0,-1.428473286562492e-18,1.0,1.0,0.0,1.0,1.0,0.0,-1.428473286562492e-18,1.0,1.0,0.0,1.0,1.0,0.0,-1.428473286562492e-18,1.0,1.0,0.0,1.0,1.0,0.0,-1.428473286562492e-18,0.7,10.755480033984707,11.560509337121601,0.0,38.8,-3.8,-0.0023393318305493503,13.1,6.868011894647409,3.1303486590665983,0.0,25.0,6.8999999999999995,0.00033932846477471986,4.0,2.0858963466440104,0.9433289608538453,0.0,7.3,1.7999999999999998,-4.202593979909306e-05
batch_dist_ternary_butan-1-ol+propan-2-ol+water__operating_point_003__test_anormal_experiment_004,batch_dist_ternary_butan-1-ol+propan-2-ol+water,operating_point_003,test_anormal_experiment_004,0.4,2353,98.0,0.6483102124519635,1.0,0.9978750531236719,0.04604814303640131,0.0,1.0,0.0,-1.1348180914968736e-06,1.0,1.0,0.0,1.0,1.0,0.0,1.5463672538219677e-19,439.6,438.87462813429664,0.8371044491226713,436.7,440.1,2.900000000000034,0.001153178517888014,70.5,70.31147471313217,0.35213524061944745,69.7,71.0,0.09999999999999432,-6.495382812056505e-05,69.9,69.21495962600935,0.42567861709144483,68.4,69.9,1.5,0.0006235137030156919,75.9,77.61772205694858,9.568641809222136,69.9,96.7,5.900000000000006,0.0096130762001094,72.4,76.82970675733107,9.15310238413322,69.9,97.1,2.4000000000000057,0.007761776797655184,79.8,78.47080322991924,10.316848287120065,69.9,98.3,9.799999999999997,0.011218853502026652,68.4,67.87630684232894,0.3234046505250533,67.3,68.4,1.1000000000000085,0.0004721572325984201,63.6,64.5356566085848,0.6591129180447156,63.6,66.1,-2.499999999999993,-0.0009581214800512841,63.4,64.12492562685934,0.6321633644324182,63.4,65.5,-2.1000000000000014,-0.0008961871707503411,63.3,63.8339141521462,0.5091235816178897,63.3,65.1,-1.7999999999999972,-0.0006915266427027819,0.2,0.17715682107947303,0.047211575997963745,0.0,0.4,0.1,1.2633878229995342e-05,0.2,0.43070548236294093,0.1827262366499511,0.0,1.6,0.1,3.383047478674055e-05,0.6,0.5918827029324266,0.06461996254003957,0.4,0.8,0.09999999999999998,2.3894629639674704e-05,2.9,3.0003399915002125,0.07352540625094797,2.8,3.4,-0.10000000000000009,-4.690949892285555e-06,500.3,499.7601997450064,1.0213930198277528,497.3,502.0,1.1000000000000227,-1.6872835234819608e-05,6.8,6.719443263918402,0.3782842355172803,5.8,7.8,0.0,-6.344081409177453e-06,210.0,210.0,0.0,210.0,210.0,0.0,-3.963238766301335e-17,0.0,8.645877603059924,11.010252727062662,0.0,37.5,0.0,-0.0008123347066523572,0.0,11.48555036124097,17.451870659272668,0.0,78.0,-9.0,-0.002918649426608472,0.0,13.788142796430089,19.370298482899685,0.0,79.5,-10.500000000000002,-0.002539119786379483,0.0,12.267743306417339,19.67754098176979,0.0,79.5,-7.5,-0.0015445486769130057,0.0,0.0,0.0,0.0,0.0,0.0,0.0,1.0,1.0,0.0,1.0,1.0,0.0,1.5463672538219677e-19,1.0,1.0,0.0,1.0,1.0,0.0,1.5463672538219677e-19,1.0,1.0,0.0,1.0,1.0,0.0,1.5463672538219677e-19,1.0,1.0,0.0,1.0,1.0,0.0,1.5463672538219677e-19,4.1,11.08814279643009,11.47796350831289,0.0,38.8,-0.40000000000000036,-1.2150260271144484e-05,1.6,7.1461538461538465,3.2185075530288088,0.0,25.0,-4.6,0.0004472086744306088,0.5,2.136081597960051,0.9529557275851009,0.0,7.3,-1.7000000000000002,7.280734654802508e-05
batch_dist_ternary_butan-1-ol+propan-2-ol+water__operating_point_003__test_anormal_experiment_009,batch_dist_ternary_butan-1-ol+propan-2-ol+water,operating_point_003,test_anormal_experiment_009,0.1,619,103.13333333333334,0.6782545548418413,1.0,1.0,0.0,1.0,1.0,0.0,3.0618561867591874e-19,1.0,1.0,0.0,1.0,1.0,0.0,3.0618561867591874e-19,425.047,423.6769983844912,0.9560599624789362,421.73,425.094,3.3170000000000073,0.0053020302388058485,82.109,81.8342972536349,0.12861560809296432,81.533,82.131,0.21299999999999386,-0.0002723173723617715,71.978,71.2909676898223,0.34004766213918675,70.78,71.978,1.1979999999999933,0.0018097725891704417,76.954,76.65925363489498,0.06963306991220698,76.552,76.954,0.2539999999999907,0.0001662155502723061,77.063,76.90757512116316,0.056301730933284014,76.808,77.063,0.10600000000000875,0.00015236330786199515,71.931,71.65807108239095,0.14533891022198933,71.441,71.973,0.2980000000000018,0.0007613397542180886,69.828,69.45611954765751,0.1835266667398566,69.129,69.828,0.5930000000000035,0.0009926820432622167,64.549,64.65920759289176,0.07081158387471236,64.486,64.78,-0.18899999999999295,-0.0002830048262885071,63.71,63.973323909531494,0.1673094523243032,63.71,64.239,-0.5080000000000027,-0.0009088143389188433,63.631,63.80984410339257,0.12651562385382858,63.589,64.075,-0.4440000000000026,-0.000684392858570282,0.266,0.2594369951534734,0.01256521230525886,0.23,0.287,0.036000000000000004,6.463882270738667e-06,0.364,0.358078352180937,0.015963733631856308,0.328,0.387,0.03199999999999997,1.0787910954243135e-05,0.715,0.7156074313408723,0.06447289828754289,0.474,0.883,-0.09200000000000008,5.680362991136616e-06,2.192,2.002901453957997,0.13993067455438876,1.656,2.388,0.4860000000000002,-6.0522589043984285e-05,499.704,498.9791437802908,0.8645979242419456,495.936,501.894,1.5880000000000223,0.0004089523882772398,4.878,4.3777269789983855,0.41712876438028834,3.556,4.972,1.2320000000000002,-3.336989689172458e-06,210.0,210.0,0.0,210.0,210.0,0.0,2.8806761315863846e-16,19.5,18.833602584814216,1.079894886762298,18.0,21.000000000000004,1.5,0.004132070001674715,12.0,11.801292407108239,0.5880596582583623,10.500000000000002,13.5,1.4999999999999982,0.0007821532056948208,13.5,12.322294022617124,0.6160905752492559,12.0,13.5,1.5,0.002385620402465625,9.0,9.024232633279484,0.30646378134181873,7.5,10.500000000000002,1.5,0.0005411170538137044,0.0,0.0,0.0,0.0,0.0,0.0,0.0,1.0,1.0,0.0,1.0,1.0,0.0,3.0618561867591874e-19,1.0,1.0,0.0,1.0,1.0,0.0,3.0618561867591874e-19,1.0,1.0,0.0,1.0,1.0,0.0,3.0618561867591874e-19,1.0,1.0,0.0,1.0,1.0,0.0,3.0618561867591874e-19,0.0,3.308562197092084,9.743069664891035,0.0,32.0,0.0,0.00033028631391265916,6.673,6.413762520193861,0.2591764205082034,5.847,6.96,0.6200000000000001,0.00018838789112088182,3.337,3.2068966074313408,0.12958842754628433,2.923,3.48,0.31000000000000005,9.41817141394225e-05
batch_dist_ternary_butan-1-ol+propan-2-ol+water__operating_point_003__test_anormal_experiment_009,batch_dist_ternary_butan-1-ol+propan-2-ol+water,operating_point_003,test_anormal_experiment_009,0.2,1238,103.13333333333334,0.6782545548418413,1.0,1.0,0.0,1.0,1.0,0.0,-6.35411580210815e-19,1.0,1.0,0.0,1.0,1.0,0.0,-6.35411580210815e-19,426.459,424.68765912762524,1.251733364141329,421.73,426.507,4.728999999999985,0.00339975240717799,83.391,82.3911252019386,0.6057383257647179,81.533,83.391,1.4950000000000045,0.0015164816257300189,72.92,71.86250323101777,0.6499805123132348,70.78,72.92,2.1400000000000006,0.001791589051342544,78.053,77.08955371567045,0.4742835325915146,76.552,78.074,1.3529999999999944,0.0012447866349940653,78.022,77.22078069466883,0.36511009162351865,76.808,78.022,1.065000000000012,0.0009560126596098626,73.059,72.05960541195476,0.46219313881934715,71.441,73.059,1.426000000000002,0.0012647949902272568,70.613,69.81995557350565,0.4174291501089704,69.129,70.613,1.3780000000000001,0.0011563498885239886,64.339,64.54478473344103,0.14415712595645122,64.234,64.78,-0.3990000000000009,-0.0003761700696581129,63.351,63.740214862681746,0.27797726913166676,63.182,64.239,-0.8670000000000044,-0.0007636420008075067,63.42,63.665167609046854,0.17833602060393938,63.315,64.075,-0.6550000000000011,-0.00047893268025937623,0.267,0.2653542003231018,0.014304385862162513,0.23,0.309,0.037000000000000005,1.6712289387745966e-05,0.391,0.36812237479806137,0.019596993979578016,0.328,0.427,0.059,2.9485589844214273e-05,0.761,0.7086938610662359,0.07532096090284585,0.428,1.06,-0.04600000000000004,-2.7149568505372336e-05,1.589,2.021945476575121,0.16705527262317282,1.585,2.564,-0.11699999999999999,4.165008421149297e-05,498.852,498.73670355411963,1.2161257129759233,493.037,501.894,0.73599999999999,-0.0007123701029502325,4.554,4.391212843295638,0.4151356452177587,3.556,5.333,0.9080000000000004,3.309257761353806e-05,210.0,210.0,0.0,210.0,210.0,0.0,-8.195718789372199e-17,16.5,18.33501615508885,1.1395428006746329,16.5,21.000000000000004,-1.5,-0.0010873903311609248,12.0,12.048465266558965,0.6418949657198815,10.500000000000002,13.5,1.4999999999999982,0.0006998648560273676,12.0,12.5718901453958,0.7285443567092333,12.0,13.5,0.0,0.0008352766671659077,9.0,9.273828756058158,0.6040199552814953,7.5,10.500000000000002,1.5,0.0006837281395675988,0.0,0.0,0.0,0.0,0.0,0.0,0.0,1.0,1.0,0.0,1.0,1.0,0.0,-6.35411580210815e-19,1.0,1.0,0.0,1.0,1.0,0.0,-6.35411580210815e-19,1.0,1.0,0.0,1.0,1.0,0.0,-6.35411580210815e-19,1.0,1.0,0.0,1.0,1.0,0.0,-6.35411580210815e-19,0.0,3.515347334410339,10.006670166423243,0.0,32.0,0.0,0.0004986665958923712,6.7,6.585323909531502,0.3376469973808283,5.847,7.66,0.6470000000000002,0.0005039907826367239,3.35,3.2926906300484653,0.1688554529273082,2.923,3.83,0.32299999999999995,0.00025203132658112087
batch_dist_ternary_butan-1-ol+propan-2-ol+water__operating_point_003__test_anormal_experiment_009,batch_dist_ternary_butan-1-ol+propan-2-ol+water,operating_point_003,test_anormal_experiment_009,0.4,2476,103.13333333333334,0.6782545548418413,1.0,1.0,0.0,1.0,1.0,0.0,-4.338761513181931e-19,1.0,1.0,0.0,1.0,1.0,0.0,-4.338761513181931e-19,428.58,426.07441033925693,1.7106790071863722,421.73,428.603,6.849999999999966,0.00233033069955649,85.036,83.24313348142164,0.9956194547116485,81.533,85.036,3.1400000000000006,0.0013572553857658114,75.297,72.91392386914377,1.2188285463524422,70.78,75.468,4.516999999999996,0.0016931784137766159,79.766,77.99767023424879,1.0188793987508111,76.552,79.809,3.0660000000000025,0.0014091093188286132,80.025,78.07451252019386,0.9685460679325189,76.808,80.046,3.068000000000012,0.0013373585021557522,74.976,72.98241579159935,1.0455860237949395,71.441,75.019,3.3430000000000035,0.001454475539283116,72.819,70.70910965266557,1.0312507578651546,69.129,72.862,3.584000000000003,0.0014341139448313578,64.15,64.35873202746365,0.21490362686786246,64.045,64.78,-0.5879999999999939,-0.0002809863604613195,63.182,63.49788247172859,0.3143308293412267,63.076,64.239,-1.0360000000000014,-0.0004053083059402737,63.399,63.547807956381256,0.1737946702648364,63.293,64.075,-0.6760000000000019,-0.0002102494482009837,0.256,0.2684489095315024,0.01482215228386977,0.216,0.309,0.025999999999999995,5.66899699094894e-06,0.339,0.3741288368336026,0.02164457534305377,0.301,0.431,0.007000000000000006,9.92251166303505e-06,0.665,0.7115567447495961,0.06976618947894046,0.428,1.06,-0.14200000000000002,1.332736033208386e-06,2.5,1.997079967689822,0.16895985804149224,1.313,2.564,0.794,-3.494619387580965e-05,496.77,498.8402168820678,1.0803585417674648,493.037,503.689,-1.3460000000000036,2.6928374718488898e-05,3.643,4.39026211631664,0.41479422092581447,3.556,5.333,-0.0030000000000001137,-1.3277678211287429e-05,210.0,210.0,0.0,210.0,210.0,0.0,5.884824024457251e-17,19.5,17.86914378029079,1.1148193245268658,16.5,21.000000000000004,1.5,-0.0006491983555214165,13.5,12.357431340872374,0.76077299545732,10.500000000000002,13.5,2.9999999999999982,0.0005172545562811236,15.0,12.913873182552503,0.8229090495237577,12.0,15.0,3.0,0.0005947965518339293,10.500000000000002,9.563711631663974,0.7668113145529465,7.5,12.0,3.0000000000000018,0.0005141260530942539,0.0,0.0,0.0,0.0,0.0,0.0,0.0,1.0,1.0,0.0,1.0,1.0,0.0,-4.338761513181931e-19,1.0,1.0,0.0,1.0,1.0,0.0,-4.338761513181931e-19,1.0,1.0,0.0,1.0,1.0,0.0,-4.338761513181931e-19,1.0,1.0,0.0,1.0,1.0,0.0,-4.338761513181931e-19,0.0,3.596930533117932,10.09373949575173,0.0,33.0,0.0,0.00022510597768723683,6.787,6.699298869143781,0.3633637738733776,5.5,7.767,0.734,0.00019174308845273363,3.393,3.349691841680129,0.18169220817578832,2.75,3.883,0.36599999999999966,9.59115476423336e-05
batch_dist_ternary_butan-1-ol+propan-2-ol+water__operating_point_003__train_normal_experiment_001,batch_dist_ternary_butan-1-ol+propan-2-ol+water,operating_point_003,train_normal_experiment_001,0.1,1011,168.48333333333332,0.6700350017604239,1.0,1.0,0.0,1.0,1.0,0.0,-2.228653949630944e-19,1.0,1.0,0.0,1.0,1.0,0.0,-2.228653949630944e-19,417.712,414.9063273986152,1.7151508567918927,411.403,417.712,6.308999999999969,0.00583312878765629,81.148,81.34607220573689,0.185384356868358,81.084,81.81,-0.597999999999999,-0.000584538884155418,70.481,69.94178239366964,0.2887415361614151,69.411,70.481,1.027000000000001,0.0009872010010961829,75.982,76.39632146389714,0.394930096888703,75.918,77.271,-1.2680000000000007,-0.0012831064799163714,76.211,76.26611869436202,0.1637076377553076,76.02,76.552,-0.2980000000000018,-0.00048348151354942674,70.867,71.07632542037588,0.2882737992259682,70.739,71.739,-0.8719999999999999,-0.0008874862928171052,67.497,67.49578090999012,0.4657011255089033,66.861,68.302,-0.35999999999999943,-0.0010633213495520723,65.22,64.86969831849655,0.1756755745816443,64.528,65.283,0.6919999999999931,0.0002745240038131061,65.001,64.66217606330366,0.5529690365218121,63.584,65.297,1.4170000000000016,0.0016617166612803648,64.413,65.11438229475768,1.1688290225137723,63.167,67.056,1.2459999999999951,-9.783511572680547e-06,0.329,0.3411874381800198,0.19644073569758738,0.004,1.517,-1.186,-9.331563268570413e-05,0.212,0.2617809099901088,0.19426577189544061,0.004,2.016,0.206,-8.089097646701836e-05,0.674,0.6376458951533135,0.05573445617220962,0.455,0.804,0.05300000000000005,1.33581381619002e-05,1.82,2.38776706231454,0.7889293728116856,0.891,5.75,-3.9299999999999997,-0.0014255358473532792,498.744,499.29310039564785,0.6869794751431049,496.995,501.041,-0.7629999999999768,-3.78858754146091e-05,3.643,3.954024233432246,0.35639375355493846,2.927,4.888,-1.2300000000000004,-1.0563777316962291e-05,210.0,210.0,0.0,210.0,210.0,0.0,2.1701025010780315e-16,16.5,17.753709198813056,0.9479133158190538,16.5,19.5,-3.0,-0.0026325629595600405,12.0,12.468842729970326,0.7682938990552279,12.0,15.0,-3.0,-0.0020336854998878697,12.0,12.146884272997033,0.44581545491568836,12.0,13.5,-1.5,-0.00047210307406690395,9.0,9.22181008902077,0.5319389420956101,9.0,10.500000000000002,-1.5000000000000018,0.0002675883637905771,0.0,0.0,0.0,0.0,0.0,0.0,0.0,1.0,1.0,0.0,1.0,1.0,0.0,-2.228653949630944e-19,1.0,1.0,0.0,1.0,1.0,0.0,-2.228653949630944e-19,1.0,1.0,0.0,1.0,1.0,0.0,-2.228653949630944e-19,1.0,1.0,0.0,1.0,1.0,0.0,-2.228653949630944e-19,0.0,5.206726013847676,11.779031910260434,0.0,32.0,0.0,-0.0011304136477381433,3.94,4.00550840751731,2.5001518918602605,0.0,17.607,3.94,0.0006763697921850002,4.043,4.065376360039565,3.00251363479775,0.0,20.0,-15.957,-0.00019366225036901758
batch_dist_ternary_butan-1-ol+propan-2-ol+water__operating_point_003__train_normal_experiment_001,batch_dist_ternary_butan-1-ol+propan-2-ol+water,operating_point_003,train_normal_experiment_001,0.2,2022,168.48333333333332,0.6700350017604239,1.0,1.0,0.0,1.0,1.0,0.0,-2.518166951036833e-19,1.0,1.0,0.0,1.0,1.0,0.0,-2.518166951036833e-19,421.025,417.30149579624134,2.76127818876761,411.403,421.025,9.621999999999957,0.004654985959325539,81.81,81.32753758654798,0.22792924217373742,80.892,81.832,0.06400000000000716,-7.287278422463927e-06,71.294,70.42002472799207,0.5433080041929975,69.411,71.315,1.8400000000000034,0.0009275236837370862,76.404,76.282828140455,0.3102361019225637,75.918,77.271,-0.8460000000000036,-0.00028799942478065324,76.403,76.29773541048468,0.13116983623149667,76.02,76.552,-0.10599999999999454,2.477418708368546e-06,71.42,71.08908184965382,0.2277944787129129,70.739,71.739,-0.3190000000000026,-3.5054731084094434e-05,68.259,67.24885707220574,0.511107108497824,66.098,68.302,0.402000000000001,-0.0005114358381752889,63.898,64.62548961424332,0.4357696468374047,63.793,65.283,-0.6300000000000026,-0.0005271632084623276,63.52,64.34825791295746,0.5995710904114437,63.499,65.297,-0.06400000000000006,-0.000448197679910939,63.568,64.49808011869436,1.046850081428818,63.167,67.056,0.40099999999999625,-0.00102196423988188,0.257,0.25810484668644906,0.18079989563430646,0.004,1.517,-1.258,-0.00012050867682655515,0.108,0.3542448071216617,0.29186332961732103,0.004,2.016,0.102,0.00011296952493035828,0.774,0.6444624134520277,0.05756343700332,0.455,0.808,0.15300000000000002,1.2250833966900594e-05,1.974,2.1535044510385757,0.9845882483421494,-1.292,5.75,-3.776,-0.0003459529671337304,497.775,499.13933061325423,0.7772857458361371,496.573,501.041,-1.7320000000000277,-0.00021603639010090299,3.646,3.9483051434223544,0.35097684385033673,2.924,4.888,-1.2270000000000003,-1.2012301870431727e-05,210.0,210.0,0.0,210.0,210.0,0.0,-6.611355642103741e-17,16.5,17.316765578635014,0.9898374930027869,15.0,19.5,-3.0,-0.0011310518718430085,12.0,11.85126112759644,0.9784597203738025,10.500000000000002,15.0,-3.0,-0.00122190144700823,12.0,12.148367952522255,0.4478156757503433,12.0,13.5,-1.5,-7.476817863732843e-05,9.0,9.34272997032641,0.628902506980022,9.0,10.500000000000002,-1.5000000000000018,0.00020321903423974386,0.0,0.0,0.0,0.0,0.0,0.0,0.0,1.0,1.0,0.0,1.0,1.0,0.0,-2.518166951036833e-19,1.0,1.0,0.0,1.0,1.0,0.0,-2.518166951036833e-19,1.0,1.0,0.0,1.0,1.0,0.0,-2.518166951036833e-19,1.0,1.0,0.0,1.0,1.0,0.0,-2.518166951036833e-19,0.0,4.328387734915925,10.915146839878552,0.0,32.0,0.0,-0.001426544652584061,6.173,5.440981454005934,3.6205756863680327,0.0,19.767,6.173,0.0013701371451993404,3.123,3.0899901088031654,2.5226105870679345,0.0,20.0,-16.877,-0.001312546840748475
batch_dist_ternary_butan-1-ol+propan-2-ol+water__operating_point_003__train_normal_experiment_001,batch_dist_ternary_butan-1-ol+propan-2-ol+water,operating_point_003,train_normal_experiment_001,0.4,4044,168.48333333333332,0.6700350017604239,1.0,1.0,0.0,1.0,1.0,0.0,3.2701613512269607e-19,1.0,1.0,0.0,1.0,1.0,0.0,3.2701613512269607e-19,422.788,419.62668261622156,3.053347063798983,411.403,422.882,11.384999999999991,0.002399637599674674,83.775,82.01916617210684,0.8346168494843684,80.892,83.861,2.0290000000000106,0.0006443148166214481,73.99,71.51851990603363,1.2830324501787018,69.411,74.012,4.536000000000001,0.0010939490144070071,78.92,76.94871290801186,0.8694257303331508,75.918,78.963,1.6700000000000017,0.0006130296215907693,78.853,76.96663019287834,0.8422273173883366,76.02,78.874,2.343999999999994,0.0006484483969134581,73.868,71.84468991097924,0.9285873031715252,70.739,73.911,2.1289999999999907,0.0007113393847310332,69.256,67.85876050939663,0.7902665395842009,66.098,69.743,1.399000000000001,0.00042475562871435317,63.52,64.24532319485658,0.5491077967252074,63.395,65.283,-1.0080000000000027,-0.00040222284354633016,63.203,63.86586102868447,0.6472629803270159,63.182,65.297,-0.3810000000000002,-0.000435534376544388,63.399,63.98641184470821,0.9005042528781804,63.167,67.056,0.23199999999999932,-0.0005154102433421982,0.264,0.2608469337289812,0.13548801529223334,0.004,1.517,-1.251,-2.0057623605590694e-05,0.165,0.3615451285855588,0.28435418960671643,0.004,2.016,0.159,2.974724309289024e-05,0.695,0.6548428536102869,0.05859771207481485,0.455,0.851,0.07399999999999995,8.973796702885e-06,1.622,2.0786106577645893,0.7865491267970145,-1.292,5.75,-4.128,-0.00010109682288562503,498.188,499.00463748763605,0.8146353764883585,496.205,501.041,-1.3190000000000168,-0.00014819010478167794,3.643,3.913038822947577,0.34711921686691166,2.874,4.888,-1.2300000000000004,-3.5697713852237115e-05,210.0,210.0,0.0,210.0,210.0,0.0,8.220241104122328e-17,16.5,16.79135756676558,0.9560081817951985,15.0,19.5,-3.0,-0.000525703997596586,12.0,11.793768545994066,0.8030416286894912,10.500000000000002,15.0,-3.0,-0.0001672403966181612,13.5,12.500741839762611,0.7071719590340761,12.0,13.5,0.0,0.00029798098873869144,10.500000000000002,9.745363501483679,0.7491506178880872,9.0,10.500000000000002,0.0,0.00036547087104334667,0.0,0.0,0.0,0.0,0.0,0.0,0.0,1.0,1.0,0.0,1.0,1.0,0.0,3.2701613512269607e-19,1.0,1.0,0.0,1.0,1.0,0.0,3.2701613512269607e-19,1.0,1.0,0.0,1.0,1.0,0.0,3.2701613512269607e-19,1.0,1.0,0.0,1.0,1.0,0.0,3.2701613512269607e-19,0.0,3.429030662710188,9.906338475348974,0.0,33.0,0.0,-0.0009065754307850549,1.92,5.903359050445104,3.719144349151643,0.0,20.133,1.92,0.0006000266132557098,3.0,3.191407764589515,1.8690328869211288,0.0,20.0,-17.0,-0.00017812677764240893
batch_dist_ternary_butan-1-ol+propan-2-ol+water__operating_point_004__test_anormal_experiment_002,batch_dist_ternary_butan-1-ol+propan-2-ol+water,operating_point_004,test_anormal_experiment_002,0.1,704,117.25,0.9760909999802094,1.0,1.0,0.0,1.0,1.0,0.0,-1.849025860127958e-19,1.0,1.0,0.0,1.0,1.0,0.0,-1.849025860127958e-19,164.298,223.8105518465909,37.07649806385927,159.31,283.976,-77.57499999999999,-0.16954868593875094,69.917,74.50302485795454,2.5193101340988355,69.832,78.268,-7.007000000000005,-0.01205390150884625,77.054,78.51414204545455,0.7367320561953205,77.054,79.562,-2.3359999999999985,-0.0035730218160999307,61.013,64.78345951704546,2.168377957151333,60.929,67.92,-6.464000000000006,-0.010504140783420608,62.612,66.55636576704546,2.2177088673581906,62.57,69.936,-6.219000000000001,-0.010568035870607903,60.69,63.57498650568182,1.614538126757784,60.669,65.849,-5.094999999999999,-0.007862984318495886,66.331,71.578703125,2.841547429768851,66.331,75.601,-9.015,-0.01382760674753953,62.933,63.55623579545454,0.15006045180481153,62.933,64.108,-1.1750000000000043,-0.0006205469352585736,63.182,63.57287642045455,0.142372894102036,63.182,64.155,-0.972999999999999,-0.0005919487198183511,63.336,63.49155397727273,0.14820739184231055,63.336,64.117,-0.7600000000000051,-0.0005097719041448105,0.003,0.1707741477272727,0.1259006082658693,0.002,0.49,-0.072,-0.0005855471003427327,0.003,0.33896377840909087,0.1524456235492669,0.002,0.807,-0.192,-0.0005927846675572041,0.508,0.3523061079545455,0.0943450136715126,0.144,0.66,0.196,-0.00037105093774676657,-1.988,-0.9000255681818181,2.169045168360951,-2.166,6.924,-8.849,-0.006775083602512212,500.889,507.6645930397727,5.609540942080886,498.008,516.081,-12.240000000000009,-0.026990164816463214,7.346,6.64112784090909,0.1899566001655232,5.894,7.346,0.4630000000000001,-0.00042352930656403275,210.0,124.83664772727273,68.87070237379287,0.0,210.0,0.0,-0.2635784294168952,39.0,14.244673295454545,9.038988280096937,0.0,39.0,16.5,-0.023751237271324045,36.0,14.867897727272727,9.029181282523558,0.0,36.0,13.5,-0.027066200120511454,31.5,12.777698863636363,7.679558924296653,0.0,31.5,13.5,-0.021776860911099444,24.0,9.941761363636363,5.819995188029674,0.0,24.0,10.5,-0.01780699977438499,0.0,0.0,0.0,0.0,0.0,0.0,0.0,1.0,1.0,0.0,1.0,1.0,0.0,-1.849025860127958e-19,1.0,1.0,0.0,1.0,1.0,0.0,-1.849025860127958e-19,1.0,0.19886363636363635,0.39914519976553364,0.0,1.0,0.0,-0.0006207164101900947,1.0,1.0,0.0,1.0,1.0,0.0,-1.849025860127958e-19,0.0,6.198863636363637,1.9092177311771756,0.0,7.0,-1.0,0.0002083499563902669,0.0,5.069686079545455,2.3181477577362077,0.0,12.607,-8.12,-0.007695505262974472,0.0,1.6383139204545456,1.5361746752994185,0.0,6.303,-4.06,-0.00658540768448383
batch_dist_ternary_butan-1-ol+propan-2-ol+water__operating_point_004__test_anormal_experiment_002,batch_dist_ternary_butan-1-ol+propan-2-ol+water,operating_point_004,test_anormal_experiment_002,0.2,1408,117.25,0.9760909999802094,1.0,1.0,0.0,1.0,1.0,0.0,-8.183022461357916e-19,1.0,1.0,0.0,1.0,1.0,0.0,-8.183022461357916e-19,417.994,285.95729190340904,84.47408324871536,159.31,417.994,176.12100000000004,0.15195037358443997,84.972,77.20417933238637,4.603506732852567,69.832,84.993,8.047999999999988,0.0069825907822886855,80.935,78.61647017045455,0.9242107863544005,76.968,80.935,1.5450000000000017,0.0003783550308035051,73.51,67.30490376420454,3.934774166336375,60.929,73.51,6.033000000000001,0.006120390716666654,76.382,69.80175816761364,4.518040212319687,62.57,76.403,7.551000000000002,0.007564138400046637,70.675,65.51489879261364,3.1444714766719093,60.648,70.718,4.890000000000001,0.004919443745823273,79.32,72.77244353693182,3.9994080420406166,65.844,79.32,3.9739999999999895,0.003499174360163996,66.858,64.47312357954546,1.5593171459784092,62.786,69.043,2.75,0.0028853488826719852,64.049,63.732287286931815,0.44944904453846674,62.843,65.085,-0.10599999999999454,0.0003392995203584504,63.188,63.50987428977273,0.4445271285933749,62.723,64.899,-0.9080000000000013,-8.140517055621775e-05,0.207,0.14549609375,0.12793687742685866,0.002,0.49,0.132,-7.566268583173836e-05,0.293,0.2561239346590909,0.1898046303543006,0.002,0.807,0.09799999999999998,-0.00017572287324415527,0.574,0.4644041193181818,0.16286246795187648,0.144,0.946,0.26199999999999996,0.00018286429786858787,1.278,0.26737571022727286,2.4492806843013164,-2.166,6.924,-5.583,0.0019571674949120928,499.013,509.2961981534091,11.64682788603052,496.555,543.827,-14.116000000000042,-0.0047316100947064205,6.883,6.638069602272726,0.31831400684067146,5.882,7.38,0.0,-5.550996283066959e-05,210.0,167.41832386363637,64.6899216672268,0.0,210.0,0.0,0.05778079507777592,18.0,19.140980113636363,9.724862976238281,0.0,39.0,-4.5,0.0030234955405335404,16.5,15.985973011363637,8.248206187548636,0.0,36.0,-6.0,-0.004034814462374709,16.5,15.441583806818182,7.363435322556601,0.0,31.5,-1.5,-5.065743546147746e-05,13.5,11.980291193181818,5.734835706210687,0.0,24.0,0.0,-0.0003537218157069429,0.0,0.0,0.0,0.0,0.0,0.0,0.0,1.0,1.0,0.0,1.0,1.0,0.0,-8.183022461357916e-19,1.0,1.0,0.0,1.0,1.0,0.0,-8.183022461357916e-19,1.0,0.5994318181818182,0.49001358504949416,0.0,1.0,0.0,0.0007758943385989139,1.0,1.0,0.0,1.0,1.0,0.0,-8.183022461357916e-19,0.0,7.240767045454546,8.395936346764069,0.0,33.0,-1.0,0.0008536535853265702,5.267,4.06941796875,2.9569197670016227,0.0,12.607,-2.852999999999999,-0.001712750246631341,2.63,1.5834449573863636,1.5623117007026606,0.0,6.303,-1.4299999999999997,-0.0002503637624493334
batch_dist_ternary_butan-1-ol+propan-2-ol+water__operating_point_004__test_anormal_experiment_002,batch_dist_ternary_butan-1-ol+propan-2-ol+water,operating_point_004,test_anormal_experiment_002,0.4,2815,117.25,0.9760909999802094,1.0,1.0,0.0,1.0,1.0,0.0,4.08131186848952e-19,1.0,1.0,0.0,1.0,1.0,0.0,4.08131186848952e-19,441.901,359.99766642984014,95.25747590052242,159.31,441.924,200.02800000000002,0.09975516132555348,101.664,85.25256198934281,9.460193476659537,69.832,101.707,24.739999999999995,0.01108299501725819,96.635,84.02431456483126,6.420611173999401,76.968,96.678,17.245000000000005,0.007285717027851213,90.467,74.7895056838366,8.777474234392415,60.929,90.467,22.989999999999995,0.010326064285172064,93.418,77.58742877442273,9.167461780970505,62.57,93.418,24.587000000000003,0.010823326574894666,88.084,72.53282593250442,8.250159501057086,60.648,88.105,22.299000000000007,0.009713901317148155,95.756,80.42537211367673,8.91587825136248,65.844,95.756,20.409999999999997,0.010154143439285685,87.021,66.75841154529307,4.584119899516992,62.786,87.021,22.912999999999997,0.0039640919095620415,63.478,63.641644227353474,0.36647328688048064,62.843,65.085,-0.6769999999999996,-0.00011141374061360399,63.146,63.3568918294849,0.3500080533378944,62.723,64.899,-0.9500000000000028,-0.00017504578868378888,0.168,0.17192824156305506,0.09455868042141401,0.002,0.49,0.09300000000000001,1.636609415538513e-05,0.246,0.27177850799289516,0.13572781402624942,0.002,0.807,0.05099999999999999,-8.889136174936052e-06,0.556,0.5034110124333925,0.12910747202921047,0.144,0.946,0.24400000000000005,6.444254301790979e-05,0.87,0.6300891651865009,1.77119149403267,-2.166,6.924,-5.991,0.0006212205966961694,499.193,503.93448436944936,9.85042226669414,496.411,543.827,-13.936000000000035,-0.00631336454787849,6.428,6.653797868561279,0.35035364548939,5.882,7.38,-0.45500000000000007,1.065901996356145e-05,210.0,188.70159857904085,50.462223616626154,0.0,210.0,0.0,0.02992035498070755,24.0,21.587744227353465,7.396260979368072,0.0,39.0,1.5,0.003288522643136541,19.5,17.503907637655416,6.1179133717651935,0.0,36.0,-3.0,0.001478110296608701,21.000000000000004,17.770603907637657,5.812499096965295,0.0,31.5,3.0000000000000036,0.0028740962191390203,15.0,13.944404973357017,4.600537358777289,0.0,24.0,1.5,0.0022288776036170545,0.0,0.0,0.0,0.0,0.0,0.0,0.0,1.0,1.0,0.0,1.0,1.0,0.0,4.08131186848952e-19,1.0,1.0,0.0,1.0,1.0,0.0,4.08131186848952e-19,1.0,0.7996447602131439,0.40026618352892057,0.0,1.0,0.0,0.0003105367863228206,1.0,1.0,0.0,1.0,1.0,0.0,4.08131186848952e-19,0.0,4.62202486678508,8.417668014282292,0.0,33.0,-1.0,-0.0027522040454574684,4.72,4.653986145648313,2.1771603110744078,0.0,12.607,-3.3999999999999995,0.0003622651383567684,2.36,2.101988454706927,1.2231953974122534,0.0,6.303,-1.6999999999999997,0.0004983899669965215
batch_dist_ternary_butan-1-ol+propan-2-ol+water__operating_point_004__train_normal_experiment_001,batch_dist_ternary_butan-1-ol+propan-2-ol+water,operating_point_004,train_normal_experiment_001,0.1,384,63.98333333333333,0.6628950621746553,1.0,1.0,0.0,1.0,1.0,0.0,-5.905678134825779e-19,1.0,1.0,0.0,1.0,1.0,0.0,-5.905678134825779e-19,421.377,397.1646236979166,19.687736114614175,350.544,421.377,70.83300000000003,0.1718324904737887,82.814,81.67911848958333,0.4918393420967635,80.828,82.814,1.9639999999999986,0.004229325843053876,79.541,79.42036718749999,1.0062216044473868,77.697,80.785,1.8019999999999925,0.007951557148791174,72.455,70.90588932291666,0.6456233241471958,70.007,72.476,2.4269999999999925,0.0051384827680477346,76.062,74.26030729166666,0.7598058247005711,73.402,76.105,2.2349999999999994,0.004099673099420002,69.994,68.62981901041667,0.573855310259095,67.783,70.037,2.1899999999999977,0.004604875163185319,77.215,76.47604557291668,0.28554217413469346,75.898,77.215,0.9350000000000023,0.0008426237559763018,64.633,65.52490494791667,0.4731494758656879,64.402,65.997,-0.5660000000000025,-0.0016202466960259648,63.33,64.29536848958332,0.6247604261850179,63.309,65.276,-0.10600000000000165,0.002079639815960757,63.23,64.13713541666665,0.6038926482584962,63.23,65.09,-0.10600000000000165,0.002375459780102322,0.303,0.15420703125,0.059041636328553686,0.004,0.303,0.176,0.00039106554753992747,0.441,0.3017825520833333,0.09459335381619156,0.11,0.595,0.15999999999999998,0.00024311712683530538,0.442,0.6568919270833333,0.16395218326807875,0.326,0.99,0.016000000000000014,0.0006212930957749823,1.997,1.5578880208333334,0.5125112871848934,0.777,2.466,-0.1260000000000001,-0.00011434335899088126,496.833,519.65864453125,15.70953487309476,495.029,544.302,-2.5749999999999886,0.020983885072988394,6.883,6.750669270833334,0.3813529471575096,5.894,7.353,-0.4630000000000001,5.487256705436222e-05,210.0,210.0,0.0,210.0,210.0,0.0,2.256220441022644e-16,16.5,15.59765625,3.768733723923188,6.0,21.000000000000004,4.5,0.023751896765114775,12.0,11.9609375,5.710413792676827,1.5,19.5,9.0,0.026194432199654137,9.0,13.060546875,4.518381089469738,4.5,21.000000000000004,3.0,0.024534153428164514,9.0,9.69921875,3.673086153311468,1.5,16.5,1.5,0.02075495490149538,0.0,0.0,0.0,0.0,0.0,0.0,0.0,1.0,1.0,0.0,1.0,1.0,0.0,-5.905678134825779e-19,1.0,1.0,0.0,1.0,1.0,0.0,-5.905678134825779e-19,1.0,1.0,0.0,1.0,1.0,0.0,-5.905678134825779e-19,1.0,1.0,0.0,1.0,1.0,0.0,-5.905678134825779e-19,0.0,11.951822916666666,11.286786928837401,0.0,31.0,0.0,0.05551561281407888,7.533,5.554261718749999,1.4691593883770477,2.06,7.533,2.3200000000000003,-0.0013943415469973937,3.763,2.0511315104166665,0.6372554629210476,0.927,3.763,2.806,0.004364893049998303
batch_dist_ternary_butan-1-ol+propan-2-ol+water__operating_point_004__train_normal_experiment_001,batch_dist_ternary_butan-1-ol+propan-2-ol+water,operating_point_004,train_normal_experiment_001,0.2,768,63.98333333333333,0.6628950621746553,1.0,1.0,0.0,1.0,1.0,0.0,-7.134052083502624e-19,1.0,1.0,0.0,1.0,1.0,0.0,-7.134052083502624e-19,434.524,413.28917187499997,21.467397104685904,350.544,434.524,83.98000000000002,0.08863338406977628,84.609,82.72686783854166,1.1552380511669793,80.828,84.63,3.7590000000000003,0.0051612790179745545,81.901,80.05115169270833,1.0671511005736105,77.697,81.943,4.161999999999992,0.0042288707070276856,74.418,72.11323046874999,1.338940800190735,70.007,74.482,4.390000000000001,0.005914492938983414,77.936,75.46130598958332,1.3880347423908082,73.402,77.979,4.109000000000009,0.00585957741771681,71.612,69.67083138020833,1.1522058664195545,67.783,71.612,3.8079999999999927,0.005075295807757157,78.809,77.01836783854166,0.7417093374917234,75.898,78.831,2.5289999999999964,0.002708813484882297,64.465,65.03442317708334,0.6224640127937023,64.276,65.997,-0.7339999999999947,-0.0023466700100073156,63.351,63.833807291666666,0.6393075457037143,63.288,65.276,-0.08500000000000085,-0.0015614819244501956,63.23,63.694929036458326,0.6149326080776636,63.188,65.09,-0.10600000000000165,-0.0014347380021739202,0.231,0.19070898437499997,0.0590578394105601,0.004,0.304,0.10400000000000001,0.00017810062960625474,0.318,0.32372721354166667,0.08247008296918333,0.11,0.595,0.03699999999999998,8.444895094587711e-05,0.527,0.590744140625,0.13991327984550309,0.326,0.99,0.10100000000000003,-0.00017199759371667428,1.084,1.2482174479166668,0.5285876101182946,0.249,2.466,-1.0390000000000001,-0.0011248805520893538,499.211,509.39486783854164,15.132126914315707,495.029,544.302,-0.19700000000000273,-0.03750178221501397,6.428,6.764013020833333,0.3795219930252171,5.888,7.353,-0.9180000000000001,5.754175934983799e-05,210.0,210.0,0.0,210.0,210.0,0.0,-1.2908872916164382e-17,16.5,16.611328125,3.305167088981129,6.0,22.5,4.5,0.007730358037495997,15.0,12.732421875,4.541925312108455,1.5,19.5,12.0,0.007938418336941748,18.0,13.2861328125,4.056475471143125,4.5,21.000000000000004,12.0,0.0058190623235699545,9.0,9.71875,3.1707587321491366,1.5,16.5,1.5,0.004138774736234434,0.0,0.0,0.0,0.0,0.0,0.0,0.0,1.0,1.0,0.0,1.0,1.0,0.0,-7.134052083502624e-19,1.0,1.0,0.0,1.0,1.0,0.0,-7.134052083502624e-19,1.0,1.0,0.0,1.0,1.0,0.0,-7.134052083502624e-19,1.0,1.0,0.0,1.0,1.0,0.0,-7.134052083502624e-19,0.0,7.753255208333333,11.263272949219454,0.0,31.0,0.0,-0.009345832086490369,5.68,5.573050130208332,1.1721268039582042,2.06,8.787,0.46699999999999964,-0.000304664936292331,2.843,2.4038372395833334,0.6106045599135104,0.927,3.763,1.8860000000000001,0.001808114243065292
batch_dist_ternary_butan-1-ol+propan-2-ol+water__operating_point_004__train_normal_experiment_001,batch_dist_ternary_butan-1-ol+propan-2-ol+water,operating_point_004,train_normal_experiment_001,0.4,1536,63.98333333333333,0.6628950621746553,1.0,1.0,0.0,1.0,1.0,0.0,5.456243850418713e-20,1.0,1.0,0.0,1.0,1.0,0.0,5.456243850418713e-20,444.127,426.7123050130208,20.361535678993725,350.544,444.151,93.58300000000003,0.03887496142501671,91.69,85.31765462239582,3.0752121445099774,80.828,91.69,10.840000000000003,0.00685165778717125,87.335,82.28825553385417,2.5760587697344226,77.697,87.335,9.59599999999999,0.005717904982109309,80.549,74.84909309895833,3.1349468042721935,70.007,80.549,10.521,0.007039501864235407,82.392,77.84534505208333,2.749600404694535,73.402,82.435,8.564999999999998,0.006140789763864782,77.384,72.14186588541666,2.8660611840169956,67.783,77.427,9.579999999999998,0.006416441906838142,84.789,79.06953971354166,2.411463654117259,75.898,84.789,8.509,0.005239040497598301,63.835,64.54070963541666,0.6938272983857603,63.667,65.997,-1.3639999999999972,-0.0014116542031094729,63.245,63.5734697265625,0.5220025276708128,63.224,65.276,-0.1910000000000025,-0.0007137924999509723,63.209,63.46251236979166,0.4932260635010892,63.167,65.09,-0.12699999999999534,-0.000638110989260067,0.155,0.18284049479166664,0.04980889861264934,0.004,0.304,0.027999999999999997,1.633107029854252e-05,0.409,0.3548053385416667,0.07944434018635818,0.11,0.595,0.12799999999999995,6.986743192881785e-05,0.426,0.5608089192708333,0.11035029648700326,0.326,0.99,0.0,-8.469550672844017e-05,0.556,1.0977376302083333,0.4681866196128294,0.099,2.466,-1.5670000000000002,-0.00038498010329886636,498.699,504.2748238932292,11.871959593509295,495.029,544.302,-0.7090000000000032,-0.014715031651238988,6.422,6.780419596354167,0.3733426481877294,5.882,7.859,-0.9240000000000004,4.029756257297896e-05,210.0,210.0,0.0,210.0,210.0,0.0,-2.5569467526153145e-17,22.5,19.04638671875,4.0002955983134685,6.0,25.500000000000004,10.5,0.006507157312221445,16.5,13.625,3.9253595078189973,1.5,22.5,13.5,0.003079112682496253,19.5,14.5556640625,3.8574865253680404,4.5,21.000000000000004,13.5,0.0033989513419262823,12.0,11.21484375,3.130734484603563,1.5,16.5,4.5,0.003622436568710145,0.0,0.0,0.0,0.0,0.0,0.0,0.0,1.0,1.0,0.0,1.0,1.0,0.0,5.456243850418713e-20,1.0,1.0,0.0,1.0,1.0,0.0,5.456243850418713e-20,1.0,1.0,0.0,1.0,1.0,0.0,5.456243850418713e-20,1.0,1.0,0.0,1.0,1.0,0.0,5.456243850418713e-20,0.0,5.575846354166667,10.62015557145043,0.0,31.0,0.0,-0.005405980487550305,7.153,6.134298828125,1.3380648793364733,2.06,9.08,1.9399999999999995,0.0009304511086733515,1.937,2.310875325520833,0.5183055446489323,0.927,3.763,0.9800000000000001,0.0001484341447537814
batch_dist_ternary_butan-1-ol+propan-2-ol+water__operating_point_007__test_anormal_experiment_001,batch_dist_ternary_butan-1-ol+propan-2-ol+water,operating_point_007,test_anormal_experiment_001,0.1,538,89.51666666666667,0.7207174072292262,1.0,0.9925650557620818,0.08590498147428509,0.0,1.0,0.0,-4.947330770559618e-05,1.0,1.0,0.0,1.0,1.0,0.0,-7.421760744254999e-19,419.215,419.05092472118963,0.08511916205800342,418.886,419.262,0.2349999999999568,0.00039115113251606736,61.545,61.469031598513,0.05774515320792027,61.312,61.588,0.06300000000000239,0.00021215183111540636,51.5,51.39296003717472,0.044584375353358956,51.308,51.5,0.17099999999999937,0.00013477247614941942,56.368,56.46115334572491,0.049432421651862235,56.326,56.557,-0.08399999999999608,-4.555757631502311e-05,56.321,56.46899907063197,0.056701047857447444,56.321,56.575,-0.14800000000000324,-0.00011282644050847972,51.454,51.452862453531594,0.02776530762903381,51.369,51.518,0.0,8.263013358285627e-05,47.366,47.404592007434935,0.04751639700615129,47.282,47.493,0.0,-9.862343989073534e-05,44.337,44.3084842007435,0.048161460083476604,44.149,44.4,0.0,-0.0001554619899543413,44.102,44.0665250929368,0.04778525015552639,43.891,44.144,0.02099999999999369,-0.00012529194164205952,44.293,44.2751812267658,0.03762920937908529,44.167,44.335,0.021000000000000796,-0.0001082378297493513,0.125,0.14003438661710038,0.017217157402149127,0.011,0.255,-0.016999999999999987,-6.027632845945534e-06,0.546,0.5594005576208179,0.013249284881642929,0.535,0.595,-0.02299999999999991,2.752205116641955e-05,0.478,0.2771654275092937,0.1633381915751724,-0.025,1.33,0.14199999999999996,-2.9463628044877188e-05,1.851,2.0004098513011153,0.12045280799963311,1.63,2.295,-0.22299999999999986,-1.3741269011150555e-05,198.645,199.04984479553903,0.7368425363687161,196.752,201.158,0.700000000000017,-0.0005140704553074906,4.794,5.321082713754646,0.40012323977247116,4.545,5.97,-0.6800000000000006,-2.7095131969086674e-05,210.0,210.0,0.0,210.0,210.0,0.0,-2.8778697723632195e-16,15.0,15.510223048327138,0.7106384548041781,15.0,16.5,-1.5,-0.0014881871496628253,7.5,7.176579925650557,0.616870786333706,6.0,7.5,0.0,-0.0009480842752366622,7.5,7.260223048327138,0.5497021383947523,6.0,7.5,0.0,-0.0008700597829439545,4.5,4.421933085501859,0.33317552222207414,3.0,4.5,0.0,-0.00046548834142624097,0.0,0.0,0.0,0.0,0.0,0.0,0.0,1.0,1.0,0.0,1.0,1.0,0.0,-7.421760744254999e-19,1.0,1.0,0.0,1.0,1.0,0.0,-7.421760744254999e-19,1.0,1.0,0.0,1.0,1.0,0.0,-7.421760744254999e-19,1.0,1.0,0.0,1.0,1.0,0.0,-7.421760744254999e-19,0.0,3.563197026022305,13.355195534756863,0.0,54.0,0.0,0.003063761730693439,8.417,8.609551115241636,0.22249743260843166,7.992,9.242,-0.1750000000000007,0.0002684103605891271,1.983,2.022166356877323,0.04431755048262147,1.898,2.148,-0.0349999999999997,5.548614479596348e-05
batch_dist_ternary_butan-1-ol+propan-2-ol+water__operating_point_007__test_anormal_experiment_001,batch_dist_ternary_butan-1-ol+propan-2-ol+water,operating_point_007,test_anormal_experiment_001,0.2,1075,89.51666666666667,0.7207174072292262,1.0,0.9934883720930232,0.08043150259057595,0.0,1.0,0.0,-1.5841637716240958e-06,1.0,1.0,0.0,1.0,1.0,0.0,-9.412769814421112e-19,419.098,419.1715106976745,0.1433823531257788,418.886,419.45,0.117999999999995,0.0003819903375669087,61.779,61.588203720930224,0.1390945483529229,61.312,61.864,0.29700000000000415,0.00042084072730507263,51.563,51.470810697674416,0.08730070580698113,51.308,51.627,0.23400000000000176,0.00023940328704321373,56.599,56.499381860465114,0.07695301493876994,56.326,56.662,0.14699999999999847,0.00016180065327435028,56.596,56.511235348837204,0.09590196038806269,56.321,56.702,0.12699999999999534,0.00018530818022567417,51.623,51.51064046511628,0.07741290553886744,51.369,51.687,0.16899999999999693,0.00022097556958652662,47.429,47.425763255813955,0.055785827979454174,47.282,47.577,0.06300000000000239,5.548063190746438e-05,44.274,44.29903953488372,0.04189549645295416,44.149,44.4,-0.06300000000000239,-5.10552607518981e-05,44.039,44.06026697674418,0.04319513191428419,43.891,44.144,-0.04200000000000159,-3.786998555420177e-05,44.272,44.275613953488374,0.03210570174236888,44.167,44.335,0.0,-1.3485078191561167e-05,0.129,0.14082186046511627,0.017325720530110913,0.011,0.258,-0.012999999999999984,2.114824826744022e-06,0.554,0.5603874418604652,0.015792546975315576,0.492,0.599,-0.014999999999999902,1.0308438618241996e-05,0.208,0.2821888372093023,0.15277463769194063,-0.026,1.33,-0.12800000000000003,4.704546211940637e-06,1.77,2.002016279069767,0.12218000051436226,1.63,2.295,-0.3039999999999998,1.6530748956885742e-06,198.87,199.0518395348837,0.6908912010532537,196.752,201.158,0.9250000000000114,-5.135516517083982e-05,5.859,5.302146976744186,0.42122379985065816,4.444,6.381,0.3849999999999998,-0.00010855590431844648,210.0,210.0,0.0,210.0,210.0,0.0,-2.3996314645840057e-16,15.0,15.293023255813953,0.594703501984914,15.0,16.5,-1.5,-0.0008854412934504011,7.5,7.230697674418605,0.5756993536634769,6.0,7.5,0.0,-0.00019822815145958354,7.5,7.350697674418605,0.4490682620137834,6.0,7.5,0.0,7.767715225310655e-05,4.5,4.4148837209302325,0.347029735962163,3.0,4.5,0.0,-0.00016684432161809091,0.0,0.0,0.0,0.0,0.0,0.0,0.0,1.0,1.0,0.0,1.0,1.0,0.0,-9.412769814421112e-19,1.0,1.0,0.0,1.0,1.0,0.0,-9.412769814421112e-19,1.0,1.0,0.0,1.0,1.0,0.0,-9.412769814421112e-19,1.0,1.0,0.0,1.0,1.0,0.0,-9.412769814421112e-19,54.0,3.466046511627907,13.183199692691131,0.0,54.0,54.0,0.000262893909807954,8.417,8.62565069767442,0.23009475517703215,7.983,9.292,-0.1750000000000007,0.00011198406852860722,1.983,2.0250041860465116,0.04561183272795115,1.897,2.158,-0.0349999999999997,2.097346380789416e-05
batch_dist_ternary_butan-1-ol+propan-2-ol+water__operating_point_007__test_anormal_experiment_001,batch_dist_ternary_butan-1-ol+propan-2-ol+water,operating_point_007,test_anormal_experiment_001,0.4,2149,89.51666666666667,0.7207174072292262,1.0,0.993485342019544,0.08045009143471314,0.0,1.0,0.0,-4.268220024688381e-07,1.0,1.0,0.0,1.0,1.0,0.0,2.4201880560924734e-20,401.088,416.35157328990226,5.740083225032224,400.995,419.45,-17.891999999999996,-0.006428854027056478,61.821,61.63147673336436,0.13051455569883372,61.312,61.885,0.33899999999999864,0.00013185853897620497,51.542,51.52890134946487,0.09482092079309137,51.308,51.712,0.21300000000000097,0.00010907704518020293,56.641,56.53975244299675,0.07526312552680968,56.326,56.725,0.18900000000000006,8.509601651134317e-05,56.575,56.54882456956724,0.10696085131777797,56.321,56.786,0.10600000000000165,5.979003078012063e-05,51.623,51.535275244299676,0.06885737460643071,51.369,51.687,0.16899999999999693,7.50264469432148e-05,47.472,47.46888157282457,0.1343084074297697,47.029,47.787,0.10600000000000165,6.592414308985084e-05,44.128,44.28314285714286,0.04676299182872094,44.066,44.4,-0.20900000000000318,-3.6049555001788315e-05,43.891,44.0497168450442,0.04779278723786049,43.87,44.144,-0.19000000000000483,-2.5631641850650506e-05,44.125,44.26902442996742,0.03799451643853618,44.104,44.335,-0.14699999999999847,-1.6471606391768642e-05,0.12,0.13903699395067476,0.01865927012384568,0.005,0.258,-0.021999999999999992,-3.6180854760029595e-06,0.535,0.5607675663099116,0.047771168369582236,0.464,0.809,-0.03399999999999992,-1.2957796070135759e-07,0.022,0.2657412750116333,0.14710787906268097,-0.071,1.396,-0.314,-3.520967328589405e-05,0.075,1.5177833876221496,0.9028973349437642,-0.811,2.316,-1.9989999999999999,-0.0010326309525875114,198.852,199.0055623545835,0.7366765501408666,195.307,201.158,0.9070000000000107,-0.0001116142716460439,5.46,5.25147184737087,0.41493885136338016,4.44,6.381,-0.014000000000000234,-7.451172802273471e-05,189.0,205.0260586319218,8.928195562181772,189.0,210.0,-21.0,-0.01059797823002236,13.5,15.13366682177757,0.5780886275922654,13.5,16.5,-3.0,-0.00041405301165543015,7.5,7.233015355979525,0.5735280431129518,6.0,7.5,0.0,-5.8261203336967886e-05,7.5,7.367729176361098,0.4250281343878765,6.0,7.5,0.0,1.523682001165044e-05,4.5,4.43438808748255,0.30677833318534325,3.0,4.5,0.0,-9.458399757257068e-06,0.0,0.0,0.0,0.0,0.0,0.0,0.0,1.0,1.0,0.0,1.0,1.0,0.0,2.4201880560924734e-20,1.0,1.0,0.0,1.0,1.0,0.0,2.4201880560924734e-20,1.0,1.0,0.0,1.0,1.0,0.0,2.4201880560924734e-20,1.0,1.0,0.0,1.0,1.0,0.0,2.4201880560924734e-20,0.0,3.44253140995812,13.1668985920678,0.0,54.0,0.0,-7.835146107641541e-06,8.317,8.619751279664962,0.6011101650916729,7.425,12.242,-0.27500000000000036,-2.8543755875221942e-05,1.963,2.023493950674732,0.11959939514640193,1.812,2.748,-0.054999999999999716,-6.113685309941176e-06
batch_dist_ternary_butan-1-ol+propan-2-ol+water__operating_point_008__test_anormal_experiment_001,batch_dist_ternary_butan-1-ol+propan-2-ol+water,operating_point_008,test_anormal_experiment_001,0.1,863,143.78333333333333,0.6431476053470059,1.0,1.0,0.0,1.0,1.0,0.0,1.354647071204773e-18,1.0,1.0,0.0,1.0,1.0,0.0,1.354647071204773e-18,411.122,408.66196118192346,1.8886560698632462,404.499,411.169,6.600000000000023,0.007347132773196992,60.4,59.55072305909617,0.30556971715256726,59.275,60.421,1.0189999999999984,0.0009938470702092765,49.799,49.204971610660486,0.49644200294486046,48.715,49.99,0.9780000000000015,0.0017335084170580987,55.465,55.036239860950175,0.329472049234626,54.478,55.591,-0.10499999999999687,-0.0003256701227484574,55.474,54.931387022016224,0.3148740661922238,54.459,55.538,0.35899999999999466,0.00032449976131992037,50.418,49.92115295480881,0.3137252421941253,49.361,50.439,0.04299999999999926,-0.00016174624213272315,46.756,45.72056083429895,0.8985639447859524,44.525,47.893,1.453000000000003,0.0025388118219536442,43.649,43.343537079953656,0.49763120551423906,42.481,44.379,0.5420000000000016,0.0015129960696199127,43.471,43.13068018539977,0.5476351246040387,42.357,44.207,0.8189999999999955,0.0018026478741191346,43.641,43.232439165701045,0.5735938068193832,42.571,44.314,0.8810000000000002,0.0019288757865017609,0.202,0.2046268829663963,0.10281237259518071,0.064,0.413,0.137,0.000307042162510377,0.699,0.6297265353418308,0.11231492030752459,0.028,2.053,0.05999999999999994,-8.717265876184179e-06,-0.122,0.16526245654692934,0.36806913238555417,-0.388,2.769,-0.538,-1.3178477672059628e-05,2.012,2.0276106604866744,0.39864758943009826,0.669,3.133,0.01200000000000001,0.00019359416527237435,199.543,196.3695648899189,2.808016055175849,189.133,202.459,6.722000000000008,-0.0012349583463650753,3.906,3.9287178447276943,0.3313343577102963,2.924,4.883,0.0040000000000000036,-3.181009727334248e-05,210.0,210.0,0.0,210.0,210.0,0.0,-6.618424180676364e-17,18.0,19.716396292004635,0.8892303313732755,18.0,21.000000000000004,-1.5,0.0009677241927519492,6.0,7.206257242178447,1.0672824300561903,6.0,9.0,-1.5,0.00039925799316940184,6.0,6.992468134414832,1.189504138719061,6.0,9.0,-1.5,0.002778562860540627,4.5,4.611239860950174,1.3934526479145426,3.0,7.5,0.0,0.002785088102529094,0.0,0.0,0.0,0.0,0.0,0.0,0.0,1.0,1.0,0.0,1.0,1.0,0.0,1.354647071204773e-18,1.0,1.0,0.0,1.0,1.0,0.0,1.354647071204773e-18,1.0,1.0,0.0,1.0,1.0,0.0,1.354647071204773e-18,1.0,1.0,0.0,1.0,1.0,0.0,1.354647071204773e-18,0.0,6.402665121668598,16.993091223440807,0.0,53.0,0.0,-0.012593166266227777,11.28,10.223574739281576,1.2083191004803056,6.08,13.04,0.8699999999999992,0.00011285849436771923,0.0,0.0,0.0,0.0,0.0,0.0,0.0
batch_dist_ternary_butan-1-ol+propan-2-ol+water__operating_point_008__test_anormal_experiment_001,batch_dist_ternary_butan-1-ol+propan-2-ol+water,operating_point_008,test_anormal_experiment_001,0.2,1726,143.78333333333333,0.6431476053470059,1.0,1.0,0.0,1.0,1.0,0.0,-4.373530795781424e-19,1.0,1.0,0.0,1.0,1.0,0.0,-4.373530795781424e-19,414.357,410.7597940324449,2.5656124348792937,404.499,414.357,9.835000000000036,0.00501074203169651,60.845,60.016497103128614,0.541892815842606,59.275,60.866,1.4639999999999986,0.0010319325545972689,50.224,49.59117786790266,0.5312890334072984,48.715,50.245,1.4029999999999987,0.000948881463270047,55.36,55.18358053302434,0.2824042432547549,54.478,55.591,-0.21000000000000085,0.0002063876547026438,55.305,55.10964252607184,0.2917781408060784,54.459,55.538,0.18999999999999773,0.0003592200663357942,50.206,50.0605564889919,0.27434862152219,49.361,50.46,-0.16899999999999693,0.000195606611620088,48.904,46.90067294322133,1.4235366533713028,44.525,49.03,3.601000000000006,0.0026828599195494723,44.754,43.66791309385863,0.5201910046543834,42.481,44.754,1.6469999999999985,0.000887590995863592,43.891,43.386239281575904,0.4722124338295368,42.357,44.207,1.2389999999999972,0.0006994314276026511,43.935,43.520202491309384,0.5040243092682207,42.571,44.314,1.1750000000000043,0.0007709144906814164,0.663,0.3053082271147161,0.18777623996087506,0.005,2.233,0.5980000000000001,0.00025186929820433796,0.193,0.479388180764774,0.23170087115883573,0.004,2.053,-0.446,-0.0003338816215291694,0.123,0.1891173232908459,0.49260836694268906,-0.388,3.916,-0.293,2.244557701905895e-05,2.419,2.1109214947856314,0.7573870859220666,0.121,4.474,0.41900000000000004,5.695853316161765e-05,199.058,196.53654548088065,2.6056940956809123,188.604,202.459,6.236999999999995,0.00019518809454923062,3.556,3.9050367902665126,0.3257226166681777,2.924,4.883,-0.3460000000000001,-5.3234959847251653e-05,210.0,210.0,0.0,210.0,210.0,0.0,-1.4212484762824543e-16,16.5,18.68438586326767,1.3882695738315172,16.5,21.000000000000004,-3.0,-0.002023217679117179,6.0,6.829084588644264,0.9729704352813952,6.0,9.0,-1.5,-0.0006485625418055718,6.0,6.836906141367323,1.0039649318924517,6.0,9.0,-1.5,8.053274719791459e-05,4.5,4.469582850521437,1.051271949245392,3.0,7.5,0.0,0.0002011305798850813,0.0,0.0,0.0,0.0,0.0,0.0,0.0,1.0,1.0,0.0,1.0,1.0,0.0,-4.373530795781424e-19,1.0,1.0,0.0,1.0,1.0,0.0,-4.373530795781424e-19,1.0,1.0,0.0,1.0,1.0,0.0,-4.373530795781424e-19,1.0,1.0,0.0,1.0,1.0,0.0,-4.373530795781424e-19,0.0,4.6906141367323295,14.852242281271357,0.0,53.0,0.0,-0.004725045255547371,9.335,8.10903968713789,3.2625079371543353,0.0,13.04,-1.0749999999999993,-0.004495089614487479,9.35,2.304290266512167,3.1520324369875747,0.0,10.36,9.35,0.00514545115564609
batch_dist_ternary_butan-1-ol+propan-2-ol+water__operating_point_008__test_anormal_experiment_001,batch_dist_ternary_butan-1-ol+propan-2-ol+water,operating_point_008,test_anormal_experiment_001,0.4,3452,143.78333333333333,0.6431476053470059,1.0,1.0,0.0,1.0,1.0,0.0,-1.153956323962843e-19,1.0,1.0,0.0,1.0,1.0,0.0,-1.153956323962843e-19,415.506,413.0235563441483,2.911635269646678,404.499,415.834,10.98399999999998,0.002660620878610438,62.224,60.78387804171494,0.9047741774514543,59.275,62.288,2.8429999999999964,0.0008938044870931523,52.414,50.45210718424102,1.070108457001255,48.715,52.606,3.5930000000000035,0.0010470141703406845,57.44,55.714146292004635,0.7350190486772871,54.478,57.503,1.8699999999999974,0.0006517969559867872,57.506,55.71993511008111,0.8084619923090397,54.459,57.527,2.3909999999999982,0.0007471944580456806,52.575,50.664053881807654,0.8094464991510113,49.361,52.618,2.200000000000003,0.000726408910613018,51.011,48.524137311703356,1.9443126025664996,44.525,51.159,5.7080000000000055,0.0018599260077697287,46.966,44.974204519119354,1.4014148637704422,42.481,47.196,3.8590000000000018,0.0013571782472301568,44.543,44.16147870799537,0.9118792590458108,42.357,45.7,1.8909999999999982,0.000792596786612989,43.935,43.72740396871379,0.4245751456360785,42.571,44.419,1.1750000000000043,0.00028947171408636775,0.69,0.3393638470451912,0.1839853178717924,0.004,2.233,0.625,4.341640985609225e-05,0.314,0.3784765353418308,0.21879990912147357,0.004,2.053,-0.325,-0.00011250995461708956,-0.148,0.17421190614136733,0.5283549459784924,-0.388,3.916,-0.564,-1.302883746989049e-05,2.565,2.066415266512167,0.8411457178259161,-0.091,4.474,0.565,1.4453209536540874e-05,198.313,196.12974044032447,2.7237695028373934,188.057,202.459,5.49199999999999,-0.00040380618866866087,3.643,3.846942641946698,0.31821974361572164,2.732,4.883,-0.25900000000000034,-6.574760234787627e-05,210.0,210.0,0.0,210.0,210.0,0.0,-1.2489435906901548e-17,16.5,17.111384704519118,1.960108583933279,13.5,21.000000000000004,-3.0,-0.0015577632566672523,6.0,6.857111819235226,0.863380120891807,6.0,9.0,-1.5,-3.4951592933355915e-05,7.5,7.139774044032445,0.8823350104197945,6.0,9.0,0.0,0.00033892773984560746,4.5,4.757242178447277,0.9456468455048803,3.0,7.5,0.0,0.0003397622101251283,0.0,0.0,0.0,0.0,0.0,0.0,0.0,1.0,1.0,0.0,1.0,1.0,0.0,-1.153956323962843e-19,1.0,1.0,0.0,1.0,1.0,0.0,-1.153956323962843e-19,1.0,1.0,0.0,1.0,1.0,0.0,-1.153956323962843e-19,1.0,1.0,0.0,1.0,1.0,0.0,-1.153956323962843e-19,0.0,3.4661066048667437,12.925033809557583,0.0,53.0,0.0,-0.0017669356085272326,10.33,6.817891077636153,3.167080388145891,0.0,13.04,-0.08000000000000007,-0.0014595755176207825,4.925,3.870915411355736,3.381861367228897,0.0,10.865,4.925,0.0017665744321119143
batch_dist_ternary_butan-1-ol+propan-2-ol+water__operating_point_008__test_anormal_experiment_002,batch_dist_ternary_butan-1-ol+propan-2-ol+water,operating_point_008,test_anormal_experiment_002,0.1,631,105.11666666666666,0.4951805548141248,1.0,0.9968304278922345,0.05620966038341743,0.0,1.0,0.0,-8.454102819085058e-06,1.0,1.0,0.0,1.0,1.0,0.0,1.1738908983866078e-18,409.272,402.40901267828843,7.9333268231681355,385.857,410.606,-0.16300000000001091,0.0013504648562466,59.36,59.37995324881141,0.8707240692137473,58.427,60.718,-1.294000000000004,-0.004039682770538432,53.246,50.47453407290016,0.8313683301308659,49.926,53.246,3.277000000000001,0.0032393412868768623,54.353,54.54005863708399,0.9783511727206705,53.366,55.906,-1.5319999999999965,-0.004733210127919667,54.649,54.50812123613312,1.036740613558952,53.19,55.897,-1.1850000000000023,-0.004658454389398844,49.149,49.63430903328051,0.913958898879345,48.367,50.777,-1.5859999999999985,-0.004699524420893959,48.019,47.82323137876387,0.3945439768054251,47.114,48.504,0.7789999999999964,0.0014764340689835415,44.984,44.82608320126783,0.10939877752001591,44.65,45.025,0.08400000000000318,0.00012164066433010843,44.207,44.2520618066561,0.038719256288214675,44.165,44.333,-0.10499999999999687,-0.00013971744668901364,44.377,44.44311172741679,0.03028565463599527,44.377,44.545,-0.16799999999999926,-0.00011404792473268635,0.318,0.28492947702060223,0.10037054258547377,0.018,2.014,-0.018000000000000016,6.392486260888822e-05,0.344,0.3569405705229794,0.15083181680076965,0.183,2.343,0.04799999999999999,-0.00010935217213126561,0.102,0.14661410459587954,0.110737999671596,-0.098,0.54,-0.14600000000000002,9.531690467115275e-06,2.062,1.9084849445324883,0.4072236496121558,0.827,2.475,0.2649999999999999,0.0007016948565620547,198.663,199.1517171156894,0.5934028494768753,197.703,200.323,-0.42199999999999704,3.034349449638235e-05,7.286,7.334209191759113,0.3853703878025241,6.369,8.204,0.4629999999999992,-4.850309840480917e-05,210.0,200.01584786053883,44.68767901047155,0.0,210.0,0.0,0.04769403598868591,22.5,12.663232963549921,4.582694486386112,0.0,22.5,7.5,0.013057075224320305,15.0,6.458795562599049,4.020830997328411,0.0,15.0,7.5,0.012848230226713246,16.5,6.0879556259904914,4.090665897449981,0.0,16.5,9.0,0.01352986017773676,13.5,3.6323296354992074,3.7756414376036753,0.0,13.5,9.0,0.010715646968129464,0.0,0.0,0.0,0.0,0.0,0.0,0.0,1.0,1.0,0.0,1.0,1.0,0.0,1.1738908983866078e-18,1.0,1.0,0.0,1.0,1.0,0.0,1.1738908983866078e-18,1.0,1.0,0.0,1.0,1.0,0.0,1.1738908983866078e-18,1.0,1.0,0.0,1.0,1.0,0.0,1.1738908983866078e-18,0.0,2.781299524564184,11.8869356121687,0.0,54.0,0.0,-0.0006151434474971555,5.445,5.428050713153724,1.792564394260582,3.875,13.32,0.4350000000000005,-0.0013198427107006057,4.145,3.5486014263074486,0.9192660520756535,0.0,4.38,0.4349999999999996,0.0014634381546556304
batch_dist_ternary_butan-1-ol+propan-2-ol+water__operating_point_008__test_anormal_experiment_002,batch_dist_ternary_butan-1-ol+propan-2-ol+water,operating_point_008,test_anormal_experiment_002,0.2,1262,105.11666666666666,0.4951805548141248,1.0,0.9976228209191759,0.04869833775850856,0.0,1.0,0.0,1.7105197000355195e-06,1.0,1.0,0.0,1.0,1.0,0.0,-7.425992404833932e-19,414.474,407.35436568938195,7.538390106499457,385.857,414.474,5.038999999999987,0.01283380555518334,62.224,61.62272781299524,2.8471406228757457,58.427,67.238,1.5699999999999932,0.005868937680486471,50.628,52.692124405705236,3.5184876398483618,49.926,61.439,0.6589999999999989,0.004474191557865213,60.067,57.19430269413628,3.3611380269588,53.366,63.265,4.182000000000002,0.007311499805136583,60.196,57.47363708399366,3.6562340675730147,53.19,64.097,4.361999999999995,0.008091014188951945,57.255,52.54587559429477,3.7789334072052867,48.367,59.354,6.520000000000003,0.008431564780048308,48.44,48.0439148177496,0.3681272234014721,47.114,48.525,1.1999999999999957,0.000797091945457907,45.61,45.03400356576862,0.25050668342804583,44.65,45.61,0.7100000000000009,0.0006205367887845327,44.228,44.231153328050716,0.038096581336469953,44.102,44.333,-0.08399999999999608,-6.668542098776784e-05,44.44,44.42597226624405,0.03159905725537173,44.335,44.545,-0.10500000000000398,-5.478027104252269e-05,0.339,0.30627297939778125,0.07437853300267705,0.018,2.014,0.0030000000000000027,6.279569918986806e-05,0.357,0.3543684627575277,0.10683972275707956,0.183,2.343,0.061,-1.5688555331510933e-05,0.266,0.16929397781299527,0.11683056064378798,-0.098,0.6,0.018000000000000016,5.9121071512765767e-05,2.005,1.96630705229794,0.30153574987493986,0.827,2.475,0.20799999999999996,0.00022174729461980292,198.564,199.13174881141046,0.5912404040916367,197.703,200.44,-0.521000000000015,-3.274368156937804e-05,7.286,7.348877179080824,0.3901472622768099,6.369,8.212,0.4629999999999992,3.888957885156722e-05,210.0,205.0079239302694,31.99086043165214,0.0,210.0,0.0,0.017828809522678613,7.5,14.985736925515056,9.708070199200172,0.0,31.5,-7.5,0.00119334272539002,0.0,8.577456418383518,6.945479959381296,0.0,19.5,-7.5,0.0022130609845260013,0.0,8.803288431061807,7.802635727062507,0.0,21.000000000000004,-7.5,0.003173889453517944,0.0,6.706616481774961,6.8533678403145,0.0,16.5,-4.5,0.004706013591120851,0.0,0.0,0.0,0.0,0.0,0.0,0.0,1.0,1.0,0.0,1.0,1.0,0.0,-7.425992404833932e-19,1.0,1.0,0.0,1.0,1.0,0.0,-7.425992404833932e-19,1.0,1.0,0.0,1.0,1.0,0.0,-7.425992404833932e-19,1.0,1.0,0.0,1.0,1.0,0.0,-7.425992404833932e-19,54.0,3.0594294770206023,12.460795661498095,0.0,54.0,54.0,0.0006490750591597282,5.7,5.476824484944533,1.272149607518394,3.875,13.32,0.6900000000000004,1.1517596332575381e-05,4.4,3.887187004754358,0.7392430522545068,0.0,4.575,0.6900000000000004,0.0010481079157982842
batch_dist_ternary_butan-1-ol+propan-2-ol+water__operating_point_008__test_anormal_experiment_002,batch_dist_ternary_butan-1-ol+propan-2-ol+water,operating_point_008,test_anormal_experiment_002,0.4,2524,105.11666666666666,0.4951805548141248,1.0,0.9980190174326465,0.044464123463993414,0.0,1.0,0.0,9.914591410903615e-07,1.0,1.0,0.0,1.0,1.0,0.0,2.2158071807098255e-19,417.008,411.7628248811411,6.933891518974656,385.857,417.102,7.572999999999979,0.007069860265644447,61.567,61.36179179873216,2.0413977464588617,58.427,67.238,0.9129999999999967,0.00048506983975134374,51.585,51.87518442947702,2.6262547411270716,49.926,61.439,1.6159999999999997,-0.0003156108527349062,55.969,56.40975515055468,2.6732984039664154,53.366,63.265,0.08400000000000318,-0.00020301222153435846,56.173,56.50675336767037,2.908345639712075,53.19,64.097,0.33899999999999864,-0.0002461604705538959,49.656,51.77593839144215,3.35061551451924,48.008,59.354,-1.0790000000000006,-0.0006869955653566039,49.241,48.43243819334389,0.4928624095402102,47.114,49.304,2.0009999999999977,0.0006345700435937886,47.488,45.77554516640254,0.8650356809627913,44.65,47.509,2.588000000000001,0.001156761681003497,44.312,44.2324720681458,0.045524010491409465,44.06,44.333,0.0,4.901944709586793e-06,44.398,44.41098355784469,0.037238116557401384,44.251,44.545,-0.14699999999999847,-2.3883615421240988e-05,0.337,0.3184805863708399,0.05442044291682255,0.018,2.014,0.0010000000000000009,2.2367442108739996e-05,0.36,0.35421315372424717,0.07653759919186141,0.183,2.343,0.064,-2.3264098053629208e-06,0.224,0.1825790412044374,0.11966638613410235,-0.111,0.778,-0.023999999999999994,2.373523238494382e-05,2.002,1.9821626386687798,0.2293935969905526,0.827,2.475,0.20499999999999985,4.912270792007328e-05,198.726,199.08242234548337,0.6471837408996243,196.895,200.44,-0.35900000000000887,-5.368102192167428e-05,7.111,7.317490689381933,0.4022169091044933,6.222,8.212,0.28799999999999937,-7.194358940784772e-05,210.0,207.50396196513472,22.758246449369018,0.0,210.0,0.0,0.005195365307262537,12.0,13.712757527733755,7.017876743063164,0.0,31.5,-3.0,-0.0012791423732901029,7.5,6.91283676703645,5.5394850882627695,0.0,19.5,0.0,-0.0009754077273101532,7.5,7.070027733755943,6.184576282559173,0.0,21.000000000000004,0.0,-0.0007684279445128395,4.5,4.165114896988906,5.721766308895642,0.0,16.5,0.0,-0.0017742074572466816,0.0,0.0,0.0,0.0,0.0,0.0,0.0,1.0,1.0,0.0,1.0,1.0,0.0,2.2158071807098255e-19,1.0,1.0,0.0,1.0,1.0,0.0,2.2158071807098255e-19,1.0,1.0,0.0,1.0,1.0,0.0,2.2158071807098255e-19,1.0,1.0,0.0,1.0,1.0,0.0,2.2158071807098255e-19,0.0,2.9845483359746434,12.304129371796341,0.0,54.0,0.0,4.166031456793108e-05,5.7,5.51763470681458,0.9057916755571288,3.875,13.32,0.6900000000000004,4.9964144964163176e-05,4.4,4.072527733755943,0.5633939754877947,0.0,4.745,0.6900000000000004,0.00035138533466252025
batch_dist_ternary_butan-1-ol+propan-2-ol+water__operating_point_009__test_anormal_experiment_001,batch_dist_ternary_butan-1-ol+propan-2-ol+water,operating_point_009,test_anormal_experiment_001,0.1,736,122.53333333333332,0.7527630574755655,1.0,1.0,0.0,1.0,1.0,0.0,-2.6865602010857607e-19,1.0,1.0,0.0,1.0,1.0,0.0,-2.6865602010857607e-19,417.008,413.8093756793478,2.468613224850298,408.522,417.031,8.438999999999965,0.011380630417024293,76.37,75.85899252717391,0.3193765872693051,75.24,76.434,1.0660000000000025,0.001495935696708068,66.59,66.25970584239131,0.19379648132797883,65.928,66.612,0.6410000000000053,0.0009066907963410011,71.758,71.69138247282609,0.051476528577870106,71.568,71.822,0.06300000000000239,0.00012974542318259946,71.785,71.53787567934782,0.11787794428212311,71.381,71.807,0.3819999999999908,0.0004912966500683218,66.805,66.6020101902174,0.07262767219484759,66.465,66.805,0.27600000000001046,0.00028988319724680727,65.717,65.63003600543479,0.0855210555679502,65.484,65.844,-0.021000000000000796,-9.789098740784494e-05,65.074,65.80505706521738,0.4658516279575886,65.074,66.564,-1.4690000000000083,-0.002178291780991812,64.493,65.39472690217391,0.569788127584329,64.451,66.567,-2.073999999999998,-0.002666020335926206,63.526,64.70568682065218,0.5603911508333111,63.526,65.597,-2.070999999999991,-0.002618984845575253,0.251,0.3331209239130435,0.12377147506776645,0.006,0.564,-0.31299999999999994,-6.99865398345048e-05,0.415,0.23708084239130436,0.1333775846285859,0.004,0.443,0.10299999999999998,0.00010160643854615801,0.425,0.501179347826087,0.08007162491773208,0.311,0.722,0.08299999999999996,-5.931132231076604e-05,2.253,2.194055706521739,0.8065116682018285,0.383,4.395,0.3460000000000001,-0.00010452586025265747,448.448,448.8187248641304,0.7422494211331776,446.887,450.674,-1.0769999999999982,8.111849851802545e-05,2.927,3.291665081521739,0.44147743583181537,2.664,3.964,-0.629,6.87271700905034e-05,210.0,210.0,0.0,210.0,210.0,0.0,7.624755920059903e-17,19.5,19.86888586956522,0.6412003502402029,19.5,21.000000000000004,0.0,0.0010202802435350911,9.0,9.156929347826088,0.45742613493471745,9.0,10.500000000000002,0.0,8.327574437244592e-05,10.500000000000002,10.155570652173912,0.628454756428684,9.0,10.500000000000002,0.0,0.000842938349311769,7.5,7.004755434782608,0.7032372311185839,6.0,7.5,1.5,0.0004185006844458116,0.0,0.0,0.0,0.0,0.0,0.0,0.0,1.0,1.0,0.0,1.0,1.0,0.0,-2.6865602010857607e-19,1.0,1.0,0.0,1.0,1.0,0.0,-2.6865602010857607e-19,1.0,1.0,0.0,1.0,1.0,0.0,-2.6865602010857607e-19,1.0,1.0,0.0,1.0,1.0,0.0,-2.6865602010857607e-19,0.0,2.494565217391304,9.045475257666178,0.0,36.0,0.0,0.0006425483295790156,7.4,4.7660597826086954,2.1576767407611577,0.0,7.9,3.075,0.0020130503708769266,3.09,4.327751358695652,2.187024514627048,0.0,7.945,-1.2350000000000003,-0.0008022201447389132
batch_dist_ternary_butan-1-ol+propan-2-ol+water__operating_point_009__test_anormal_experiment_001,batch_dist_ternary_butan-1-ol+propan-2-ol+water,operating_point_009,test_anormal_experiment_001,0.2,1471,122.53333333333332,0.7527630574755655,1.0,1.0,0.0,1.0,1.0,0.0,4.606101784441739e-19,1.0,1.0,0.0,1.0,1.0,0.0,4.606101784441739e-19,419.544,416.10296227056426,2.9412255331898143,408.522,419.662,10.974999999999966,0.006582914926677706,77.393,76.38158701563562,0.6078686197803472,75.24,77.479,2.0889999999999986,0.0014263517965191544,67.488,66.65469272603671,0.4552439351874185,65.928,67.488,1.5390000000000015,0.0010664772578185104,72.328,71.87748708361659,0.2218417466126907,71.568,72.349,0.6330000000000098,0.0004907175275528184,72.53,71.83746668932699,0.3512366091205811,71.381,72.53,1.1269999999999953,0.0008001210609344052,67.4,66.83750441876275,0.2722607784636846,66.465,67.4,0.8710000000000093,0.0006210011230130085,65.993,65.75563970088375,0.17979204987279931,65.484,66.331,0.25499999999999545,0.0003188229592741285,63.52,65.01484738273282,0.9274288366781892,63.5,66.564,-3.0230000000000032,-0.0021776020457173434,62.632,64.335423521414,1.1932322030996496,62.59,66.567,-3.934999999999995,-0.0027927287454677153,62.068,63.652635622025834,1.1627601435331052,62.005,65.597,-3.5289999999999964,-0.0027101139103411,0.46,0.334281441196465,0.12059376380655445,0.006,0.564,-0.10399999999999993,1.0269996628095846e-05,0.005,0.252319170632223,0.15039550374087393,0.004,0.48,-0.307,1.9644489560669435e-05,0.598,0.49569340584636307,0.08106416299523958,0.246,0.722,0.25599999999999995,-2.5522835527081713e-05,2.813,2.0446114887831404,0.7853669825142564,0.383,4.395,0.9060000000000001,-0.00035572987134587056,447.901,448.78349592114205,0.7911670502990784,446.698,450.754,-1.6239999999999668,-7.368311761797117e-05,3.643,3.2965560842963972,0.4397737816304518,2.664,3.964,0.08699999999999974,1.4454158691821783e-05,210.0,210.0,0.0,210.0,210.0,0.0,-1.3222974062173553e-18,19.5,20.145479265805573,0.7406188444021823,19.5,21.000000000000004,0.0,0.0007616303548582303,9.0,9.257987763426241,0.564029787761081,9.0,10.500000000000002,0.0,0.0002374913440385799,10.500000000000002,10.327668252889191,0.47672824322042406,9.0,10.500000000000002,0.0,0.0004568017760705839,7.5,7.21295037389531,0.5871417332641045,6.0,7.5,1.5,0.0005389947669133555,0.0,0.0,0.0,0.0,0.0,0.0,0.0,1.0,1.0,0.0,1.0,1.0,0.0,4.606101784441739e-19,1.0,1.0,0.0,1.0,1.0,0.0,4.606101784441739e-19,1.0,1.0,0.0,1.0,1.0,0.0,4.606101784441739e-19,1.0,1.0,0.0,1.0,1.0,0.0,4.606101784441739e-19,0.0,2.4595513256288237,8.972855178270787,0.0,36.0,0.0,0.00016103255063737424,2.09,4.88991672331747,2.398450464407508,0.0,8.31,-2.2350000000000003,0.00015943957663904122,6.435,4.291201563562202,2.0143613660689295,0.0,8.17,2.1099999999999994,0.0002199502229437876
batch_dist_ternary_butan-1-ol+propan-2-ol+water__operating_point_009__test_anormal_experiment_001,batch_dist_ternary_butan-1-ol+propan-2-ol+water,operating_point_009,test_anormal_experiment_001,0.4,2942,122.53333333333332,0.7527630574755655,1.0,1.0,0.0,1.0,1.0,0.0,-6.511499515461711e-19,1.0,1.0,0.0,1.0,1.0,0.0,-6.511499515461711e-19,424.294,419.21952498300476,3.9032403435838194,408.522,424.388,15.724999999999966,0.004441701893814722,80.145,77.49963511216859,1.3289864445369848,75.24,80.188,4.840999999999994,0.0015569017749267123,70.203,67.65299694085655,1.1976872959709222,65.928,70.224,4.254000000000005,0.0013906356416711343,75.116,72.70131050305915,1.0279466133212853,71.568,75.116,3.4210000000000065,0.0011477227109882577,75.019,72.72276478585997,1.0700741909849232,71.381,75.04,3.6159999999999997,0.0012292850182276634,70.165,67.67876614547926,1.0535240832171104,66.465,70.186,3.63600000000001,0.0011850440158088973,68.789,66.52296889870836,0.9061180838900039,65.484,68.832,3.051000000000002,0.0010079369826556425,62.891,64.2087409925221,1.0628666677487764,62.828,66.564,-3.652000000000008,-0.0011285462323411836,62.315,63.4088468728756,1.2567650807288684,62.209,66.567,-4.251999999999995,-0.0013289809280652221,61.287,62.67375407885792,1.291537296064834,61.266,65.597,-4.309999999999995,-0.0014103226788402888,0.502,0.3710955132562882,0.1251156150041652,0.005,0.662,-0.061999999999999944,3.3330266731033075e-05,0.258,0.23331203263086336,0.13758254126447234,0.004,0.48,-0.05399999999999999,-8.764149892773033e-06,0.359,0.4952313052345343,0.08464284011657836,0.246,0.745,0.01699999999999996,-7.757716592741837e-08,2.09,2.075969578518015,0.826126878049647,-0.121,4.395,0.18299999999999983,-1.6566712955194484e-06,449.354,448.7029512236574,0.8455330140942955,446.016,450.772,-0.17099999999999227,-0.00010721372471442914,2.735,3.2991939157036034,0.44624161836187204,2.498,3.984,-0.8210000000000002,6.884927440597493e-06,210.0,210.0,0.0,210.0,210.0,0.0,-2.0342449757394334e-17,21.000000000000004,20.3512066621346,0.7409499791718389,19.5,21.000000000000004,1.5000000000000036,0.0003591635447941505,10.500000000000002,9.661029911624745,0.7427761280491274,9.0,10.500000000000002,1.5000000000000018,0.0005535666961863906,12.0,10.917063222297756,0.8420234818159889,9.0,12.0,1.4999999999999982,0.0007840091458381647,9.0,7.7686947654656695,0.8710585283762694,6.0,9.0,3.0,0.0007672748662422744,0.0,0.0,0.0,0.0,0.0,0.0,0.0,1.0,1.0,0.0,1.0,1.0,0.0,-6.511499515461711e-19,1.0,1.0,0.0,1.0,1.0,0.0,-6.511499515461711e-19,1.0,1.0,0.0,1.0,1.0,0.0,-6.511499515461711e-19,1.0,1.0,0.0,1.0,1.0,0.0,-6.511499515461711e-19,36.0,2.363698164513936,8.834009026903548,0.0,37.0,36.0,-7.599552609380877e-05,4.5,4.544180829367777,2.2207850222746326,0.0,9.365,0.17499999999999982,-0.0002847099944232954,4.5,4.799423861318831,2.0333624831998387,0.0,9.625,0.17499999999999982,0.00042668636708703965
batch_dist_ternary_butan-1-ol+propan-2-ol+water__operating_point_009__test_anormal_experiment_002,batch_dist_ternary_butan-1-ol+propan-2-ol+water,operating_point_009,test_anormal_experiment_002,0.1,457,76.11666666666666,0.607867836942207,1.0,1.0,0.0,1.0,1.0,0.0,1.9374879401535862e-18,1.0,1.0,0.0,1.0,1.0,0.0,1.9374879401535862e-18,421.989,421.26076367614877,0.4234292197136045,420.508,421.989,1.4110000000000014,0.003192978223271334,82.43,82.25641575492341,0.08886015993186896,82.002,82.451,0.3850000000000051,0.0005974964506763498,71.572,71.32168490153174,0.1320069218215371,71.101,71.572,0.45000000000000284,0.0009839629160427927,76.996,77.06549562363239,0.05523674908174061,76.954,77.208,-0.16900000000001114,-0.00035427197500307065,77.17,77.1316794310722,0.03703608113157292,77.042,77.233,0.06400000000000716,0.00022891553389221632,71.995,71.94655142231947,0.07376553786661877,71.803,72.165,-0.10599999999999454,-0.00015686024038333443,65.103,64.92770131291029,0.15764439027074237,64.468,65.103,0.6349999999999909,0.0010945538312829093,62.031,61.84570568927791,0.08123903279232601,61.717,62.031,0.27299999999999613,0.0005731114781832192,60.941,60.969619256017495,0.020959440384722774,60.899,61.026,-0.021000000000000796,-4.145410119757923e-05,61.055,61.118750547045956,0.04236145037435345,61.034,61.203,-0.10499999999999687,-0.00027861844934159573,0.295,0.2938238512035011,0.011918630950072675,0.219,0.373,0.014999999999999958,7.946687976857361e-06,0.332,0.3279288840262582,0.00827560527919845,0.301,0.337,0.025000000000000022,4.330979522803957e-05,0.571,0.513394967177243,0.07287035426337231,0.286,0.725,0.009999999999999898,4.8031036905422255e-05,2.141,2.0082844638949675,0.08041463282385973,1.594,2.188,0.5469999999999999,8.550770792900945e-05,449.525,448.46784354485777,1.055676556754109,446.25,450.377,1.1579999999999586,-0.0005142633022320044,6.823,6.689455142231948,0.3957293278768061,5.848,7.306,0.4540000000000006,4.6816371095055706e-05,210.0,210.0,0.0,210.0,210.0,0.0,-1.8218395473872082e-16,18.0,18.173960612691467,0.5382932166301968,16.5,19.5,-1.5,-0.0024615181901894174,12.0,11.908096280087527,0.35973502211344177,10.500000000000002,12.0,0.0,-0.0007187286103901284,12.0,12.0,0.0,12.0,12.0,0.0,3.8440508430633475e-19,9.0,8.757111597374179,0.5525738211394096,7.5,9.0,1.5,0.0020898010316801304,0.0,0.0,0.0,0.0,0.0,0.0,0.0,1.0,1.0,0.0,1.0,1.0,0.0,1.9374879401535862e-18,1.0,1.0,0.0,1.0,1.0,0.0,1.9374879401535862e-18,1.0,1.0,0.0,1.0,1.0,0.0,1.9374879401535862e-18,1.0,1.0,0.0,1.0,1.0,0.0,1.9374879401535862e-18,0.0,3.4923413566739607,11.596632650419302,0.0,42.0,0.0,-2.1122436201437396e-05,5.11,4.992434354485777,0.11185083094073352,4.56,5.185,0.5500000000000007,0.0005569923561926752,3.81,3.691712253829322,0.11217895022647381,3.26,3.885,0.5500000000000003,0.0005583489698034629
batch_dist_ternary_butan-1-ol+propan-2-ol+water__operating_point_009__test_anormal_experiment_002,batch_dist_ternary_butan-1-ol+propan-2-ol+water,operating_point_009,test_anormal_experiment_002,0.2,914,76.11666666666666,0.607867836942207,1.0,1.0,0.0,1.0,1.0,0.0,-3.5852056469132958e-19,1.0,1.0,0.0,1.0,1.0,0.0,-3.5852056469132958e-19,423.259,421.8865131291028,0.7416878850735168,420.508,423.329,2.68100000000004,0.0027997737754342773,82.472,82.3316876367615,0.10376666020723671,82.002,82.536,0.4269999999999925,0.0003494428800652243,72.128,71.57652789934355,0.2958155983110429,71.101,72.149,1.0060000000000002,0.0011163982360157293,77.144,77.04413019693654,0.05690545064867164,76.933,77.208,-0.021000000000000796,-8.73912906645405e-05,77.34,77.18555634573303,0.08066389833589006,77.042,77.383,0.23400000000000887,0.00026598512610220685,72.165,71.99933862144421,0.0852135812380943,71.803,72.186,0.06400000000000716,0.00020122083392382062,65.4,65.09778719912472,0.2099121191553833,64.468,65.421,0.9320000000000022,0.0007605493283140584,62.534,62.06435503282276,0.2538201165737564,61.717,62.576,0.7759999999999962,0.0009411799902882599,60.899,60.95642505470459,0.02985988644739342,60.857,61.026,-0.06300000000000239,-6.243132826368678e-05,61.076,61.09081564551422,0.04308499038360927,61.013,61.203,-0.08399999999999608,-0.00013501727448394894,0.304,0.2954764770240701,0.011036752024363142,0.219,0.373,0.023999999999999966,1.1641677701620043e-05,0.339,0.329222647702407,0.009324530669257614,0.301,0.348,0.03200000000000003,1.4809175229584527e-05,0.622,0.5219070021881839,0.07564365016923494,0.286,0.725,0.06099999999999994,3.5625799627302e-05,2.07,2.0093172866520788,0.08897433423149355,1.594,2.225,0.47599999999999976,2.583943603612185e-05,448.349,448.515182166302,1.0321859547086043,446.25,450.683,-0.018000000000029104,-2.237285044360958e-05,6.829,6.687124726477023,0.3876576742543541,5.848,7.306,0.45999999999999996,-6.057591199880503e-07,210.0,210.0,0.0,210.0,210.0,0.0,-4.085700445019728e-18,18.0,17.810448577680525,0.7336643411790371,16.5,19.5,-1.5,-0.0013784874339047067,12.0,11.791575492341357,0.518841002712022,10.500000000000002,12.0,0.0,-0.0004106719625537041,13.5,12.12718818380744,0.4171211034161209,12.0,13.5,1.5,0.0007090547700524923,9.0,8.839168490153172,0.4640910365549313,7.5,9.0,1.5,0.0006479566925605422,0.0,0.0,0.0,0.0,0.0,0.0,0.0,1.0,1.0,0.0,1.0,1.0,0.0,-3.5852056469132958e-19,1.0,1.0,0.0,1.0,1.0,0.0,-3.5852056469132958e-19,1.0,1.0,0.0,1.0,1.0,0.0,-3.5852056469132958e-19,1.0,1.0,0.0,1.0,1.0,0.0,-3.5852056469132958e-19,0.0,3.5842450765864333,11.734201312726663,0.0,42.0,0.0,0.00010429165421989041,5.31,5.035867067833698,0.13433397625271984,4.56,5.35,0.75,0.0002875490129323793,4.01,3.73574124726477,0.13467067804921107,3.26,4.05,0.75,0.00028970552891533353
batch_dist_ternary_butan-1-ol+propan-2-ol+water__operating_point_009__test_anormal_experiment_002,batch_dist_ternary_butan-1-ol+propan-2-ol+water,operating_point_009,test_anormal_experiment_002,0.4,1828,76.11666666666666,0.607867836942207,1.0,1.0,0.0,1.0,1.0,0.0,-6.694286603768686e-19,1.0,1.0,0.0,1.0,1.0,0.0,-6.694286603768686e-19,425.353,423.2476556345733,1.5184286807841811,420.508,425.447,4.775000000000034,0.0028573447899287343,83.54,82.6517147155361,0.3912736727230284,82.002,83.583,1.4950000000000045,0.000710061744501377,73.519,72.17868845733041,0.6979163209852742,71.101,73.541,2.3970000000000056,0.0013176004112782193,78.518,77.42262718818381,0.46686163818798493,76.933,78.561,1.3529999999999944,0.000790396816775881,78.512,77.54438484682711,0.43623244198598965,77.042,78.554,1.406000000000006,0.0007822085138449001,73.442,72.34615043763675,0.44641206036804154,71.803,73.442,1.340999999999994,0.0007753136542458714,66.035,65.39672757111597,0.35562940192782816,64.468,66.035,1.566999999999993,0.000666876993284731,64.087,62.67051832603938,0.7051750745324431,61.717,64.087,2.3290000000000006,0.0013209763554974212,61.005,60.950294037199114,0.03164983990444025,60.857,61.026,0.04299999999999926,-1.193421570542061e-05,61.055,61.064833150984676,0.04362146395574572,60.97,61.203,-0.10499999999999687,-6.440702050915307e-05,0.278,0.30178282275711166,0.01622185798532145,0.219,0.439,-0.0020000000000000018,1.1721643168778898e-05,0.308,0.3368063457330416,0.049646510001764524,0.285,2.125,0.0010000000000000009,1.7242515775606102e-05,0.561,0.5163944201312911,0.07497642635753231,0.286,0.725,0.0,-5.113163484209499e-06,1.993,1.9979130196936543,0.1914232770334501,1.315,4.383,0.399,-3.333004102195638e-05,448.61,448.53703856673957,1.0342931518037748,446.142,450.7,0.242999999999995,-3.167099327900325e-06,6.369,6.670591083150984,0.39167235355694924,5.843,7.805,0.0,-2.698613133428628e-05,210.0,210.0,0.0,210.0,210.0,0.0,5.3239088097160095e-17,18.0,17.679978118161927,0.7222386480444415,16.5,19.5,-1.5,-0.00034415890851338774,12.0,11.840809628008753,0.4619999820910805,10.500000000000002,12.0,0.0,7.360994528470382e-05,12.0,12.432439824945295,0.6785460056824006,12.0,13.5,0.0,0.0007005556914369842,10.500000000000002,9.151394967177243,0.6671668202942845,7.5,10.500000000000002,3.0000000000000018,0.0007506041187068722,0.0,0.0,0.0,0.0,0.0,0.0,0.0,1.0,1.0,0.0,1.0,1.0,0.0,-6.694286603768686e-19,1.0,1.0,0.0,1.0,1.0,0.0,-6.694286603768686e-19,1.0,1.0,0.0,1.0,1.0,0.0,-6.694286603768686e-19,1.0,1.0,0.0,1.0,1.0,0.0,-6.694286603768686e-19,42.0,3.4808533916849016,11.568848466964692,0.0,42.0,42.0,-0.00013347917099925833,4.93,5.125834245076586,0.24749768225630298,4.44,7.72,0.3700000000000001,0.00017771311490164375,3.63,3.825730306345733,0.2470328848415182,3.14,6.42,0.3700000000000001,0.0001779968677838674
batch_dist_ternary_butan-1-ol+propan-2-ol+water__operating_point_010__test_anormal_experiment_001,batch_dist_ternary_butan-1-ol+propan-2-ol+water,operating_point_010,test_anormal_experiment_001,0.1,577,96.01666666666668,0.6667464410693288,1.0,0.9965337954939342,0.05877235687283594,0.0,1.0,0.0,1.8115616110838352e-06,1.0,1.0,0.0,1.0,1.0,0.0,-1.3378099902568757e-18,421.542,420.93926689774696,0.41273157440289576,420.038,421.612,1.3629999999999995,0.0024406276923556224,84.352,84.21736568457538,0.06344602013232903,84.096,84.395,0.06400000000000716,0.00010611406416461533,73.948,73.80835701906413,0.08765627247443335,73.648,73.969,0.27899999999999636,0.0005191312774982254,79.153,79.25076516464472,0.08226592685091433,79.068,79.47,-0.29599999999999227,-0.0004638113707100049,79.258,79.27339168110917,0.037474439123778625,79.194,79.407,-0.10600000000000875,-0.00015969630856216272,74.145,74.14452079722703,0.04678927372735032,74.039,74.294,-0.06400000000000716,-0.0002111030548676516,71.716,71.40641594454073,0.209713141426201,70.825,71.716,0.8699999999999903,0.0011245503891483466,68.098,68.00049740034663,0.05569785327813654,67.909,68.14,0.06300000000000239,0.0002633361543719847,67.35,67.41160225303292,0.02828647603172127,67.308,67.498,-0.08500000000000796,-0.00012659098836807545,67.416,67.47628596187174,0.0465172731431894,67.395,67.585,-0.12700000000000955,-0.00026256455406103535,0.28,0.2656473136915078,0.009459480159120818,0.246,0.286,0.019000000000000017,4.1603293244099516e-05,0.311,0.30213431542461006,0.010333296667825365,0.238,0.324,0.006000000000000005,3.93800074061639e-05,0.653,0.6524124783362218,0.03529230085165569,0.542,0.767,0.0020000000000000018,-9.064179754887619e-06,2.003,1.9952227036395147,0.1000193753550606,1.615,2.209,0.29400000000000004,0.00036987796571375545,599.624,598.9201481802427,0.6910862673423378,597.416,600.485,2.118000000000052,-0.00018616116226867404,7.279,7.194022530329289,0.408762709525494,6.364,8.204,-0.014000000000000234,-4.364008193755573e-05,210.0,210.0,0.0,210.0,210.0,0.0,-1.668113278789819e-16,18.0,18.054592720970536,0.2809069530517872,18.0,19.5,0.0,6.465400922310067e-06,12.0,12.0,0.0,12.0,12.0,0.0,-1.0198278059165237e-17,12.0,11.984402079722704,0.15216302211433494,10.500000000000002,12.0,0.0,9.726211822275037e-05,9.0,8.883015597920277,0.4022328340521617,7.5,9.0,0.0,0.0008666448279791001,0.0,0.0,0.0,0.0,0.0,0.0,0.0,1.0,1.0,0.0,1.0,1.0,0.0,-1.3378099902568757e-18,1.0,1.0,0.0,1.0,1.0,0.0,-1.3378099902568757e-18,1.0,1.0,0.0,1.0,1.0,0.0,-1.3378099902568757e-18,1.0,1.0,0.0,1.0,1.0,0.0,-1.3378099902568757e-18,0.0,2.3960138648180243,8.808452773514727,0.0,35.0,0.0,-3.2795511924824485e-05,4.74,4.620901213171577,0.1301611710501054,4.335,4.955,0.29499999999999993,0.0005726760100767803,3.44,3.320810225303293,0.13009996469633403,3.035,3.655,0.29499999999999993,0.0005729955320643843
batch_dist_ternary_butan-1-ol+propan-2-ol+water__operating_point_010__test_anormal_experiment_001,batch_dist_ternary_butan-1-ol+propan-2-ol+water,operating_point_010,test_anormal_experiment_001,0.2,1153,96.01666666666668,0.6667464410693288,1.0,0.9982653946227233,0.041612456325742085,0.0,1.0,0.0,4.7364071222035965e-06,1.0,1.0,0.0,1.0,1.0,0.0,1.8094845503922313e-19,422.341,421.4418937554206,0.6029278486382277,420.038,422.341,2.1620000000000346,0.001776846069085715,84.609,84.36757198612315,0.16595136129288757,84.096,84.673,0.32099999999999795,0.00043920262484323794,74.312,73.96391630529054,0.18251691618890906,73.648,74.312,0.6430000000000007,0.0005457427129475827,79.238,79.1785928013877,0.09652937965399272,79.026,79.47,-0.21099999999999852,-0.00023382743610717325,79.321,79.26153642671292,0.03421235493067992,79.172,79.407,-0.043000000000006366,-4.079003991047992e-05,74.337,74.1783807458803,0.0675606428469233,74.039,74.38,0.1280000000000001,0.00010914347580824356,71.97,71.60862879444927,0.2611798420783786,70.825,72.034,1.1239999999999952,0.0007360972711468449,68.182,68.06428707718993,0.07767261769666844,67.909,68.203,0.14700000000000557,0.0002166522022273529,67.286,67.36265481352991,0.05563573773133255,67.223,67.498,-0.1490000000000009,-0.0001552760068051502,67.373,67.4333620988725,0.05569991516715006,67.331,67.585,-0.1700000000000017,-0.00015371388493486333,0.28,0.2728677363399826,0.010425761999137534,0.246,0.295,0.019000000000000017,2.5222749704009536e-05,0.315,0.307948395490026,0.009929748008760442,0.238,0.326,0.010000000000000009,2.1128724647930537e-05,0.697,0.6501370338248048,0.03874875538560959,0.503,0.767,0.04599999999999993,-4.312639602663889e-06,1.948,1.998311361665221,0.08526717217947939,1.615,2.209,0.23899999999999988,5.827893354462278e-05,599.337,598.8541730268864,0.753295294791157,596.959,600.772,1.8310000000000173,-0.00014922168070110586,7.805,7.202567649609714,0.3966840753223361,6.364,8.204,0.5119999999999996,6.662660840557984e-06,210.0,210.0,0.0,210.0,210.0,0.0,7.727815579729037e-17,16.5,17.716392020815263,0.6534053772323707,16.5,19.5,-1.5,-0.0010812278007338307,12.0,12.024718126626192,0.19096126349440695,12.0,13.5,0.0,0.00011895819210229034,12.0,12.049436253252384,0.3084276403569866,10.500000000000002,13.5,0.0,0.0002993565876674611,9.0,8.941457068516913,0.2904946168141467,7.5,9.0,0.0,0.00026080379944715186,0.0,0.0,0.0,0.0,0.0,0.0,0.0,1.0,1.0,0.0,1.0,1.0,0.0,1.8094845503922313e-19,1.0,1.0,0.0,1.0,1.0,0.0,1.8094845503922313e-19,1.0,1.0,0.0,1.0,1.0,0.0,1.8094845503922313e-19,1.0,1.0,0.0,1.0,1.0,0.0,1.8094845503922313e-19,0.0,2.4132697311361664,8.852963252276172,0.0,35.0,0.0,-6.658370673444829e-05,4.755,4.707777536860364,0.1368639548627781,4.335,5.025,0.3099999999999996,0.0003149503273804614,3.455,3.407697311361665,0.13683131612840085,3.035,3.725,0.31000000000000005,0.00031515328829722413
batch_dist_ternary_butan-1-ol+propan-2-ol+water__operating_point_010__test_anormal_experiment_001,batch_dist_ternary_butan-1-ol+propan-2-ol+water,operating_point_010,test_anormal_experiment_001,0.4,2305,96.01666666666668,0.6667464410693288,1.0,0.9991323210412147,0.029443608678450587,0.0,1.0,0.0,1.7216318961695767e-06,1.0,1.0,0.0,1.0,1.0,0.0,5.416659836418936e-20,422.623,421.86829978308026,0.6075167549352591,420.038,422.623,2.444000000000017,0.0007985664053511539,85.207,84.5844201735358,0.2783525743850429,84.096,85.228,0.9189999999999969,0.00040274523318640755,75.147,74.32373015184382,0.4183013030225814,73.648,75.147,1.4780000000000086,0.0006265359558069454,80.105,79.40551626898048,0.2995602120911171,79.026,80.147,0.6560000000000059,0.00036222585878174877,80.174,79.47304859002169,0.2687462310146197,79.172,80.195,0.8100000000000023,0.0003559297990043186,74.997,74.3841798264642,0.24517994473043375,74.039,75.019,0.7879999999999967,0.000342402038165239,72.416,71.877815835141,0.3377865722034582,70.825,72.437,1.5699999999999932,0.00048549713213556707,68.728,68.2241913232104,0.19537363462032692,67.909,68.728,0.6929999999999978,0.00028436345614950607,67.011,67.25210672451192,0.14427511641739932,66.969,67.498,-0.4240000000000066,-0.0002032223476521601,67.098,67.33378394793927,0.13744828474293078,67.056,67.585,-0.4450000000000074,-0.00019030273735750057,0.275,0.2767154013015184,0.010124599095007096,0.246,0.298,0.014000000000000012,8.902234198064833e-06,0.323,0.31371648590021695,0.01082957053918808,0.238,0.336,0.018000000000000016,1.1675995814621726e-05,0.707,0.6472464208242951,0.04213275699146012,0.476,0.798,0.05599999999999994,-7.582695947382164e-07,2.044,1.9993648590021693,0.07939311332898501,1.615,2.24,0.33499999999999996,8.967075147106823e-06,597.775,598.8629631236442,0.780544110338808,596.6,600.772,0.26900000000000546,3.931924362344626e-05,7.286,7.181703036876355,0.39265897314103787,6.217,8.212,-0.007000000000000561,-4.396819455079422e-05,210.0,210.0,0.0,210.0,210.0,0.0,1.1863803460365752e-16,18.0,17.490780911062906,0.7384296506527628,16.5,19.5,0.0,-0.0004025245433961721,12.0,12.190347071583513,0.49904365040314197,12.0,13.5,0.0,0.00029538088415959806,12.0,12.334164859002168,0.6332856912545527,10.500000000000002,13.5,0.0,0.0004671871560655619,9.0,9.068329718004339,0.4309038421979572,7.5,10.500000000000002,0.0,0.00028064755621946954,0.0,0.0,0.0,0.0,0.0,0.0,0.0,1.0,1.0,0.0,1.0,1.0,0.0,5.416659836418936e-20,1.0,1.0,0.0,1.0,1.0,0.0,5.416659836418936e-20,1.0,1.0,0.0,1.0,1.0,0.0,5.416659836418936e-20,1.0,1.0,0.0,1.0,1.0,0.0,5.416659836418936e-20,0.0,2.8850325379609543,9.611815614253741,0.0,35.0,0.0,0.0009486294634262287,4.905,4.765238611713666,0.136592469475365,4.335,5.115,0.45999999999999996,0.00012656023992944562,3.605,3.4649663774403474,0.13655879387303152,3.035,3.815,0.45999999999999996,0.00012624183111632252
batch_dist_ternary_butan-1-ol+propan-2-ol+water__operating_point_010__train_normal_experiment_001,batch_dist_ternary_butan-1-ol+propan-2-ol+water,operating_point_010,train_normal_experiment_001,0.1,802,133.61666666666667,0.6271217656332728,1.0,1.0,0.0,1.0,1.0,0.0,8.953159126732286e-19,1.0,1.0,0.0,1.0,1.0,0.0,8.953159126732286e-19,421.683,418.69645074812973,1.7655597221700863,415.06,421.683,6.575999999999965,0.007592280434588999,84.074,83.98272256857857,0.06337380711552006,83.861,84.267,-0.19299999999999784,-9.022853684756623e-05,72.963,72.6969289276808,0.15421194951321174,72.449,72.984,0.492999999999995,0.0006554051227173726,79.068,79.80499314214464,0.44608644409054693,79.047,80.528,-1.4390000000000072,-0.0019146928470355022,79.066,79.4160866583541,0.17058078591315398,79.066,79.684,-0.5109999999999957,-0.0006869050211584319,73.805,74.67313466334164,0.6355284922089849,73.783,75.956,-2.1509999999999962,-0.002709404224151713,71.864,71.6183559850374,0.11164024826538928,71.376,71.864,0.4660000000000082,0.0004746743583623815,70.01,69.74560162094764,0.09445400896912777,69.611,70.031,0.10500000000000398,0.0001235348773881302,71.036,70.30821321695761,0.4225843945280382,69.807,71.057,1.0600000000000023,0.001586795263416772,72.56,74.84840087281795,3.1994943226485164,67.331,77.288,5.228999999999999,0.006130285808977938,0.342,0.3035006234413965,0.031245273950626914,0.221,0.354,0.10700000000000004,8.440470248951175e-05,0.286,0.20190773067331672,0.03782770646821807,0.111,0.286,0.16599999999999998,0.00010088051265160823,0.648,0.674313591022444,0.042741945645097826,0.472,0.8,-0.015000000000000013,5.6964732026538946e-05,2.392,2.1615872817955113,0.3705996470140326,1.499,3.358,-0.9570000000000003,-0.0005136507963536894,599.005,598.9199613466334,0.7666806728468462,596.797,601.015,-0.58299999999997,-0.0010710587745353477,2.927,3.229684538653367,0.44186856364929994,2.664,3.976,0.0,0.00018186771958913738,210.0,210.0,0.0,210.0,210.0,0.0,1.8133364713533553e-16,21.000000000000004,21.91084788029925,1.001868966351089,19.5,24.0,-2.9999999999999964,-0.003809092852683647,10.500000000000002,12.298316708229427,1.3044572674253416,10.500000000000002,15.0,-4.499999999999998,-0.005158171287887009,10.500000000000002,11.771820448877806,0.9525809160783169,10.500000000000002,13.5,-2.9999999999999982,-0.003046538019901892,9.0,7.587905236907731,0.3523216210875963,7.5,9.0,1.5,0.0004940110300458914,0.0,0.0,0.0,0.0,0.0,0.0,0.0,1.0,1.0,0.0,1.0,1.0,0.0,8.953159126732286e-19,1.0,1.0,0.0,1.0,1.0,0.0,8.953159126732286e-19,1.0,1.0,0.0,1.0,1.0,0.0,8.953159126732286e-19,1.0,1.0,0.0,1.0,1.0,0.0,8.953159126732286e-19,0.0,2.6596009975062342,7.96067102275729,0.0,27.0,0.0,-0.004365546597775789,5.07,3.873310473815462,0.5553594556030407,2.5,5.08,2.205,0.001195046906825641,5.06,3.84839463840399,0.4864637965668728,2.52,5.065,2.1299999999999994,0.001122821877773237
batch_dist_ternary_butan-1-ol+propan-2-ol+water__operating_point_010__train_normal_experiment_001,batch_dist_ternary_butan-1-ol+propan-2-ol+water,operating_point_010,train_normal_experiment_001,0.2,1604,133.61666666666667,0.6271217656332728,1.0,1.0,0.0,1.0,1.0,0.0,-1.2732020067551258e-20,1.0,1.0,0.0,1.0,1.0,0.0,-1.2732020067551258e-20,424.588,421.03516957605984,2.7032156512483776,415.06,424.623,9.480999999999995,0.005716434278835224,83.9355,83.94143298004987,0.07530639221921616,83.775,84.267,-0.33149999999999125,-9.748877801126086e-05,73.68,73.00711097256858,0.360892027676148,72.449,73.712,1.210000000000008,0.0007751874824048741,78.9735,79.36037967581048,0.5475668486372952,78.751,80.528,-1.5335000000000036,-0.0010849149506874278,78.959,79.17594794264339,0.2709132828000747,78.831,79.684,-0.617999999999995,-0.0005438416140373766,73.868,74.22464837905237,0.6363112877976235,73.655,75.956,-2.088000000000008,-0.0011605696711981003,72.469,71.88462998753117,0.3047290737422184,71.376,72.48,1.070999999999998,0.0006526029108117257,70.3365,70.04211814214463,0.31686869400539963,69.611,70.473,0.4314999999999998,0.0006237783967503267,70.04,70.46149532418953,0.4264500572382839,69.807,71.142,0.06400000000000716,0.00028778781455705106,69.384,72.56256951371572,3.2523077468907826,67.331,77.288,2.0529999999999973,-0.0038482645400247455,0.3305,0.32281764339152125,0.03163622831229953,0.221,0.375,0.09550000000000003,4.4678096533434486e-05,0.2725,0.2212113466334165,0.038224092765723534,0.111,0.288,0.15250000000000002,4.792873635315739e-05,0.6865,0.6878120324189525,0.046078950583663646,0.472,0.838,0.023499999999999965,3.4850984344689526e-05,2.181,2.08009819201995,0.2886630921827413,1.499,3.358,-1.1680000000000001,-0.0002014259125130414,597.6945000000001,598.9567506234414,0.7332629123287691,596.797,601.015,-1.8934999999999036,-8.22784501317469e-05,3.2415000000000003,3.274377805486284,0.442496384060261,2.664,3.976,0.3145000000000002,0.00011278040141976871,210.0,210.0,0.0,210.0,210.0,0.0,-2.4411931188458694e-18,21.000000000000004,21.058915211970074,1.2259996461915732,19.5,24.0,-2.9999999999999964,-0.0020129443009973746,10.500000000000002,11.51044264339152,1.2694896046978499,10.500000000000002,15.0,-4.499999999999998,-0.0021781832956743385,11.25,11.682980049875312,0.825971564001841,10.500000000000002,13.5,-2.25,-0.00046569405044824996,9.0,7.9442019950124685,0.6817472777497626,7.5,9.0,1.5,0.0008030897563839873,0.0,0.0,0.0,0.0,0.0,0.0,0.0,1.0,1.0,0.0,1.0,1.0,0.0,-1.2732020067551258e-20,1.0,1.0,0.0,1.0,1.0,0.0,-1.2732020067551258e-20,1.0,1.0,0.0,1.0,1.0,0.0,-1.2732020067551258e-20,1.0,1.0,0.0,1.0,1.0,0.0,-1.2732020067551258e-20,0.0,2.2556109725685785,7.379041202325358,0.0,27.0,0.0,-0.001280950875183473,4.862500000000001,4.088491271820449,0.5595805361897628,2.5,5.13,1.9975000000000005,0.0005358987472521218,4.135,4.064279925187033,0.4644275183185913,2.52,5.115,1.2049999999999996,0.00048768043074663914
batch_dist_ternary_butan-1-ol+propan-2-ol+water__operating_point_010__train_normal_experiment_001,batch_dist_ternary_butan-1-ol+propan-2-ol+water,operating_point_010,train_normal_experiment_001,0.4,3208,133.61666666666667,0.6271217656332728,1.0,1.0,0.0,1.0,1.0,0.0,9.368431411780593e-20,1.0,1.0,0.0,1.0,1.0,0.0,9.368431411780593e-20,424.647,422.94406203241897,2.7033380376045666,415.06,425.165,9.539999999999964,0.002516306357571392,85.784,84.33417643391522,0.5483894897443745,83.775,85.784,1.5170000000000101,0.0004985432444260667,75.768,73.81723659600998,0.9504861230678344,72.449,75.789,3.298000000000002,0.0010169557583896915,80.57,79.47748768703242,0.5261251668253192,78.751,80.655,0.06299999999998818,9.86899303797639e-05,80.686,79.4471262468828,0.4971126061832605,78.831,80.686,1.1090000000000089,0.0003254814898899981,75.445,74.42785193266833,0.6031032016509713,73.655,75.956,-0.5110000000000099,0.00017664292109770881,74.305,72.58009523067332,0.8171300088850739,71.376,74.305,2.9070000000000107,0.0008729648034315931,70.305,70.11157013715712,0.2389742788666419,69.611,70.473,0.4000000000000057,0.0001391881374329829,69.743,70.10523472568579,0.47091398792645817,69.595,71.142,-0.2330000000000041,-0.0003135866854235785,67.987,70.51703273067332,3.0887890110156193,67.331,77.288,0.6559999999999917,-0.002490372693842239,0.339,0.33822459476309225,0.030507298651843796,0.221,0.393,0.10400000000000004,2.0198432639540694e-05,0.247,0.23387235037406484,0.03257291589016804,0.111,0.293,0.127,1.861765471446275e-05,0.717,0.6925830735660847,0.04557600702249252,0.472,0.853,0.05399999999999994,8.199276164544238e-06,2.101,2.0415204177057356,0.22253339918048937,1.499,3.358,-1.2480000000000002,-6.0665563862823555e-05,599.435,598.8923304239402,0.7429453394117801,596.779,601.015,-0.15300000000002,-5.736847476526927e-05,2.732,3.2947091645885287,0.4422645201137231,2.664,3.976,-0.19499999999999984,3.456394573342075e-05,210.0,210.0,0.0,210.0,210.0,0.0,5.374214648327404e-17,21.000000000000004,20.60395885286783,1.1092629883662772,19.5,24.0,-2.9999999999999964,-0.0006746709947928887,12.0,11.207216334164588,1.0572293640747368,10.500000000000002,15.0,-3.0,-0.0004913759572784633,13.5,11.945059226932669,0.7761704195490464,10.500000000000002,13.5,0.0,0.0002789667355348836,10.500000000000002,8.412951995012468,0.7452581488442197,7.5,10.500000000000002,3.0000000000000018,0.0005853558466374997,0.0,0.0,0.0,0.0,0.0,0.0,0.0,1.0,1.0,0.0,1.0,1.0,0.0,9.368431411780593e-20,1.0,1.0,0.0,1.0,1.0,0.0,9.368431411780593e-20,1.0,1.0,0.0,1.0,1.0,0.0,9.368431411780593e-20,1.0,1.0,0.0,1.0,1.0,0.0,9.368431411780593e-20,0.0,1.944201995012469,6.897630790553306,0.0,27.0,0.0,-0.0004420674768810374,4.135,4.243323721945138,0.5015487211836306,2.5,5.2,1.2699999999999996,0.00022861053824282078,4.16,4.209983634663342,0.4580077013731193,2.52,5.125,1.23,0.00019838161767005413
batch_dist_ternary_butan-1-ol+propan-2-ol+water__operating_point_011__test_anormal_experiment_001,batch_dist_ternary_butan-1-ol+propan-2-ol+water,operating_point_011,test_anormal_experiment_001,0.1,716,119.25,0.6808066894701099,1.0,1.0,0.0,1.0,1.0,0.0,-7.379043491778604e-19,1.0,1.0,0.0,1.0,1.0,0.0,-7.379043491778604e-19,417.924,417.152876396648,0.5630300684478601,416.468,418.464,-0.11700000000001864,-0.00016735348170231743,83.647,83.73247416201117,0.10718332121353925,83.54,84.01,-0.32099999999999795,-0.00018753716889207485,73.327,73.0178184357542,0.15933180303695152,72.727,73.348,0.578000000000003,0.0007640695995525833,78.73,78.93561731843576,0.18717980162353404,78.645,79.428,-0.6769999999999925,-0.000862611825424713,78.853,78.83261662011174,0.05991145132867589,78.725,78.98,-0.021000000000000796,4.392711260126306e-05,73.762,73.93548533519554,0.177702844973735,73.677,74.422,-0.617999999999995,-0.0008116186552981644,72.183,71.88787430167598,0.14536640609563378,71.631,72.183,0.5310000000000059,0.0006909371243982386,70.767,70.28271927374301,0.3864209233357474,69.695,70.809,1.051000000000002,0.0018455176248916372,70.336,70.99505726256983,0.48217280371541593,69.786,71.545,0.5079999999999956,0.00032061110390976615,69.553,71.5869343575419,1.6435979523384938,69.511,74.298,-2.603999999999999,-0.007664351945009156,0.236,0.24755516759776539,0.04954634378834769,0.179,0.446,-0.20500000000000002,-9.085800130539601e-05,0.307,0.3405377094972067,0.07920435772042113,0.236,0.7,-0.38599999999999995,-9.742683627118302e-05,0.669,0.6658219273743017,0.036518468308106025,0.452,0.811,0.0,-1.2565108391525962e-05,1.918,1.9639944134078213,0.534402697397337,0.81,5.452,-3.534,0.00012717819802039086,598.906,598.6754294692738,0.824768937244762,596.205,600.44,2.009999999999991,0.0001888314334042532,3.646,3.3688777932960896,0.43713254010813174,2.667,3.972,0.0030000000000001137,9.102147005657153e-06,210.0,210.0,0.0,210.0,210.0,0.0,8.900044955870492e-17,21.000000000000004,20.480446927374302,0.7115137072208708,19.5,21.000000000000004,0.0,-0.0011682364058418968,12.0,11.758030726256983,0.5510164849200628,10.500000000000002,12.0,0.0,-0.001066273783718451,13.5,12.477653631284916,0.6942928339300286,12.0,13.5,1.5,0.0009448430067396474,9.0,8.328561452513966,0.7453472235500419,7.5,9.0,1.5,0.0007647870934142929,0.0,0.0,0.0,0.0,0.0,0.0,0.0,1.0,1.0,0.0,1.0,1.0,0.0,-7.379043491778604e-19,1.0,1.0,0.0,1.0,1.0,0.0,-7.379043491778604e-19,1.0,1.0,0.0,1.0,1.0,0.0,-7.379043491778604e-19,1.0,1.0,0.0,1.0,1.0,0.0,-7.379043491778604e-19,0.0,1.4776536312849162,6.11072672329017,0.0,28.0,0.0,-0.0007831886679973445,4.76,5.14616340782123,1.0230830650219733,3.64,10.273,-5.513,-0.0010748023884205819,2.81,2.764077513966481,0.5686016740690751,1.84,5.57,-2.7600000000000002,-0.0008600769196442535
batch_dist_ternary_butan-1-ol+propan-2-ol+water__operating_point_011__test_anormal_experiment_001,batch_dist_ternary_butan-1-ol+propan-2-ol+water,operating_point_011,test_anormal_experiment_001,0.2,1432,119.25,0.6808066894701099,1.0,1.0,0.0,1.0,1.0,0.0,3.1030146444049963e-19,1.0,1.0,0.0,1.0,1.0,0.0,3.1030146444049963e-19,419.262,417.90803805865914,0.9766173847440052,416.468,419.662,1.2210000000000036,0.0019256604455621955,84.032,83.81462046089386,0.14826767954558429,83.54,84.16,0.06399999999999295,0.00022496221900317892,73.905,73.32252723463687,0.3471527830437697,72.727,73.926,1.156000000000006,0.0008377892294821532,79.047,78.90956668994414,0.146359433299869,78.645,79.428,-0.35999999999999943,-0.00011892105506390817,79.087,78.89697905027933,0.09166542526820573,78.725,79.151,0.21300000000000807,0.00017478203115469426,74.018,73.9179465782123,0.1417650104947692,73.677,74.422,-0.36199999999999477,-8.908373831248126e-05,72.543,72.12252967877095,0.2709859281333,71.631,72.586,0.8910000000000053,0.000649876955434131,69.884,70.23606948324023,0.3375835928304813,69.695,70.809,0.16800000000000637,-2.2038880406506838e-05,69.065,70.27969064245809,0.8271995585136472,69.044,71.545,-0.7630000000000052,-0.0016522852687115026,68.283,70.21498603351955,1.8163822014735986,68.262,74.298,-3.8739999999999952,-0.0040509136538004215,0.245,0.2534748603351955,0.0551170136348079,0.179,0.446,-0.196,-1.6251053226045696e-05,0.331,0.3543159916201117,0.08363409082365499,0.236,0.7,-0.36199999999999993,-5.717893739318912e-07,0.662,0.6714081703910615,0.03585054593919825,0.452,0.811,-0.007000000000000006,1.1268094538496182e-05,2.19,1.9802877094972067,0.6657876627844517,0.628,5.692,-3.262,-1.5323665079278287e-05,599.292,598.691970670391,0.7995521750980472,596.205,600.44,2.396000000000072,7.155516182827294e-05,2.927,3.364006634078212,0.43548815453729833,2.664,3.996,-0.7159999999999997,-5.706906139657034e-06,210.0,210.0,0.0,210.0,210.0,0.0,-6.470893247347579e-17,21.000000000000004,20.265188547486034,0.7464333952951592,19.5,21.000000000000004,0.0,-0.0008630997062544229,10.500000000000002,11.451117318435754,0.7203536396275455,10.500000000000002,12.0,-1.4999999999999982,-0.000762658946892545,13.5,12.766236033519553,0.7448308890122141,12.0,13.5,1.5,0.0007973855850979905,9.0,8.530202513966481,0.6920116016032221,7.5,9.0,1.5,0.0005544630888124427,0.0,0.0,0.0,0.0,0.0,0.0,0.0,1.0,1.0,0.0,1.0,1.0,0.0,3.1030146444049963e-19,1.0,1.0,0.0,1.0,1.0,0.0,3.1030146444049963e-19,1.0,1.0,0.0,1.0,1.0,0.0,3.1030146444049963e-19,1.0,1.0,0.0,1.0,1.0,0.0,3.1030146444049963e-19,0.0,1.4916201117318435,6.1810102635435955,0.0,28.0,0.0,-1.9294449763853983e-05,5.04,5.459226606145252,1.2141637333490496,3.64,10.38,-5.233,0.0002723570293940664,2.953,2.899254189944134,0.6882917216171427,1.84,5.637,-2.6170000000000004,-3.800856219967213e-05
batch_dist_ternary_butan-1-ol+propan-2-ol+water__operating_point_011__test_anormal_experiment_001,batch_dist_ternary_butan-1-ol+propan-2-ol+water,operating_point_011,test_anormal_experiment_001,0.4,2863,119.25,0.6808066894701099,1.0,1.0,0.0,1.0,1.0,0.0,-1.614703924301781e-19,1.0,1.0,0.0,1.0,1.0,0.0,-1.614703924301781e-19,421.683,418.8076942018861,1.1749716247974678,416.468,421.753,3.641999999999996,0.001249163122436484,85.164,84.15795249738036,0.41990308748326005,83.54,85.228,1.195999999999998,0.00047930686802941287,75.104,73.8976674816626,0.6670613381322493,72.727,75.104,2.355000000000004,0.0008065079386351255,80.041,79.2056837233671,0.37096631180245804,78.645,80.084,0.6340000000000003,0.00037956129382606016,80.11,79.21038229130284,0.37398011799094655,78.725,80.153,1.2360000000000042,0.0004316205353434042,74.997,74.16791914076144,0.31319949699002636,73.677,75.04,0.6170000000000044,0.00031733325137024986,73.668,72.59966451274886,0.5591267568120832,71.631,73.689,2.0160000000000053,0.0006747118216532071,69.485,69.9277184771219,0.4069273203866237,69.359,70.809,-0.23099999999999454,-0.00035961902620172426,67.668,69.21542822214461,1.2500704116389063,67.646,71.545,-2.1599999999999966,-0.0014388706991376662,67.606,69.03280562347187,1.751224322492994,67.564,74.298,-4.551000000000002,-0.0018011057178742886,0.271,0.25810076842472934,0.04524253026733895,0.179,0.446,-0.16999999999999998,2.527627368614251e-06,0.347,0.36313464896961234,0.0739992998777951,0.236,0.7,-0.346,5.96951088205314e-06,0.728,0.6823400279427174,0.0396816300240856,0.452,0.851,0.05899999999999994,1.0138152991466853e-05,2.078,2.0059259517988126,0.5788465530044874,0.628,5.692,-3.374,1.0657368397970227e-05,598.071,598.638435033182,0.8713009531735328,595.927,600.638,1.1750000000000682,-7.247875431575594e-05,2.732,3.351732099196647,0.43685851769747536,2.664,4.174,-0.9109999999999996,-1.369356923719713e-05,210.0,210.0,0.0,210.0,210.0,0.0,3.645372674077686e-17,19.5,20.266765630457563,0.7457400850468625,19.5,21.000000000000004,-1.5000000000000036,-4.334870104248919e-05,12.0,11.424729304924904,0.7269340890519694,10.500000000000002,12.0,0.0,-4.934950723912662e-05,13.5,13.06776108976598,0.6761697277521354,12.0,13.5,1.5,0.0004495231649788498,9.0,8.79671673070206,0.6134948064125276,7.5,10.500000000000002,1.5,0.0003868090450765808,0.0,0.0,0.0,0.0,0.0,0.0,0.0,1.0,1.0,0.0,1.0,1.0,0.0,-1.614703924301781e-19,1.0,1.0,0.0,1.0,1.0,0.0,-1.614703924301781e-19,1.0,1.0,0.0,1.0,1.0,0.0,-1.614703924301781e-19,1.0,1.0,0.0,1.0,1.0,0.0,-1.614703924301781e-19,0.0,1.4991267900803353,6.1948015968190795,0.0,28.0,0.0,-3.67186801273807e-05,5.693,5.810814006287112,1.164498788297194,3.64,10.76,-4.58,0.00035871975666799553,3.413,3.0883232623122603,0.611560046283131,1.84,5.637,-2.1570000000000005,0.00020231119366408175
batch_dist_ternary_butan-1-ol+propan-2-ol+water__operating_point_011__test_anormal_experiment_002,batch_dist_ternary_butan-1-ol+propan-2-ol+water,operating_point_011,test_anormal_experiment_002,0.1,551,91.68333333333334,0.6827161962808894,1.0,0.9981851179673321,0.04256275644122895,0.0,1.0,0.0,6.456102092493921e-06,1.0,1.0,0.0,1.0,1.0,0.0,8.1178095845428e-19,420.296,419.7650263157895,0.3589993108709876,419.168,420.343,1.127999999999986,0.0022141513095118273,84.245,84.23361343012705,0.05075139865786656,84.139,84.395,-0.08599999999999852,-0.00022617917118007133,73.883,73.76345644283121,0.06641596705541132,73.626,73.905,0.21399999999999864,0.00040457493741153706,79.068,79.0305780399274,0.03111350464208135,78.941,79.111,-0.043000000000006366,1.00912462423664e-06,79.194,79.23721869328494,0.03610227952692363,79.13,79.3,-0.08499999999999375,-9.771984820990583e-05,73.975,73.93149727767694,0.03873701986023681,73.847,74.018,0.021000000000000796,0.00015582996779110538,71.355,71.31824773139746,0.04353863116945131,71.228,71.44,0.12700000000000955,0.00022484914241441975,67.446,67.47109709618876,0.03476160854958438,67.383,67.53,-0.06300000000000239,-0.00017725260575454863,67.223,67.18419328493648,0.02808866455538364,67.117,67.223,0.0,-8.890361039577379e-05,67.352,67.34886479128856,0.021255326094613898,67.289,67.395,0.0,-4.243466783362622e-05,0.204,0.20506896551724138,0.007761810193372404,0.187,0.226,0.00899999999999998,3.635187191093404e-05,0.381,0.38412431941923775,0.00955433730715612,0.365,0.401,0.0040000000000000036,4.781905697868738e-05,0.703,0.6638321234119783,0.045213803872770825,0.476,0.832,0.07799999999999996,4.363489307977509e-05,2.049,2.0105018148820326,0.07776685219160863,1.785,2.21,0.18699999999999983,-9.154035422502904e-07,599.839,598.7667114337568,0.8701996987132269,596.725,600.656,0.23300000000006094,0.00020283028342301743,4.558,5.250656987295826,0.43201777911463485,4.545,6.222,-0.9060000000000006,-0.00020498475642561926,210.0,210.0,0.0,210.0,210.0,0.0,-5.89174116511609e-17,16.5,16.598003629764065,0.37067604886095085,16.5,18.0,0.0,-0.0005448950166065494,12.0,11.884301270417422,0.39892483904047304,10.500000000000002,12.0,0.0,-0.0004884579241479722,12.0,12.378402903811253,0.651471870539389,12.0,13.5,0.0,-0.0005472622540404522,9.0,9.190562613430128,0.49952958922157065,9.0,10.500000000000002,0.0,-0.0003936070242390827,0.0,0.0,0.0,0.0,0.0,0.0,0.0,1.0,1.0,0.0,1.0,1.0,0.0,8.1178095845428e-19,1.0,1.0,0.0,1.0,1.0,0.0,8.1178095845428e-19,1.0,1.0,0.0,1.0,1.0,0.0,8.1178095845428e-19,1.0,1.0,0.0,1.0,1.0,0.0,8.1178095845428e-19,0.0,2.2867513611615244,8.64910780675552,0.0,35.0,0.0,-0.0022721892642195676,6.08,5.982265880217786,0.16583424529350232,5.533,6.36,0.46699999999999964,0.0007295969240260135,2.74,2.691697822141561,0.08268102766931937,2.467,2.88,0.2330000000000001,0.0003630376677689824
batch_dist_ternary_butan-1-ol+propan-2-ol+water__operating_point_011__test_anormal_experiment_002,batch_dist_ternary_butan-1-ol+propan-2-ol+water,operating_point_011,test_anormal_experiment_002,0.2,1101,91.68333333333334,0.6827161962808894,1.0,0.9981834695731153,0.042582046029903876,0.0,1.0,0.0,1.0339927359758355e-06,1.0,1.0,0.0,1.0,1.0,0.0,6.918590420176932e-20,301.279,409.23535785649403,27.650718703715015,301.279,421.213,-117.88900000000001,-0.051074192921466,80.401,83.94587329700273,0.7936232664893395,80.38,84.395,-3.930000000000007,-0.0014414966954941775,73.712,73.86043415077202,0.11703370566429792,73.626,74.055,0.043000000000006366,0.00033103842541780257,75.749,78.79108719346048,0.6799096942267722,75.728,79.153,-3.362000000000009,-0.0011993968180896554,75.317,78.9180540417802,0.7908553388730234,75.317,79.3,-3.9620000000000033,-0.0015086734997102336,71.484,73.78734786557675,0.488145763151539,71.463,74.103,-2.469999999999999,-0.0007602020286937716,71.949,71.4392838328792,0.18614169578023712,71.228,72.098,0.7210000000000036,0.0004851679136768847,67.11,67.4599332425068,0.070183639976741,67.11,67.699,-0.3990000000000009,-2.222085455458402e-05,66.884,67.19004359673026,0.06860046788206303,66.884,67.435,-0.33899999999999864,3.894890142761801e-05,67.225,67.37187920072661,0.0779390909096098,67.204,67.67,-0.12700000000000955,0.00011044191051280383,0.43,0.20894913714804722,0.06606685773929333,0.016,0.469,0.235,2.7783632074814135e-05,0.803,0.38530154405086287,0.11568734265059838,0.01,0.844,0.42600000000000005,2.4369747710267996e-05,0.452,0.6394768392370573,0.07463366561309429,0.294,0.846,-0.173,-0.00010950043315304402,2.933,2.4600445049954587,1.1083853481253565,1.785,6.163,1.0709999999999997,0.0021057577390984584,593.396,598.6942742960944,1.2701959893715549,593.297,600.656,-6.210000000000036,-0.0004987143424235842,7.286,4.961803814713896,1.2603219899629292,0.0,7.293,1.8219999999999992,-0.0008409398094845898,210.0,197.8882833787466,39.61095469824463,0.0,210.0,0.0,-0.05175542745034915,10.500000000000002,14.986376021798366,3.7368721551394817,0.0,18.0,-5.999999999999998,-0.007336926982579931,10.500000000000002,10.896457765667575,2.467364594356371,0.0,12.0,-1.4999999999999982,-0.00442137092151682,9.0,11.215258855585832,2.698803381285595,0.0,13.5,-3.0,-0.005226563543124478,7.5,8.478882833787466,1.9606210001062447,0.0,10.500000000000002,-1.5,-0.0034237275258307107,0.0,0.0,0.0,0.0,0.0,0.0,0.0,1.0,0.8846503178928247,0.3194434737867545,0.0,1.0,0.0,-0.0004704577036280128,1.0,0.8401453224341507,0.3664712261913173,0.0,1.0,0.0,-0.0006907431125968645,1.0,0.8864668483197093,0.3172434004827063,0.0,1.0,0.0,-0.0004619250157459109,1.0,0.8401453224341507,0.3664712261913173,0.0,1.0,0.0,-0.0006907431125968645,0.0,1.84377838328792,7.818741886543985,0.0,35.0,0.0,-0.0021688671980190505,10.627,6.005263396911898,1.7774313810162372,0.0,12.727,5.014,0.0003885244878701363,5.013,2.720133514986376,0.8500627324802068,0.0,6.063,2.506,0.00026709151779793605
batch_dist_ternary_butan-1-ol+propan-2-ol+water__operating_point_011__test_anormal_experiment_002,batch_dist_ternary_butan-1-ol+propan-2-ol+water,operating_point_011,test_anormal_experiment_002,0.4,2201,91.68333333333334,0.6827161962808894,1.0,0.9986369831894594,0.03689388832469203,0.0,1.0,0.0,5.345825984695959e-07,1.0,1.0,0.0,1.0,1.0,0.0,-1.0896867849751302e-18,418.722,402.7663071331213,30.198263584527787,300.94,421.213,-0.4460000000000264,-0.0051185003450025445,83.775,82.95785733757383,1.5025855209052583,79.441,84.395,-0.5559999999999974,-0.0010119597044017385,74.526,74.15732348932302,0.47740104277790935,73.626,75.811,0.8569999999999993,0.0004475066966317548,78.963,78.19110926851432,1.1933510908441585,75.031,79.153,-0.14800000000001035,-0.0005180989955811816,78.874,78.30020331667424,1.2862942145979863,74.551,79.3,-0.40500000000000114,-0.0006022782312226098,73.975,73.42349818264424,0.9802396511078303,70.633,74.401,0.021000000000000796,-0.00022771383782250863,71.886,71.7558575647433,0.6490736184299424,70.676,74.008,0.6580000000000013,0.00048076050395716576,67.425,67.60867105860972,0.39089335547708615,66.942,69.022,-0.08400000000000318,0.00015107492011928018,67.117,67.27303793730124,0.3964021266146106,66.694,68.811,-0.10599999999999454,5.347393437149358e-05,67.352,67.45231076783281,0.3833253011462483,66.908,68.96,0.0,6.594510489461458e-05,0.208,0.1964186733303044,0.0828729143746859,0.004,0.469,0.012999999999999984,-8.887553870451888e-07,0.39,0.36796955929123126,0.1432655060680101,0.01,0.844,0.013000000000000012,-1.1911411897918796e-06,0.625,0.6933116765106769,0.17892387399648482,0.294,1.473,0.0,2.7631132830045127e-05,2.043,2.1741269877328486,1.1026773669068533,-0.674,6.163,0.18100000000000005,-2.9433017757033465e-05,598.359,602.4178496138119,11.590504871519764,588.649,646.995,-1.2469999999999573,0.002474079862926441,7.286,6.014007269422989,1.4095633265191736,0.0,8.197,1.8219999999999992,0.001364120119809525,210.0,203.94139027714675,28.662583860446983,0.0,210.0,0.0,0.0017759903086364346,16.5,16.134029986369832,3.269249051393372,0.0,22.5,0.0,0.0005913566772236466,12.0,11.766924125397546,2.452397840477028,0.0,16.5,0.0,0.0002786604643080563,13.5,12.363243980009086,2.6263206570631117,0.0,18.0,1.5,0.0006960670589414988,10.500000000000002,9.313834620626988,2.3083753952942923,0.0,13.5,1.5000000000000018,0.00038526158026892446,0.0,0.0,0.0,0.0,0.0,0.0,0.0,1.0,0.9422989550204453,0.23317725958553967,0.0,1.0,0.0,1.9724409727962366e-05,1.0,0.9200363471149478,0.2712369206106188,0.0,1.0,0.0,2.248173049901776e-05,1.0,0.943207632894139,0.23144544528759708,0.0,1.0,0.0,1.9554468733501536e-05,1.0,0.9200363471149478,0.2712369206106188,0.0,1.0,0.0,2.248173049901776e-05,0.0,3.988641526578828,9.996289998713296,0.0,35.0,0.0,0.0017238375557668123,6.113,5.792995910949569,1.936441582435041,0.0,12.727,0.5,2.1969108553693777e-05,2.757,2.6054211721944567,0.9512517149885029,0.0,6.063,0.25,8.794595021042508e-06
batch_dist_ternary_butan-1-ol+propan-2-ol+water__operating_point_012__test_anormal_experiment_001,batch_dist_ternary_butan-1-ol+propan-2-ol+water,operating_point_012,test_anormal_experiment_001,0.1,1389,231.36666666666667,0.6847629577536862,1.0,1.0,0.0,1.0,1.0,0.0,1.124580057677744e-18,1.0,1.0,0.0,1.0,1.0,0.0,1.124580057677744e-18,423.353,422.45879481641475,0.7577907086496117,420.766,423.4,2.5160000000000196,0.001831205997041505,89.699,89.79574226061915,0.14528152390239485,89.442,90.17,-0.47100000000000364,-0.00033093165156409865,79.433,79.24576457883369,0.09883315098236083,79.069,79.455,0.3640000000000043,0.0002406557527021783,84.509,84.7374856011519,0.24202667985070547,84.403,85.441,-0.8469999999999942,-0.0005497947911145024,84.611,84.88089200863932,0.2562663670887397,84.526,85.38,-0.7259999999999991,-0.0006088305220532541,79.603,79.67868646508279,0.21317444481099956,79.389,80.264,-0.5970000000000084,-0.00047239885412228946,77.853,77.73518430525557,0.06697971667795766,77.577,77.917,0.21299999999999386,0.0001348590147743201,72.555,72.61824946004319,0.035209016043101546,72.513,72.681,-0.12599999999999056,-5.68305000219235e-05,72.393,72.47542080633549,0.034998048785441147,72.371,72.541,-0.06300000000000239,-3.718551179680397e-05,72.475,72.56131965442765,0.029657883364613773,72.475,72.624,-0.06400000000000716,-2.0758389833673077e-05,0.122,0.09787508999280058,0.021283468170401925,0.053,0.148,0.020000000000000004,-1.0380617770676532e-05,0.675,0.5186821454283658,0.05803231341620576,0.388,0.685,0.15200000000000002,3.887596963963506e-05,0.993,1.0584578833693303,0.0494035977314407,0.836,1.199,-0.1050000000000001,6.210538754934622e-06,1.943,2.039757379409647,0.3334815837391991,1.346,2.743,-0.038999999999999924,9.308159873157132e-05,748.215,748.6602966162707,0.8324464817152833,746.555,751.105,0.5380000000000109,-2.3906868740267818e-05,3.902,3.736041756659468,0.3142082632102923,2.89,4.562,0.0030000000000001137,3.182058706302899e-06,210.0,210.0,0.0,210.0,210.0,0.0,-2.9477964678572816e-18,22.5,22.22570194384449,0.5860862372289782,21.000000000000004,24.0,0.0,-0.00042117705366394656,13.5,12.7122030237581,0.7466101259450231,12.0,13.5,0.0,-0.000845930832779453,15.0,14.089092872570195,0.7305984691498784,13.5,15.0,1.5,0.0005710603214355621,10.500000000000002,9.751619870410368,0.7472935835359065,9.0,10.500000000000002,1.5000000000000018,0.0006599444677270656,0.0,0.0,0.0,0.0,0.0,0.0,0.0,1.0,1.0,0.0,1.0,1.0,0.0,1.124580057677744e-18,1.0,1.0,0.0,1.0,1.0,0.0,1.124580057677744e-18,1.0,1.0,0.0,1.0,1.0,0.0,1.124580057677744e-18,1.0,1.0,0.0,1.0,1.0,0.0,1.124580057677744e-18,0.0,1.2624190064794816,4.887252800576678,0.0,21.0,0.0,-2.3697065526817744e-05,10.458,8.57596076313895,1.0266291361001296,5.933,11.367,1.6829999999999998,0.0004728858821060186,2.095,1.6413048956083514,0.24162092284734468,1.145,2.202,0.3350000000000002,-0.00011187830634403712
batch_dist_ternary_butan-1-ol+propan-2-ol+water__operating_point_012__test_anormal_experiment_001,batch_dist_ternary_butan-1-ol+propan-2-ol+water,operating_point_012,test_anormal_experiment_001,0.2,2777,231.36666666666667,0.6847629577536862,1.0,1.0,0.0,1.0,1.0,0.0,-2.940968917091945e-19,1.0,1.0,0.0,1.0,1.0,0.0,-2.940968917091945e-19,424.576,423.31934173568595,1.0450438724015811,420.766,424.67,3.7390000000000327,0.001263305462073987,89.784,89.74091069499461,0.12446501628219439,89.442,90.17,-0.3859999999999957,-8.963533690690449e-05,79.734,79.41800054015124,0.19859801483833564,79.069,79.798,0.664999999999992,0.0002464336819694903,84.763,84.68534497659344,0.18687017422220245,84.403,85.441,-0.5929999999999893,-0.00010332847819237583,84.761,84.77129744328413,0.21655299034555173,84.526,85.38,-0.5760000000000076,-0.00017805630599317454,79.752,79.65788350738207,0.16333111172659678,79.389,80.264,-0.4480000000000075,-5.853485572207666e-05,78.172,77.84653024846956,0.141749475911498,77.577,78.172,0.5319999999999965,0.0001661949365279281,72.534,72.57957310046814,0.04735791881100884,72.492,72.681,-0.14699999999999136,-4.876117412018465e-05,72.393,72.44010190853439,0.0448526140767232,72.308,72.541,-0.06300000000000239,-4.111489102308129e-05,72.496,72.52645750810227,0.04256186577702683,72.454,72.624,-0.043000000000006366,-3.7857363806652345e-05,0.147,0.10103619013323731,0.02338991802797263,0.053,0.162,0.045,2.6768592796562086e-06,0.525,0.5279290601368384,0.06269193797522365,0.388,0.711,0.0020000000000000018,1.4700723904624716e-05,1.075,1.0607149801944544,0.04902387348736008,0.836,1.201,-0.02300000000000013,2.7419349510030843e-06,2.146,2.0210241267554916,0.36630927975526967,1.284,2.781,0.16399999999999992,1.1993000392641156e-05,750.45,748.7098620813827,0.8628925350652659,745.909,751.105,2.7730000000000246,6.265212952135764e-05,3.643,3.747500900252071,0.3239511883501451,2.732,4.57,-0.2560000000000002,2.753217449830853e-06,210.0,210.0,0.0,210.0,210.0,0.0,5.227038074315138e-17,21.000000000000004,21.83858480374505,0.7454297526426288,21.000000000000004,24.0,-1.4999999999999964,-0.0004607420065605475,12.0,12.558786460208859,0.7222767413997575,12.0,13.5,-1.5,-0.0002769569088247882,13.5,14.283219301404394,0.7465556534489542,13.5,15.0,0.0,0.00026352003267595217,9.0,9.820219661505222,0.74276177498412,9.0,10.500000000000002,0.0,0.0001408600506697215,0.0,0.0,0.0,0.0,0.0,0.0,0.0,1.0,1.0,0.0,1.0,1.0,0.0,-2.940968917091945e-19,1.0,1.0,0.0,1.0,1.0,0.0,-2.940968917091945e-19,1.0,1.0,0.0,1.0,1.0,0.0,-2.940968917091945e-19,1.0,1.0,0.0,1.0,1.0,0.0,-2.940968917091945e-19,0.0,1.4065538350738207,5.158140173947171,0.0,21.0,0.0,0.00013610526329450024,8.717,8.721383687432482,1.0694639339523617,5.933,11.758,-0.05799999999999983,0.0002259296315070069,2.202,1.6636148721642061,0.26657090786839205,1.145,2.293,0.44199999999999995,1.1806179918886191e-05
batch_dist_ternary_butan-1-ol+propan-2-ol+water__operating_point_012__test_anormal_experiment_001,batch_dist_ternary_butan-1-ol+propan-2-ol+water,operating_point_012,test_anormal_experiment_001,0.4,5554,231.36666666666667,0.6847629577536862,1.0,1.0,0.0,1.0,1.0,0.0,-4.0130985837140844e-20,1.0,1.0,0.0,1.0,1.0,0.0,-4.0130985837140844e-20,423.741,423.67250180050416,0.8665291929199915,420.766,424.717,2.9039999999999964,0.00031132634259276975,90.6945,89.98510397911416,0.32282156930840517,89.442,90.705,0.5245000000000033,0.00016250984404361996,80.72,79.82233903492977,0.4716801195146367,79.069,80.742,1.6509999999999962,0.0002927898315540793,85.6315,84.95238962909616,0.35936463866922413,84.403,85.759,0.27550000000000807,0.00017513063881493342,85.68950000000001,84.99727718761253,0.3346932518500096,84.526,85.743,0.35250000000000625,0.00014179034914373357,80.6805,79.93819166366582,0.36361021419774264,79.389,80.776,0.48049999999999216,0.00018778683039163236,78.724,78.1000726503421,0.30012492745619845,77.577,78.746,1.0840000000000032,0.0001823859477932155,71.987,72.40191537630537,0.21768929081718855,71.903,72.681,-0.6940000000000026,-0.00012495429012018163,71.8415,72.2691210839035,0.21129978337745856,71.757,72.541,-0.6145000000000067,-0.00011986765059663974,71.89250000000001,72.34852097587324,0.22013921668357359,71.84,72.624,-0.646499999999989,-0.00012460686030107366,0.148,0.1076248649621894,0.02318943979788751,0.053,0.164,0.046,4.093065566679014e-06,0.5125,0.5296666366582643,0.058317685753904655,0.388,0.711,-0.010500000000000065,2.819596256445604e-06,1.0655,1.0728938602808786,0.048710627029082305,0.836,1.219,-0.032500000000000195,7.929525841228909e-06,2.115,2.010429870363702,0.3177190508749705,1.208,2.781,0.13300000000000023,-9.76806248164894e-07,751.024,748.8342915916456,0.9164123188193094,745.299,751.67,3.34699999999998,0.00010040859704204737,3.771,3.734088044652503,0.3257311746729084,2.732,4.57,-0.1280000000000001,-6.049498599888023e-06,210.0,210.0,0.0,210.0,210.0,0.0,-1.1982782962574309e-17,22.5,21.698280518545193,0.7461135745594609,21.000000000000004,24.0,0.0,-0.00011346351393076415,13.5,12.617662945624774,0.7357587125909151,12.0,13.5,0.0,1.8845949263666096e-05,15.0,14.527367662945625,0.6940595089402305,13.5,15.0,1.5,0.00017370211798655824,10.500000000000002,10.009137558516384,0.7004196191876538,9.0,10.500000000000002,1.5000000000000018,0.0001303477038423902,0.0,0.0,0.0,0.0,0.0,0.0,0.0,1.0,1.0,0.0,1.0,1.0,0.0,-4.0130985837140844e-20,1.0,1.0,0.0,1.0,1.0,0.0,-4.0130985837140844e-20,1.0,1.0,0.0,1.0,1.0,0.0,-4.0130985837140844e-20,1.0,1.0,0.0,1.0,1.0,0.0,-4.0130985837140844e-20,10.5,2.2593626215340294,6.4105593782363615,0.0,22.0,10.5,0.0005793528788769545,8.521,8.752507021966151,1.0610842561947444,5.933,11.758,-0.25399999999999956,4.472282296213871e-05,2.1545,1.720724702916817,0.26436105752924993,1.145,2.293,0.3945000000000001,3.600349603125277e-05
batch_dist_ternary_butan-1-ol+propan-2-ol+water__operating_point_012__test_anormal_experiment_002,batch_dist_ternary_butan-1-ol+propan-2-ol+water,operating_point_012,test_anormal_experiment_002,0.1,651,108.4,0.6934751622305062,1.0,1.0,0.0,1.0,1.0,0.0,-5.961262315862665e-19,1.0,1.0,0.0,1.0,1.0,0.0,-5.961262315862665e-19,424.364,423.52881029185875,0.5487111589689295,422.482,424.458,1.8109999999999786,0.002903156410183591,89.506,89.76127419354839,0.17314629282657984,89.463,90.084,-0.32099999999999795,-0.0008533009658065423,79.455,79.35570814132106,0.04978624889344768,79.219,79.476,0.19299999999999784,0.00024695745971820097,84.593,84.71393394777266,0.09963169240621778,84.572,85.038,-0.36099999999999,-0.00046937960911047947,84.697,84.8587396313364,0.11895886429361574,84.654,85.145,-0.4269999999999925,-0.0006015550113847609,79.624,79.65925652841781,0.07332525084373653,79.517,79.859,-0.21300000000000807,-0.0003336544278994964,76.535,76.56763287250384,0.030959335018294443,76.493,76.663,-0.02200000000000557,-3.283415575135207e-05,72.66,72.7774777265745,0.09045464128845164,72.639,72.997,-0.3160000000000025,-0.00045779275938792786,72.393,72.48021966205836,0.04967962008515943,72.393,72.626,-0.12699999999999534,-0.00022919379848327734,72.602,72.60421044546851,0.027645819759693366,72.56,72.687,-0.06399999999999295,-0.00010141589263698502,0.114,0.11690860215053765,0.00487671539443675,0.108,0.135,-0.019000000000000003,-8.620055978062607e-07,0.477,0.4671513056835637,0.01742997164385633,0.374,0.502,0.02899999999999997,4.3013529118813525e-05,1.032,1.0885115207373273,0.04950295439668952,0.922,1.243,-0.062000000000000055,1.9496458419868307e-05,2.094,2.019636712749616,0.10643433558753002,1.661,2.266,0.07699999999999996,-3.627019527079054e-05,748.843,748.6641420890936,0.9178166393242823,746.026,750.665,1.2199999999999136,0.00047946498979083683,5.854,6.686073732718894,0.39545125881265347,5.753,7.299,-0.5209999999999999,2.7951102924384707e-05,210.0,210.0,0.0,210.0,210.0,0.0,-5.1275006547743855e-17,19.5,19.379032258064516,0.4073749661119554,18.0,19.5,0.0,0.0005615095373654407,13.5,12.82258064516129,0.746479771961686,12.0,13.5,1.5,0.0003155779506462164,13.5,13.175115207373272,0.6178811054401809,12.0,13.5,1.5,0.0015635364042250986,10.500000000000002,10.11520737327189,0.6550752433941065,9.0,10.500000000000002,0.0,0.0010147165322308865,0.0,0.0,0.0,0.0,0.0,0.0,0.0,1.0,1.0,0.0,1.0,1.0,0.0,-5.961262315862665e-19,1.0,1.0,0.0,1.0,1.0,0.0,-5.961262315862665e-19,1.0,1.0,0.0,1.0,1.0,0.0,-5.961262315862665e-19,1.0,1.0,0.0,1.0,1.0,0.0,-5.961262315862665e-19,0.0,1.7419354838709677,6.74082925533655,0.0,28.0,0.0,-0.0002709738312350628,7.242,7.038622887864824,0.2631336450545794,6.475,7.692,0.5499999999999998,0.0006541542071623215,1.748,1.7077995391705068,0.052853964966602676,1.595,1.838,0.09000000000000008,0.0001307020092513849
batch_dist_ternary_butan-1-ol+propan-2-ol+water__operating_point_012__test_anormal_experiment_002,batch_dist_ternary_butan-1-ol+propan-2-ol+water,operating_point_012,test_anormal_experiment_002,0.2,1301,108.4,0.6934751622305062,1.0,0.9992313604919293,0.027713691586963792,0.0,1.0,0.0,-1.531284663366571e-06,1.0,1.0,0.0,1.0,1.0,0.0,-3.431102859825036e-19,425.871,424.3878262874711,0.9849910399405847,422.482,425.894,3.3179999999999836,0.0026084854586542494,89.1,89.57201306687165,0.2810819558994406,88.907,90.084,-0.7270000000000039,-0.0006766948691882073,79.583,79.43415603382014,0.0906407472475516,79.219,79.583,0.32099999999999795,0.0002362990212038662,84.339,84.6206529592621,0.1390189452887564,84.276,85.038,-0.6149999999999949,-0.0003410371565406755,84.675,84.77544504227517,0.12298950050024393,84.59,85.145,-0.44899999999999807,-0.0002745908895101791,79.624,79.63270753266718,0.06271005878526646,79.517,79.859,-0.21300000000000807,-0.00010461427838484854,76.599,76.55984857801691,0.030324109705240927,76.45,76.663,0.04200000000000159,-2.522140823151105e-05,72.597,72.69576633358956,0.10637083070302467,72.534,72.997,-0.3790000000000049,-0.0002637704424459847,72.414,72.43607916986933,0.059009801590138244,72.287,72.626,-0.10599999999999454,-0.0001400872587034394,72.539,72.58203151421984,0.03285883565562358,72.496,72.687,-0.12699999999999534,-7.12143141875581e-05,0.115,0.11620791698693313,0.003986623334007339,0.108,0.135,-0.018000000000000002,-1.2275017635658926e-06,0.487,0.47427017678708683,0.015311442242167567,0.374,0.502,0.03899999999999998,2.2708112348339623e-05,1.038,1.0845695618754805,0.04919704576291979,0.877,1.243,-0.05600000000000005,-3.962095527640992e-06,1.952,2.0144857801691005,0.0885034402981407,1.661,2.266,-0.06499999999999995,-1.5666859485013737e-05,748.646,748.7057217524981,0.896722958336629,746.026,750.665,1.0229999999999109,0.00011069862001798695,7.286,6.69098001537279,0.3939858584183779,5.753,7.797,0.9109999999999996,2.6720552265172783e-05,210.0,210.0,0.0,210.0,210.0,0.0,-1.632383572123204e-17,22.5,19.848770176787088,1.0040494613016295,18.0,22.5,3.0,0.0018127658461396824,13.5,12.74827056110684,0.7499980060247592,12.0,13.5,1.5,-0.00018831531712441778,13.5,13.28554957724827,0.5250587112973163,12.0,13.5,1.5,0.0005333938581316569,10.500000000000002,10.17890084550346,0.6149078833476842,9.0,10.500000000000002,0.0,0.00035574167718176473,0.0,0.0,0.0,0.0,0.0,0.0,0.0,1.0,1.0,0.0,1.0,1.0,0.0,-3.431102859825036e-19,1.0,1.0,0.0,1.0,1.0,0.0,-3.431102859825036e-19,1.0,1.0,0.0,1.0,1.0,0.0,-3.431102859825036e-19,1.0,1.0,0.0,1.0,1.0,0.0,-3.431102859825036e-19,0.0,1.8078401229823213,6.815226883365593,0.0,28.0,0.0,0.00011886256611158071,7.325,7.160479246733283,0.24508288600868114,6.475,7.692,0.633,0.00038913908832978087,1.765,1.732164104534973,0.04903649454064366,1.595,1.838,0.10699999999999998,7.78359296600843e-05
batch_dist_ternary_butan-1-ol+propan-2-ol+water__operating_point_012__test_anormal_experiment_002,batch_dist_ternary_butan-1-ol+propan-2-ol+water,operating_point_012,test_anormal_experiment_002,0.4,2602,108.4,0.6934751622305062,1.0,0.9992313604919293,0.027713691586963792,0.0,1.0,0.0,-3.869080531106695e-07,1.0,1.0,0.0,1.0,1.0,0.0,2.841233673407714e-19,426.907,425.43383762490384,1.269701932791594,422.482,426.954,4.353999999999985,0.0016080694735274707,89.485,89.45771848578018,0.2627674279504834,88.907,90.084,-0.34199999999999875,-0.0001867754491286171,79.905,79.58749615680244,0.17993462330293614,79.219,79.905,0.6430000000000007,0.00023797177306916146,84.805,84.61776037663336,0.14387302154246992,84.254,85.038,-0.1489999999999867,1.16129890171334e-06,84.867,84.77576518063029,0.1060242728603905,84.59,85.145,-0.2569999999999908,-9.041500006734677e-06,79.88,79.68340488086088,0.08411198477681404,79.517,79.923,0.042999999999992156,6.583742840001423e-05,76.79,76.62838278247501,0.08489462598198347,76.45,76.833,0.2330000000000041,9.331562351637297e-05,72.576,72.63319965411223,0.09913081139071998,72.492,72.997,-0.4000000000000057,-0.00010794460559477148,72.35,72.3996931206764,0.058953724106573444,72.287,72.626,-0.1700000000000017,-6.243924153541964e-05,72.539,72.56269946195235,0.03413550212718881,72.475,72.687,-0.12699999999999534,-3.261137731311237e-05,0.117,0.11819254419677172,0.005709618600635784,0.108,0.137,-0.016,2.128648221212906e-06,0.485,0.47956571867794,0.014270504377853524,0.374,0.51,0.03699999999999998,9.576035620343775e-06,0.969,1.0748180245964642,0.04948694143952116,0.868,1.243,-0.1250000000000001,-1.0575470380034966e-05,2.058,2.0076821675634124,0.08992904614599369,1.65,2.276,0.040999999999999925,-8.979519107696093e-06,749.938,748.7584071867793,0.8512645913189162,746.026,751.185,2.314999999999941,9.145543652214051e-05,6.387,6.68579573405073,0.39426738493497265,5.753,7.797,0.011999999999999567,-1.1878198309560995e-05,210.0,210.0,0.0,210.0,210.0,0.0,7.933772038060588e-18,24.0,21.400365103766333,1.7990391740349363,18.0,24.0,4.5,0.002226730519587632,13.5,12.778823981552652,0.7494459140508087,12.0,13.5,1.5,7.350060950845074e-06,15.0,13.835511145272868,0.8440228808714748,12.0,15.0,3.0,0.0008113696879503584,10.500000000000002,10.29390853189854,0.5157663902805623,9.0,10.500000000000002,0.0,0.00019135319416222738,0.0,0.0,0.0,0.0,0.0,0.0,0.0,1.0,1.0,0.0,1.0,1.0,0.0,2.841233673407714e-19,1.0,1.0,0.0,1.0,1.0,0.0,2.841233673407714e-19,1.0,1.0,0.0,1.0,1.0,0.0,2.841233673407714e-19,1.0,1.0,0.0,1.0,1.0,0.0,2.841233673407714e-19,0.0,1.7863182167563412,6.798776649025511,0.0,28.0,0.0,-2.8695226488278967e-05,7.417,7.266438700999231,0.24543939677947327,6.475,7.925,0.7249999999999996,0.00018351251149152035,1.783,1.7533355111452729,0.04914253257990178,1.595,1.885,0.125,3.6678446800984445e-05
batch_dist_ternary_butan-1-ol+propan-2-ol+water__operating_point_013__train_normal_experiment_001,batch_dist_ternary_butan-1-ol+propan-2-ol+water,operating_point_013,train_normal_experiment_001,0.1,403,67.05,0.6950454537431681,1.0,1.0,0.0,1.0,1.0,0.0,1.2626948463575712e-20,1.0,1.0,0.0,1.0,1.0,0.0,1.2626948463575712e-20,492.068,490.84804962779157,0.6970499215053256,489.732,492.188,2.312000000000012,0.005969532481562339,85.378,85.34823945409428,0.0783293318304984,85.186,85.506,0.043000000000006366,0.0004837491350704645,74.119,73.97037344913151,0.09670104407566787,73.819,74.14,0.27899999999999636,0.0008105014262398249,80.041,80.2813759305211,0.19740591122837603,80.041,80.74,-0.6140000000000043,-0.0015734425494326081,80.025,80.11590570719602,0.15187748030731746,79.897,80.409,-0.2979999999999876,-0.0011538934568248059,74.784,74.89171091811414,0.10503893372419754,74.72,75.21,-0.36299999999999955,-0.0007813047628232851,71.652,71.6028535980149,0.09461751214061605,71.461,72.013,-0.31799999999999784,-7.478940090602796e-05,69.001,68.91369106699752,0.04667394658617027,68.833,69.001,0.10500000000000398,0.00035565266926319703,67.858,67.96173076923077,0.061616863053546904,67.837,68.112,-0.21199999999998909,-0.00048468996931179837,67.691,67.80704962779156,0.052692822255322375,67.67,67.923,-0.12699999999999534,-0.00038838092171870805,0.403,0.3802481389578164,0.012398539706719613,0.327,0.403,0.07600000000000001,8.220735132288838e-05,0.397,0.3944764267990074,0.007904521125897086,0.351,0.409,0.0,2.560209541194065e-05,0.724,0.7715942928039702,0.05058435003702833,0.584,1.003,-0.05900000000000005,6.483588249939965e-05,2.035,2.018199751861042,0.11060958064274198,1.644,2.216,0.30800000000000005,0.0005436840256374789,599.202,598.5616736972705,0.9535083115013813,596.411,600.719,0.49300000000005184,-0.0008353331064753143,4.873,4.993208436724566,0.3966162225857028,4.359,5.859,-0.5910000000000002,-1.0983824948170225e-05,280.0,280.0,0.0,280.0,280.0,0.0,-5.597543072327035e-16,19.5,20.192307692307693,0.7477777728932165,19.5,21.000000000000004,-1.5000000000000036,-0.005545174161133013,12.0,12.25682382133995,0.5650462430653538,12.0,13.5,-1.5,0.0008863808124451733,12.0,11.49379652605459,0.7092695213271977,10.500000000000002,12.0,1.4999999999999982,0.0032897571450415837,10.500000000000002,9.472704714640198,0.6968553111781723,9.0,10.500000000000002,1.5000000000000018,2.8876818276995725e-05,0.0,0.0,0.0,0.0,0.0,0.0,0.0,1.0,1.0,0.0,1.0,1.0,0.0,1.2626948463575712e-20,1.0,1.0,0.0,1.0,1.0,0.0,1.2626948463575712e-20,1.0,1.0,0.0,1.0,1.0,0.0,1.2626948463575712e-20,1.0,1.0,0.0,1.0,1.0,0.0,1.2626948463575712e-20,0.0,2.1265508684863526,8.496685371192708,0.0,37.0,0.0,-0.001960506779910246,6.155,5.902965260545906,0.15395121857705096,5.485,6.29,0.5200000000000005,0.0010671011084664593,4.855,4.602220843672457,0.15490131209456634,4.185,4.99,0.5200000000000005,0.0010751453649864838
batch_dist_ternary_butan-1-ol+propan-2-ol+water__operating_point_013__train_normal_experiment_001,batch_dist_ternary_butan-1-ol+propan-2-ol+water,operating_point_013,train_normal_experiment_001,0.2,805,67.05,0.6950454537431681,1.0,1.0,0.0,1.0,1.0,0.0,-1.1032384063009364e-18,1.0,1.0,0.0,1.0,1.0,0.0,-1.1032384063009364e-18,494.381,492.1175813664596,1.439262810535113,489.732,494.381,4.625,0.006179928210617926,85.464,85.40513664596273,0.08714563358025841,85.186,85.57,0.1290000000000049,0.00028666956434315936,74.483,74.13828198757763,0.1951372808337894,73.819,74.504,0.6430000000000007,0.0008356673010269337,79.809,80.08961366459627,0.24286542256541052,79.766,80.74,-0.8460000000000036,-0.0009828324393783769,79.897,80.03545031055901,0.13666649351693325,79.897,80.409,-0.4259999999999877,-0.00047558068357730985,74.806,74.83503105590063,0.09534596841983413,74.72,75.21,-0.3410000000000082,-0.0002983249872734308,72.098,71.74145838509317,0.191580539007971,71.461,72.119,0.1280000000000001,0.0006762869261109311,69.275,69.03615031055902,0.1443946942144869,68.833,69.317,0.3790000000000049,0.000601322771344296,67.731,67.89016894409937,0.08877507710519968,67.731,68.112,-0.33899999999999864,-0.0003630664932815493,67.543,67.71726956521738,0.10248319058863924,67.521,67.923,-0.2749999999999915,-0.00042698518642405876,0.403,0.39090062111801244,0.01640584086601612,0.327,0.422,0.07600000000000001,6.166318661765663e-05,0.407,0.39785341614906833,0.010849833447820907,0.351,0.421,0.009999999999999953,2.761486174540084e-05,0.758,0.7735819875776399,0.050280629722012055,0.584,1.003,-0.025000000000000022,1.6596797312083247e-05,1.837,2.0224316770186332,0.10876107349767991,1.644,2.292,0.10999999999999988,0.00011127871730538302,597.416,598.4763192546584,1.0110969757395962,595.756,601.086,-1.2929999999998927,-0.000690089842543832,5.464,4.990860869565218,0.3973955551167792,4.359,5.859,0.0,-1.3018565449959752e-05,280.0,280.0,0.0,280.0,280.0,0.0,-2.8186314343296803e-16,18.0,19.293167701863354,1.1433373957181303,18.0,21.000000000000004,-3.0000000000000036,-0.004587200704091763,12.0,12.128571428571428,0.4199125273342591,12.0,13.5,-1.5,-0.00036734319248817146,12.0,11.735403726708075,0.5717370218010306,10.500000000000002,12.0,1.4999999999999982,0.001353814593018283,9.0,9.476086956521739,0.6976911113440548,9.0,10.500000000000002,0.0,-1.5337596192106835e-05,0.0,0.0,0.0,0.0,0.0,0.0,0.0,1.0,1.0,0.0,1.0,1.0,0.0,-1.1032384063009364e-18,1.0,1.0,0.0,1.0,1.0,0.0,-1.1032384063009364e-18,1.0,1.0,0.0,1.0,1.0,0.0,-1.1032384063009364e-18,1.0,1.0,0.0,1.0,1.0,0.0,-1.1032384063009364e-18,0.0,2.1180124223602483,8.530055654313411,0.0,37.0,0.0,-0.0004974050880563227,6.23,6.039816770186335,0.2235225938629204,5.485,6.59,0.5950000000000006,0.0008274711357596368,4.93,4.740465838509317,0.22423320078904047,4.185,5.29,0.5949999999999998,0.0008321181341109708
batch_dist_ternary_butan-1-ol+propan-2-ol+water__operating_point_013__train_normal_experiment_001,batch_dist_ternary_butan-1-ol+propan-2-ol+water,operating_point_013,train_normal_experiment_001,0.4,1610,67.05,0.6950454537431681,1.0,0.9987577639751553,0.03522347050623062,0.0,1.0,0.0,-2.4354947393052744e-06,1.0,1.0,0.0,1.0,1.0,0.0,1.8564347554610265e-19,495.9,493.53496894409943,1.7720220372750235,489.732,495.972,6.1440000000000055,0.003638722353549844,85.699,85.47602732919253,0.10727776623742606,85.186,85.763,0.3640000000000043,0.00020192149895815,75.382,74.52695776397516,0.4523773071560768,73.819,75.404,1.5420000000000016,0.0009695343100429737,80.359,80.03168664596274,0.22236173059141257,79.745,80.74,-0.2960000000000065,-0.00013958522029360298,80.515,80.07435652173913,0.1549733674906107,79.897,80.515,0.19200000000000728,9.619769022945593e-05,75.466,74.96187422360248,0.19488270764565957,74.72,75.487,0.3189999999999884,0.0002964689265628619,72.607,72.05648509316771,0.3622665379224026,71.461,72.713,0.6370000000000005,0.0007571404726871606,70.052,69.33575124223603,0.35480339855882365,68.833,70.115,1.156000000000006,0.0007539937955124338,67.668,67.79624006211179,0.11560027231907775,67.625,68.112,-0.4019999999999868,-0.0002267574026478121,67.416,67.60098291925465,0.13988868751469394,67.373,67.923,-0.402000000000001,-0.00028772286367338804,0.44,0.4026677018633541,0.017042415491193386,0.327,0.44,0.11299999999999999,3.1344830234335535e-05,0.434,0.4066142857142857,0.012455323176115208,0.351,0.434,0.03699999999999998,2.2007965778682238e-05,0.761,0.7756891304347826,0.05013057893107114,0.584,1.003,-0.02200000000000002,4.229034615389405e-06,2.266,2.0194062111801245,0.09453843031350656,1.644,2.3,0.5389999999999999,1.526232395382571e-05,597.093,598.3192909937889,1.0882479231250424,595.433,601.086,-1.6159999999999854,-0.0003961630613472335,4.878,5.000730124223602,0.40155952892772373,4.359,5.859,-0.5860000000000003,3.779271269926124e-05,280.0,280.0,0.0,280.0,280.0,0.0,1.5776013632883785e-16,16.5,18.418788819875775,1.2864726530633972,16.5,21.000000000000004,-4.5000000000000036,-0.0023156842849191605,12.0,12.144409937888199,0.4424485017167814,12.0,13.5,-1.5,6.1231702006906e-05,12.0,12.033540372670808,0.6678922161136498,10.500000000000002,13.5,1.4999999999999982,0.0008878327218825426,9.0,9.609316770186336,0.7362129251006273,9.0,10.500000000000002,0.0,0.0003436419817557472,0.0,0.0,0.0,0.0,0.0,0.0,0.0,1.0,1.0,0.0,1.0,1.0,0.0,1.8564347554610265e-19,1.0,1.0,0.0,1.0,1.0,0.0,1.8564347554610265e-19,1.0,1.0,0.0,1.0,1.0,0.0,1.8564347554610265e-19,1.0,1.0,0.0,1.0,1.0,0.0,1.8564347554610265e-19,0.0,2.0586956521739133,8.4357345223885,0.0,37.0,0.0,-0.00014004166636923644,6.76,6.224981366459627,0.2548450076294624,5.485,6.845,1.125,0.00048065219041086246,5.46,4.925687888198758,0.255253596848773,4.185,5.545,1.125,0.00048123434769604674
batch_dist_ternary_butan-1-ol+propan-2-ol+water__operating_point_014__test_anormal_experiment_001,batch_dist_ternary_butan-1-ol+propan-2-ol+water,operating_point_014,test_anormal_experiment_001,0.1,306,50.85,0.6956401649231208,1.0,1.0,0.0,1.0,1.0,0.0,2.7751188546332687e-18,1.0,1.0,0.0,1.0,1.0,0.0,2.7751188546332687e-18,385.427,384.5344248366013,0.5206878895628293,383.72,385.439,1.7069999999999936,0.005854756003967153,67.6095,67.5569591503268,0.038021890812762686,67.471,67.641,0.03149999999999409,5.018328365158599e-05,57.012,56.91652287581699,0.05723169398994285,56.799,57.033,0.19200000000000017,0.0006250444728542596,62.6225,62.64571568627451,0.029479430333104222,62.591,62.718,-0.031500000000001194,-0.00020841104958010254,81.155,79.46278921568627,1.0126517237315642,77.659,81.176,3.495999999999995,0.011458829497516936,57.5835,57.620470588235285,0.08294083518680073,57.51,57.827,-0.2014999999999958,-0.0007867068309674018,53.268,53.46731372549019,0.4246277527125405,53.057,54.618,-0.2950000000000017,-0.0030623294247478184,49.2945,49.83012745098039,0.4661899509401231,49.284,50.768,-1.326500000000003,-0.00494277738862913,48.835,48.87386601307189,0.054357161457819145,48.814,49.067,-0.23199999999999932,-0.00044506694224643543,49.022,49.03956862745098,0.01627671848938833,49.001,49.085,-0.04200000000000159,-0.00011872508708702361,0.0045,0.13929575163398691,0.13038146000359999,0.004,0.465,-0.4605,-0.000975340941096895,0.5395000000000001,0.4384526143790849,0.07596632516137988,0.359,0.658,-0.11649999999999994,-0.00025874615345150125,-0.069,-0.0952859477124183,0.09762899510333063,-0.348,0.13,-0.05600000000000001,0.00018619137514566856,2.8040000000000003,2.0149607843137254,0.5287437356646542,0.977,3.584,-0.7799999999999998,0.0028912207078591566,249.6415,249.74788888888892,0.2875975493626796,249.013,250.655,0.10750000000001592,-0.0004059077959147735,3.1875,3.110251633986928,0.4186009167811387,2.5,3.906,0.26049999999999995,0.0001786356492722655,175.0,175.0,0.0,175.0,175.0,0.0,4.279867294338728e-16,15.0,15.0,0.0,15.0,15.0,0.0,2.8945375545875946e-17,19.5,19.5,0.0,19.5,19.5,0.0,9.375443446492499e-17,9.0,9.0,0.0,9.0,9.0,0.0,2.0337499810185847e-17,5.25,5.607843137254902,0.6563320946985102,4.5,6.0,0.75,0.00478956146991292,0.0,0.0,0.0,0.0,0.0,0.0,0.0,1.0,1.0,0.0,1.0,1.0,0.0,2.7751188546332687e-18,1.0,1.0,0.0,1.0,1.0,0.0,2.7751188546332687e-18,1.0,1.0,0.0,1.0,1.0,0.0,2.7751188546332687e-18,1.0,1.0,0.0,1.0,1.0,0.0,2.7751188546332687e-18,0.0,7.972222222222222,16.013680210534297,0.0,41.0,0.0,-0.0023138448522998464,9.5925,7.75701633986928,1.019654881891114,6.36,10.95,-1.3055000000000003,0.0002580003497100345,0.0,0.9907892156862746,1.2502677787092131,0.0,4.655,0.0,0.00013868693309544865
batch_dist_ternary_butan-1-ol+propan-2-ol+water__operating_point_014__test_anormal_experiment_001,batch_dist_ternary_butan-1-ol+propan-2-ol+water,operating_point_014,test_anormal_experiment_001,0.2,611,50.85,0.6956401649231208,1.0,1.0,0.0,1.0,1.0,0.0,4.235158273208936e-19,1.0,1.0,0.0,1.0,1.0,0.0,4.235158273208936e-19,375.664,377.54699918166943,9.012133788655774,359.996,385.578,-8.05600000000004,-0.03690317433887759,64.741,66.70267839607202,1.2339181321561388,64.39,67.663,-2.8370000000000033,-0.005898753950705137,59.527,57.34835761047463,0.7150977398912429,56.799,59.527,2.7070000000000007,0.003280843356633768,60.393,61.999432078559735,0.9222830472257963,60.193,62.718,-2.261000000000003,-0.004480638839743472,73.63550000000001,79.0485744680851,2.0217703115315864,73.63550000000001,81.581,-4.0234999999999985,-0.004181374530619461,56.0585,57.18924140752864,0.6217875081623084,55.92,57.827,-1.7264999999999944,-0.003083073103674642,53.5,53.295368248772505,0.4225390980910204,52.572,54.618,-0.06300000000000239,-0.0011156150508998815,51.5515,49.866034369885426,0.625244521827794,49.159,51.5515,0.930499999999995,0.0005437143213379311,51.489,49.30006628477905,0.7343080252077869,48.814,51.489,2.421999999999997,0.0031881023778672843,51.526,49.43617021276596,0.6787544540071091,49.001,51.526,2.4620000000000033,0.0029887964726821228,0.0225,0.1182315875613748,0.11100862008869121,0.004,0.465,-0.4425,-0.0002436225978143129,0.1,0.36293371522094925,0.16165083684076018,0.007,0.658,-0.556,-0.0005067292939910355,-0.381,-0.21297054009819968,0.16931652607602793,-0.637,0.13,-0.368,-0.0007180402310370096,1.4865,2.347332242225859,1.2926067169179758,0.667,5.812,-2.0975,0.0002153389859785155,291.386,257.28383142389526,12.062338594193168,249.013,291.386,41.85200000000003,0.055434090646445125,3.19,3.0952176759410803,0.4121243515390227,1.951,3.906,0.2629999999999999,-3.635662344499542e-05,175.0,168.84206219312603,28.09597177417777,0.0,175.0,0.0,-0.007718156172166297,18.0,11.565466448445171,5.649671766324562,0.0,18.0,3.0,-0.011050935358984357,0.0,10.595744680851064,9.71324950440439,0.0,19.5,-19.5,-0.04751225917642958,15.0,7.449672667757774,3.870714447586147,0.0,15.0,6.0,-0.0023415539916699203,12.0,4.924713584288052,2.992636031519321,0.0,12.0,7.5,0.0017209800396775917,0.0,0.0,0.0,0.0,0.0,0.0,0.0,1.0,0.9459901800327333,0.2260370750880709,0.0,1.0,0.0,-7.986022881691802e-05,1.0,0.9361702127659575,0.2444494743207672,0.0,1.0,0.0,-8.822503539260274e-05,1.0,0.9410801963993454,0.23547454287951158,0.0,1.0,0.0,-8.427937191350457e-05,1.0,0.9361702127659575,0.2444494743207672,0.0,1.0,0.0,-8.822503539260274e-05,21.0,7.111292962356792,12.536775425959046,0.0,41.0,21.0,0.002205529435263323,2.9175,6.726144026186578,2.324249649224579,0.0,10.95,-7.980499999999999,-0.006925225380681998,0.9705,1.3122520458265141,1.1573660301023747,0.0,4.655,0.9705,0.001550063525182013
batch_dist_ternary_butan-1-ol+propan-2-ol+water__operating_point_014__test_anormal_experiment_001,batch_dist_ternary_butan-1-ol+propan-2-ol+water,operating_point_014,test_anormal_experiment_001,0.4,1221,50.85,0.6956401649231208,1.0,1.0,0.0,1.0,1.0,0.0,-3.3691283790326934e-19,1.0,1.0,0.0,1.0,1.0,0.0,-3.3691283790326934e-19,387.065,380.58872932022933,7.372571552343381,359.996,387.088,3.3449999999999704,0.004861644732118976,65.686,66.4351036036036,1.120054750779844,64.39,67.918,-1.891999999999996,-0.001617588163995577,57.268,57.75211425061425,1.2272556285529665,56.799,61.04,0.4480000000000004,0.0005812374133092409,61.098,61.93043816543817,0.924022202668839,60.193,63.496,-1.5560000000000045,-0.0009003370690151692,60.302,72.61056183456182,7.118143954558336,60.302,81.581,-17.357000000000006,-0.019014037236970625,56.238,57.35637674037674,0.8751155952657542,55.92,59.205,-1.546999999999997,-0.00017713516321823727,54.112,53.83887346437347,1.3565385133634944,52.023,58.124,0.5489999999999995,0.0006462573271083946,48.908,50.061524570024574,1.1566257851393513,48.866,52.816,-1.713000000000001,-0.00039279005480609105,48.646,49.48722768222768,1.2135492581552496,48.624,52.774,-0.4209999999999994,-7.498603923439457e-06,48.833,49.60241441441441,1.1961618119080906,48.559,52.852,-0.23100000000000165,-4.596526127745168e-05,0.167,0.14227846027846028,0.11941330827754942,0.004,0.465,-0.29800000000000004,3.916646236143959e-05,0.398,0.4066154791154791,0.2695286607032472,0.004,2.497,-0.258,5.847085179139585e-05,-0.08,-0.10484398034398035,0.34928343179967325,-0.637,2.146,-0.067,0.0001550695757357773,1.875,2.2756998361998364,1.64653545481257,-0.857,7.095,-1.709,-0.0004338431163509638,248.583,259.03739107289107,17.5852927737386,243.827,306.138,-0.9509999999999934,-1.372813673128005e-05,2.667,3.110635954135954,0.40992308246941267,1.951,3.91,-0.26000000000000023,3.3295710187932245e-05,175.0,171.91850941850942,20.112063818436937,0.0,175.0,0.0,0.006597894198173266,13.5,12.194717444717444,5.117208800016225,0.0,19.5,-1.5,-0.0008407805582552769,0.0,5.302211302211302,8.676386096746914,0.0,19.5,-19.5,-0.018970509971556367,10.500000000000002,8.203316953316953,4.511005657777846,0.0,16.5,1.5000000000000018,3.559822185561884e-06,6.0,5.298525798525799,4.330865770043042,0.0,15.0,1.5,-0.0008718795604041507,0.0,0.0,0.0,0.0,0.0,0.0,0.0,1.0,0.972972972972973,0.16216216216216217,0.0,1.0,0.0,5.6344074481499786e-05,1.0,0.9680589680589681,0.1758431187723134,0.0,1.0,0.0,6.735974646682695e-05,1.0,0.9705159705159705,0.16915886464922367,0.0,1.0,0.0,6.182224528928433e-05,1.0,0.9680589680589681,0.1758431187723134,0.0,1.0,0.0,6.735974646682695e-05,0.0,9.59009009009009,15.916190690894286,0.0,48.0,0.0,-0.0015209592991246275,7.073,7.221790335790335,3.618281785228555,0.0,19.522,-3.8249999999999993,0.0004017744175400282,2.34,1.9422211302211303,1.4814271724649988,0.0,6.49,2.34,0.0017575056345722545
batch_dist_ternary_butan-1-ol+propan-2-ol+water__operating_point_014__train_normal_experiment_002,batch_dist_ternary_butan-1-ol+propan-2-ol+water,operating_point_014,train_normal_experiment_002,0.1,641,106.78333333333332,0.679784282051461,1.0,1.0,0.0,1.0,1.0,0.0,-7.967724342693771e-20,1.0,1.0,0.0,1.0,1.0,0.0,-7.967724342693771e-20,379.011,378.1468135725429,0.573582821122024,377.042,379.081,1.8770000000000095,0.0030886127974325234,69.853,69.79727301092043,0.04708418826793198,69.683,69.938,-0.08500000000000796,2.288573727520848e-05,59.654,59.44335257410296,0.12237107143291379,59.249,59.676,0.38300000000000267,0.0006489408752751807,64.802,64.6749329173167,0.05005771420154915,64.57,64.802,0.08400000000000318,0.0001560930825083735,64.797,64.77211700468018,0.05147110006030578,64.67,64.903,-0.043000000000006366,5.234959339956403e-05,59.778,59.65260998439938,0.06373141032192974,59.566,59.82,0.1909999999999954,0.00025847283832940675,53.268,52.96696099843994,0.2933571391927998,52.087,53.289,1.139000000000003,0.0012665418783806438,48.908,49.027556942277684,0.07480335814254736,48.887,49.18,-0.27199999999999847,-0.0003831769549987675,48.498,48.561126365054605,0.05215404197447799,48.477,48.709,-0.16900000000000404,-0.00023501046116612234,48.706,48.73288143525741,0.029729985836632045,48.643,48.833,-0.08499999999999375,-0.00010309356182661321,0.141,0.15987987519500782,0.024342308282644963,0.044,0.295,-0.154,-5.3654573753043514e-05,0.374,0.40706396255850236,0.1073638881986598,0.358,2.283,-0.006000000000000005,6.12513349833058e-05,-0.132,-0.06190795631825273,0.08507786256134701,-0.396,0.154,-0.024000000000000007,-9.395913219706352e-06,1.795,1.9940358814352577,0.10956290391264123,1.638,2.235,0.08799999999999986,-5.933549725166641e-05,248.932,249.1032488299532,0.6381478392055543,247.093,250.575,-0.4310000000000116,-6.481877032138677e-05,6.829,6.659702808112326,0.3872534324694271,5.842,7.319,-0.4640000000000004,0.0002126290104174202,175.0,175.0,0.0,175.0,175.0,0.0,-5.4527339795246567e-17,18.0,16.923556942277692,0.673928675649064,16.5,18.0,1.5,0.0003940023255135723,10.500000000000002,9.758190327613104,0.7499552776890043,9.0,10.500000000000002,1.5000000000000018,-4.052790616298311e-05,10.500000000000002,9.745319812792511,0.7482282342597693,9.0,10.500000000000002,1.5000000000000018,0.001627813944333476,7.5,7.234399375975039,0.5718213964636062,6.0,7.5,0.0,0.0005951382915129722,0.0,0.0,0.0,0.0,0.0,0.0,0.0,1.0,1.0,0.0,1.0,1.0,0.0,-7.967724342693771e-20,1.0,1.0,0.0,1.0,1.0,0.0,-7.967724342693771e-20,1.0,1.0,0.0,1.0,1.0,0.0,-7.967724342693771e-20,1.0,1.0,0.0,1.0,1.0,0.0,-7.967724342693771e-20,0.0,4.972698907956318,15.09521378779907,0.0,51.0,0.0,0.00031834567775233867,5.773,6.077721528861154,0.2206611097133799,5.367,6.53,0.0909999999999993,0.0003312005873926571,1.957,2.0596107644305772,0.07379720003361226,1.832,2.21,0.029000000000000137,0.00011209763694286018
batch_dist_ternary_butan-1-ol+propan-2-ol+water__operating_point_014__train_normal_experiment_002,batch_dist_ternary_butan-1-ol+propan-2-ol+water,operating_point_014,train_normal_experiment_002,0.2,1282,106.78333333333332,0.679784282051461,1.0,1.0,0.0,1.0,1.0,0.0,4.282987519583564e-20,1.0,1.0,0.0,1.0,1.0,0.0,4.282987519583564e-20,380.356,378.97033580343214,0.9680610142396288,377.042,380.426,3.22199999999998,0.0026025522963306932,70.194,69.92267433697347,0.15143575295922113,69.683,70.279,0.2560000000000002,0.0003678526699734698,60.187,59.68103549141965,0.27211704994903246,59.249,60.187,0.9159999999999968,0.0007323711355254767,65.139,64.83377145085804,0.185945563962923,64.57,65.223,0.42099999999999227,0.0004747640504607768,65.285,64.89929251170047,0.1569709754566514,64.67,65.306,0.4449999999999932,0.00037765407929583775,60.223,59.81909360374414,0.1928080092885858,59.566,60.244,0.6359999999999957,0.0005019428058030184,53.078,53.14301326053042,0.3323841449181311,52.087,54.006,0.9490000000000052,0.00047232485417629354,48.845,48.93900702028081,0.10744755618352,48.741,49.18,-0.33500000000000085,-0.0002806089663312541,48.498,48.519202418096725,0.05974835895829278,48.414,48.709,-0.16900000000000404,-0.00014052966436699157,48.685,48.707777691107644,0.035994508399455956,48.622,48.833,-0.10599999999999454,-8.052622542441592e-05,0.153,0.15681240249609985,0.01867363038520132,0.044,0.295,-0.142,-1.3518795683459028e-05,0.411,0.4098311232449297,0.09684727787910033,0.358,2.317,0.030999999999999972,1.7335721840401528e-05,0.024,-0.05882878315132605,0.08036625000787925,-0.396,0.154,0.132,5.708559591779038e-06,1.897,2.008486739469579,0.09547063312787321,1.638,2.278,0.18999999999999995,7.613770647741577e-06,248.735,249.11403120124803,0.6152778755010488,247.093,250.575,-0.6279999999999859,2.701555620897727e-05,6.222,6.700376755070204,0.3777433316317821,5.842,7.319,-1.0709999999999997,0.00011572543363036486,175.0,175.0,0.0,175.0,175.0,0.0,1.493006203633221e-17,18.0,16.808892355694226,0.6058436357952506,16.5,18.0,1.5,-0.0002837375401299074,9.0,9.788611544461778,0.7490054396559997,9.0,10.500000000000002,0.0,9.442540664968229e-05,10.500000000000002,9.8149375975039,0.7463020874808785,9.0,10.500000000000002,1.5000000000000018,0.0003085527215255218,7.5,7.3110374414976596,0.4972908823687177,6.0,7.5,0.0,0.00025691049016775627,0.0,0.0,0.0,0.0,0.0,0.0,0.0,1.0,1.0,0.0,1.0,1.0,0.0,4.282987519583564e-20,1.0,1.0,0.0,1.0,1.0,0.0,4.282987519583564e-20,1.0,1.0,0.0,1.0,1.0,0.0,4.282987519583564e-20,1.0,1.0,0.0,1.0,1.0,0.0,4.282987519583564e-20,51.0,4.873244929797192,14.975972755893057,0.0,51.0,51.0,-0.00019468138780749753,6.253,6.224597113884555,0.23946860560999136,5.367,6.725,0.5709999999999997,0.0004243081281531833,2.118,2.1085296411856476,0.08003711538423171,1.832,2.275,0.18999999999999995,0.00014164949205330602
batch_dist_ternary_butan-1-ol+propan-2-ol+water__operating_point_014__train_normal_experiment_002,batch_dist_ternary_butan-1-ol+propan-2-ol+water,operating_point_014,train_normal_experiment_002,0.4,2564,106.78333333333332,0.679784282051461,1.0,0.9984399375975039,0.039466803871056215,0.0,1.0,0.0,-2.084482828971047e-06,1.0,1.0,0.0,1.0,1.0,0.0,-2.6391847619810175e-22,381.771,380.2073790951638,1.4357236248110843,377.042,381.84,4.6370000000000005,0.0018744262554453524,71.449,70.33578412636504,0.48288620913894115,69.683,71.449,1.5109999999999957,0.0006357842524747327,61.403,60.212878315132606,0.6210388854212526,59.249,61.424,2.131999999999998,0.0008360258867850674,66.36,65.28771665366615,0.5299397466702903,64.57,66.403,1.641999999999996,0.0007043326422326129,66.368,65.32651365054602,0.5038276892870118,64.67,66.389,1.5279999999999916,0.0006619391436163505,61.263,60.21923751950078,0.47070296881168877,59.566,61.305,1.6759999999999948,0.0006244081911731907,55.083,53.73698420436818,0.8427584182926163,52.087,55.589,2.9540000000000006,0.0009898786329094428,48.762,48.8486238299532,0.11865559295813069,48.699,49.18,-0.41799999999999926,-0.00014250732397959513,48.435,48.47571704368175,0.06186800738215139,48.372,48.709,-0.23199999999999932,-6.988693261102285e-05,48.664,48.681547971918874,0.03828366596017358,48.622,48.833,-0.12699999999999534,-4.150129066543988e-05,0.164,0.1557303042121685,0.014756972430714626,0.044,0.295,-0.13099999999999998,-2.8296208341752104e-06,0.418,0.4161969578783151,0.10415593440842805,0.358,2.331,0.03799999999999998,1.0172756747015376e-05,-0.041,-0.05576092043681748,0.07917914467665647,-0.396,0.154,0.067,5.725523310108328e-06,1.858,2.005383190327613,0.09519598854256203,1.638,2.744,0.15100000000000002,-1.7569835594210652e-06,249.202,249.09713397035884,0.6176754104921692,247.093,250.593,-0.16100000000000136,-9.012020706349342e-06,6.829,6.704888845553822,0.38858027459635086,5.842,7.82,-0.4640000000000004,1.7260640511523893e-05,175.0,175.0,0.0,175.0,175.0,0.0,-8.496931671098469e-17,18.0,16.999609984399378,0.7063478640061956,16.5,18.0,1.5,0.0003454875447826057,10.500000000000002,9.961778471138846,0.7191739091564656,9.0,10.500000000000002,1.5000000000000018,0.0002827031782628677,10.500000000000002,10.034028861154447,0.6933474505286324,9.0,10.500000000000002,1.5000000000000018,0.0003686013304959175,7.5,7.544754290171607,0.6077941964024519,6.0,9.0,0.0,0.0004109530666624112,0.0,0.0,0.0,0.0,0.0,0.0,0.0,1.0,1.0,0.0,1.0,1.0,0.0,-2.6391847619810175e-22,1.0,1.0,0.0,1.0,1.0,0.0,-2.6391847619810175e-22,1.0,1.0,0.0,1.0,1.0,0.0,-2.6391847619810175e-22,1.0,1.0,0.0,1.0,1.0,0.0,-2.6391847619810175e-22,0.0,4.646060842433697,14.66938094171485,0.0,52.0,0.0,-0.0003181803213836114,6.41,6.319770865834634,0.22388674551685073,5.367,7.505,0.7279999999999998,0.00016889359182529405,2.17,2.140142550702028,0.0746523498728864,1.832,2.535,0.242,5.609217693416284e-05
batch_dist_ternary_butan-1-ol+propan-2-ol+water__operating_point_015__test_anormal_experiment_001,batch_dist_ternary_butan-1-ol+propan-2-ol+water,operating_point_015,test_anormal_experiment_001,0.1,625,104.01666666666668,0.721089595799512,1.0,0.9984,0.03996798718974975,0.0,1.0,0.0,4.0796264438437195e-06,1.0,1.0,0.0,1.0,1.0,0.0,1.4610314339226334e-19,381.794,381.1264952,0.34805103760362543,380.426,381.864,1.3220000000000027,0.0019035052101252798,85.592,85.3807432,0.1396897850730688,85.079,85.677,0.44899999999999807,0.0007401490783976215,75.511,75.2610216,0.16482083343267007,74.954,75.532,0.5360000000000014,0.0009038515360039896,80.592,80.3849936,0.12180005237700106,80.168,80.676,0.4239999999999924,0.0006382840501351582,80.6,80.42374480000001,0.13131433765191086,80.217,80.686,0.36199999999999477,0.0006509650528385948,75.615,75.3287072,0.1338827183327254,75.061,75.615,0.5109999999999957,0.0006804545834357584,69.531,69.2707168,0.16292088324631732,68.853,69.659,0.6780000000000115,-0.0003061248709756895,63.562,63.735140799999996,0.09242498891187417,63.562,63.877,-0.25200000000000244,-0.000481889358564752,63.14,63.27946880000001,0.0873426506728521,63.14,63.478,-0.2740000000000009,-0.0004585623003194577,63.315,63.395596799999986,0.0518101131996457,63.315,63.547,-0.21100000000000563,-0.00024143106414357542,0.154,0.14957999999999996,0.00988141690244876,0.05,0.171,0.1,1.4850258048660561e-05,0.377,0.37987200000000004,0.11769135404098297,0.293,2.383,0.08400000000000002,4.014716146473362e-05,0.618,0.6257336,0.05917249894199163,0.417,0.792,-0.02100000000000002,-5.51971000245768e-06,1.986,2.0607128,0.10264885150921074,1.754,2.384,-0.031999999999999806,-0.00030360611943966464,495.801,498.21175600000004,1.205355999223465,495.182,500.853,-2.5570000000000164,0.0007112250430078226,6.829,6.909748000000001,0.371795398702028,6.217,7.812,0.45399999999999974,-0.0001417472351929207,175.0,175.0,0.0,175.0,175.0,0.0,7.686896799562682e-17,18.0,19.0332,0.6938283361178037,18.0,19.5,-1.5,-0.0005460678299336248,12.0,12.3648,0.6435223073056598,12.0,13.5,0.0,-9.171786679774483e-05,12.0,13.1052,0.6598734424114976,12.0,13.5,-1.5,0.0005429712460063843,10.500000000000002,10.2012,0.5983465216745233,9.0,10.500000000000002,0.0,0.00015464487589087942,0.0,0.0,0.0,0.0,0.0,0.0,0.0,1.0,1.0,0.0,1.0,1.0,0.0,1.4610314339226334e-19,1.0,1.0,0.0,1.0,1.0,0.0,1.4610314339226334e-19,1.0,1.0,0.0,1.0,1.0,0.0,1.4610314339226334e-19,1.0,1.0,0.0,1.0,1.0,0.0,1.4610314339226334e-19,0.0,3.2592,11.205285152998117,0.0,42.0,0.0,0.0006884738264929965,5.555,5.6041288,0.22543955422809014,4.512,6.073,0.915,0.0007011307692307664,1.885,1.9011375999999998,0.07560525025578581,1.538,2.057,0.347,0.00023358407471123346
batch_dist_ternary_butan-1-ol+propan-2-ol+water__operating_point_015__test_anormal_experiment_001,batch_dist_ternary_butan-1-ol+propan-2-ol+water,operating_point_015,test_anormal_experiment_001,0.2,1249,104.01666666666668,0.721089595799512,1.0,0.9983987189751802,0.03998395833205372,0.0,1.0,0.0,2.0139188273704855e-06,1.0,1.0,0.0,1.0,1.0,0.0,5.613330364502634e-19,383.14,381.8682634107286,0.8292918020725174,380.426,383.21,2.6680000000000064,0.0022856322134629757,86.297,85.62201601281025,0.3487857183510463,85.079,86.468,1.1539999999999964,0.0008678360780933283,75.918,75.5226873498799,1.3903777698173774,67.2,84.245,0.943000000000012,0.0008421254449713344,81.353,80.62343955164131,0.3556362780689597,80.168,81.502,1.184999999999988,0.0008522833897887697,81.411,80.6845256204964,0.42116914619173834,80.217,81.752,1.1730000000000018,0.0009613105130257846,76.319,75.60347718174539,0.39298575485959036,75.061,76.596,1.2150000000000034,0.0009624592997475359,69.574,69.30404363490793,1.4313714090990315,59.288,78.5,0.7210000000000036,2.8243607193443414e-05,63.374,63.61533466773419,1.3488771127346317,55.27,73.607,-0.4399999999999977,-0.0003981649504218942,63.055,63.181761008807044,1.3785420468265732,52.506,71.092,-0.35900000000000176,-0.00031430557984849845,63.251,63.3801317053643,1.374139409725761,54.431,71.978,-0.2750000000000057,-8.015135185071253e-05,0.162,0.15380384307445957,0.009824498453278973,0.05,0.187,0.10800000000000001,1.1749211677033853e-05,0.382,0.3801012810248199,0.08364393221434122,0.293,2.383,0.08900000000000002,4.5268214571656905e-06,0.647,0.622542834267414,0.2345868648591069,-0.795,1.928,0.008000000000000007,6.710506867030126e-07,1.99,2.0325488390712567,0.23238325412579064,0.844,3.233,-0.027999999999999803,-0.00010931419289277706,500.045,498.09819015212173,1.2350874769552485,495.182,500.853,1.6870000000000118,-9.841943400846347e-05,6.829,6.888383106485187,0.3665729970368285,5.854,7.812,0.45399999999999974,-6.721062696311175e-05,175.0,175.0,0.0,175.0,175.0,0.0,-1.828327992971951e-17,18.0,18.976381104883906,4.2282437287956025,0.0,40.5,-1.5,-5.899026913838889e-05,10.500000000000002,12.360888710968775,4.144038123907957,0.0,34.5,-1.4999999999999982,-0.0001071072242409313,12.0,13.110888710968775,4.128249930517255,0.0,34.5,-1.5,0.00022509238159758971,9.0,10.122898318654924,3.993076986175348,0.0,31.5,-1.5000000000000018,-0.00021244534088808763,0.0,0.0,0.0,0.0,0.0,0.0,0.0,1.0,1.0,0.0,1.0,1.0,0.0,5.613330364502634e-19,1.0,1.0,0.0,1.0,1.0,0.0,5.613330364502634e-19,1.0,1.0,0.0,1.0,1.0,0.0,5.613330364502634e-19,1.0,1.0,0.0,1.0,1.0,0.0,5.613330364502634e-19,0.0,3.11048839071257,10.982362765598188,0.0,42.0,0.0,-0.00024172568824290218,5.9,5.742505204163331,0.3985541796547046,4.055,7.843,1.2600000000000007,0.000412026368787335,2.0,1.9471257005604483,0.1328553553620188,1.385,2.648,0.46199999999999997,0.0001365059432161108
batch_dist_ternary_butan-1-ol+propan-2-ol+water__operating_point_015__test_anormal_experiment_001,batch_dist_ternary_butan-1-ol+propan-2-ol+water,operating_point_015,test_anormal_experiment_001,0.4,2497,104.01666666666668,0.721089595799512,1.0,0.9971966359631558,0.0528725371712115,0.0,1.0,0.0,-1.887619580893075e-06,1.0,1.0,0.0,1.0,1.0,0.0,-3.5561520979428554e-19,384.858,382.72941269523426,1.1469652990669505,380.426,384.997,4.386000000000024,0.001535210703759219,87.238,86.06964357228674,0.5551727520811134,85.079,87.281,2.094999999999999,0.0007423546809321168,77.354,76.0606101321586,1.7260968712027702,67.2,84.955,2.379000000000005,0.0008870509522587136,82.115,81.0687200640769,0.5525789950630203,80.168,82.115,1.9469999999999885,0.0007330658564311613,82.243,81.12076892270724,0.5955374038854926,80.217,82.243,2.0049999999999955,0.0007624084981611078,77.235,76.06009891870245,0.6038150723497631,75.061,77.235,2.1310000000000002,0.0007929059507117118,70.252,69.56201141369644,1.6553403824918227,59.288,78.5,1.399000000000001,0.0003755698822944287,63.269,63.42312014417301,1.5996691711511029,53.139,73.607,-0.5450000000000017,-0.0003123758167527079,62.97,63.07779315178214,1.6805424748505735,52.506,72.606,-0.4440000000000026,-0.0001710655314554,63.209,63.2842440929115,1.6938617764893242,54.094,72.595,-0.31700000000000017,-0.00013233931388973387,0.172,0.16877152583099717,0.15416149156248965,0.004,2.995,0.118,2.3130123426549977e-05,0.389,0.38646355626752105,0.10234034262363072,0.293,2.645,0.09600000000000003,7.244066563438338e-06,0.461,0.6366954345214257,0.28406332430963843,-1.044,2.158,-0.178,2.0205079993880247e-05,2.015,2.0184321185422505,0.2865097892373518,0.445,3.707,-0.0029999999999996696,-3.063547307455689e-05,496.941,498.10241469763713,1.2416780094965676,495.146,500.853,-1.41700000000003,-1.8102143447487826e-05,7.293,6.812326591910294,0.3953997674975079,5.842,7.812,0.9180000000000001,-0.00012151147013541748,175.0,175.0,0.0,175.0,175.0,0.0,-5.612502798959647e-17,19.5,18.964757709251103,4.673378652859754,0.0,40.5,0.0,9.796352531332806e-05,13.5,12.49199038846616,4.612517349850398,0.0,34.5,1.5,0.00021735411495457579,13.5,13.165698838606328,4.602284113903526,0.0,34.5,0.0,0.00018279425918973552,10.500000000000002,10.273227873448137,4.361523653453179,0.0,31.5,0.0,0.00020232233505605555,0.0,0.0,0.0,0.0,0.0,0.0,0.0,1.0,1.0,0.0,1.0,1.0,0.0,-3.5561520979428554e-19,1.0,1.0,0.0,1.0,1.0,0.0,-3.5561520979428554e-19,1.0,1.0,0.0,1.0,1.0,0.0,-3.5561520979428554e-19,1.0,1.0,0.0,1.0,1.0,0.0,-3.5561520979428554e-19,0.0,3.0865038045654787,10.935118575177379,0.0,42.0,0.0,-6.518183956610491e-05,5.93,5.829902282739287,0.46720677592320686,3.342,8.54,1.29,0.00017139134430676852,2.01,1.9770875050060073,0.15550750642180172,1.148,2.88,0.47199999999999975,5.772284296430745e-05
batch_dist_ternary_butan-1-ol+propan-2-ol+water__operating_point_015__train_normal_experiment_001,batch_dist_ternary_butan-1-ol+propan-2-ol+water,operating_point_015,train_normal_experiment_001,0.1,715,119.13333333333334,0.6844901545813868,1.0,1.0,0.0,1.0,1.0,0.0,-2.939999848148987e-19,1.0,1.0,0.0,1.0,1.0,0.0,-2.939999848148987e-19,389.576,389.04577762237756,0.3281358944606733,388.576,389.646,0.7210000000000036,0.0014317203663898632,82.985,83.08609300699301,0.10031077628654768,82.857,83.305,-0.2560000000000002,-0.0003649360662341339,72.706,72.55928041958042,0.08044493861067692,72.428,72.706,0.257000000000005,0.00037211856497102326,77.948,77.91334825174825,0.04108257564246666,77.8,78.032,-0.08400000000000318,-8.3774080011418e-05,77.915,77.96465174825175,0.08000081542691564,77.809,78.192,-0.2769999999999868,-0.0002881681578362533,72.804,72.77576293706292,0.05247169823675667,72.633,72.889,-0.08499999999999375,-1.5154464332979428e-05,68.09,68.25893986013986,0.8011243680144513,66.776,69.934,0.7210000000000036,0.0007294274079518332,63.332,63.364704195804194,0.032529732229127396,63.29,63.437,-0.06300000000000239,-0.00010579893323897588,63.288,63.29101118881118,0.02084083573782646,63.203,63.351,-0.04200000000000159,-4.9400451667946054e-05,63.42,63.44144195804197,0.02014657274498289,63.378,63.505,-0.04200000000000159,-5.2203826406891786e-05,0.006,0.14371888111888112,0.09041074488331848,0.004,0.618,-0.612,-0.00010577649429111822,0.319,0.38126153846153843,0.14985792148764832,0.068,0.833,0.251,-7.637580953387805e-06,0.521,0.6166958041958042,0.05781313141677597,0.461,0.8,-0.10499999999999998,3.4464565995949376e-05,2.643,2.2047804195804197,0.6946764850758276,1.3,4.22,-0.8640000000000003,-0.0017491937080336688,499.624,499.17402797202806,0.6061160663856817,497.075,500.647,1.3010000000000446,0.00019298286334127148,2.93,3.0704517482517484,0.39612097658587736,2.627,3.906,-0.7129999999999996,-5.567117732744338e-05,175.0,175.0,0.0,175.0,175.0,0.0,-5.75571215809579e-17,16.5,17.15874125874126,0.7444271906263702,16.5,18.0,-1.5,-0.0014030662075354963,12.0,11.425174825174825,0.7292556346199652,10.500000000000002,12.0,0.0,-0.00023804654103702963,12.0,12.0,0.0,12.0,12.0,0.0,3.514475264848237e-18,7.5,8.75034965034965,0.5587040606573238,7.5,9.0,-1.5,-3.2008740520125696e-06,0.0,0.0,0.0,0.0,0.0,0.0,0.0,1.0,1.0,0.0,1.0,1.0,0.0,-2.939999848148987e-19,1.0,1.0,0.0,1.0,1.0,0.0,-2.939999848148987e-19,1.0,1.0,0.0,1.0,1.0,0.0,-2.939999848148987e-19,1.0,1.0,0.0,1.0,1.0,0.0,-2.939999848148987e-19,31.0,2.7314685314685314,8.74886142107038,0.0,31.0,31.0,0.00023967160017110802,5.887,5.625674125874125,1.0600029136860132,3.03,12.038,2.8569999999999998,-0.0007803041191473655,4.012,2.287367832167832,0.8945505518830792,0.0,4.068,3.002,-0.0005444812171069178
batch_dist_ternary_butan-1-ol+propan-2-ol+water__operating_point_015__train_normal_experiment_001,batch_dist_ternary_butan-1-ol+propan-2-ol+water,operating_point_015,train_normal_experiment_001,0.2,1430,119.13333333333334,0.6844901545813868,1.0,1.0,0.0,1.0,1.0,0.0,-2.971653157271859e-19,1.0,1.0,0.0,1.0,1.0,0.0,-2.971653157271859e-19,392.601,389.5671576923077,0.7635686603601443,388.576,392.601,3.745999999999981,0.0015727465866905246,83.092,83.03589545454547,0.09121777377280285,82.857,83.305,-0.1490000000000009,-0.00014202292111767557,72.899,72.68187377622378,0.1399259980907196,72.428,72.92,0.45000000000000284,0.00033250423943354066,78.074,77.94610454545455,0.05595252183430536,77.8,78.117,0.04200000000000159,8.152138736268684e-05,77.979,77.95105279720279,0.0653479164509716,77.809,78.192,-0.21299999999999386,-6.199333482562397e-05,72.974,72.82592377622377,0.07187109279916154,72.633,73.038,0.08500000000000796,0.00012815506948097089,68.365,68.08186958041958,0.7542647322475123,66.437,69.934,0.9959999999999951,-0.00047406750237465175,63.29,63.33324825174826,0.041157975296534186,63.248,63.437,-0.10500000000000398,-8.669073905088124e-05,63.245,63.27393111888111,0.027538402496056488,63.203,63.351,-0.08500000000000085,-4.6017145436230574e-05,63.42,63.43193321678323,0.020470230340955384,63.378,63.505,-0.04200000000000159,-2.7183008546171726e-05,0.078,0.1196097902097902,0.09425891385547963,0.004,0.618,-0.54,-7.507850209039849e-05,0.346,0.40768111888111885,0.1534139267805131,0.068,0.833,0.27799999999999997,5.433962838665939e-05,0.615,0.6104097902097901,0.05691119239864605,0.437,0.8,-0.01100000000000001,-1.1973528933535228e-05,2.422,2.1060615384615384,0.6411456306016529,0.715,4.22,-1.085,-0.00041330179327987504,498.305,499.1727475524476,0.5998118460033092,497.075,500.647,-0.01799999999997226,3.6630902799378224e-05,2.927,3.081960839160839,0.4035131593828136,2.627,3.91,-0.7159999999999997,3.435027722760045e-05,175.0,175.0,0.0,175.0,175.0,0.0,-9.766136825768216e-17,16.5,16.95472027972028,0.6891418795488876,16.5,18.0,-1.5,-0.0006958059039604468,10.500000000000002,11.332867132867133,0.7454079676864072,10.500000000000002,12.0,-1.4999999999999982,-0.00021809615799343906,10.500000000000002,11.965384615384615,0.225221784183959,10.500000000000002,12.0,-1.4999999999999982,-0.00013725266243850092,7.5,8.784965034965035,0.5256542698056004,7.5,9.0,-1.5,7.334299688100663e-06,0.0,0.0,0.0,0.0,0.0,0.0,0.0,1.0,1.0,0.0,1.0,1.0,0.0,-2.971653157271859e-19,1.0,1.0,0.0,1.0,1.0,0.0,-2.971653157271859e-19,1.0,1.0,0.0,1.0,1.0,0.0,-2.971653157271859e-19,1.0,1.0,0.0,1.0,1.0,0.0,-2.971653157271859e-19,0.0,2.688111888111888,8.704568284667891,0.0,31.0,0.0,2.9577263954118848e-05,6.12,6.660944405594406,1.9883240845661718,2.73,12.727,3.0900000000000003,0.0019183305416520338,2.035,1.9457384615384614,1.4845192312769813,0.0,4.84,1.0250000000000001,-0.0009037704302026902
batch_dist_ternary_butan-1-ol+propan-2-ol+water__operating_point_015__train_normal_experiment_001,batch_dist_ternary_butan-1-ol+propan-2-ol+water,operating_point_015,train_normal_experiment_001,0.4,2860,119.13333333333334,0.6844901545813868,1.0,1.0,0.0,1.0,1.0,0.0,-7.548465538464638e-20,1.0,1.0,0.0,1.0,1.0,0.0,-7.548465538464638e-20,397.261,392.7543167832167,3.332068874110531,388.576,397.308,8.406000000000006,0.003857669812744849,83.882,83.25983513986014,0.27455264472725294,82.857,83.904,0.6410000000000053,0.00027739145255191493,73.755,72.98504405594406,0.36834786806119507,72.428,73.755,1.3059999999999974,0.0004380079582559856,78.793,78.14390157342656,0.2565056325414645,77.8,78.793,0.7610000000000099,0.0002834298711415581,78.853,78.13549388111889,0.25623353547168776,77.809,78.853,0.6610000000000014,0.00025736562395661035,73.826,73.05853444055944,0.30190425637963747,72.633,73.826,0.9369999999999976,0.0003372754776597432,69.489,68.65785472027972,0.9432747794654647,66.437,71.079,2.1200000000000045,0.0006898097007947878,63.332,63.332488286713286,0.04330365566055819,63.248,63.479,-0.06300000000000239,-1.9212861168324375e-06,63.245,63.26208846153846,0.02819861884252719,63.182,63.351,-0.08500000000000085,-1.7854725360774404e-05,63.441,63.42813741258741,0.019054756365759866,63.378,63.505,-0.021000000000000796,-6.893323545288961e-06,0.12,0.1404937062937063,0.08776100510097476,0.004,0.618,-0.498,1.2791265571444583e-05,0.301,0.3975627622377622,0.1444864392022624,0.068,0.833,0.23299999999999998,-6.5035997622728035e-06,0.662,0.6160118881118881,0.057680692361137695,0.437,0.843,0.03600000000000003,5.324328750819568e-06,1.792,2.052279195804196,0.5405135576960114,0.715,4.22,-1.715,-0.00010640323125693758,500.333,499.1778183566434,0.5934437464536901,497.075,500.647,2.0100000000000477,8.82478780738171e-06,2.732,3.1243893356643353,0.4205299473486296,2.627,3.98,-0.9109999999999996,4.330313640787803e-05,175.0,175.0,0.0,175.0,175.0,0.0,3.920770433329243e-17,15.0,16.538286713286713,0.7884231418867815,15.0,18.0,-3.0,-0.0005929835292069325,10.500000000000002,11.193356643356644,0.7475949260828457,10.500000000000002,12.0,-1.4999999999999982,-0.00013906541148279997,12.0,11.895104895104895,0.3825436894156038,10.500000000000002,12.0,0.0,-5.7285537747355526e-05,9.0,8.79256993006993,0.5176110437985582,7.5,9.0,0.0,3.6756700411604094e-05,0.0,0.0,0.0,0.0,0.0,0.0,0.0,1.0,1.0,0.0,1.0,1.0,0.0,-7.548465538464638e-20,1.0,1.0,0.0,1.0,1.0,0.0,-7.548465538464638e-20,1.0,1.0,0.0,1.0,1.0,0.0,-7.548465538464638e-20,1.0,1.0,0.0,1.0,1.0,0.0,-7.548465538464638e-20,31.0,2.7206293706293705,8.733021146496288,0.0,31.0,31.0,7.271869809385363e-05,5.062,6.28791993006993,1.971967877134145,2.715,12.727,2.0320000000000005,-0.00026017672962727454,1.668,2.1107816433566433,1.294038101584279,0.0,4.84,0.6579999999999999,1.7967723445521742e-06
batch_dist_ternary_butan-1-ol+propan-2-ol+water__operating_point_016__test_anormal_experiment_001,batch_dist_ternary_butan-1-ol+propan-2-ol+water,operating_point_016,test_anormal_experiment_001,0.1,316,52.55,0.6868716597635698,1.0,1.0,0.0,1.0,1.0,0.0,3.4426082841039356e-18,1.0,1.0,0.0,1.0,1.0,0.0,3.4426082841039356e-18,385.485,385.2535901898734,0.13834215837375355,385.044,385.578,0.3020000000000209,0.001335392363231641,95.569,94.91228797468354,0.40072914672208154,94.261,95.59,1.308000000000007,0.004372758474471818,85.683,84.60084335443038,0.5055235739787427,82.343,86.92,1.2490000000000094,0.0010576420936944685,89.979,89.91384651898734,0.07362007556269744,89.725,90.022,0.1910000000000025,0.0006696986896824508,90.423,90.2777231012658,0.08317187141203079,90.081,90.423,0.29999999999999716,0.0008772246022558977,85.112,85.02859651898734,0.05491001863148878,84.877,85.133,0.14999999999999147,0.0005323880069139737,81.593,80.7546598101266,0.5942172976032003,78.017,83.104,1.0820000000000078,-0.0011366762501826319,72.773,73.60684651898734,0.7629068250800389,70.118,75.988,-1.6550000000000011,-0.006006085057510345,72.525,72.40202531645569,0.4897730205930596,70.226,74.114,-0.22799999999999443,-0.002215019689942555,72.381,72.4664746835443,0.4916639334034073,70.029,74.827,-0.13700000000000045,-0.0010859561554123745,0.166,0.15008227848101266,0.029096215376555483,0.126,0.387,-0.089,-0.00011380863010859378,0.406,0.35507120253164554,0.01763641657744447,0.327,0.414,0.07700000000000001,0.00011718197081971612,1.325,1.0519193037974683,0.1137019364620124,0.513,1.537,0.2769999999999999,7.336590587998455e-05,2.462,2.063988924050633,0.1714434088573092,1.498,2.927,0.5270000000000001,0.0006721866009511314,746.537,746.9982246835443,2.0580528123240147,742.472,751.706,-1.3819999999999482,-0.009867092410575137,6.375,6.182443037974684,0.3729998789946334,5.333,6.836,-0.45399999999999974,-0.00034528325565738274,175.0,175.0,0.0,175.0,175.0,0.0,8.040989162604803e-16,21.000000000000004,22.89873417721519,1.261979926306887,19.5,24.0,-2.9999999999999964,-0.011768900348543223,15.0,14.912183544303797,0.5795174590112279,12.0,16.5,0.0,-0.0010874153598667215,15.0,15.424841772151899,0.7888713538585563,13.5,18.0,-1.5,-0.00408340511463133,12.0,11.897943037974683,0.595396801457404,9.0,13.5,0.0,-0.0012987661222696341,0.0,0.0,0.0,0.0,0.0,0.0,0.0,1.0,1.0,0.0,1.0,1.0,0.0,3.4426082841039356e-18,1.0,1.0,0.0,1.0,1.0,0.0,3.4426082841039356e-18,1.0,1.0,0.0,1.0,1.0,0.0,3.4426082841039356e-18,1.0,1.0,0.0,1.0,1.0,0.0,3.4426082841039356e-18,0.0,1.4224683544303798,6.209896775137194,0.0,29.0,0.0,-0.0006755047984133887,6.485,5.55792088607595,0.3340402747175737,4.685,7.182,1.3200000000000003,0.0021257735742142704,2.193,1.8855601265822783,0.11007366431016785,1.595,2.428,0.43500000000000005,0.000708017638233676
batch_dist_ternary_butan-1-ol+propan-2-ol+water__operating_point_016__test_anormal_experiment_001,batch_dist_ternary_butan-1-ol+propan-2-ol+water,operating_point_016,test_anormal_experiment_001,0.2,631,52.55,0.6868716597635698,1.0,1.0,0.0,1.0,1.0,0.0,1.1738908983866078e-18,1.0,1.0,0.0,1.0,1.0,0.0,1.1738908983866078e-18,386.507,385.5766362916006,0.40335744526563855,385.044,386.53,1.3240000000000123,0.0021227923806090526,96.426,95.51812599049128,0.6985483995086034,94.261,96.534,2.1650000000000063,0.0038095606827858136,85.207,84.88189936608558,0.7477709478359604,82.343,87.973,0.7729999999999961,0.0015833526774669273,90.573,90.07744532488114,0.23369115525392128,89.725,90.595,0.7849999999999966,0.001164231407421867,90.808,90.41649445324882,0.17466725772194738,90.081,90.808,0.6850000000000023,0.0009363440686109464,85.326,85.09167353407291,0.09095188857244982,84.877,85.326,0.3639999999999901,0.0004605090946086035,80.702,80.8351877971474,0.887574681124779,77.637,83.977,0.1910000000000025,0.0008300341077673535,72.745,73.21603724247227,0.9447324283270938,69.831,76.103,-1.6829999999999927,-0.0027245608165230046,72.371,72.44182805071317,0.696861278300165,69.27,75.06,-0.382000000000005,-0.0001202230975642461,72.496,72.50844928684627,0.6554083161050202,70.029,75.626,-0.02200000000000557,6.701292665753173e-05,0.141,0.14302931854199682,0.023691633848947687,0.108,0.387,-0.11400000000000002,-4.101070948550361e-05,0.351,0.3497187004754358,0.02459332686648858,0.282,0.414,0.021999999999999964,4.074471570810437e-06,1.03,1.0430570522979397,0.15050458157368765,0.333,1.643,-0.018000000000000016,-1.6525024621977897e-05,1.985,2.011583201267829,0.24507999884747175,0.976,2.927,0.050000000000000044,-2.697169260691246e-05,749.059,747.5033098256737,1.7802371190284894,742.472,751.706,1.1399999999999864,0.000779610375715285,5.469,6.134196513470681,0.39198667186891417,5.329,6.836,-1.3599999999999994,-0.0003171043694815468,175.0,175.0,0.0,175.0,175.0,0.0,3.723679480029869e-17,18.0,21.40768621236133,1.9913880440807714,15.0,25.500000000000004,-6.0,-0.009876577263335282,13.5,14.979793977812996,0.8135927962205604,10.500000000000002,21.000000000000004,-1.5,0.00010517477066456226,15.0,15.766640253565768,1.1265596882195503,12.0,22.5,-1.5,0.00042435297455458364,12.0,12.055863708399366,0.8944655544051483,7.5,18.0,0.0,0.0006215556695506149,0.0,0.0,0.0,0.0,0.0,0.0,0.0,1.0,1.0,0.0,1.0,1.0,0.0,1.1738908983866078e-18,1.0,1.0,0.0,1.0,1.0,0.0,1.1738908983866078e-18,1.0,1.0,0.0,1.0,1.0,0.0,1.1738908983866078e-18,1.0,1.0,0.0,1.0,1.0,0.0,1.1738908983866078e-18,0.0,1.5625990491283677,6.445219279828299,0.0,29.0,0.0,0.0002818750722419805,5.472,5.47590412044374,0.41183961776347733,3.98,7.182,0.3070000000000004,0.00013849924390707625,1.857,1.8573122028526148,0.13681081420842028,1.36,2.428,0.09899999999999998,4.1223518836408625e-05
batch_dist_ternary_butan-1-ol+propan-2-ol+water__operating_point_016__test_anormal_experiment_001,batch_dist_ternary_butan-1-ol+propan-2-ol+water,operating_point_016,test_anormal_experiment_001,0.4,1262,52.55,0.6868716597635698,1.0,1.0,0.0,1.0,1.0,0.0,-7.425992404833932e-19,1.0,1.0,0.0,1.0,1.0,0.0,-7.425992404833932e-19,386.74,386.21173335974646,0.7007891657651713,385.044,387.088,1.5570000000000164,0.0017930144515837668,96.083,95.8680499207607,0.6133138842760645,94.261,96.534,1.8220000000000027,0.001217134000599772,86.685,85.1715059429477,0.7473666117652572,82.343,88.347,2.2510000000000048,0.0009837517420247701,90.786,90.33616917591127,0.3134879737593043,89.725,90.849,0.9980000000000047,0.0008106073855148138,90.829,90.57628486529319,0.21048212492649193,90.081,90.915,0.7059999999999889,0.00047721355212458074,85.732,85.28066323296355,0.21487597199117325,84.877,85.774,0.769999999999996,0.0005793711873452608,82.212,80.93196473851029,0.7972116527743599,77.637,84.311,1.7010000000000076,0.00037823115641414485,73.117,72.91386014263074,0.8553286319267236,69.831,76.103,-1.3109999999999928,-0.0011257954711414982,73.232,72.3718236925515,0.6659835942411866,69.27,75.06,0.4789999999999992,-0.0002346457445489683,71.899,72.51351148969889,0.6182928461883587,70.029,75.626,-0.6189999999999998,-2.036055784276864e-08,0.156,0.14470522979397782,0.017499226731463757,0.108,0.387,-0.099,9.397917633615833e-07,0.378,0.35829437400950875,0.02056066147673536,0.282,0.414,0.04899999999999999,2.2433936034999256e-05,0.777,1.0492420760697307,0.1429020776620387,0.333,1.7,-0.271,7.92192869269515e-06,1.865,2.0127218700475438,0.20092518353623637,0.976,2.927,-0.07000000000000006,-1.159069045145706e-05,748.278,747.8296430269414,1.5558740711077865,742.472,751.706,0.3590000000000373,0.0007827347625368331,5.333,6.130471870047543,0.4138568375346206,5.329,6.944,-1.4959999999999996,-4.051012909615123e-05,175.0,175.0,0.0,175.0,175.0,0.0,-1.745519880294931e-16,13.5,19.72880348652932,2.4647467657081266,12.0,25.500000000000004,-10.5,-0.005180709674682404,9.0,14.691561014263074,1.3088757787207885,9.0,21.000000000000004,-6.0,-0.0005567584900608109,10.500000000000002,15.547345483359747,1.418579624709048,9.0,22.5,-5.999999999999998,-0.0003805928721581533,7.5,12.136687797147385,1.298709085675917,7.5,18.0,-4.5,0.0003731440514225104,0.0,0.0,0.0,0.0,0.0,0.0,0.0,1.0,1.0,0.0,1.0,1.0,0.0,-7.425992404833932e-19,1.0,1.0,0.0,1.0,1.0,0.0,-7.425992404833932e-19,1.0,1.0,0.0,1.0,1.0,0.0,-7.425992404833932e-19,1.0,1.0,0.0,1.0,1.0,0.0,-7.425992404833932e-19,29.0,1.5166402535657686,6.404370941709542,0.0,29.0,29.0,-4.423768138714366e-05,5.825,5.623428684627575,0.36522619077658314,3.98,7.182,0.6600000000000001,0.0004039172859422145,1.975,1.9080808240887477,0.12197060730320887,1.36,2.428,0.21700000000000008,0.00013907366689221617
batch_dist_ternary_butan-1-ol+propan-2-ol+water__operating_point_016__train_normal_experiment_001,batch_dist_ternary_butan-1-ol+propan-2-ol+water,operating_point_016,train_normal_experiment_001,0.1,627,104.33333333333331,0.6853377264416467,1.0,1.0,0.0,1.0,1.0,0.0,-9.645665747549236e-19,1.0,1.0,0.0,1.0,1.0,0.0,-9.645665747549236e-19,396.375,396.1769928229665,0.12047507778106022,395.956,396.445,0.30299999999999727,0.0006267360575251369,93.404,93.21224880382775,0.09531078340449439,92.997,93.425,0.3429999999999893,0.0004975142809933618,83.21,83.00812440191388,0.11389450123217412,82.824,83.232,0.3859999999999957,0.0006229774414390518,88.239,88.01182296650717,0.12211737333266115,87.709,88.282,0.4450000000000074,0.0006418735843513477,88.264,88.01542663476874,0.1280345480514367,87.729,88.264,0.4919999999999902,0.0006839423301896394,82.997,82.85822089314195,0.07005095156719979,82.719,83.018,0.23499999999999943,0.00035579049505910345,79.341,79.24407894736842,0.40012579230590745,78.427,79.958,0.44599999999999795,0.0015424782208095004,72.66,72.62262200956937,0.02101886129011119,72.555,72.66,0.06300000000000239,7.032020640915705e-05,72.584,72.55539074960127,0.021407650644962372,72.499,72.605,0.043000000000006366,5.797300980033543e-06,72.729,72.7237711323764,0.021398546191285867,72.687,72.772,0.0,3.2017525196391416e-06,0.153,0.15380382775119616,0.007115348418416761,0.132,0.178,-0.023999999999999994,-3.7417473340314695e-06,0.358,0.35281419457735247,0.013696010645618043,0.315,0.389,-0.031000000000000028,1.946683252731678e-05,1.018,1.0930606060606058,0.06069225449703225,0.937,1.229,-0.1060000000000001,-5.051076537984841e-05,1.995,1.958492822966507,0.1446489685796951,1.561,2.303,0.2490000000000001,0.00044468271117901293,750.476,749.0577671451356,0.6716407580098744,747.39,750.53,2.5389999999999873,8.414104555461191e-05,3.556,3.1708827751196176,0.43973464365738807,2.664,3.972,0.8239999999999998,2.382181865307156e-05,175.0,175.0,0.0,175.0,175.0,0.0,-1.682822376410956e-16,16.5,17.72488038277512,0.5805072110278698,16.5,18.0,-1.5,-0.0013984268878081574,12.0,13.210526315789474,0.590441575511217,12.0,13.5,-1.5,-0.000253323387666131,13.5,14.155502392344498,0.7428162247650363,13.5,15.0,-1.5,-0.0005178195854541866,10.500000000000002,10.500000000000002,0.0,10.500000000000002,10.500000000000002,0.0,-2.3465783308629433e-17,0.0,0.0,0.0,0.0,0.0,0.0,0.0,1.0,1.0,0.0,1.0,1.0,0.0,-9.645665747549236e-19,1.0,1.0,0.0,1.0,1.0,0.0,-9.645665747549236e-19,1.0,1.0,0.0,1.0,1.0,0.0,-9.645665747549236e-19,1.0,1.0,0.0,1.0,1.0,0.0,-9.645665747549236e-19,20.0,1.496810207336523,5.198836457422774,0.0,20.0,20.0,-4.203800235412995e-05,6.435,6.30960446570973,0.21810966326900194,5.588,6.81,-0.16500000000000004,0.00042304489697596824,2.142,2.102280701754386,0.07230629511586899,1.862,2.27,-0.058000000000000274,0.0001365092236780992
batch_dist_ternary_butan-1-ol+propan-2-ol+water__operating_point_016__train_normal_experiment_001,batch_dist_ternary_butan-1-ol+propan-2-ol+water,operating_point_016,train_normal_experiment_001,0.2,1253,104.33333333333331,0.6853377264416467,1.0,1.0,0.0,1.0,1.0,0.0,-5.601472711298965e-19,1.0,1.0,0.0,1.0,1.0,0.0,-5.601472711298965e-19,396.305,396.24415363128486,0.11191060976419917,395.956,396.445,0.2330000000000041,0.00023949509269514032,93.704,93.3501548284118,0.1690421986806455,92.997,93.725,0.6429999999999865,0.00045766868932593276,83.618,83.20495291300878,0.22830950489507165,82.824,83.618,0.7939999999999969,0.0006297780872933525,88.664,88.20107302474061,0.22622861782835937,87.709,88.664,0.8700000000000045,0.0006166181795636313,88.606,88.21007821229051,0.22922344587024301,87.729,88.648,0.833999999999989,0.0006285033534205353,83.509,83.05866201117318,0.2358454001305828,82.719,83.552,0.7469999999999999,0.0006334999495714262,79.703,79.41348403830806,0.34218165039658416,78.427,79.958,0.8080000000000069,0.0006641123779045106,72.66,72.63061173184357,0.019517470381003793,72.555,72.66,0.06300000000000239,2.933857590702073e-05,72.584,72.55859896249002,0.021922416866168935,72.499,72.626,0.043000000000006366,9.804065516099473e-06,72.729,72.72590981644055,0.021301025481384333,72.687,72.772,0.0,6.8350198940214555e-06,0.158,0.1541093375897845,0.005667638265075729,0.131,0.178,-0.01899999999999999,2.984872016530989e-07,0.367,0.35702154828411814,0.011185154274051859,0.315,0.389,-0.02200000000000002,1.2834315273317625e-05,0.975,1.0887613727055068,0.0602507075951266,0.893,1.265,-0.14900000000000013,-1.701687538333e-05,1.946,1.9814804469273744,0.11235315421354053,1.561,2.303,0.19999999999999996,0.00011206258746377966,749.777,749.0660418994413,0.6787197436815222,747.183,750.674,1.8400000000000318,5.943755074248512e-05,2.927,3.1549832402234634,0.4349100434896946,2.664,3.972,0.19499999999999984,-3.849709594050124e-05,175.0,175.0,0.0,175.0,175.0,0.0,3.903043440319201e-17,18.0,17.618715083798882,0.6527635593332312,16.5,18.0,0.0,-0.0004620505021862191,13.5,13.292298483639266,0.5167838879891388,12.0,13.5,0.0,0.00018347515559855444,15.0,14.302075019952115,0.7469889570494403,13.5,15.0,0.0,0.0002677692345409055,10.500000000000002,10.700518754988028,0.5100210179926895,10.500000000000002,12.0,0.0,0.0004374645385370413,0.0,0.0,0.0,0.0,0.0,0.0,0.0,1.0,1.0,0.0,1.0,1.0,0.0,-5.601472711298965e-19,1.0,1.0,0.0,1.0,1.0,0.0,-5.601472711298965e-19,1.0,1.0,0.0,1.0,1.0,0.0,-5.601472711298965e-19,1.0,1.0,0.0,1.0,1.0,0.0,-5.601472711298965e-19,0.0,1.4992019154030327,5.234714318846109,0.0,20.0,0.0,-4.754323301865762e-05,6.48,6.383184756584198,0.18413003745564277,5.588,6.81,-0.11999999999999922,0.00023193258325638686,2.158,2.1266053471667994,0.061128275591210444,1.862,2.27,-0.04200000000000026,7.678747885701637e-05
batch_dist_ternary_butan-1-ol+propan-2-ol+water__operating_point_016__train_normal_experiment_001,batch_dist_ternary_butan-1-ol+propan-2-ol+water,operating_point_016,train_normal_experiment_001,0.4,2505,104.33333333333331,0.6853377264416467,1.0,1.0,0.0,1.0,1.0,0.0,-7.780201389594413e-20,1.0,1.0,0.0,1.0,1.0,0.0,-7.780201389594413e-20,397.005,396.3219616766467,0.16819206339184614,395.956,397.005,0.9329999999999927,0.0001452778827935903,94.561,93.71627225548902,0.42642436802487205,92.997,94.604,1.5,0.0005843678078620606,84.52,83.63095209580838,0.4940370872853292,82.824,84.52,1.695999999999998,0.0006822334022077158,89.534,88.62565289421158,0.4930611351653923,87.709,89.555,1.740000000000009,0.0006792350197066054,89.332,88.5901497005988,0.4374012460485449,87.729,89.332,1.559999999999988,0.0006035188154654108,84.492,83.53715489021957,0.5480354713022031,82.719,84.535,1.730000000000004,0.000753765413467786,80.596,79.78219201596806,0.4716985820960512,78.427,80.702,1.7010000000000076,0.0005956128593016198,72.66,72.63910059880239,0.018908812054017312,72.555,72.681,0.06300000000000239,1.5332553519677587e-05,72.541,72.56040319361277,0.022404107251508175,72.499,72.626,0.0,4.3588174056970395e-06,72.772,72.72835528942116,0.02126299337327155,72.687,72.772,0.043000000000006366,4.423259557279784e-06,0.151,0.15295269461077843,0.004985693877252749,0.131,0.178,-0.025999999999999995,-1.1345115851588302e-06,0.362,0.3589365269461078,0.01005396432838011,0.315,0.389,-0.027000000000000024,4.601348720370437e-06,0.951,1.0822453093812374,0.06268465578442996,0.883,1.265,-0.17300000000000015,-9.733223455152919e-06,1.985,1.990107984031936,0.09764366464669622,1.561,2.303,0.2390000000000001,2.7389548892036882e-05,749.543,749.0260890219562,0.69773221909277,747.129,750.835,1.6059999999999945,-3.081064323393875e-05,3.643,3.141205988023952,0.4275434026642773,2.5,3.972,0.9109999999999996,-1.9897710093736683e-05,175.0,175.0,0.0,175.0,175.0,0.0,-3.100528280772404e-17,16.5,17.448502994011974,0.7226329343279803,16.5,18.0,-1.5,-0.0002666585215856568,13.5,13.390718562874252,0.38898080992992834,12.0,13.5,0.0,0.00014518006357163295,13.5,14.476946107784432,0.7137391735599723,13.5,15.0,-1.5,0.0002673078022094361,12.0,10.883233532934131,0.6538602731773916,10.500000000000002,12.0,1.4999999999999982,0.00028831208764477716,0.0,0.0,0.0,0.0,0.0,0.0,0.0,1.0,1.0,0.0,1.0,1.0,0.0,-7.780201389594413e-20,1.0,1.0,0.0,1.0,1.0,0.0,-7.780201389594413e-20,1.0,1.0,0.0,1.0,1.0,0.0,-7.780201389594413e-20,1.0,1.0,0.0,1.0,1.0,0.0,-7.780201389594413e-20,0.0,1.5323353293413173,5.296380748893987,0.0,20.0,0.0,6.225612565541438e-06,6.443,6.383813173652694,0.16732256018783648,5.588,6.81,-0.15700000000000003,3.784112520721184e-05,2.148,2.1265269461077843,0.05587800881131731,1.862,2.27,-0.052000000000000046,1.2254429739003309e-05
batch_dist_ternary_butan-1-ol+propan-2-ol+water__operating_point_017__test_anormal_experiment_001,batch_dist_ternary_butan-1-ol+propan-2-ol+water,operating_point_017,test_anormal_experiment_001,0.1,1053,175.33333333333334,0.6789549894914293,1.0,1.0,0.0,1.0,1.0,0.0,9.166535256639815e-19,1.0,1.0,0.0,1.0,1.0,0.0,9.166535256639815e-19,385.81,383.9129240265907,1.1660119853880144,381.353,385.833,4.434000000000026,0.003797830209124402,69.662,69.58772886989553,0.17945465780877348,69.279,70.045,-0.1699999999999875,-0.0001347661072897005,59.676,59.58788793922128,0.061254736249837814,59.441,59.697,0.1490000000000009,0.00018715299226079797,64.844,65.00858214624881,0.14841860810895993,64.781,65.455,-0.5260000000000105,-0.0004307554750769321,64.84,65.05637037037037,0.11819110089199553,64.818,65.264,-0.33899999999999864,-0.0003613624012159731,59.82,59.890163342830014,0.10699967784489293,59.757,60.202,-0.3609999999999971,-0.00028224236016927975,57.511,57.476491927825265,0.040300128562951225,57.363,57.596,-0.06299999999999528,4.685559407029989e-05,52.398,52.40245109211776,0.023880444368010584,52.315,52.461,-0.02099999999999369,-1.92873994343708e-05,52.268,52.28964909781577,0.031881801702741346,52.205,52.353,-0.04200000000000159,-1.6228037476078635e-05,52.515,52.56995726495727,0.025989397665203955,52.494,52.642,-0.04299999999999926,-2.3352713196054724e-06,0.006,0.1082744539411206,0.08751530693849204,0.005,1.275,-0.057,-8.988420942519342e-06,0.529,0.5164145299145299,0.012558554505027762,0.489,0.541,0.01100000000000001,2.9209005966028586e-05,-0.215,-0.16223504273504272,0.07190340265465371,-0.357,0.063,-0.092,4.839415756364313e-06,1.978,1.9916358024691354,0.09907088592054474,1.523,2.272,0.3859999999999999,7.164114391695814e-05,298.233,298.5462018043685,0.8182752344550581,296.734,300.413,-0.39400000000000546,-5.563519242175916e-05,3.643,3.4799415954415953,0.41384851481863205,2.664,4.44,0.7159999999999997,0.00017695910339362227,175.0,175.0,0.0,175.0,175.0,0.0,-3.8625226312553294e-17,19.5,18.465099715099715,0.9591142808508862,16.5,19.5,1.5,0.0010766316420676891,9.0,8.461538461538462,0.717318862908827,7.5,9.0,0.0,-0.0009985467106988608,9.0,8.537749287749287,0.6914461535775679,7.5,9.0,0.0,-0.0001223150731451506,6.0,5.923076923076923,0.3308586641170241,4.5,6.0,0.0,0.00035831193975796566,0.0,0.0,0.0,0.0,0.0,0.0,0.0,1.0,1.0,0.0,1.0,1.0,0.0,9.166535256639815e-19,1.0,1.0,0.0,1.0,1.0,0.0,9.166535256639815e-19,1.0,1.0,0.0,1.0,1.0,0.0,9.166535256639815e-19,1.0,1.0,0.0,1.0,1.0,0.0,9.166535256639815e-19,0.0,1.898860398860399,8.809446207395013,0.0,43.0,0.0,-0.00025654715555942703,8.977,8.806673314339982,0.20630603844919584,8.278,9.389,0.6650000000000009,0.0003818801355038512,1.283,1.258037037037037,0.029570895311614106,1.183,1.341,0.09499999999999997,5.469125634384245e-05
batch_dist_ternary_butan-1-ol+propan-2-ol+water__operating_point_017__test_anormal_experiment_001,batch_dist_ternary_butan-1-ol+propan-2-ol+water,operating_point_017,test_anormal_experiment_001,0.2,2105,175.33333333333334,0.6789549894914293,1.0,0.9995249406175772,0.02179067922314435,0.0,1.0,0.0,-3.061977538825135e-07,1.0,1.0,0.0,1.0,1.0,0.0,-3.460144802902547e-19,387.228,385.2844755344418,1.630868874114603,381.353,387.414,5.852000000000032,0.0026102308562526537,70.875,69.78888479809976,0.3758833145834002,69.279,70.981,1.0430000000000064,0.00041451842761122074,60.06,59.711793111638954,0.1566644501874958,59.441,60.081,0.5330000000000013,0.0002474017821172398,65.118,64.95104251781471,0.13636668020504636,64.717,65.455,-0.25200000000000955,-0.0001044008806093143,65.137,64.99035201900237,0.1238770167344241,64.755,65.264,-0.04200000000000159,-0.00010998219858890924,59.948,59.869769121140145,0.08403512666991987,59.757,60.202,-0.232999999999997,-5.008733776314189e-05,58.018,57.634339429928744,0.2558987684230527,57.363,58.419,0.4440000000000026,0.00032476852350386224,52.398,52.40033420427554,0.027381484089116854,52.294,52.503,-0.02099999999999369,-1.3073647018128631e-06,52.268,52.28451163895487,0.034035561707342836,52.205,52.353,-0.04200000000000159,-7.349361705042302e-06,52.6,52.56917862232779,0.027233919729819932,52.494,52.642,0.04200000000000159,8.803764368080706e-08,0.077,0.09759049881235154,0.0675124568781046,0.005,1.275,0.013999999999999999,-1.8092457209442834e-05,0.523,0.5144541567695962,0.08044195418691731,0.005,1.631,0.0050000000000000044,-4.850571250506781e-07,-0.206,-0.15700071258907364,0.07084831493203186,-0.36,0.101,-0.08299999999999999,7.030011599748627e-06,2.057,1.9976907363420424,0.09230062977156438,1.523,2.278,0.46499999999999986,1.8528076262692605e-05,298.681,298.5229532066508,0.8327248418893801,296.734,300.566,0.053999999999973625,-3.3647366790651696e-05,2.93,3.4847387173396673,0.41303383813718675,2.664,4.44,0.0030000000000001137,2.841144245053142e-05,175.0,175.0,0.0,175.0,175.0,0.0,-3.2885452796735104e-17,15.0,18.210570071258907,1.1366758460778361,15.0,19.5,-3.0,-0.0005654057314507288,7.5,8.406413301662708,0.7324148780897981,7.5,9.0,-1.5,-0.00020557962810249607,9.0,8.65439429928741,0.6307902718759957,7.5,9.0,0.0,0.00016302328649356736,6.0,5.957244655581948,0.24960968961715427,4.5,6.0,0.0,9.838211024956601e-05,0.0,0.0,0.0,0.0,0.0,0.0,0.0,1.0,1.0,0.0,1.0,1.0,0.0,-3.460144802902547e-19,1.0,1.0,0.0,1.0,1.0,0.0,-3.460144802902547e-19,1.0,1.0,0.0,1.0,1.0,0.0,-3.460144802902547e-19,1.0,1.0,0.0,1.0,1.0,0.0,-3.460144802902547e-19,0.0,1.9099762470308788,8.8465458320511,0.0,43.0,0.0,-2.4535059938724978e-05,9.021,8.878652731591448,0.21696777637295558,8.26,9.529,0.7090000000000014,0.00014959185511916252,1.289,1.268353681710214,0.031028574172625174,1.18,1.361,0.10099999999999998,2.1448725526468692e-05
batch_dist_ternary_butan-1-ol+propan-2-ol+water__operating_point_017__test_anormal_experiment_001,batch_dist_ternary_butan-1-ol+propan-2-ol+water,operating_point_017,test_anormal_experiment_001,0.4,4209,175.33333333333334,0.6789549894914293,1.0,0.9995248277500594,0.021793266420467812,0.0,1.0,0.0,-1.4596602468370795e-07,1.0,1.0,0.0,1.0,1.0,0.0,8.996724350733625e-20,386.438,385.96490449037776,1.4044444134189622,381.353,387.623,5.062000000000012,0.0007348424672381482,71.236,70.32958826324541,0.7811279895637319,69.279,72.003,1.4040000000000106,0.0005398810668348162,61.275,60.19684651936327,0.6032635950878783,59.441,61.296,1.7479999999999976,0.00047153864167424116,66.192,65.27136564504632,0.454810902270399,64.717,66.297,0.8219999999999885,0.000301122506168869,66.198,65.33618888096935,0.49842523282862805,64.755,66.41,1.0189999999999912,0.00032876292904124066,61.305,60.23802993585174,0.5319444629584468,59.757,61.369,1.1240000000000023,0.0003605840752264471,58.842,58.19944084105489,0.7757865192145121,57.363,60.131,1.2680000000000007,0.0005373754274929838,52.377,52.54532264195771,0.4669607318624359,52.294,54.929,-0.041999999999994486,9.988578528713652e-05,52.268,52.30217201235449,0.07214883652750503,52.205,52.816,-0.04200000000000159,1.2537872872638978e-05,52.558,52.572891304347834,0.029817463688694916,52.452,52.642,0.0,3.821592496874446e-06,0.216,0.08564765977666904,0.052524672000810985,0.005,1.275,0.153,-1.0932865629007755e-05,0.538,0.5058726538370159,0.10887212789974332,0.004,1.631,0.020000000000000018,-1.8496760735497504e-06,-0.194,-0.16304502257068187,0.0718712918296766,-0.426,0.101,-0.07100000000000001,-1.882762081321472e-06,2.067,1.9995686623901163,0.10624891950208137,1.523,2.355,0.4750000000000001,5.145541194351762e-06,298.753,298.5043020907579,0.8561652245299205,296.519,300.566,0.12599999999997635,-1.308488553899582e-05,3.906,3.4433063673081494,0.42790558801231315,2.664,4.44,0.9790000000000001,-2.2088253887722043e-05,175.0,175.0,0.0,175.0,175.0,0.0,5.461770807058138e-17,16.5,17.208838203848895,1.6328517542102725,13.5,19.5,-1.5,-0.0009385965013640117,9.0,8.454918032786885,0.7208141955259223,7.5,9.0,0.0,3.899284402127101e-05,9.0,8.833392729864576,0.6466885055728833,7.5,10.500000000000002,0.0,0.00018308798499159037,6.0,6.151461154668567,0.5178148510623322,4.5,7.5,0.0,0.00016780633194371018,0.0,0.0,0.0,0.0,0.0,0.0,0.0,1.0,1.0,0.0,1.0,1.0,0.0,8.996724350733625e-20,1.0,1.0,0.0,1.0,1.0,0.0,8.996724350733625e-20,1.0,1.0,0.0,1.0,1.0,0.0,8.996724350733625e-20,1.0,1.0,0.0,1.0,1.0,0.0,8.996724350733625e-20,0.0,1.9308624376336423,8.892649025608009,0.0,43.0,0.0,-4.816396016259343e-06,9.135,8.920084461867425,0.34135377877867823,7.21,10.019,0.8230000000000004,5.537671854716706e-05,1.305,1.2742716797339038,0.04878447318565578,1.03,1.431,0.11699999999999999,7.93233572244886e-06
batch_dist_ternary_butan-1-ol+propan-2-ol+water__operating_point_017__train_normal_experiment_001,batch_dist_ternary_butan-1-ol+propan-2-ol+water,operating_point_017,train_normal_experiment_001,0.1,245,40.71666666666667,0.6724500963647279,1.0,1.0,0.0,1.0,1.0,0.0,-2.9489015594649642e-18,1.0,1.0,0.0,1.0,1.0,0.0,-2.9489015594649642e-18,366.036,362.27385102040824,2.3987153141665902,357.647,366.036,8.38900000000001,0.03381870802699208,68.407,68.30456734693877,0.04591370071525064,68.194,68.428,0.1910000000000025,0.00045838644134155214,59.036,58.988975510204085,0.023706354358791377,58.93,59.036,0.10600000000000165,0.00016015716162504464,64.549,64.46879387755102,0.07200777568036666,64.338,64.612,0.16800000000000637,0.0009445483031276086,64.161,64.20333877551022,0.06414703714132752,64.033,64.309,0.08500000000000796,0.0004268831243011181,59.248,59.24012857142857,0.021109839083291365,59.184,59.29,0.021000000000000796,3.9564990330216036e-05,54.175,54.33067959183674,0.05390890267468406,54.175,54.534,-0.35900000000000176,-0.00020655696904920174,52.398,52.42088571428571,0.01837237278177737,52.377,52.482,-0.041999999999994486,-0.00014812360769987692,52.289,52.3046,0.016933398950004744,52.247,52.331,0.021000000000000796,2.899411663897703e-05,52.6,52.55873673469387,0.021844886328968412,52.515,52.6,0.021000000000000796,9.031856645077516e-05,0.1,0.06934081632653062,0.04141836287212569,0.004,0.206,0.04100000000000001,4.7206831553092885e-05,0.423,0.47170408163265304,0.13951245714138213,0.345,0.796,0.025999999999999968,0.00039885637581701754,-0.237,-0.15950612244897963,0.06814416712775956,-0.306,-0.02,-0.11599999999999999,-0.00010950640152102372,1.792,2.042755102040816,0.2234244638471753,1.571,2.481,0.08499999999999996,0.0009025402084064263,299.597,299.45205714285714,0.4182801263287938,298.457,300.341,0.2249999999999659,0.00045654962504665375,3.643,3.73484693877551,0.3782294709494629,2.924,4.558,-0.25900000000000034,0.0002615504818480693,175.0,175.0,0.0,175.0,175.0,0.0,-1.084621840568556e-15,15.0,15.0,0.0,15.0,15.0,0.0,-2.6654747218766004e-17,7.5,7.928571428571429,0.6776309271789385,7.5,9.0,-1.5,-0.0074566091930575035,7.5,8.620408163265306,0.6521485970133053,7.5,9.0,-1.5,-0.006624289059886272,6.0,6.0,0.0,6.0,6.0,0.0,-1.7945873518787058e-17,0.0,0.0,0.0,0.0,0.0,0.0,0.0,1.0,1.0,0.0,1.0,1.0,0.0,-2.9489015594649642e-18,1.0,1.0,0.0,1.0,1.0,0.0,-2.9489015594649642e-18,1.0,1.0,0.0,1.0,1.0,0.0,-2.9489015594649642e-18,1.0,1.0,0.0,1.0,1.0,0.0,-2.9489015594649642e-18,40.0,4.244897959183674,12.319771088923089,0.0,40.0,40.0,0.0012403201984512308,6.834,6.967524489795919,0.6400279246237691,5.854,11.524,0.47299999999999986,0.004329698732751768,0.978,1.0640163265306124,0.20781511047469015,0.846,1.745,-0.6859999999999999,-0.0005868191498910671
batch_dist_ternary_butan-1-ol+propan-2-ol+water__operating_point_017__train_normal_experiment_001,batch_dist_ternary_butan-1-ol+propan-2-ol+water,operating_point_017,train_normal_experiment_001,0.2,489,40.71666666666667,0.6724500963647279,1.0,1.0,0.0,1.0,1.0,0.0,-9.053494884022804e-19,1.0,1.0,0.0,1.0,1.0,0.0,-9.053494884022804e-19,370.216,365.2942351738241,3.5706875839246814,357.647,370.216,12.569000000000017,0.024913726762957264,68.577,68.39393047034764,0.10549336458447789,68.194,68.641,0.3610000000000042,0.0007071431137071631,58.994,59.00635480572598,0.026727844874380187,58.93,59.058,0.06400000000000006,0.0001265705849874279,64.381,64.44898875255625,0.07403828789149687,64.317,64.612,0.0,-0.00011351330132781445,64.161,64.17874130879346,0.06091519173385508,64.033,64.309,0.08500000000000796,-3.758689838204662e-05,59.311,59.26089672801637,0.03067404112780253,59.184,59.354,0.08400000000000318,0.0001487522757266754,53.859,54.23693967280163,0.1391147476987821,53.859,54.534,-0.6749999999999972,-0.0007878567015663043,52.398,52.41485582822086,0.017682590301596055,52.377,52.482,-0.041999999999994486,-5.856812402130602e-05,52.31,52.3060490797546,0.01748989320104175,52.247,52.331,0.04200000000000159,9.023577247309956e-06,52.579,52.565253578732104,0.02174045432525194,52.515,52.621,0.0,4.9995433152576956e-05,0.072,0.0688036809815951,0.05980680644274381,0.004,0.727,0.012999999999999998,-2.819920485543116e-05,0.458,0.48559918200408997,0.14002704923963186,0.149,0.796,0.061,0.0001259401548007303,-0.12,-0.15588241308793457,0.06642221012168288,-0.335,-0.01,0.0010000000000000009,1.8786881140870693e-05,1.759,1.8496717791411041,0.4215675794824108,0.618,2.481,0.051999999999999824,-0.0016061136744751241,298.995,299.44128016359923,0.4364536757536925,298.125,300.431,-0.37700000000000955,-2.1122592656443786e-05,3.556,3.754664621676892,0.3399578360056828,2.924,4.558,-0.3460000000000001,0.00014278186684509286,175.0,175.0,0.0,175.0,175.0,0.0,-3.1459896648550586e-16,15.0,15.0,0.0,15.0,15.0,0.0,-2.273375113532514e-17,7.5,7.95398773006135,0.6891130067309479,7.5,9.0,-1.5,-0.0014899724347146165,7.5,8.302147239263803,0.7474157870213187,7.5,9.0,-1.5,-0.0023664992498055332,6.0,6.0,0.0,6.0,6.0,0.0,-6.168960131633508e-18,0.0,0.0,0.0,0.0,0.0,0.0,0.0,1.0,1.0,0.0,1.0,1.0,0.0,-9.053494884022804e-19,1.0,1.0,0.0,1.0,1.0,0.0,-9.053494884022804e-19,1.0,1.0,0.0,1.0,1.0,0.0,-9.053494884022804e-19,1.0,1.0,0.0,1.0,1.0,0.0,-9.053494884022804e-19,40.0,4.580777096114519,12.737643621969232,0.0,40.0,40.0,0.002951517527457531,8.916,7.760821063394683,1.7527300896206026,2.852,13.248,2.5550000000000006,0.0061367113465118405,1.271,1.0774366053169735,0.1915893595393038,0.658,1.745,-0.393,0.00014746534840427141
batch_dist_ternary_butan-1-ol+propan-2-ol+water__operating_point_017__train_normal_experiment_001,batch_dist_ternary_butan-1-ol+propan-2-ol+water,operating_point_017,train_normal_experiment_001,0.4,978,40.71666666666667,0.6724500963647279,1.0,1.0,0.0,1.0,1.0,0.0,-1.5208410499193885e-18,1.0,1.0,0.0,1.0,1.0,0.0,-1.5208410499193885e-18,374.796,369.0200286298568,4.587791386153179,357.647,374.842,17.149,0.015651117310016276,68.96,68.54224386503068,0.1823113182357064,68.194,68.96,0.7439999999999998,0.0006313828731536172,59.058,59.02479345603272,0.03051590785185846,58.93,59.1,0.1280000000000001,7.997509844484542e-05,64.212,64.35917484662576,0.11192177282521187,64.128,64.612,-0.16899999999999693,-0.00033126608024731165,64.118,64.16127147239264,0.05410019366963492,64.033,64.309,0.04200000000000159,-5.314758736304595e-05,59.142,59.27317586912065,0.044937513426949,59.142,59.354,-0.08499999999999375,2.3467229563836813e-05,54.154,54.18041666666666,0.1573139468435853,53.859,54.534,-0.37999999999999545,-0.0003012121336982783,52.419,52.41281595092024,0.016444222236231515,52.377,52.482,-0.021000000000000796,-9.141946657165986e-06,52.331,52.30950920245399,0.016455924809233007,52.247,52.353,0.06300000000000239,1.5904047348697624e-05,52.6,52.57443507157464,0.023204977672874248,52.515,52.642,0.021000000000000796,4.154621510908985e-05,0.021,0.07627760736196319,0.11620141256370703,0.004,1.344,-0.03799999999999999,4.3851638372837614e-05,0.575,0.5005966257668711,0.14435324210421102,0.149,0.796,0.17799999999999994,8.558328165553335e-05,-0.144,-0.15614672801635993,0.06588293822074745,-0.335,-0.005,-0.022999999999999993,5.320562526842583e-06,1.395,1.9481211656441717,0.3828755042176629,0.618,2.736,-0.31200000000000006,1.1388587980700856e-05,298.636,299.4100429447853,0.44588726508610893,298.125,300.557,-0.73599999999999,-0.00010743490103013233,4.184,3.765633946830266,0.3404679197055653,2.924,4.566,0.28200000000000003,3.45527741782052e-05,175.0,175.0,0.0,175.0,175.0,0.0,-5.1133447127862227e-17,15.0,15.0,0.0,15.0,15.0,0.0,-4.475704967213188e-18,7.5,7.809815950920245,0.6072380117678341,7.5,9.0,-1.5,-0.0007354589550781973,7.5,8.082822085889571,0.7303432332028685,7.5,9.0,-1.5,-0.0009311432606606694,6.0,5.830521472392638,0.47425696274999535,4.5,6.0,0.0,-0.0006574459656581031,0.0,0.0,0.0,0.0,0.0,0.0,0.0,1.0,1.0,0.0,1.0,1.0,0.0,-1.5208410499193885e-18,1.0,1.0,0.0,1.0,1.0,0.0,-1.5208410499193885e-18,1.0,1.0,0.0,1.0,1.0,0.0,-1.5208410499193885e-18,1.0,1.0,0.0,1.0,1.0,0.0,-1.5208410499193885e-18,0.0,4.335378323108385,12.434614096137334,0.0,40.0,0.0,-0.00024322234353335885,9.459,8.723231083844581,2.1636308923469474,2.852,13.248,3.098,0.003819944109019176,0.59,1.0192484662576689,0.27585991622015915,0.567,1.745,-1.0739999999999998,-0.00023813279412718646
batch_dist_ternary_butan-1-ol+propan-2-ol+water__operating_point_018__test_anormal_experiment_001,batch_dist_ternary_butan-1-ol+propan-2-ol+water,operating_point_018,test_anormal_experiment_001,0.1,886,147.63333333333333,0.678697259715983,1.0,1.0,0.0,1.0,1.0,0.0,1.8454383023040947e-19,1.0,1.0,0.0,1.0,1.0,0.0,1.8454383023040947e-19,389.995,389.470559255079,0.35521057030171815,388.25,389.995,1.697999999999979,0.001142936475691809,76.668,76.09090575620768,0.31161407764530025,75.709,76.775,0.63900000000001,0.0010415866676667781,66.227,66.10766252821671,0.07219093144101524,65.949,66.227,0.2560000000000002,0.00027201965327172136,71.294,71.21936286681715,0.04207700251103871,71.125,71.336,0.06300000000000239,9.858751382818502e-05,71.296,71.26498532731377,0.0302081811615918,71.19,71.339,0.0,3.10056553536888e-05,66.252,66.18713600451467,0.05330889648155488,66.04,66.316,0.10599999999999454,0.00016440613264960752,60.66,60.58594243792326,0.03878400807735194,60.449,60.681,0.18999999999999773,0.00010628805747734748,58.133,58.14246896162529,0.017490561674235346,58.07,58.175,0.04200000000000159,1.4046034167598498e-05,58.027,58.02450451467269,0.01653257888894842,57.984,58.09,0.04299999999999926,1.2867796299581486e-05,58.332,58.2926427765237,0.02217832989419897,58.248,58.332,0.08400000000000318,2.2230080774176e-05,0.097,0.1026755079006772,0.02445616058698213,0.005,0.257,-0.0010000000000000009,-6.101286866760854e-06,0.514,0.5194322799097066,0.070503645558327,0.207,1.282,0.01100000000000001,-1.2095057700256941e-05,0.498,0.4070744920993228,0.05171070206701396,0.264,0.611,0.15599999999999997,-8.269383090634275e-06,2.016,2.010594243792325,0.1010340799209184,1.664,2.376,-0.2290000000000001,-1.7014047781099762e-05,398.197,399.33250282167046,0.6345754897511733,397.649,400.817,-2.197999999999979,6.09902664072874e-06,3.646,3.77121388261851,0.3035303464905635,2.732,4.878,0.009999999999999787,-6.530860565214368e-05,175.0,175.0,0.0,175.0,175.0,0.0,-2.0260356930788754e-17,18.0,19.376410835214447,0.8264920746739514,18.0,21.000000000000004,-1.5,-0.0018957820855410143,9.0,9.503668171557562,0.7079447396864428,9.0,10.500000000000002,0.0,-7.599148343270047e-05,9.0,9.996331828442438,0.7079447396864428,9.0,10.500000000000002,-1.5000000000000018,-0.00013560710951602553,7.5,7.302765237020316,0.5062763246443317,6.0,7.5,0.0,-0.0001266654126148829,0.0,0.0,0.0,0.0,0.0,0.0,0.0,1.0,1.0,0.0,1.0,1.0,0.0,1.8454383023040947e-19,1.0,1.0,0.0,1.0,1.0,0.0,1.8454383023040947e-19,1.0,1.0,0.0,1.0,1.0,0.0,1.8454383023040947e-19,1.0,1.0,0.0,1.0,1.0,0.0,1.8454383023040947e-19,0.0,6.744356659142213,14.244156331541689,0.0,37.0,0.0,0.0003164791333015471,9.24,8.740228555304741,0.18507935723233324,8.091,9.24,0.3689999999999998,0.00020323069590944115,1.54,1.4568888261851016,0.030850762150370418,1.349,1.54,0.06099999999999994,3.3738989322543546e-05
batch_dist_ternary_butan-1-ol+propan-2-ol+water__operating_point_018__test_anormal_experiment_001,batch_dist_ternary_butan-1-ol+propan-2-ol+water,operating_point_018,test_anormal_experiment_001,0.2,1772,147.63333333333333,0.678697259715983,1.0,1.0,0.0,1.0,1.0,0.0,-1.5474975456271429e-19,1.0,1.0,0.0,1.0,1.0,0.0,-1.5474975456271429e-19,391.693,390.14225423250565,0.8238120606991729,388.25,391.856,3.395999999999958,0.0015544231543114964,76.434,76.28335355530474,0.3004269354385884,75.709,76.775,0.40500000000000114,0.00046662644707751465,66.505,66.2387796275395,0.1511416023794859,65.949,66.505,0.5339999999999918,0.00029321345447261195,71.526,71.30589644469525,0.109371117467631,71.125,71.568,0.2950000000000017,0.0001963877609568725,71.467,71.33983267494357,0.09530527059877315,71.19,71.573,0.17099999999999227,0.0001595038313419962,66.55,66.28701297968398,0.11995745507435678,66.04,66.571,0.40399999999999636,0.0002247085148162978,60.681,60.63346077878104,0.06278118699300843,60.449,60.766,0.21099999999999852,0.00010570435170551896,58.133,58.14637387133183,0.016489625992542657,58.07,58.175,0.04200000000000159,9.130060680951409e-06,58.005,58.028973758465014,0.01906991605946455,57.984,58.09,0.021000000000000796,1.0252066798624023e-05,58.332,58.29974322799097,0.022155783971572963,58.248,58.354,0.08400000000000318,1.652914119200571e-05,0.114,0.10108295711060948,0.021685376027813917,0.005,0.257,0.016,-4.210226098267971e-06,0.534,0.5245984762979684,0.06893832329460559,0.207,1.285,0.031000000000000028,8.060664084528457e-06,0.412,0.410311230248307,0.052825394947015394,0.238,0.621,0.06999999999999995,3.900779734850583e-06,2.01,2.0079723476297966,0.10087610197001422,1.664,2.376,-0.23500000000000032,-2.450973715894976e-06,399.076,399.3301046839729,0.639851942979032,397.596,400.817,-1.31899999999996,-1.932184495061534e-05,3.902,3.778853273137698,0.32394770852986,2.727,4.878,0.266,1.1862489997561736e-05,175.0,175.0,0.0,175.0,175.0,0.0,-1.0268189222507948e-16,19.5,19.016647855530476,0.8648056215864096,18.0,21.000000000000004,0.0,-0.0007765471367604315,10.500000000000002,9.50239841986456,0.707277275009372,9.0,10.500000000000002,1.5000000000000018,-7.072393468242513e-05,9.0,10.033154627539503,0.6938091546911258,9.0,10.500000000000002,-1.5000000000000018,2.3032773403555594e-05,7.5,7.326467268623025,0.47911440424997476,6.0,7.5,0.0,2.988866090459035e-05,0.0,0.0,0.0,0.0,0.0,0.0,0.0,1.0,1.0,0.0,1.0,1.0,0.0,-1.5474975456271429e-19,1.0,1.0,0.0,1.0,1.0,0.0,-1.5474975456271429e-19,1.0,1.0,0.0,1.0,1.0,0.0,-1.5474975456271429e-19,1.0,1.0,0.0,1.0,1.0,0.0,-1.5474975456271429e-19,0.0,6.641647855530474,14.147390988329667,0.0,38.0,0.0,-0.0002140225243372756,8.914,8.788530191873589,0.19935877333322785,8.091,9.48,0.04299999999999926,0.0001361680757514448,1.486,1.4647920428893906,0.033116373554583814,1.349,1.58,0.006999999999999895,2.2305142435066136e-05
batch_dist_ternary_butan-1-ol+propan-2-ol+water__operating_point_018__test_anormal_experiment_001,batch_dist_ternary_butan-1-ol+propan-2-ol+water,operating_point_018,test_anormal_experiment_001,0.4,3544,147.63333333333333,0.678697259715983,1.0,1.0,0.0,1.0,1.0,0.0,-1.7518894966004936e-19,1.0,1.0,0.0,1.0,1.0,0.0,-1.7518894966004936e-19,393.463,391.33751735327314,1.4136691518839792,388.25,393.579,5.165999999999997,0.0013692622007197256,77.265,76.63016281038375,0.44366224422655914,75.709,77.372,1.2360000000000042,0.00040218074835275094,67.039,66.51313346501128,0.31896298990773686,65.949,67.103,1.0679999999999978,0.00031097492047612733,72.075,71.55009170428893,0.2842225263212406,71.125,72.138,0.8440000000000083,0.0002730071257943968,72.019,71.56480516365689,0.2649456318624156,71.19,72.126,0.722999999999999,0.00025126195295770316,67.06,66.53632590293454,0.29205323802983435,66.04,67.145,0.9140000000000015,0.00028172038034829865,63.071,60.85229655756208,0.46466166172918333,60.449,63.685,2.600999999999999,0.0002934164767449988,57.818,58.04277976862303,0.3887438167216778,56.562,58.405,-0.27300000000000324,-0.00016138368983162663,57.478,57.92957054176073,0.3802656280837965,56.444,58.343,-0.5060000000000002,-0.0001554339168774672,57.215,58.201678188487584,0.38102126088749777,56.73,58.564,-1.0329999999999941,-0.000154229651383117,0.091,0.09980403498871333,0.027083146014688763,0.005,1.015,-0.007000000000000006,-1.8345982987767855e-06,0.517,0.5325464164785553,0.0713158928891765,0.142,1.484,0.014000000000000012,9.294609803110122e-06,0.251,0.39314813769751694,0.07251022779049413,0.117,1.116,-0.09100000000000003,-2.5344119653909593e-05,1.734,2.0035228555304743,0.13764578373531022,1.423,2.653,-0.5110000000000001,-5.205351358731932e-06,397.838,399.28752666478556,0.8283065237577883,397.129,412.725,-2.5569999999999595,7.785444009864871e-06,3.902,3.7945579853273146,0.31727240640003845,2.727,4.878,0.266,1.8258904731807545e-05,175.0,175.0,0.0,175.0,175.0,0.0,-5.077671825594693e-17,16.5,18.21522291196388,1.2897900882527171,16.5,21.000000000000004,-3.0,-0.0009989255998408793,9.0,9.51530756207675,0.7117765553693913,9.0,10.500000000000002,0.0,-1.3624627489399133e-06,9.0,10.040984762979685,0.6906766775456747,9.0,10.500000000000002,-1.5000000000000018,5.5654030416124705e-06,6.0,7.344032167042889,0.45732879598102383,6.0,7.5,-1.5,2.8649931790124368e-05,0.0,0.0,0.0,0.0,0.0,0.0,0.0,1.0,1.0,0.0,1.0,1.0,0.0,-1.7518894966004936e-19,1.0,1.0,0.0,1.0,1.0,0.0,-1.7518894966004936e-19,1.0,1.0,0.0,1.0,1.0,0.0,-1.7518894966004936e-19,1.0,1.0,0.0,1.0,1.0,0.0,-1.7518894966004936e-19,0.0,7.272573363431151,14.79953226385268,0.0,39.0,0.0,0.0012151302173359485,8.794,8.90881066591422,0.34245547154019657,8.091,10.911,-0.07699999999999996,0.00015251641555480934,1.466,1.4847744074492097,0.05692253926619213,1.349,1.819,-0.013000000000000123,2.535437551297649e-05
batch_dist_ternary_butan-1-ol+propan-2-ol+water__operating_point_018__train_normal_experiment_001,batch_dist_ternary_butan-1-ol+propan-2-ol+water,operating_point_018,train_normal_experiment_001,0.1,704,117.21666666666668,0.6821390035930127,1.0,1.0,0.0,1.0,1.0,0.0,-1.849025860127958e-19,1.0,1.0,0.0,1.0,1.0,0.0,-1.849025860127958e-19,375.236,368.7778487215909,4.803907660125807,358.384,375.236,16.851999999999975,0.023186605733991682,75.752,75.53092684659092,0.2518470390598989,75.027,75.88,0.6820000000000022,0.001193709769336272,65.629,65.5389012784091,0.04379199103122896,65.437,65.65,0.1490000000000009,0.00019478708099582572,71.041,71.40890127840909,0.2233586960170442,71.02,71.737,-0.612000000000009,-0.0010590776249754788,70.871,71.03915696022727,0.10312490293311513,70.85,71.233,-0.19200000000000728,-0.0004447024753680233,65.934,66.17574005681819,0.14666668462335156,65.891,66.401,-0.3610000000000042,-0.0006858974971867241,60.343,60.691877840909086,0.35513659542827136,60.195,61.612,-1.2469999999999999,-0.0014721787118483877,58.363,58.45072798295455,0.13580333195395144,58.3,58.908,-0.5450000000000017,-0.0005479933247535982,58.217,58.225012073863645,0.01518211639393843,58.174,58.301,-0.021000000000000796,1.235027211270839e-06,58.501,58.46759090909091,0.025727944046411277,58.417,58.543,0.041999999999994486,7.249154631577362e-05,0.076,0.08379971590909091,0.03712900307357409,0.005,0.24,0.008999999999999994,2.971911963373324e-05,0.392,0.4509666193181818,0.06593275742912133,0.273,0.597,-0.04099999999999998,1.166796727756976e-05,0.17,0.16269247159090908,0.05129545060706795,-0.01,0.32,0.09500000000000001,3.3491094741794625e-05,2.407,1.9133764204545451,0.3453296015892321,1.237,2.778,0.10199999999999987,0.00011181866675287915,399.938,398.93747159090907,0.7727705969430657,397.138,400.503,-0.24200000000001864,0.00018542109183894136,2.732,3.4239240056818185,0.44023856956326946,2.667,3.968,-0.0029999999999996696,-0.0001107878795903745,175.0,175.0,0.0,175.0,175.0,0.0,-1.6889790867321272e-16,15.0,14.995738636363637,0.8974294223239428,13.5,16.5,-1.5,-0.003433440821458742,9.0,9.420809659090908,0.6733013543505905,9.0,10.500000000000002,-1.5000000000000018,-0.001306782929473297,10.500000000000002,9.469815340909092,0.6939737313217681,9.0,10.500000000000002,0.0,-0.0013040745176103577,7.5,7.085582386363637,0.668945023837559,6.0,7.5,0.0,-0.0004837352559217069,0.0,0.0,0.0,0.0,0.0,0.0,0.0,1.0,1.0,0.0,1.0,1.0,0.0,-1.849025860127958e-19,1.0,1.0,0.0,1.0,1.0,0.0,-1.849025860127958e-19,1.0,1.0,0.0,1.0,1.0,0.0,-1.849025860127958e-19,1.0,1.0,0.0,1.0,1.0,0.0,-1.849025860127958e-19,0.0,3.153409090909091,10.331125179234265,0.0,37.0,0.0,-0.0002188740710577166,8.82,7.986583096590909,1.0595376597360444,4.809,10.723,0.9770000000000003,0.0007908871054832733,1.464,1.3376086647727272,0.1813395093916353,0.774,1.763,0.15799999999999992,0.00024155579947503363
batch_dist_ternary_butan-1-ol+propan-2-ol+water__operating_point_018__train_normal_experiment_001,batch_dist_ternary_butan-1-ol+propan-2-ol+water,operating_point_018,train_normal_experiment_001,0.2,1407,117.21666666666668,0.6821390035930127,1.0,1.0,0.0,1.0,1.0,0.0,7.561450483349093e-19,1.0,1.0,0.0,1.0,1.0,0.0,7.561450483349093e-19,380.565,373.49376439232407,5.922168787195028,358.384,380.565,22.180999999999983,0.013936913352234095,75.816,75.65881520966596,0.22088311228447471,75.027,75.88,0.7460000000000093,0.00041877096989285207,65.736,65.6028802416489,0.07490376707323236,65.437,65.757,0.2560000000000002,0.00017715928029910858,70.957,71.17286496090973,0.2893448053397464,70.767,71.737,-0.6960000000000122,-0.0006786025921740624,71.041,71.00571073205401,0.08396381157704672,70.85,71.233,-0.02200000000000557,-0.00011060415607989109,65.849,66.02251030561477,0.19091655932109486,65.721,66.401,-0.44599999999999795,-0.0004464904031871394,60.322,60.48800995024876,0.33518944230418957,60.047,61.612,-1.2680000000000007,-0.0006397987563234078,58.279,58.38508173418621,0.1181168548537689,58.258,58.908,-0.6289999999999978,-0.00021884307721773007,58.195,58.22045060412225,0.01902774163322132,58.132,58.301,-0.04299999999999926,-1.3394041906886733e-05,58.438,58.468798507462694,0.025230143618813664,58.417,58.543,-0.021000000000000796,5.290492770871369e-06,0.03,0.0761414356787491,0.03898151981653322,0.005,0.24,-0.037000000000000005,-4.800411891191522e-06,0.477,0.468087420042644,0.06031747474239746,0.273,0.597,0.043999999999999984,4.255611283792758e-05,0.116,0.17482658137882018,0.054947789303063314,-0.01,0.364,0.04100000000000001,3.516648959255001e-05,1.484,1.9840149253731343,0.3142286199199666,1.237,2.778,-0.8210000000000002,0.000136413667872329,398.906,398.95910270078184,0.7509489651065203,397.138,400.647,-1.274000000000001,7.213788750983375e-05,2.727,3.401797085998579,0.44026825779154316,2.664,3.968,-0.008000000000000007,-6.203947790627633e-05,175.0,175.0,0.0,175.0,175.0,0.0,-1.798719630045077e-17,13.5,14.480277185501066,0.9529217375421508,13.5,16.5,-3.0,-0.001521695864537582,9.0,9.210554371002132,0.5206713229809298,9.0,10.500000000000002,-1.5000000000000018,-0.0006123205259104703,9.0,9.42910447761194,0.6758162148458771,9.0,10.500000000000002,-1.5000000000000018,-0.0001652584288336425,7.5,7.074626865671642,0.6749209220069198,6.0,7.5,0.0,-5.9518237542528375e-06,0.0,0.0,0.0,0.0,0.0,0.0,0.0,1.0,1.0,0.0,1.0,1.0,0.0,7.561450483349093e-19,1.0,1.0,0.0,1.0,1.0,0.0,7.561450483349093e-19,1.0,1.0,0.0,1.0,1.0,0.0,7.561450483349093e-19,1.0,1.0,0.0,1.0,1.0,0.0,7.561450483349093e-19,0.0,3.3134328358208953,10.564950438496009,0.0,37.0,0.0,0.0002537721508656266,8.623,8.285013148543,1.1095941754492995,4.809,10.723,0.7799999999999994,0.0007323142020277272,0.976,1.2827960199004975,0.22592686760978284,0.774,1.763,-0.33000000000000007,-2.4492019705099225e-05
batch_dist_ternary_butan-1-ol+propan-2-ol+water__operating_point_018__train_normal_experiment_001,batch_dist_ternary_butan-1-ol+propan-2-ol+water,operating_point_018,train_normal_experiment_001,0.4,2814,117.21666666666668,0.6821390035930127,1.0,1.0,0.0,1.0,1.0,0.0,1.5765252843783057e-19,1.0,1.0,0.0,1.0,1.0,0.0,1.5765252843783057e-19,382.792,377.72292892679457,5.965682375780767,358.384,382.792,24.40799999999996,0.006421244025986125,76.008,75.76604530916843,0.19563425633196774,75.027,76.071,0.9380000000000024,0.0001821114987727628,65.971,65.72593212508883,0.14522417422848466,65.437,66.014,0.49099999999999966,0.00017700473158631944,70.999,71.0400934612651,0.24758714117101607,70.767,71.737,-0.6540000000000106,-0.00021401265899172848,71.041,70.99524964463396,0.06660076844697252,70.85,71.233,-0.02200000000000557,-2.7280588375024432e-05,66.019,65.9574264392324,0.15687628475383558,65.721,66.401,-0.27599999999999625,-0.00010985429748986329,60.364,60.41060732054015,0.2672883981902434,60.047,61.612,-1.2260000000000062,-0.00014535922329192183,58.279,58.34721624022743,0.0935700410534104,58.258,58.908,-0.6289999999999978,-6.892477093244338e-05,58.153,58.216340085287854,0.02095746138653566,58.132,58.301,-0.08500000000000085,-7.00769358959719e-06,58.438,58.46698507462687,0.025313183124998438,58.417,58.543,-0.021000000000000796,-1.8709277848997128e-06,0.075,0.07580597014925372,0.03629555960955585,0.005,0.24,0.007999999999999993,-1.4449080665248976e-07,0.479,0.47316986496090974,0.060216367765667175,0.273,0.645,0.045999999999999985,1.0681481528732403e-05,0.146,0.1804635749822317,0.05460940329623542,-0.037,0.375,0.071,1.121083053906053e-05,1.843,1.9942857142857142,0.334671913558406,0.987,2.917,-0.4620000000000002,2.337785550628861e-05,397.757,398.9644815209666,0.7451081399406324,396.949,400.647,-2.423000000000002,3.870066647517943e-06,2.667,3.3532409381663113,0.4514320169200122,2.664,3.98,-0.06800000000000006,-6.87167914717967e-05,175.0,175.0,0.0,175.0,175.0,0.0,-4.278349930321923e-17,13.5,14.145255863539445,0.8662693513671548,13.5,16.5,-3.0,-0.0005161316933726057,9.0,8.98134328358209,0.584695998738687,7.5,10.500000000000002,-1.5000000000000018,-0.00031786709227970715,9.0,9.413113006396589,0.6679885074446786,9.0,10.500000000000002,-1.5000000000000018,-1.5581122284310057e-05,6.0,7.079690831556503,0.6723131079161363,6.0,7.5,-1.5,3.010262162456261e-05,0.0,0.0,0.0,0.0,0.0,0.0,0.0,1.0,1.0,0.0,1.0,1.0,0.0,1.5765252843783057e-19,1.0,1.0,0.0,1.0,1.0,0.0,1.5765252843783057e-19,1.0,1.0,0.0,1.0,1.0,0.0,1.5765252843783057e-19,1.0,1.0,0.0,1.0,1.0,0.0,1.5765252843783057e-19,0.0,3.3528784648187635,10.58701870509296,0.0,37.0,0.0,3.2179794941682235e-05,9.36,8.345859808102345,1.1596563777751905,4.809,11.451,1.5169999999999995,0.00012714207887434383,1.079,1.317160092395167,0.2485816225575395,0.774,1.904,-0.2270000000000001,4.2124726308333414e-05
batch_dist_ternary_butan-1-ol+propan-2-ol+water__operating_point_019__train_normal_experiment_001,batch_dist_ternary_butan-1-ol+propan-2-ol+water,operating_point_019,train_normal_experiment_001,0.1,522,86.9,0.6843396585895098,1.0,0.9961685823754789,0.06177975286052526,0.0,1.0,0.0,3.998984055569763e-05,1.0,1.0,0.0,1.0,1.0,0.0,2.171766089949202e-19,423.0,421.33371743295015,0.7222147477718514,420.202,423.047,2.798000000000002,0.004570591095823998,75.986,76.09235440613027,0.0932280752410623,75.922,76.285,-0.1490000000000009,-0.0005659477396058552,65.522,65.44037068965517,0.04895621277484854,65.33,65.544,0.17100000000000648,0.00029851085089320836,71.146,71.4730632183908,0.23036172793439902,71.125,71.906,-0.6970000000000027,-0.0015112111813280402,71.318,71.31258908045976,0.06102424943163556,71.211,71.509,-0.1700000000000017,-0.00025372834606015335,65.934,66.10148754789272,0.15904251744273687,65.891,66.465,-0.5100000000000051,-0.0010109146743773915,60.364,60.740422413793105,0.1671581609768027,60.364,61.146,-0.35900000000000176,-0.0007174813310086261,58.761,58.89784195402299,0.09809782543360777,58.74,59.096,-0.29299999999999926,-0.0006294482528300066,58.576,58.704001915708815,0.08483646651039756,58.533,58.871,-0.2740000000000009,-0.0005456531486239955,58.818,58.901055555555544,0.08159765896190434,58.733,59.071,-0.23199999999999932,-0.0005194564705734121,0.112,0.15759386973180076,0.20691166142322162,0.004,1.906,-0.0059999999999999915,-0.00023759491312354757,0.664,0.582610153256705,0.21630196501494195,0.046,1.072,0.139,0.00012985732611980747,0.243,0.23202394636015325,0.05225214162086059,0.122,0.458,-0.016000000000000014,5.016837283658884e-05,1.545,2.553896551724138,0.6442456739013462,1.163,3.796,-1.9980000000000002,-0.0018642696722490839,398.493,399.1001609195402,0.6248292402479946,397.578,400.647,-0.10800000000000409,0.0002811548593505513,3.64,3.9856226053639854,0.3684247290084316,2.93,4.878,-0.262,0.00011971608394340764,210.0,210.0,0.0,210.0,210.0,0.0,3.123681585949199e-16,18.0,18.274425287356323,0.5790087274704815,18.0,19.5,-1.5,-0.0014965501802263578,10.500000000000002,10.500000000000002,0.0,10.500000000000002,10.500000000000002,0.0,1.1372330995268603e-17,10.500000000000002,10.119252873563218,0.6486635370751344,9.0,10.500000000000002,0.0,0.0004222028656770366,7.5,7.617816091954023,0.40353872974934596,7.5,9.0,0.0,0.0006264864103512011,0.0,0.0,0.0,0.0,0.0,0.0,0.0,1.0,1.0,0.0,1.0,1.0,0.0,2.171766089949202e-19,1.0,1.0,0.0,1.0,1.0,0.0,2.171766089949202e-19,1.0,1.0,0.0,1.0,1.0,0.0,2.171766089949202e-19,1.0,1.0,0.0,1.0,1.0,0.0,2.171766089949202e-19,0.0,3.0,9.855857701614951,0.0,36.0,0.0,0.003160969105696818,10.666,9.429585249042145,3.082036367471123,1.601,17.448,2.572000000000001,0.0013873759117989605,1.523,1.3422107279693487,0.38696629868981136,0.248,2.52,0.367,0.00022140252891870928
batch_dist_ternary_butan-1-ol+propan-2-ol+water__operating_point_019__train_normal_experiment_001,batch_dist_ternary_butan-1-ol+propan-2-ol+water,operating_point_019,train_normal_experiment_001,0.2,1043,86.9,0.6843396585895098,1.0,0.9980824544582934,0.043747783495876644,0.0,1.0,0.0,1.052329634653838e-05,1.0,1.0,0.0,1.0,1.0,0.0,1.0932456624700987e-18,425.635,422.9252660594439,1.7487392144874547,420.202,425.682,5.432999999999993,0.0057411501986176765,75.986,76.10712847555129,0.0966103747551575,75.922,76.327,-0.1490000000000009,-4.056859770951825e-05,65.672,65.51245781399808,0.08604284504216082,65.33,65.672,0.32099999999999795,0.0002776700823277413,70.957,71.25132118887824,0.2826528186968656,70.851,71.906,-0.8860000000000099,-0.0008944043159602636,70.978,71.22982454458293,0.12270172265979248,70.935,71.509,-0.5100000000000051,-0.0003493494625112591,65.891,65.98806136145734,0.16303377433874053,65.764,66.465,-0.5529999999999973,-0.0004441419781144417,60.406,60.63904074784276,0.19639172342522357,60.322,61.146,-0.31700000000000017,-0.0004213400572861211,58.573,58.769644774688395,0.15084871634977168,58.51,59.096,-0.48100000000000165,-0.0004902029009988854,58.428,58.592246883988494,0.13141722576065923,58.364,58.871,-0.42200000000000415,-0.00042592212790319494,58.691,58.810416107382544,0.11129814678532854,58.628,59.071,-0.35899999999999466,-0.00035533321504929564,0.226,0.12852684563758388,0.15293900471841385,0.004,1.906,0.10800000000000001,-0.00011413175370088473,0.566,0.5819693192713328,0.19361452277837196,0.046,1.094,0.040999999999999925,3.0136668958101435e-05,0.255,0.22469127516778525,0.04943513226070882,0.106,0.458,-0.0040000000000000036,-1.8413177443019454e-05,1.356,2.222356184084372,0.7241568270681881,1.159,3.796,-2.1870000000000003,-0.001276868640769374,399.453,399.1049841802493,0.6238475722273,397.533,400.647,0.8519999999999754,4.4272385552494566e-05,4.558,4.0086045062320235,0.3885743364728457,2.927,4.888,0.6559999999999997,8.265069397384989e-05,210.0,210.0,0.0,210.0,210.0,0.0,6.075120389005436e-17,18.0,17.87272291466922,0.7656431676286749,16.5,19.5,-1.5,-0.0014597583542334531,10.500000000000002,10.09156279961649,0.6677086594602065,9.0,10.500000000000002,0.0,-0.0010834183076293103,10.500000000000002,10.082214765100671,0.6704004783941327,9.0,10.500000000000002,0.0,-3.3711564929230158e-06,7.5,7.684084372003835,0.49217832336431305,7.5,9.0,0.0,0.00023468008470502972,0.0,0.0,0.0,0.0,0.0,0.0,0.0,1.0,1.0,0.0,1.0,1.0,0.0,1.0932456624700987e-18,1.0,1.0,0.0,1.0,1.0,0.0,1.0932456624700987e-18,1.0,1.0,0.0,1.0,1.0,0.0,1.0932456624700987e-18,1.0,1.0,0.0,1.0,1.0,0.0,1.0932456624700987e-18,0.0,2.882070949185043,9.721949088596164,0.0,36.0,0.0,0.00011536494125430847,8.969,9.499745445829339,2.9135593029420526,1.601,18.016,0.875,0.0005779047877952495,1.28,1.3513652924256951,0.3924318278682956,0.24,2.575,0.12400000000000011,9.829620746110904e-05
batch_dist_ternary_butan-1-ol+propan-2-ol+water__operating_point_019__train_normal_experiment_001,batch_dist_ternary_butan-1-ol+propan-2-ol+water,operating_point_019,train_normal_experiment_001,0.4,2086,86.9,0.6843396585895098,1.0,0.9990412272291467,0.03094920880454262,0.0,1.0,0.0,2.694279292502276e-06,1.0,1.0,0.0,1.0,1.0,0.0,4.072184623191944e-19,431.763,425.15936936721,2.965309617613142,420.202,431.763,11.560999999999979,0.004699974584803114,76.199,76.07079290508149,0.0911457248671104,75.88,76.327,0.06399999999999295,-3.540843990063121e-05,65.928,65.63221500479386,0.1458914464650137,65.33,65.949,0.5769999999999982,0.00023861432852431943,70.935,71.075006232023,0.26858727289926276,70.809,71.906,-0.9080000000000013,-0.00035934306966500253,70.978,71.08291634707574,0.1758262608216381,70.807,71.509,-0.5100000000000051,-0.00025316085611832456,65.934,65.91108317353788,0.14452117491809963,65.7,66.465,-0.5100000000000051,-0.00015367155193285578,60.681,60.57032310642378,0.20508536412963974,60.131,61.146,-0.04200000000000159,-0.00011203323201811002,58.468,58.634934084372006,0.1732608260624522,58.426,59.096,-0.5859999999999985,-0.0002642818396066461,58.322,58.4794081975072,0.1479627759377133,58.301,58.871,-0.5279999999999987,-0.0002243764942124339,58.607,58.72492281879195,0.11734553416393541,58.564,59.071,-0.44299999999999784,-0.0001716578462675459,0.142,0.12254961649089167,0.14228772791156133,0.004,1.906,0.023999999999999994,-1.1149374886056325e-05,0.526,0.5739192233940557,0.18608227728875545,0.046,1.094,0.0010000000000000009,-1.1747092418363506e-05,0.155,0.22885498561840845,0.050764041991589466,0.106,0.458,-0.10400000000000001,2.688988232982931e-06,1.675,2.225513902205177,0.5818412294171681,1.159,3.796,-1.868,-0.00014942918345169613,399.13,399.0692782837968,0.6532168113571664,396.985,400.647,0.5289999999999964,-7.543336773461291e-05,3.902,4.02279410354746,0.3950061320430574,2.927,4.975,0.0,4.1052156187066006e-05,210.0,210.0,0.0,210.0,210.0,0.0,1.1189324880829309e-16,16.5,17.30500958772771,0.8747688777919169,16.5,19.5,-3.0,-0.0011393246822664813,9.0,9.713326941514861,0.7487427976934015,9.0,10.500000000000002,-1.5000000000000018,-0.0007220070289291537,10.500000000000002,10.008149568552254,0.7018710295735654,9.0,10.500000000000002,0.0,-0.00013334798617611285,7.5,7.665747842761266,0.46997846963460216,7.5,9.0,0.0,-7.896928640254502e-06,0.0,0.0,0.0,0.0,0.0,0.0,0.0,1.0,1.0,0.0,1.0,1.0,0.0,4.072184623191944e-19,1.0,1.0,0.0,1.0,1.0,0.0,4.072184623191944e-19,1.0,1.0,0.0,1.0,1.0,0.0,4.072184623191944e-19,1.0,1.0,0.0,1.0,1.0,0.0,4.072184623191944e-19,0.0,2.865771812080537,9.73878429346112,0.0,37.0,0.0,-5.5239335602491514e-05,5.539,9.280456375838925,2.9684895011232735,1.601,18.253,-2.5549999999999997,-0.0002688318338378974,1.855,1.4239693192713325,0.5325467831467025,0.206,2.575,0.6990000000000001,0.0002854957681620794
batch_dist_ternary_butan-1-ol+propan-2-ol+water__operating_point_020__train_normal_experiment_001,batch_dist_ternary_butan-1-ol+propan-2-ol+water,operating_point_020,train_normal_experiment_001,0.1,2008,334.5833333333333,0.6924323198414503,1.0,1.0,0.0,1.0,1.0,0.0,-2.1597823034008424e-20,1.0,1.0,0.0,1.0,1.0,0.0,-2.1597823034008424e-20,304.896,303.113796065737,1.845455298519615,299.517,304.986,5.15300000000002,0.0028896786955705475,96.148,96.21396787848605,0.06380155589749609,96.062,96.405,-0.15000000000000568,-8.671741912549728e-05,86.174,86.07243227091631,0.05440132926610125,85.959,86.196,0.17200000000001125,8.679982518768371e-05,91.231,91.14945094621513,0.04135125757566083,91.04,91.274,-0.02200000000000557,-1.5290261661803286e-05,91.171,91.25055428286852,0.08550216553013272,91.086,91.449,-0.17099999999999227,-0.00012100814277436201,86.116,86.11299003984065,0.0490946510462492,85.945,86.245,-0.02200000000000557,2.3614225477307277e-05,82.405,82.1226797808765,0.41610447194575856,81.021,82.745,1.277000000000001,8.264775233500957e-05,78.22,78.18250224103586,0.03083749447823155,78.115,78.241,0.08400000000000318,4.1791576526032853e-05,78.144,78.12403112549802,0.024569184419433805,78.038,78.165,0.021000000000000796,2.8895746079686086e-05,78.349,78.33786752988047,0.03348208002414573,78.243,78.391,0.10600000000000875,4.2778214570385436e-05,0.021,0.03652564741035857,0.014303987149939723,0.005,0.087,-0.06599999999999999,-1.4363559644390081e-05,0.246,0.24764243027888447,0.024831311009375683,0.215,0.287,-0.03699999999999998,1.7345135303405037e-05,0.66,0.6497788844621515,0.06287081758285358,0.445,0.89,-0.039999999999999925,-2.0304271681678186e-05,3.468,1.9128378984063745,0.722271125808211,0.58,3.55,2.469,0.0002432584110282549,949.84,949.686390687251,0.34927742162769637,948.458,950.665,-0.08899999999994179,-3.721614941616846e-05,3.643,3.9400438247011955,0.3591603353458871,2.918,4.888,-0.9110000000000005,5.2929607486835305e-05,105.0,105.0,0.0,105.0,105.0,0.0,-1.430248799108127e-17,18.0,17.275024900398407,0.7482732441999699,16.5,18.0,0.0,-0.0004407685158448167,12.0,12.81386952191235,0.7467129942116132,12.0,13.5,-1.5,-0.0004108962858852723,13.5,13.954930278884461,0.6891107318251946,13.5,15.0,0.0,-0.00024561302520201365,12.0,11.467753984063744,0.7174977860190882,10.500000000000002,12.0,0.0,-0.0001055354659414719,0.0,0.0,0.0,0.0,0.0,0.0,0.0,1.0,1.0,0.0,1.0,1.0,0.0,-2.1597823034008424e-20,1.0,1.0,0.0,1.0,1.0,0.0,-2.1597823034008424e-20,1.0,1.0,0.0,1.0,1.0,0.0,-2.1597823034008424e-20,1.0,1.0,0.0,1.0,1.0,0.0,-2.1597823034008424e-20,0.0,1.4135956175298805,2.8025368096677243,0.0,7.0,0.0,-0.00019556622963622797,4.5,4.4982569721115535,0.3850699084111095,4.0,5.0,-0.5,0.00033342928136933587,0.9,0.8886952191235061,0.10953855920742629,0.4,1.0,0.09999999999999998,9.466057212852273e-05
batch_dist_ternary_butan-1-ol+propan-2-ol+water__operating_point_020__train_normal_experiment_001,batch_dist_ternary_butan-1-ol+propan-2-ol+water,operating_point_020,train_normal_experiment_001,0.2,4016,334.5833333333333,0.6924323198414503,1.0,1.0,0.0,1.0,1.0,0.0,-1.967258634535355e-19,1.0,1.0,0.0,1.0,1.0,0.0,-1.967258634535355e-19,306.117,304.01620082171314,1.6226682994934896,299.517,306.163,6.374000000000024,0.0010722122900053306,96.276,96.23341982071713,0.06771414897701127,96.062,96.426,-0.02200000000000557,1.3245667185181672e-05,86.303,86.15719111055776,0.10086810580696784,85.959,86.346,0.30100000000000193,8.457315756998253e-05,91.316,91.20019546812749,0.0749200944817287,91.04,91.401,0.06300000000000239,4.627513428057253e-05,91.3,91.24957768924303,0.07719853937938032,91.086,91.449,-0.04200000000000159,-6.3631444218265045e-06,86.352,86.18121227589641,0.08887662643963501,85.945,86.394,0.21399999999999864,6.459317841508949e-05,81.064,82.07573867031874,0.7156445817071609,80.447,83.341,-0.06400000000000716,-6.163617020370804e-05,78.241,78.19865749501992,0.028866312159492796,78.115,78.241,0.10500000000000398,1.7827097096268692e-05,78.187,78.13712749003984,0.025829246145583434,78.038,78.229,0.06399999999999295,1.4834709526084423e-05,78.37,78.3553642928287,0.03203586775174957,78.243,78.434,0.12700000000000955,1.9459030760564785e-05,0.042,0.0380394671314741,0.018982548564796455,0.005,0.087,-0.04499999999999999,-9.169153465092118e-08,0.277,0.2602125249003984,0.041254716801426644,0.182,0.349,-0.00599999999999995,1.3209760368690764e-05,0.711,0.6458989043824702,0.06101728690779742,0.445,0.89,0.01100000000000001,-3.910452735553951e-06,1.856,2.57367828685259,1.3609941664925485,0.58,6.438,0.8570000000000001,0.0005771785576410667,949.75,949.6527146414343,0.36388253324769587,948.458,950.665,-0.17899999999997362,-3.8621479491930436e-05,3.899,3.9394292828685264,0.3567732438314673,2.918,4.975,-0.6550000000000002,7.815414686586674e-06,105.0,105.0,0.0,105.0,105.0,0.0,-3.347952640492589e-17,18.0,17.165027390438247,0.744512728190066,16.5,18.0,0.0,-0.00015664347021257852,12.0,12.739541832669323,0.749366558027424,12.0,13.5,-1.5,-0.00011841689127094913,13.5,13.839330179282868,0.6272400689760274,13.5,15.0,0.0,-0.00012257298273825687,10.500000000000002,11.45113296812749,0.7218483746223814,10.500000000000002,12.0,-1.4999999999999982,-2.9573410451415568e-05,0.0,0.0,0.0,0.0,0.0,0.0,0.0,1.0,1.0,0.0,1.0,1.0,0.0,-1.967258634535355e-19,1.0,1.0,0.0,1.0,1.0,0.0,-1.967258634535355e-19,1.0,1.0,0.0,1.0,1.0,0.0,-1.967258634535355e-19,1.0,1.0,0.0,1.0,1.0,0.0,-1.967258634535355e-19,0.0,1.314367529880478,2.8103155967556384,0.0,8.0,0.0,-0.00010698410227703635,5.0,4.691359561752988,0.6475878812504428,3.5,6.0,0.0,0.00020946679689418487,1.0,0.9320343625498009,0.14470336402534334,0.4,1.2,0.19999999999999996,4.930255123854948e-05
batch_dist_ternary_butan-1-ol+propan-2-ol+water__operating_point_020__train_normal_experiment_001,batch_dist_ternary_butan-1-ol+propan-2-ol+water,operating_point_020,train_normal_experiment_001,0.4,8031,334.5833333333333,0.6924323198414503,1.0,1.0,0.0,1.0,1.0,0.0,1.079342376274108e-19,1.0,1.0,0.0,1.0,1.0,0.0,1.079342376274108e-19,304.986,304.92648393724323,1.5131409692692457,299.517,306.502,5.242999999999995,0.00042124308287891024,96.534,96.31975787573155,0.12338366738988533,95.976,96.62,0.2360000000000042,4.2320339917190276e-05,86.54,86.28279118416138,0.15355930473016596,85.959,86.561,0.5380000000000109,6.516530489970918e-05,91.55,91.3034868634043,0.12928033748824463,91.04,91.614,0.29699999999999704,5.2114903859504674e-05,91.471,91.32812009712366,0.11243089877749671,91.086,91.642,0.1290000000000049,3.601583564705497e-05,86.523,86.2945775743992,0.1419184556275491,85.945,86.587,0.3849999999999909,5.807773893191518e-05,82.064,82.12679062383265,0.545116716791149,80.447,83.341,0.9359999999999928,2.221303955019805e-05,78.22,78.20852203959656,0.024525201447451454,78.115,78.241,0.08400000000000318,6.015633685214129e-06,78.165,78.15209139584111,0.028454313882340685,78.038,78.229,0.04200000000000159,7.948883556743617e-06,78.391,78.36913491470551,0.02950227250430546,78.243,78.434,0.14800000000001035,7.91151663210225e-06,0.045,0.036400759556717725,0.015501968678793015,0.005,0.087,-0.041999999999999996,-7.383407127369085e-07,0.279,0.2656738264226124,0.03145919822281027,0.182,0.349,-0.003999999999999948,3.5536971460687003e-06,0.61,0.641292304818827,0.06406570136158883,0.421,0.89,-0.08999999999999997,-3.0608574303795514e-06,2.445,2.2199239820694805,1.1332425722944084,0.58,6.438,1.4459999999999997,-2.279005286649932e-05,948.987,949.6102929274062,0.3800870334370285,947.919,950.665,-0.9420000000000073,-1.9562163676554593e-05,4.554,3.93189247914332,0.3538857940940537,2.918,4.975,0.0,-4.3536544633048895e-06,105.0,105.0,0.0,105.0,105.0,0.0,4.380687828523036e-19,18.0,17.111038475905865,0.7361106670173604,16.5,18.0,0.0,-4.760412359181407e-05,13.5,12.688737392603661,0.7470719664918787,12.0,13.5,0.0,-2.3650079582545397e-05,13.5,13.788195741501681,0.5907255390362979,13.5,15.0,0.0,-2.3695933139314024e-05,12.0,11.450410907732536,0.7221945832414652,10.500000000000002,12.0,0.0,5.334372397363287e-06,0.0,0.0,0.0,0.0,0.0,0.0,0.0,1.0,1.0,0.0,1.0,1.0,0.0,1.079342376274108e-19,1.0,1.0,0.0,1.0,1.0,0.0,1.079342376274108e-19,1.0,1.0,0.0,1.0,1.0,0.0,1.079342376274108e-19,1.0,1.0,0.0,1.0,1.0,0.0,1.079342376274108e-19,0.0,1.253455360478147,2.828027397893415,0.0,8.0,0.0,-3.532286494659208e-05,5.0,4.798045075333084,0.4917649960260386,3.5,6.0,0.0,6.414011274548751e-05,1.0,0.9585730295106463,0.11076546634309792,0.4,1.2,0.19999999999999996,1.6154697455616937e-05
batch_dist_ternary_butan-1-ol+propan-2-ol+water__operating_point_021__test_anormal_experiment_001,batch_dist_ternary_butan-1-ol+propan-2-ol+water,operating_point_021,test_anormal_experiment_001,0.1,813,135.41666666666666,0.6810379391813758,1.0,1.0,0.0,1.0,1.0,0.0,-1.0627977612950583e-18,1.0,1.0,0.0,1.0,1.0,0.0,-1.0627977612950583e-18,295.229,295.23068265682656,0.07604330210580997,295.094,295.523,-0.18100000000004002,-0.0001172140638995488,85.357,85.31484317343174,0.0666892681978027,85.164,85.464,0.19299999999999784,0.00023648350528363877,75.382,75.29984686346864,0.06728347061196724,75.147,75.447,0.21399999999999864,0.00027824068923443555,80.401,80.3025061500615,0.061914112129221,80.147,80.443,0.2120000000000033,0.0002245679835066926,80.43,80.30379212792128,0.08075755913513305,80.11,80.473,0.21300000000000807,0.0002907306675915698,75.424,75.29990405904059,0.08737276827153126,75.104,75.487,0.15000000000000568,0.00028329400676382964,72.437,72.31197601476013,0.08941111002375576,72.098,72.586,-0.1490000000000009,-3.5928686679477466e-05,67.383,67.39169188191882,0.040564309205622325,67.299,67.509,-0.08400000000000318,-0.00015234743934323212,67.223,67.26144710947109,0.037199509078142054,67.202,67.329,-0.08500000000000796,-0.0001263739046536538,67.458,67.48310639606396,0.02538779298976488,67.416,67.564,-0.06300000000000239,-6.817312021534999e-05,0.093,0.09505289052890528,0.0023227379471309107,0.086,0.105,-0.0010000000000000009,-1.7672838642428013e-06,0.231,0.22702398523985245,0.007266139290009792,0.206,0.239,-0.0010000000000000009,-1.0392138271003383e-05,0.617,0.6186230012300123,0.06778012077516853,0.417,0.764,-0.06400000000000006,-1.2318006496655488e-05,2.041,1.998468634686347,0.07047615204881019,1.736,2.198,-0.014000000000000234,-1.9213618081157965e-05,600.099,598.9423671586716,0.7201630565272266,597.237,600.324,0.5470000000000255,-0.00034409279227370573,3.643,3.9387257072570727,0.3522071486540261,2.921,4.883,-0.9110000000000005,2.91521110645697e-05,105.0,105.0,0.0,105.0,105.0,0.0,-5.1216186521981965e-17,16.5,15.688191881918819,0.7465226002617901,15.0,16.5,1.5,0.0004258598068242965,10.500000000000002,11.350553505535055,0.7432287619061915,10.500000000000002,12.0,0.0,-0.00010266726770099994,12.0,12.166051660516604,0.47064247238704016,12.0,13.5,0.0,4.950806579512192e-05,10.500000000000002,9.809963099630997,0.7466730628896466,9.0,10.500000000000002,1.5000000000000018,0.00034920269682962575,0.0,0.0,0.0,0.0,0.0,0.0,0.0,1.0,1.0,0.0,1.0,1.0,0.0,-1.0627977612950583e-18,1.0,1.0,0.0,1.0,1.0,0.0,-1.0627977612950583e-18,1.0,1.0,0.0,1.0,1.0,0.0,-1.0627977612950583e-18,1.0,1.0,0.0,1.0,1.0,0.0,-1.0627977612950583e-18,0.0,1.6937269372693726,6.512570681754351,0.0,27.0,0.0,-0.00018691137154045937,4.688,4.5858843788437875,0.12348457100494246,4.193,4.92,0.1509999999999998,-0.0001245457908519378,1.562,1.5284710947109472,0.041186695369152586,1.398,1.64,0.049000000000000155,-4.199288879273663e-05
batch_dist_ternary_butan-1-ol+propan-2-ol+water__operating_point_021__test_anormal_experiment_001,batch_dist_ternary_butan-1-ol+propan-2-ol+water,operating_point_021,test_anormal_experiment_001,0.2,1626,135.41666666666666,0.6810379391813758,1.0,1.0,0.0,1.0,1.0,0.0,-4.975501802445781e-19,1.0,1.0,0.0,1.0,1.0,0.0,-4.975501802445781e-19,296.65,295.2427478474785,0.28503356022326004,294.801,296.65,1.2399999999999523,9.679546665057683e-05,85.314,85.39244741697416,0.12080872104808567,85.164,85.677,0.14999999999999147,0.0001601168257552371,75.597,75.4160516605166,0.13160143843478114,75.147,75.618,0.42899999999998784,0.00027552713165439254,80.613,80.4196848093481,0.13430750070135322,80.147,80.655,0.4240000000000066,0.0002759118117643773,80.643,80.41999354243544,0.1384631395352579,80.11,80.686,0.42600000000000193,0.0002763439209996386,75.637,75.41904797047971,0.14197413437983825,75.104,75.679,0.36299999999999955,0.0002801864868688265,71.482,72.23707287822877,0.8134217442120086,69.235,73.583,-1.1039999999999992,-0.000292407677635489,67.299,67.35157103321032,0.0520596364532134,67.257,67.509,-0.16799999999999216,-0.00010088004143809832,67.223,67.23884132841327,0.0367552956809904,67.138,67.329,-0.08500000000000796,-5.985465745260395e-05,67.458,67.47121832718327,0.02666606503607184,67.395,67.564,-0.06300000000000239,-3.190821925145647e-05,0.091,0.08394126691266912,0.03671143114209406,0.005,0.159,-0.0030000000000000027,-1.9225230075571536e-05,0.207,0.24620756457564577,0.10776627737531422,0.004,0.731,-0.025000000000000022,4.272068160046163e-05,0.502,0.6175119926199262,0.06774526538171005,0.394,0.773,-0.17900000000000005,-3.153675704881613e-06,1.607,2.1135458179581796,0.5767939907021075,0.482,3.999,-0.4480000000000002,0.0002629675077517637,599.157,598.9561589790898,0.7080069596785059,597.237,600.539,-0.3949999999999818,-1.2295682375060598e-06,3.643,3.9400842558425593,0.3485602468275473,2.921,4.883,-0.9110000000000005,1.60720051794129e-05,105.0,105.0,0.0,105.0,105.0,0.0,-7.840975458649624e-17,16.5,15.891143911439114,0.735659318180657,15.0,16.5,1.5,0.00046682569421315346,10.500000000000002,11.26660516605166,0.7498161564412943,10.500000000000002,12.0,0.0,-0.00019200473977223377,12.0,12.166512915129152,0.47011168769845557,12.0,13.5,0.0,-5.56745286615137e-05,9.0,9.761992619926199,0.7489809164656123,9.0,10.500000000000002,0.0,-4.408574368000859e-05,0.0,0.0,0.0,0.0,0.0,0.0,0.0,1.0,1.0,0.0,1.0,1.0,0.0,-4.975501802445781e-19,1.0,1.0,0.0,1.0,1.0,0.0,-4.975501802445781e-19,1.0,1.0,0.0,1.0,1.0,0.0,-4.975501802445781e-19,1.0,1.0,0.0,1.0,1.0,0.0,-4.975501802445781e-19,0.0,1.7933579335793357,6.706740026794888,0.0,27.0,0.0,0.00011599043322474216,4.215,4.787307195571956,1.414524237492507,0.0,12.31,-0.32200000000000006,0.0004903379463883018,1.405,1.3095965559655596,0.5889942596574417,0.0,2.18,-0.10799999999999987,-0.00041229660911237245
batch_dist_ternary_butan-1-ol+propan-2-ol+water__operating_point_021__test_anormal_experiment_001,batch_dist_ternary_butan-1-ol+propan-2-ol+water,operating_point_021,test_anormal_experiment_001,0.4,3251,135.41666666666666,0.6810379391813758,1.0,1.0,0.0,1.0,1.0,0.0,1.979739278591617e-19,1.0,1.0,0.0,1.0,1.0,0.0,1.979739278591617e-19,298.659,296.727014610889,1.5441747598753142,294.801,298.907,3.248999999999967,0.0015132965511256262,86.169,85.6540256844048,0.3133700779980164,85.164,86.233,1.0049999999999955,0.00031173492642670714,76.196,75.65081805598278,0.2795465750887265,75.147,76.196,1.0279999999999916,0.0002960065830963949,81.142,80.66103814211013,0.28045981149890997,80.147,81.184,0.953000000000003,0.0002967362080690732,81.155,80.65279298677329,0.28038997603142624,80.11,81.219,0.9380000000000024,0.0002939282702857254,76.105,75.65457259304829,0.28536872453242235,75.104,76.233,0.8310000000000031,0.00029763210027388537,73.371,72.5195,0.6845457048691144,69.235,73.583,0.7849999999999966,0.0002665817676746347,67.278,67.32024869270994,0.04924977045492149,67.236,67.509,-0.18899999999999295,-4.1832565066758266e-05,67.202,67.22420685942787,0.03141362673985247,67.138,67.329,-0.10600000000000875,-2.122428427226372e-05,67.437,67.46449815441403,0.02411357437344922,67.395,67.564,-0.08400000000000318,-9.755142481981968e-06,0.089,0.08986081205782835,0.026925879826789005,0.005,0.159,-0.0050000000000000044,3.135866577178407e-06,0.225,0.24023254383266687,0.07672695779552911,0.004,0.731,-0.007000000000000006,6.318695101392027e-07,0.679,0.6217486927099354,0.06628510789104869,0.394,0.794,-0.0020000000000000018,4.882071002760594e-06,2.073,2.0555318363580435,0.4160568149744235,0.482,3.999,0.017999999999999794,-2.098752889239584e-05,597.856,598.9204358658874,0.733273658249854,596.869,600.539,-1.6960000000000264,-3.3653848293023734e-05,3.902,3.939589049523224,0.3505281147556242,2.921,4.883,-0.6520000000000001,-4.3315459257789565e-06,105.0,105.0,0.0,105.0,105.0,0.0,-1.927071926244625e-18,16.5,15.901338049830821,0.7337476602199586,15.0,16.5,1.5,3.188023196513561e-05,12.0,11.210089203322054,0.7484751389114074,10.500000000000002,12.0,1.4999999999999982,-6.035846696398332e-05,13.5,12.08605044601661,0.3480688419123405,12.0,13.5,1.5,-8.123564329602415e-05,10.500000000000002,9.69301753306675,0.7464427066037703,9.0,10.500000000000002,1.5000000000000018,-7.473549264039808e-05,0.0,0.0,0.0,0.0,0.0,0.0,0.0,1.0,1.0,0.0,1.0,1.0,0.0,1.979739278591617e-19,1.0,1.0,0.0,1.0,1.0,0.0,1.979739278591617e-19,1.0,1.0,0.0,1.0,1.0,0.0,1.979739278591617e-19,1.0,1.0,0.0,1.0,1.0,0.0,1.979739278591617e-19,0.0,1.8146724084896955,6.739645443890621,0.0,27.0,0.0,2.9849458752969824e-05,4.695,4.728928175945863,1.0076079372948716,0.0,12.31,0.15800000000000036,1.632554519568385e-05,1.565,1.4331236542602277,0.43590127459174366,0.0,2.18,0.052000000000000046,6.539376682979643e-05
batch_dist_ternary_butan-1-ol+propan-2-ol+water__operating_point_021__train_normal_experiment_001,batch_dist_ternary_butan-1-ol+propan-2-ol+water,operating_point_021,train_normal_experiment_001,0.1,659,109.73333333333332,0.6865506494627645,1.0,1.0,0.0,1.0,1.0,0.0,-1.1072985507202493e-18,1.0,1.0,0.0,1.0,1.0,0.0,-1.1072985507202493e-18,295.027,294.992308801214,0.20416856230704777,294.666,295.365,-0.27000000000003865,-0.0009022234489108538,85.186,85.25873975720789,0.11444448275616001,85.057,85.506,-0.255999999999986,-0.0005579603056034313,74.74,74.6300895295903,0.07658851106361193,74.461,74.761,0.27899999999999636,0.0003863168842909493,80.168,80.29543323216996,0.10510369229414634,80.126,80.57,-0.35999999999999943,-0.0005192874313236686,80.323,80.43011836115326,0.03544611135316059,80.323,80.515,-0.10700000000001353,1.7547331755527623e-06,74.997,75.10938922610016,0.07710555712831885,74.955,75.296,-0.2560000000000002,-0.0003829492046067594,72.862,72.6949893778452,0.441662734510856,71.864,73.329,-0.16900000000001114,-0.0016076629791930298,67.299,67.39251213960547,0.07061069939691772,67.257,67.53,0.0,-0.00024234450533166355,67.159,67.17569726858878,0.027953770504302457,67.096,67.223,0.0,6.429135388550926e-05,67.395,67.38505614567526,0.03533230332120501,67.289,67.437,0.08499999999999375,0.0001511641895056236,0.102,0.13138239757207892,0.08049875950572342,0.005,1.116,-0.01200000000000001,-0.00014073573086907271,0.23,0.19589984825493173,0.074913383367488,0.004,0.346,0.224,3.091513303794972e-05,0.657,0.6390311077389984,0.060128120825013495,0.434,0.788,-0.02100000000000002,4.847382785425588e-05,2.149,2.1719188163884673,0.5430203767819584,1.067,3.514,-1.2200000000000002,-1.8492520297318757e-05,598.807,598.8179119878604,0.8324494469836924,596.734,600.458,0.21500000000003183,-0.0006642090660443686,3.91,3.348455235204856,0.47089523983955134,2.664,3.984,0.008000000000000007,-4.2993415714823656e-05,105.0,105.0,0.0,105.0,105.0,0.0,7.252886040247813e-17,15.0,15.334597875569044,0.6230842182241813,15.0,16.5,0.0,-0.000809334984261558,10.500000000000002,11.755311077389985,0.6230966906764301,10.500000000000002,13.5,-1.4999999999999982,-0.002231866380479688,12.0,12.05690440060698,0.2865632392719462,12.0,13.5,0.0,-0.00020296269771619883,9.0,9.122913505311077,0.41141527460555016,9.0,10.500000000000002,0.0,-0.00011056970021229932,0.0,0.0,0.0,0.0,0.0,0.0,0.0,1.0,1.0,0.0,1.0,1.0,0.0,-1.1072985507202493e-18,1.0,1.0,0.0,1.0,1.0,0.0,-1.1072985507202493e-18,1.0,1.0,0.0,1.0,1.0,0.0,-1.1072985507202493e-18,1.0,1.0,0.0,1.0,1.0,0.0,-1.1072985507202493e-18,0.0,2.0819423368740515,7.345740366934083,0.0,28.0,0.0,-0.0026415969333994744,4.568,4.205273899848255,0.9752049497141648,1.59,7.935,1.6499999999999995,0.00016103877235346567,1.508,1.6912647951441577,0.5504151454923141,0.512,2.688,0.535,-0.0013876657340012523
batch_dist_ternary_butan-1-ol+propan-2-ol+water__operating_point_021__train_normal_experiment_001,batch_dist_ternary_butan-1-ol+propan-2-ol+water,operating_point_021,train_normal_experiment_001,0.2,1317,109.73333333333332,0.6865506494627645,1.0,1.0,0.0,1.0,1.0,0.0,-2.598278203070847e-19,1.0,1.0,0.0,1.0,1.0,0.0,-2.598278203070847e-19,297.011,295.1814365983296,0.4707549047016441,294.666,297.034,1.7139999999999986,0.0005839614631765899,85.228,85.18109984813971,0.11616054537001985,85.015,85.506,-0.21399999999999864,-0.00024323036033114783,74.868,74.72066590736522,0.1091192130514987,74.461,74.89,0.4069999999999965,0.0002776990801294318,80.274,80.23797987851177,0.09931081309788302,80.105,80.57,-0.2540000000000049,-0.0001758453236025205,80.11,80.30947228549734,0.1348687591163684,80.025,80.515,-0.3200000000000074,-0.0003174441851662552,74.997,75.04300417615794,0.08854716912175548,74.891,75.296,-0.2560000000000002,-0.00020583984850442648,71.949,72.37285421412301,0.5637402358690307,71.016,73.329,-1.0820000000000078,-0.000990614630407422,67.299,67.33466173120729,0.07716603430169158,67.236,67.53,0.0,-0.00016513054172318453,67.202,67.18831321184511,0.026624730457157107,67.096,67.223,0.042999999999992156,4.069801239501493e-05,67.416,67.41085687167805,0.03874711413371445,67.289,67.5,0.10599999999999454,8.47034465602754e-05,0.143,0.10980372057706908,0.06883595275453283,0.005,1.116,0.028999999999999984,-6.799209159728261e-05,0.282,0.2163280182232346,0.07805873514357832,0.004,0.411,0.27599999999999997,4.4943687714152674e-05,0.649,0.6465721336370539,0.06057217779085431,0.419,0.793,-0.029000000000000026,2.525939816639451e-05,1.76,2.0262319665907365,0.464948154688641,1.067,3.514,-1.6090000000000002,-0.00037658492676021367,598.583,598.8198944570995,0.7890974825713282,596.734,600.458,-0.009000000000014552,-9.109520496185339e-05,2.667,3.339162490508732,0.463283982852502,2.5,3.984,-1.2350000000000003,-1.0987281270948667e-05,105.0,105.0,0.0,105.0,105.0,0.0,-3.162459345137639e-17,15.0,15.16742596810934,0.4714374648282132,15.0,16.5,0.0,-0.0004824882959428361,10.500000000000002,11.415148063781322,0.7588157140387275,10.500000000000002,13.5,-1.4999999999999982,-0.0012390519443947622,12.0,11.960136674259681,0.3789819470266133,10.500000000000002,13.5,0.0,-0.00038171347899044073,9.0,9.118451025056947,0.40453169498616565,9.0,10.500000000000002,0.0,-5.4165774629044205e-05,0.0,0.0,0.0,0.0,0.0,0.0,0.0,1.0,1.0,0.0,1.0,1.0,0.0,-2.598278203070847e-19,1.0,1.0,0.0,1.0,1.0,0.0,-2.598278203070847e-19,1.0,1.0,0.0,1.0,1.0,0.0,-2.598278203070847e-19,1.0,1.0,0.0,1.0,1.0,0.0,-2.598278203070847e-19,0.0,1.870918754745634,6.991808646267345,0.0,28.0,0.0,-0.0008347339335229665,4.957,4.485917236142749,1.2391680722861522,1.095,7.957,2.0389999999999997,0.0006559451957090705,1.65,1.527090356871678,0.4970568059058149,0.395,2.688,0.6769999999999999,-0.0005180359710754036
batch_dist_ternary_butan-1-ol+propan-2-ol+water__operating_point_021__train_normal_experiment_001,batch_dist_ternary_butan-1-ol+propan-2-ol+water,operating_point_021,train_normal_experiment_001,0.4,2634,109.73333333333332,0.6865506494627645,1.0,0.9996203492786636,0.019480928793724372,0.0,1.0,0.0,-4.0810802026358234e-07,1.0,1.0,0.0,1.0,1.0,0.0,-1.1687160664948046e-20,300.51,297.06924449506454,2.188909888033098,294.666,301.053,5.212999999999965,0.0026906897970954157,85.378,85.24822513287776,0.11748524115487599,85.015,85.506,-0.06399999999999295,6.551976055501509e-05,75.361,74.92088059984815,0.2422921066764813,74.461,75.404,0.9000000000000057,0.00031461870409388076,80.422,80.25384757023538,0.09501199530521796,80.105,80.57,-0.10600000000000875,2.1177186960598378e-05,80.43,80.26805656795747,0.1368197920407275,80.025,80.515,0.0,-4.7425980881224884e-05,75.445,75.11332858769931,0.1477337489406579,74.891,75.466,0.19199999999999307,0.00010594152056015815,72.267,72.6799280561883,0.5997191943245171,71.016,73.605,-0.76400000000001,0.0002528788794214685,67.278,67.31376537585422,0.060080580546455924,67.236,67.53,-0.021000000000000796,-4.0533377548656665e-05,67.202,67.20148063781322,0.027030927424088365,67.096,67.286,0.042999999999992156,2.267384367025113e-05,67.479,67.44239350797267,0.04614171075221805,67.289,67.543,0.16899999999999693,5.186885967849343e-05,0.096,0.11470880789673502,0.06354775422819858,0.005,1.116,-0.018000000000000002,-6.7815690584214105e-06,0.205,0.2097524677296887,0.07715710291578333,0.004,0.411,0.19899999999999998,1.0043508829428883e-06,0.606,0.6445922551252847,0.05991389380156245,0.414,0.85,-0.07200000000000006,1.158659053505826e-07,2.733,2.031804859529233,0.41415031975937794,1.047,3.514,-0.6360000000000001,-4.976590088370538e-05,597.362,598.7672591116174,0.8468623939892469,595.999,600.458,-1.2300000000000182,-5.9681118510962735e-05,2.924,3.353892938496583,0.4558865004100622,2.5,4.023,-0.9780000000000002,2.2313036453047847e-05,105.0,105.0,0.0,105.0,105.0,0.0,-1.504164938286607e-17,15.0,14.822892938496583,0.6955028432283693,13.5,16.5,0.0,-0.0005163047452510557,10.500000000000002,11.017084282460136,0.7265653400431695,10.500000000000002,13.5,-1.4999999999999982,-0.0006373493214011524,12.0,11.714407744874716,0.623614858753756,10.500000000000002,13.5,0.0,-0.0003585105015312893,9.0,9.095671981776766,0.36654446465340956,9.0,10.500000000000002,0.0,-5.116847195011708e-05,0.0,0.0,0.0,0.0,0.0,0.0,0.0,1.0,1.0,0.0,1.0,1.0,0.0,-1.1687160664948046e-20,1.0,1.0,0.0,1.0,1.0,0.0,-1.1687160664948046e-20,1.0,1.0,0.0,1.0,1.0,0.0,-1.1687160664948046e-20,1.0,1.0,0.0,1.0,1.0,0.0,-1.1687160664948046e-20,0.0,1.7911921032649962,6.835332846063549,0.0,28.0,0.0,-0.00014543945468074545,4.44,4.3790237281700835,1.2111174232012751,1.095,7.957,1.5220000000000002,2.078972106373416e-05,1.467,1.6609255884586183,0.5881938102327361,0.395,2.688,0.4940000000000001,3.825811787879768e-05
batch_dist_ternary_butan-1-ol+propan-2-ol+water__operating_point_022__test_anormal_experiment_001,batch_dist_ternary_butan-1-ol+propan-2-ol+water,operating_point_022,test_anormal_experiment_001,0.1,890,148.25,0.6832104934548542,1.0,1.0,0.0,1.0,1.0,0.0,-1.455638767370289e-19,1.0,1.0,0.0,1.0,1.0,0.0,-1.455638767370289e-19,341.487,341.0242348314607,0.32087376831281006,340.343,341.51,1.0750000000000455,0.0012249903389249027,75.816,75.61211404494384,0.2807428922418397,75.134,76.071,-0.25499999999999545,-0.00019701897579453087,65.779,65.75987584269663,0.022061215411063196,65.715,65.843,0.02199999999999136,5.8298709426756906e-05,70.872,71.03728370786516,0.11261730520304343,70.83,71.315,-0.40099999999999625,-0.0003989862988270239,70.935,71.06821573033707,0.11594248903569691,70.914,71.403,-0.42499999999999716,-0.0003917862837795244,65.828,65.97460280898876,0.08589242581470218,65.785,66.231,-0.36099999999999,-0.0002862263386637218,63.325,63.342156741573035,0.04912619480835916,63.219,63.473,-0.14799999999999613,-5.4045997910409134e-05,58.384,58.37812471910112,0.018800584385484653,58.342,58.468,-0.021000000000000796,-4.322317218004578e-05,58.28,58.28005898876405,0.02586126888207413,58.217,58.343,-0.04200000000000159,-4.4392522946909495e-05,58.543,58.54510898876405,0.01973738903562751,58.48,58.607,-0.04299999999999926,-1.3721224921801964e-05,0.062,0.06398932584269665,0.08852650303719757,0.005,1.48,0.008,4.840395546402806e-05,0.448,0.4470685393258427,0.11771568690200238,0.152,1.93,0.013000000000000012,3.391355957931232e-05,0.138,0.1623241573033708,0.04966980556599774,0.004,0.336,-0.07199999999999998,-9.938921918042407e-06,1.927,1.9877314606741572,0.15671900825857668,1.612,2.407,-0.08099999999999996,0.0001343529369009357,399.094,399.23754775280895,0.5697823236247102,397.793,400.575,-0.46699999999998454,-4.943364459418004e-05,3.643,3.7350168539325845,0.32133086268120997,2.924,4.558,-0.18100000000000005,-0.00010398790379326269,140.0,140.0,0.0,140.0,140.0,0.0,9.613593201780083e-17,19.5,19.11994382022472,0.8430205837991158,18.0,21.000000000000004,1.5,0.0018932579801375854,9.0,9.315168539325843,0.6110823191747407,9.0,10.500000000000002,0.0,-0.00026369277895420793,10.500000000000002,9.685955056179775,0.7472604935168629,9.0,10.500000000000002,0.0,0.00015997744919270672,7.5,6.8157303370786515,0.7462676985128772,6.0,7.5,1.5,0.0002829574801617598,0.0,0.0,0.0,0.0,0.0,0.0,0.0,1.0,1.0,0.0,1.0,1.0,0.0,-1.455638767370289e-19,1.0,1.0,0.0,1.0,1.0,0.0,-1.455638767370289e-19,1.0,1.0,0.0,1.0,1.0,0.0,-1.455638767370289e-19,1.0,1.0,0.0,1.0,1.0,0.0,-1.455638767370289e-19,0.0,3.943820224719101,11.195163031127485,0.0,36.0,-36.0,-0.0002244356840481726,7.516,7.447706179775282,0.2734234161742044,6.843,8.216,-0.4109999999999996,0.0002029270558068213,1.074,1.0640876404494382,0.03911409648541973,0.978,1.174,-0.05899999999999994,2.9164536251150365e-05
batch_dist_ternary_butan-1-ol+propan-2-ol+water__operating_point_022__test_anormal_experiment_001,batch_dist_ternary_butan-1-ol+propan-2-ol+water,operating_point_022,test_anormal_experiment_001,0.2,1780,148.25,0.6832104934548542,1.0,1.0,0.0,1.0,1.0,0.0,-1.4497288990895898e-19,1.0,1.0,0.0,1.0,1.0,0.0,-1.4497288990895898e-19,342.701,341.54329662921344,0.6258802255016787,340.343,342.816,2.289000000000044,0.0012047687473648201,75.688,75.75147387640449,0.24828232280522547,75.134,76.071,-0.38299999999999557,0.00020849534378843232,65.864,65.80643792134832,0.05342147387483926,65.715,65.928,0.10699999999999932,9.738033664188141e-05,70.914,70.97744185393258,0.1030865697392616,70.809,71.315,-0.35899999999999466,-0.00015311494433526457,70.978,70.99828735955056,0.10939937084014253,70.85,71.403,-0.382000000000005,-0.00015979504443370477,65.934,65.94313792134831,0.07412140394410559,65.785,66.231,-0.25499999999999545,-8.54255976251144e-05,63.177,63.3241441011236,0.06116471952556821,63.114,63.473,-0.2959999999999994,-5.911946983352097e-05,58.363,58.37204297752809,0.017272501400130067,58.321,58.468,-0.04200000000000159,-1.5203366400170546e-05,58.238,58.27582949438202,0.024382255492272714,58.217,58.343,-0.08400000000000318,-1.1317613459876442e-05,58.564,58.54730786516855,0.02065385251066727,58.48,58.607,-0.021999999999998465,4.549933418822048e-06,0.049,0.06954073033707865,0.08903631312292072,0.005,1.48,-0.0049999999999999975,1.2099933212999607e-05,0.452,0.4532182584269663,0.09949422646171041,0.045,1.93,0.017000000000000015,1.718742235360885e-05,0.185,0.1603140449438202,0.048949523696919496,-0.046,0.336,-0.024999999999999994,-2.0697193217185854e-06,1.913,1.99915702247191,0.15450768382445335,1.612,2.407,-0.09499999999999997,3.425549314487084e-05,398.762,399.2244292134831,0.5713964596411082,397.793,400.673,-0.7989999999999782,-3.111618549650129e-05,3.646,3.7303328651685397,0.3384123503000608,2.732,4.562,-0.17799999999999994,-1.2894622662917963e-05,140.0,140.0,0.0,140.0,140.0,0.0,-4.9141298212167775e-18,19.5,18.921488764044945,0.8219566115203821,18.0,21.000000000000004,1.5,-0.0001382319197817242,9.0,9.216994382022472,0.5273414453354097,9.0,10.500000000000002,0.0,-0.0002443424701883368,9.0,9.642134831460675,0.7422028734894417,9.0,10.500000000000002,-1.5000000000000018,-8.855817731587965e-05,6.0,6.779073033707865,0.7488035289734927,6.0,7.5,0.0,-7.931122524075102e-05,0.0,0.0,0.0,0.0,0.0,0.0,0.0,1.0,1.0,0.0,1.0,1.0,0.0,-1.4497288990895898e-19,1.0,1.0,0.0,1.0,1.0,0.0,-1.4497288990895898e-19,1.0,1.0,0.0,1.0,1.0,0.0,-1.4497288990895898e-19,1.0,1.0,0.0,1.0,1.0,0.0,-1.4497288990895898e-19,0.0,3.9140449438202247,11.183049193149738,0.0,37.0,-36.0,-9.067954786125204e-05,7.639,7.617094382022472,0.3242317143266215,6.843,8.479,-0.28799999999999937,0.00034446166376495647,1.091,1.0881637640449437,0.046271463363362755,0.978,1.211,-0.04200000000000004,4.903780206776473e-05
batch_dist_ternary_butan-1-ol+propan-2-ol+water__operating_point_022__test_anormal_experiment_001,batch_dist_ternary_butan-1-ol+propan-2-ol+water,operating_point_022,test_anormal_experiment_001,0.4,3559,148.25,0.6832104934548542,1.0,1.0,0.0,1.0,1.0,0.0,5.2007708417668615e-20,1.0,1.0,0.0,1.0,1.0,0.0,5.2007708417668615e-20,344.03,342.56863753863445,1.1698310071354943,340.343,344.465,3.617999999999995,0.001130932914024722,75.709,75.80966254565888,0.26082389627062086,75.134,76.455,-0.36199999999999477,8.496307801434632e-05,66.078,65.90314891823546,0.1118580502152554,65.715,66.12,0.32099999999999795,0.00010726230512758947,71.083,70.99694099466143,0.08564260852367624,70.809,71.315,-0.18999999999999773,8.534652976903097e-06,71.084,71.06221972464175,0.11716847639860621,70.85,71.403,-0.27599999999999625,4.991478775948166e-05,66.04,65.9754483000843,0.07773470020140182,65.785,66.231,-0.1489999999999867,2.9936793357285933e-05,63.241,63.28301475133465,0.07334969086258068,63.05,63.473,-0.23199999999999932,-4.098506634682671e-05,58.363,58.3720396178702,0.01573071647511833,58.321,58.468,-0.04200000000000159,-1.490961724500125e-06,58.259,58.28428083731386,0.026228559946579407,58.217,58.343,-0.06300000000000239,7.224109566097824e-06,58.586,58.55899564484406,0.024262500261443134,58.48,58.649,0.0,1.1810024325657413e-05,0.005,0.06481975273953358,0.07932929478310395,0.005,1.48,-0.049,-2.8994749616951642e-06,0.467,0.4645977802753582,0.0932261847077458,0.045,1.93,0.03200000000000003,1.2091153725566102e-05,0.152,0.17014962067996628,0.05264679387223982,-0.046,0.351,-0.057999999999999996,8.368134485047239e-06,1.682,2.00224079797696,0.16052195712006156,1.612,2.418,-0.32600000000000007,7.482171043509095e-06,398.771,399.16292947457157,0.6176131612445062,397.201,400.673,-0.7899999999999636,-7.247175931387453e-05,3.902,3.7212420623770726,0.3276198614122974,2.732,4.57,0.07800000000000029,-8.015815248519287e-06,140.0,140.0,0.0,140.0,140.0,0.0,-1.441370508075066e-17,21.000000000000004,19.25955324529362,0.9134427663828518,18.0,21.000000000000004,3.0000000000000036,0.00031262061390239734,9.0,9.03856420342793,0.5155340686808613,7.5,10.500000000000002,0.0,-0.0002125535161241316,10.500000000000002,9.505338578252317,0.7083025403202439,9.0,10.500000000000002,0.0,-0.00013348209162203955,6.0,6.734616465299242,0.7485764801885801,6.0,7.5,0.0,-6.207583975120202e-05,0.0,0.0,0.0,0.0,0.0,0.0,0.0,1.0,1.0,0.0,1.0,1.0,0.0,5.2007708417668615e-20,1.0,1.0,0.0,1.0,1.0,0.0,5.2007708417668615e-20,1.0,1.0,0.0,1.0,1.0,0.0,5.2007708417668615e-20,1.0,1.0,0.0,1.0,1.0,0.0,5.2007708417668615e-20,0.0,3.6004495644844057,10.812247840588462,0.0,37.0,-36.0,-0.00031632482844113757,7.761,7.826072070806406,0.37967819675222925,6.843,8.925,-0.16599999999999948,0.00023581059780211516,1.109,1.1180144703568418,0.05421232959562332,0.978,1.275,-0.02400000000000002,3.3672587353140746e-05
batch_dist_ternary_butan-1-ol+propan-2-ol+water__operating_point_022__train_normal_experiment_001,batch_dist_ternary_butan-1-ol+propan-2-ol+water,operating_point_022,train_normal_experiment_001,0.1,553,92.11666666666666,0.6811837097008695,1.0,1.0,0.0,1.0,1.0,0.0,3.4538977369482926e-19,1.0,1.0,0.0,1.0,1.0,0.0,3.4538977369482926e-19,343.182,342.80429023508134,0.5064606437483056,341.648,343.388,1.5339999999999918,0.003003257122931764,75.773,75.73213110307415,0.040771587211413246,75.667,75.858,0.021000000000000796,-9.510576859494659e-05,65.672,65.65006057866185,0.04247646344579738,65.522,65.736,0.14999999999999147,0.00022113219002354664,70.851,70.86037522603978,0.048761679930561866,70.767,71.02,-0.14799999999999613,-0.00021514924941026903,70.893,70.87111844484629,0.04157338425281949,70.786,70.999,-0.10599999999999454,-0.00018969630414492547,65.849,65.80059312839059,0.04598094883989466,65.7,65.912,-0.04200000000000159,4.2588577366413894e-05,60.406,60.367026220614825,0.05710919349419094,60.237,60.47,0.08399999999999608,0.0002378734321972,58.447,58.418253164556965,0.029309875794679783,58.279,58.489,0.14700000000000557,9.716595570513075e-05,58.343,58.324047016274875,0.02348962979903284,58.195,58.364,0.14800000000000324,6.306964083128295e-05,58.607,58.59389692585896,0.027691275441496042,58.48,58.649,0.10600000000000165,7.4556478085167e-05,0.059,0.08136528028933092,0.10168485881606977,0.005,0.9,-0.202,-3.660013743332324e-05,0.41,0.4381121157323689,0.04524868093397958,0.011,0.758,-0.11600000000000005,-3.40197146711641e-05,0.195,0.13277938517179022,0.051415296395328255,-0.051,0.309,0.14600000000000002,8.522469723938386e-05,2.203,1.9898444846292949,0.17499410284911793,1.627,2.394,0.1339999999999999,-1.025328660638108e-05,399.642,399.1364412296564,0.5542131517863439,397.649,400.404,1.992999999999995,0.0003944231007759878,3.902,4.136580470162749,0.41486534378073014,3.556,4.975,-0.6520000000000001,-1.927518681366828e-05,140.0,140.0,0.0,140.0,140.0,0.0,-9.156238256535764e-17,16.5,16.649186256781192,0.4489129603379769,16.5,18.0,0.0,0.0007327222725715522,9.0,9.132911392405063,0.42626476558184195,9.0,10.500000000000002,0.0,8.940829589774724e-05,9.0,9.500452079566003,0.7051058773946963,9.0,10.500000000000002,0.0,0.000358431471947225,6.0,6.705244122965642,0.7486634166772711,6.0,7.5,0.0,-0.0005809410464403751,0.0,0.0,0.0,0.0,0.0,0.0,0.0,1.0,1.0,0.0,1.0,1.0,0.0,3.4538977369482926e-19,1.0,1.0,0.0,1.0,1.0,0.0,3.4538977369482926e-19,1.0,1.0,0.0,1.0,1.0,0.0,3.4538977369482926e-19,1.0,1.0,0.0,1.0,1.0,0.0,3.4538977369482926e-19,36.0,2.603978300180832,9.262328302517457,0.0,36.0,36.0,-9.707186411755387e-05,7.761,7.591083182640144,0.3183771197309426,6.904,8.321,-0.11399999999999988,-4.754506107154219e-05,1.114,1.0844231464737792,0.04557698182810063,0.986,1.189,-0.010000000000000009,-7.733249923434558e-06
batch_dist_ternary_butan-1-ol+propan-2-ol+water__operating_point_022__train_normal_experiment_001,batch_dist_ternary_butan-1-ol+propan-2-ol+water,operating_point_022,train_normal_experiment_001,0.2,1106,92.11666666666666,0.6811837097008695,1.0,1.0,0.0,1.0,1.0,0.0,-1.079212924240254e-18,1.0,1.0,0.0,1.0,1.0,0.0,-1.079212924240254e-18,344.396,343.28740822784806,0.6626116756912146,341.648,344.396,2.7479999999999905,0.0019892577105097026,75.858,75.76327576853525,0.04854221043617167,75.667,75.88,0.10600000000000875,8.378476983532318e-05,65.736,65.68825045207959,0.05091784703985034,65.522,65.757,0.21399999999999864,0.00014225059154679312,70.788,70.83462974683545,0.048805159653429575,70.724,71.02,-0.21099999999999852,-0.00010395871555459836,70.871,70.85985895117541,0.03504470145120631,70.786,70.999,-0.1280000000000001,-5.045032555347413e-05,65.828,65.79156419529838,0.04247010375073935,65.7,65.912,-0.06300000000000239,-1.5779319224553058e-05,60.427,60.386332278481014,0.052929664661109474,60.237,60.491,0.10499999999999687,6.156538818215638e-05,58.468,58.425316455696205,0.027602762796869414,58.279,58.489,0.16800000000000637,3.754757371154907e-05,58.343,58.32763743218807,0.019338825041481256,58.195,58.364,0.14800000000000324,1.9298737773943108e-05,58.628,58.59925813743219,0.025327056909967546,58.48,58.649,0.12700000000000244,2.7562787054662242e-05,0.136,0.07771745027124774,0.0930392810799752,0.005,0.9,-0.125,-2.15877774546937e-05,0.472,0.44540189873417724,0.06206251300750804,0.011,1.291,-0.05400000000000005,1.742452762012193e-05,0.079,0.13734177215189874,0.05002745457933761,-0.051,0.327,0.03,2.4020859046193582e-05,2.281,2.0081921338155517,0.17357221457451177,1.627,2.394,0.2120000000000002,4.285671710439407e-05,399.579,399.13477576853523,0.5615464450401655,397.649,400.431,1.9300000000000068,9.11963002438954e-05,4.554,4.134888788426764,0.4184765542063411,3.552,4.975,0.0,1.036557148644834e-06,140.0,140.0,0.0,140.0,140.0,0.0,-9.599457068312597e-17,16.5,16.574593128390596,0.32607600001042564,16.5,18.0,0.0,-0.00011074228062043901,9.0,9.066455696202532,0.30865382671535846,9.0,10.500000000000002,0.0,-0.00016908371157141311,10.500000000000002,9.501130198915009,0.7064262548721246,9.0,10.500000000000002,1.5000000000000018,2.0725510618899847e-05,6.0,6.71880650994575,0.7493510300107925,6.0,7.5,0.0,-5.945903190877742e-05,0.0,0.0,0.0,0.0,0.0,0.0,0.0,1.0,1.0,0.0,1.0,1.0,0.0,-1.079212924240254e-18,1.0,1.0,0.0,1.0,1.0,0.0,-1.079212924240254e-18,1.0,1.0,0.0,1.0,1.0,0.0,-1.079212924240254e-18,1.0,1.0,0.0,1.0,1.0,0.0,-1.079212924240254e-18,36.0,2.4249547920434,8.974359258119607,0.0,36.0,36.0,-0.00029384922325735726,8.365,7.705522151898733,0.3364285144052945,6.904,8.453,0.4900000000000002,0.00036110243307271346,1.195,1.100751356238698,0.04817382651867874,0.986,1.207,0.07099999999999995,5.144897296796052e-05
batch_dist_ternary_butan-1-ol+propan-2-ol+water__operating_point_022__train_normal_experiment_001,batch_dist_ternary_butan-1-ol+propan-2-ol+water,operating_point_022,train_normal_experiment_001,0.4,2212,92.11666666666666,0.6811837097008695,1.0,1.0,0.0,1.0,1.0,0.0,2.7091092037567268e-20,1.0,1.0,0.0,1.0,1.0,0.0,2.7091092037567268e-20,346.436,344.30921541591323,1.1977991436271456,341.648,346.482,4.787999999999954,0.001860883910687601,75.965,75.85652509041591,0.11187248912692811,75.667,76.093,0.21300000000000807,0.00016116837055792768,65.843,65.74074163652803,0.0698712038285193,65.522,65.864,0.32099999999999795,0.00010338952801203544,70.851,70.82893490054249,0.047871796682139596,70.724,71.02,-0.14799999999999613,-9.671488240708374e-06,70.978,70.91629272151899,0.07185229698936321,70.786,71.084,-0.021000000000000796,8.434705461933209e-05,65.955,65.80324999999999,0.05171168353753276,65.7,65.976,0.06399999999999295,2.551722792851943e-05,60.427,60.40157866184449,0.0552605443647595,60.237,60.597,0.10499999999999687,3.917230366376197e-05,58.405,58.43176265822785,0.02701424843023265,58.279,58.489,0.10500000000000398,1.3759952764028666e-05,58.343,58.33044371609404,0.01708304287361464,58.195,58.385,0.14800000000000324,6.474128934609618e-06,58.586,58.603527124773954,0.02402981282472513,58.48,58.649,0.08500000000000085,9.879525429187404e-06,0.039,0.07264466546112115,0.07867958893935365,0.005,0.9,-0.222,-1.0591828184639992e-05,0.436,0.452118670886076,0.06316540758669505,0.011,1.397,-0.09000000000000002,1.3349477198622242e-05,0.111,0.14367811934900543,0.05411990580905898,-0.073,0.339,0.062,1.6226436139716742e-05,2.049,2.004707504520796,0.18267079779931153,1.547,2.488,-0.020000000000000018,2.6073431418117897e-06,399.094,399.08396496383364,0.607475516155312,397.434,400.431,1.4449999999999932,-6.557985848031707e-05,3.646,4.129348779385172,0.42801638977101686,3.339,4.975,-0.9080000000000004,-5.971629020800629e-06,140.0,140.0,0.0,140.0,140.0,0.0,3.588356916729525e-17,16.5,16.483047016274863,0.37017801733276096,15.0,18.0,0.0,-0.0001912102638927779,9.0,8.97762206148282,0.36434829483241377,7.5,10.500000000000002,0.0,-0.00019105725909355847,10.500000000000002,9.43501356238698,0.6800887146925975,9.0,10.500000000000002,1.5000000000000018,-9.926144771901457e-05,6.0,6.68625678119349,0.7466053998148401,6.0,7.5,0.0,-4.9887048475589006e-05,0.0,0.0,0.0,0.0,0.0,0.0,0.0,1.0,1.0,0.0,1.0,1.0,0.0,2.7091092037567268e-20,1.0,1.0,0.0,1.0,1.0,0.0,2.7091092037567268e-20,1.0,1.0,0.0,1.0,1.0,0.0,2.7091092037567268e-20,1.0,1.0,0.0,1.0,1.0,0.0,2.7091092037567268e-20,0.0,2.4249547920434,8.990665806967105,0.0,36.0,0.0,-5.787572840000188e-06,7.919,7.8024084538878835,0.35918604500176643,6.904,8.767,0.043999999999999595,0.00018917420990397575,1.131,1.1145574141048824,0.05136107118330135,0.986,1.253,0.006999999999999895,2.69417430778825e-05
batch_dist_ternary_butan-1-ol+propan-2-ol+water__operating_point_026__test_anormal_experiment_001,batch_dist_ternary_butan-1-ol+propan-2-ol+water,operating_point_026,test_anormal_experiment_001,0.1,769,128.03333333333333,0.676670446781282,1.0,1.0,0.0,1.0,1.0,0.0,-5.431791238442999e-19,1.0,1.0,0.0,1.0,1.0,0.0,-5.431791238442999e-19,337.598,337.2960767230169,0.27771611150043085,336.387,337.69,1.143000000000029,0.0011374913448059256,71.428,71.74892587776334,0.14457876248989993,71.407,71.982,-0.1280000000000001,-0.0003487490737886857,61.595,61.540037061118326,0.08134011412664377,61.36,61.702,0.1490000000000009,0.00023798049520378428,66.698,66.89360923276983,0.10352908240225343,66.634,67.077,-0.25200000000000955,-0.0003056764614611812,66.686,66.87203185955786,0.10402516056455874,66.622,67.132,-0.36099999999999,-0.0002954657866516521,61.751,61.72509817945384,0.06704996717460812,61.602,61.857,0.06400000000000006,0.00021485980696804395,56.096,56.41921521456437,0.2612941238476936,55.864,56.898,-0.7180000000000035,-0.0010085289284026112,52.858,53.12616644993498,0.17649611515931674,52.837,53.465,-0.6070000000000064,-0.0007748698158554863,52.542,52.71297919375813,0.11809633097707674,52.521,52.901,-0.35900000000000176,-0.00047512590932309253,52.831,52.964070871261384,0.09781130747174334,52.81,53.126,-0.2739999999999938,-0.0003678470363349972,0.069,0.08684395318595577,0.03768304738625983,0.005,0.222,-0.0059999999999999915,-1.880694484319331e-05,0.407,0.4227288686605981,0.01804387872155681,0.397,0.474,-0.007000000000000006,1.887234697194901e-05,-0.493,-0.4081313394018205,0.06747628524050134,-0.579,-0.251,-0.069,-2.4464077250772404e-05,1.927,2.0036137841352404,0.1341244268976453,1.697,2.401,-0.379,-0.00010441831819026326,297.165,297.84811703511053,0.9467339456288837,296.196,300.045,-0.46599999999995134,-0.0014974256471342296,4.878,4.03679388816645,0.3993598821242462,3.333,4.883,1.2350000000000003,0.00013061373769273322,140.0,140.0,0.0,140.0,140.0,0.0,-4.589971315334735e-17,18.0,17.315344603381014,0.7471479658066251,16.5,18.0,0.0,0.0007539914165808041,9.0,8.301690507152145,0.7482166073206032,7.5,9.0,1.5,7.528435478695233e-05,9.0,8.523081924577372,0.6979934047168967,7.5,9.0,0.0,-0.0002826131930488252,6.0,6.12483745123537,0.41433294296026274,6.0,7.5,0.0,1.0607890159246558e-05,0.0,0.0,0.0,0.0,0.0,0.0,0.0,1.0,1.0,0.0,1.0,1.0,0.0,-5.431791238442999e-19,1.0,1.0,0.0,1.0,1.0,0.0,-5.431791238442999e-19,1.0,1.0,0.0,1.0,1.0,0.0,-5.431791238442999e-19,1.0,1.0,0.0,1.0,1.0,0.0,-5.431791238442999e-19,0.0,0.10403120936280884,2.037259404688285,0.0,40.0,0.0,0.0001783814365088747,7.286,7.631565019505851,0.3134042677505292,7.054,8.614,-0.6770000000000005,0.00020134911516473777,1.214,1.2718862158647595,0.05221816162002937,1.176,1.436,-0.11299999999999999,3.3323327964299055e-05
batch_dist_ternary_butan-1-ol+propan-2-ol+water__operating_point_026__test_anormal_experiment_001,batch_dist_ternary_butan-1-ol+propan-2-ol+water,operating_point_026,test_anormal_experiment_001,0.2,1537,128.03333333333333,0.676670446781282,1.0,1.0,0.0,1.0,1.0,0.0,4.729636379519281e-19,1.0,1.0,0.0,1.0,1.0,0.0,4.729636379519281e-19,338.673,337.7641187378009,0.5605585928039951,336.387,338.741,2.2180000000000177,0.0012414996603477212,72.131,71.72788028627197,0.2094460511042036,71.385,72.216,0.5750000000000028,5.202020677058565e-05,61.936,61.673562134027314,0.16302039503469412,61.36,61.958,0.490000000000002,0.0003429642242542408,66.824,66.89651528952506,0.09880312334778045,66.634,67.077,-0.12600000000000477,5.123900006467148e-06,66.856,66.88270364346128,0.10138471426210952,66.622,67.132,-0.1910000000000025,1.9800461476687054e-05,61.963,61.78552244632401,0.12243959108447375,61.602,62.069,0.27600000000000335,0.00021095379156102105,55.906,56.3128649967469,0.24689371004096344,55.779,56.898,-0.9080000000000013,-0.00034702873159140203,52.796,52.99023162003904,0.1878037735180081,52.733,53.465,-0.669000000000004,-0.0003742767383067429,52.521,52.64956766428107,0.11011016534353678,52.479,52.901,-0.38000000000000256,-0.0001913712245484764,52.852,52.91347852960312,0.09208481632271051,52.768,53.126,-0.2530000000000001,-0.0001500745796232123,0.066,0.08101236174365647,0.03316058564849223,0.005,0.231,-0.008999999999999994,-1.3758997423120916e-05,0.423,0.4215666883539363,0.019328124377724337,0.376,0.477,0.009000000000000008,6.615520562154328e-06,-0.437,-0.39220624593363695,0.06488288142424156,-0.579,-0.196,-0.013000000000000012,2.749899491033081e-05,1.917,2.00638223812622,0.13153299168582108,1.557,2.401,-0.389,-4.9823506492008094e-06,298.385,298.0997898503578,0.8643894128274835,296.196,300.108,0.7540000000000191,0.00035153035808380183,3.902,4.050016590761223,0.40793038735596804,3.333,4.946,0.25900000000000034,3.9434654510902265e-05,140.0,140.0,0.0,140.0,140.0,0.0,1.104088371546167e-16,18.0,17.84580351333767,0.8921895725412575,16.5,19.5,0.0,0.001090362994552243,9.0,8.287573194534808,0.7490582454338578,7.5,9.0,1.5,-7.376562350618163e-05,9.0,8.572055953155498,0.6770627669301152,7.5,9.0,0.0,-4.2043430978216396e-05,6.0,6.1473649967469095,0.4464650634194659,6.0,7.5,0.0,4.36991916133709e-05,0.0,0.0,0.0,0.0,0.0,0.0,0.0,1.0,1.0,0.0,1.0,1.0,0.0,4.729636379519281e-19,1.0,1.0,0.0,1.0,1.0,0.0,4.729636379519281e-19,1.0,1.0,0.0,1.0,1.0,0.0,4.729636379519281e-19,1.0,1.0,0.0,1.0,1.0,0.0,4.729636379519281e-19,0.0,0.07807417046193885,1.7654662960204688,0.0,40.0,0.0,-9.121555594850218e-06,7.483,7.613524398178269,0.3277558245161685,6.643,8.614,-0.4800000000000004,8.74686225097418e-05,1.247,1.2688627195836044,0.05461349397382224,1.107,1.436,-0.07999999999999985,1.4512811370249829e-05
batch_dist_ternary_butan-1-ol+propan-2-ol+water__operating_point_026__test_anormal_experiment_001,batch_dist_ternary_butan-1-ol+propan-2-ol+water,operating_point_026,test_anormal_experiment_001,0.4,3074,128.03333333333333,0.676670446781282,1.0,1.0,0.0,1.0,1.0,0.0,-4.661573741494097e-20,1.0,0.9973975276512687,0.05094800767846946,0.0,1.0,0.0,-4.570277966873457e-06,338.124,338.16778480806767,0.5834861956388944,336.387,338.97,1.6690000000000396,0.000527983264821917,72.386,71.90540631099545,0.25978712008312005,71.385,72.514,0.8299999999999983,0.0002180934024584761,61.958,61.92277618737801,0.29845756050928207,61.36,62.918,0.5120000000000005,0.0003219161279736047,67.498,67.03991655823032,0.18620790874409912,66.634,67.519,0.5480000000000018,0.0001746491451609157,67.472,67.03540029277814,0.19161059750621204,66.622,67.493,0.42499999999999716,0.00018345075299568627,62.6,61.96828220559531,0.2256174452462171,61.602,62.6,0.9130000000000038,0.00024045596867618878,56.856,56.14950130123618,0.26359746141396934,55.336,56.898,0.04200000000000159,-0.0002109385949145786,52.335,52.88383425504229,0.1991600614883521,52.315,53.632,-1.1300000000000026,-0.00015674967567083867,52.058,52.599486824983735,0.14056351782290274,52.015,53.364,-0.8430000000000035,-7.70845554250859e-05,52.347,52.86627472348731,0.11661900825288486,51.947,53.126,-0.7579999999999956,-7.99646082309484e-05,0.087,0.07745283018867924,0.04281581219254942,0.005,0.963,0.011999999999999997,-6.940955674020201e-06,0.475,0.4235232595966168,0.058359643130369745,0.005,1.059,0.061,-6.810529037609801e-07,-0.467,-0.38809466493168515,0.08143781920607449,-0.695,0.271,-0.04300000000000004,1.4906866308179248e-05,3.287,1.9934380286271958,0.4504238634673891,-1.269,4.089,0.9809999999999999,-2.1482685876514463e-05,291.368,298.3904022446324,2.0161442885088108,291.26,317.032,-6.262999999999977,0.00026809170874360317,4.55,4.014700227716331,0.39079819454305753,2.924,4.95,0.907,-4.207962054836602e-05,140.0,140.0,0.0,140.0,140.0,0.0,-2.601303923272991e-17,18.0,18.30985686402082,0.9577928054839836,16.5,21.000000000000004,0.0,0.0006770206032400225,6.0,8.274154196486663,0.7730452189303139,6.0,10.500000000000002,-1.5,-2.599100307340796e-05,7.5,8.63597918022121,0.6706350476717989,7.5,10.500000000000002,-1.5,4.998759599996432e-05,4.5,6.202992843201041,0.5542561603586916,4.5,9.0,-1.5,9.173852906008531e-05,0.0,0.0,0.0,0.0,0.0,0.0,0.0,1.0,1.0,0.0,1.0,1.0,0.0,-4.661573741494097e-20,1.0,1.0,0.0,1.0,1.0,0.0,-4.661573741494097e-20,1.0,1.0,0.0,1.0,1.0,0.0,-4.661573741494097e-20,1.0,1.0,0.0,1.0,1.0,0.0,-4.661573741494097e-20,0.0,0.8160377358490566,5.798425384142323,0.0,43.0,0.0,0.0013219698395839352,8.726,7.615308392973326,0.9617043837777353,0.351,12.429,0.7630000000000008,-6.502752089257237e-05,1.454,1.2691951854261547,0.16032490381998532,0.059,2.071,0.127,-1.0794070356616168e-05
batch_dist_ternary_butan-1-ol+propan-2-ol+water__operating_point_026__test_anormal_experiment_002,batch_dist_ternary_butan-1-ol+propan-2-ol+water,operating_point_026,test_anormal_experiment_002,0.1,612,101.93333333333334,0.6789898851018339,1.0,1.0,0.0,1.0,1.0,0.0,-8.466965528541665e-19,1.0,1.0,0.0,1.0,1.0,0.0,-8.466965528541665e-19,339.29,339.279056372549,0.12620194876131935,339.016,339.542,0.045000000000015916,0.00046523846080079887,71.918,71.93086437908497,0.06166479519502538,71.811,72.109,-0.1699999999999875,-0.0002944296089357135,61.787,61.71083823529412,0.040295284380322094,61.638,61.787,0.1280000000000001,0.00020401877467091076,66.782,66.68248120915032,0.04384329518323978,66.592,66.803,0.16899999999999693,0.00017634859643082416,66.814,66.72713071895424,0.044393682985593784,66.622,66.856,0.19199999999999307,0.00013501651398129108,61.73,61.695874999999994,0.04596929366400221,61.581,61.793,0.1280000000000001,0.0001243693818134151,56.772,56.894379901960775,0.10546947970079482,56.603,57.067,0.16899999999999693,0.0002270633681526986,52.733,52.8381315359477,0.08149185132442067,52.712,53.046,-0.29300000000000637,-0.00044115305643328264,52.437,52.50291584967321,0.05484233069186738,52.416,52.648,-0.21100000000000563,-0.00027772194066776783,52.663,52.72998039215686,0.0433592449811634,52.642,52.831,-0.14700000000000557,-0.00021094224475289963,0.083,0.11755637254901961,0.10980803068620013,0.005,1.182,-0.11,-2.6397804110871067e-05,0.413,0.4135040849673202,0.006933300314257445,0.399,0.429,-0.006000000000000005,1.9011652527344243e-05,-0.246,-0.2657745098039216,0.069084127249547,-0.474,-0.111,0.0050000000000000044,-4.548219888153417e-05,1.984,1.976243464052288,0.10913296683745678,1.608,2.234,0.3520000000000001,0.00021651206518710322,298.744,299.1802622549019,0.5546632732239825,297.389,300.323,-1.3009999999999877,0.00015742490731104206,3.899,3.726327614379085,0.3340153795804463,2.735,4.566,0.2560000000000002,-0.00010878209852916684,140.0,140.0,0.0,140.0,140.0,0.0,-1.725241469516916e-16,16.5,16.5,0.0,16.5,16.5,0.0,1.4241751180878402e-17,7.5,8.561274509803921,0.6810065669670232,7.5,9.0,-1.5,0.00013581256907437648,9.0,9.061274509803921,0.29691278038200325,9.0,10.500000000000002,0.0,0.00029781391628480244,6.0,6.627450980392157,0.7386768593228292,6.0,7.5,-1.5,0.0008196263022340552,0.0,0.0,0.0,0.0,0.0,0.0,0.0,1.0,1.0,0.0,1.0,1.0,0.0,-8.466965528541665e-19,1.0,1.0,0.0,1.0,1.0,0.0,-8.466965528541665e-19,1.0,1.0,0.0,1.0,1.0,0.0,-8.466965528541665e-19,1.0,1.0,0.0,1.0,1.0,0.0,-8.466965528541665e-19,0.0,2.880718954248366,10.479071305741613,0.0,41.0,0.0,0.000825293339182029,7.243,7.339174019607844,0.16234345258205227,6.9,7.783,-0.03399999999999981,0.0003751834850450136,1.207,1.2230702614379085,0.026992917818382478,1.15,1.297,-0.006000000000000005,6.27909526134676e-05
batch_dist_ternary_butan-1-ol+propan-2-ol+water__operating_point_026__test_anormal_experiment_002,batch_dist_ternary_butan-1-ol+propan-2-ol+water,operating_point_026,test_anormal_experiment_002,0.2,1224,101.93333333333334,0.6789898851018339,1.0,1.0,0.0,1.0,1.0,0.0,-1.0424082180003009e-18,1.0,1.0,0.0,1.0,1.0,0.0,-1.0424082180003009e-18,340.068,339.5292344771242,0.35957737845825255,339.016,340.229,0.8229999999999791,0.0008905074016519899,71.151,71.8865445261438,0.10736952038611956,71.109,72.109,-0.9369999999999976,-0.000184246622606579,61.915,61.775550245098046,0.07692903560781039,61.638,61.936,0.2560000000000002,0.00021259793042314426,66.508,66.74016380718955,0.08070073977891846,66.466,66.929,-0.10500000000000398,0.00017239355104265212,66.538,66.78328227124183,0.07908946816679538,66.516,66.962,-0.08400000000000318,0.00015926328176404077,61.708,61.766101307189544,0.08335108358951457,61.581,61.942,0.10600000000000165,0.00019103846935339687,56.856,56.88915359477124,0.09107663549357371,56.603,57.067,0.2530000000000001,-1.0259400571366932e-05,52.586,52.73903553921568,0.11894770162663189,52.503,53.046,-0.44000000000000483,-0.0003256646747006432,52.331,52.446879901960784,0.07220205482014912,52.31,52.648,-0.31700000000000017,-0.00018856314725401252,52.6,52.68841789215686,0.05483651056235262,52.558,52.831,-0.21000000000000085,-0.00013860691782845464,0.104,0.10300122549019608,0.08368305415327372,0.005,1.182,-0.08900000000000001,-3.8036737180563175e-05,0.381,0.40892565359477123,0.056121041241210506,0.005,0.684,-0.03799999999999998,-2.229053845577502e-05,-0.293,-0.2669946895424837,0.06829388038189099,-0.474,-0.1,-0.04199999999999998,-6.33269988289645e-06,3.637,2.0714959150326795,0.34520132597828945,1.608,3.78,2.005,0.00043341826673433056,299.955,299.1676511437908,0.5638942242209984,297.389,300.485,-0.09000000000003183,-2.7698693541422457e-05,3.643,3.7289424019607846,0.3393506988426795,2.732,4.566,0.0,3.586243982465739e-06,140.0,140.0,0.0,140.0,140.0,0.0,-1.338352300731247e-16,3.0,15.764093137254902,3.382655248549745,0.0,19.5,-13.5,-0.0033600562056384344,1.5,8.237745098039216,1.760952230628191,0.0,9.0,-7.5,-0.001529777896440673,1.5,8.673406862745098,1.8591117453024524,0.0,10.500000000000002,-7.5,-0.001720301366662781,0.0,6.294730392156863,1.5767700684881858,0.0,7.5,-7.5,-0.0012452184471499206,0.0,0.0,0.0,0.0,0.0,0.0,0.0,1.0,1.0,0.0,1.0,1.0,0.0,-1.0424082180003009e-18,1.0,1.0,0.0,1.0,1.0,0.0,-1.0424082180003009e-18,1.0,1.0,0.0,1.0,1.0,0.0,-1.0424082180003009e-18,1.0,1.0,0.0,1.0,1.0,0.0,-1.0424082180003009e-18,0.0,2.7969771241830066,10.320350747674823,0.0,41.0,0.0,-0.00017808431631033674,12.44,7.192787173202614,1.1089643540570335,0.0,12.44,5.162999999999999,-0.0007214461238297477,3.11,1.2195424836601307,0.20898172882508248,0.0,3.11,1.8969999999999998,-2.201247465462122e-05
batch_dist_ternary_butan-1-ol+propan-2-ol+water__operating_point_026__test_anormal_experiment_002,batch_dist_ternary_butan-1-ol+propan-2-ol+water,operating_point_026,test_anormal_experiment_002,0.4,2447,101.93333333333334,0.6789898851018339,1.0,0.9995913363302003,0.020211300398656706,0.0,1.0,0.0,-3.251396375647454e-07,1.0,1.0,0.0,1.0,1.0,0.0,3.049448019089816e-19,339.702,339.4748173273396,0.35753397067993253,338.902,340.229,0.45699999999999363,-1.9765247167071855e-05,71.492,71.036086636698,1.0212168149095238,69.045,72.109,-0.5959999999999894,-0.0008429679832754934,62.128,61.90752431548835,0.1620692755047018,61.638,62.235,0.4690000000000012,0.00021786356021735623,66.971,66.38953146710257,0.5680353763931395,65.033,67.035,0.3580000000000041,-0.00021496431996239636,66.707,66.4289818144667,0.5243422549667155,65.285,66.962,0.08499999999999375,-0.00024927034693224503,61.793,61.47902349816102,0.4206873580800931,60.584,61.963,0.1910000000000025,-0.0002088741118028776,56.772,56.968298324478944,0.43142110695420877,56.117,59.328,0.16899999999999693,2.7038615535812958e-05,52.398,52.60931405803024,0.16750547923188294,52.21,53.046,-0.6280000000000001,-0.00021216580419979988,52.205,52.36005006129955,0.11733310908230023,51.994,52.648,-0.44300000000000495,-0.00013535571506475871,52.473,52.61815038823049,0.09666955531530858,52.305,52.831,-0.3370000000000033,-0.00010834326876526994,0.077,0.09608418471597875,0.06836627794409987,0.005,1.182,-0.116,-1.8590720766338147e-05,0.448,0.41441254597466287,0.09396227861079227,0.005,0.774,0.029000000000000026,6.732471964560466e-06,-0.266,-0.26444646505925623,0.07905982584923461,-0.573,0.058,-0.015000000000000013,4.760791214220506e-06,2.036,2.121248058847568,0.5807730145356829,0.571,4.716,0.40400000000000014,6.725946895239436e-05,298.26,298.70477073968124,1.2756218426979156,293.674,301.804,-1.785000000000025,-0.0006086692417267406,4.558,3.7224660809154075,0.32633367654123396,2.73,4.566,0.915,-7.0146931699662495e-06,140.0,140.0,0.0,140.0,140.0,0.0,-4.7498202542121886e-17,10.500000000000002,15.594605639558644,6.255907671196581,0.0,31.5,-5.999999999999998,-6.302999767453027e-05,6.0,8.359419697588883,3.4170068764123607,0.0,16.5,-3.0,9.1792570726028e-05,4.5,8.963833265222721,3.868023492594276,0.0,18.0,-4.5,0.00038972346692009045,4.5,6.443195749897834,2.5894582280248617,0.0,13.5,-3.0,0.00020075018018960236,0.0,0.0,0.0,0.0,0.0,0.0,0.0,1.0,1.0,0.0,1.0,1.0,0.0,3.049448019089816e-19,1.0,1.0,0.0,1.0,1.0,0.0,3.049448019089816e-19,1.0,1.0,0.0,1.0,1.0,0.0,3.049448019089816e-19,1.0,1.0,0.0,1.0,1.0,0.0,3.049448019089816e-19,0.0,2.1279117286473235,9.075951230320639,0.0,41.0,0.0,-0.0008099506828852935,7.911,7.371227217000409,1.5536556720685493,0.0,12.976,0.6339999999999995,0.0001265797511249832,1.319,1.303042705353494,0.38082609901363507,0.0,3.212,0.10599999999999987,3.332516790587592e-05
batch_dist_ternary_butan-1-ol+propan-2-ol+water__operating_point_026__train_normal_experiment_001,batch_dist_ternary_butan-1-ol+propan-2-ol+water,operating_point_026,train_normal_experiment_001,0.1,544,90.56666666666666,0.681401563038853,1.0,0.9908088235294118,0.09542902465012801,0.0,1.0,0.0,-5.035137883020839e-05,1.0,1.0,0.0,1.0,1.0,0.0,-1.508970251190127e-18,333.0743408203125,333.02384053959565,0.150276352414343,332.686279296875,333.23419189453125,0.3424072265625,0.0008618517468481962,70.661865234375,70.55736788581399,0.14758351189765057,70.30011749267578,70.81082916259766,-0.10640716552734375,0.00018609245269733836,60.80588912963867,60.702180259368,0.08524534639484539,60.5073356628418,60.848541259765625,0.21325302124023438,0.0005187083554137283,65.96014404296875,65.93543827533722,0.02901052330890967,65.8758773803711,66.0233383178711,0.02106475830078125,-7.495510037291608e-05,65.96435546875,65.90425583895515,0.0502110390656733,65.7945556640625,66.07049560546875,-0.10614013671875,7.159463523859692e-05,60.7747917175293,60.74384745429544,0.07599658289783491,60.5838737487793,60.90207290649414,-0.06364059448242188,0.00015193578684694043,55.92710876464844,55.3677142087151,0.19764558372432736,55.04046249389648,55.94822311401367,0.5700187683105469,0.0008056950990765822,52.52367782592773,52.64937378378475,0.06470519977924731,52.50275802612305,52.816436767578125,-0.2718505859375071,-0.0003928517082413531,52.268253326416016,52.377829895300025,0.059119023976191606,52.226104736328125,52.52116012573242,-0.18967819213867188,-0.0003553781644093584,52.4312629699707,52.5404397389468,0.06161871271875455,52.41020584106445,52.662899017333984,-0.23163604736328125,-0.0003782320337780535,0.0813989788293838,0.08769582615316128,0.008107064415405074,0.0685653984546661,0.1146047189831733,0.0037693083286284984,-3.9262743031711806e-05,0.3915267288684845,0.3826777784372954,0.15315861673470904,0.324507862329483,2.086108922958374,-0.02449285984039301,0.00012606199017909403,-0.2048988342285156,-0.254410792799557,0.06540707032380051,-0.4666481018066406,-0.0832557678222656,-0.0032539367675780972,2.4800208711953105e-05,2.082033157348633,1.9817817421520458,0.09693694848334986,1.621990203857422,2.186443328857422,0.21860122680664085,0.0002691573828655765,299.1029968261719,299.08154639075786,0.5878226913027966,297.6492919921875,300.2875061035156,0.00897216796875,5.9567604530646175e-06,6.375227928161621,6.359612729619531,0.372532315630001,5.454545497894287,7.292616367340088,0.011591434478759766,-5.287723776015031e-05,140.0,140.0,0.0,140.0,140.0,0.0,-2.830794754850037e-16,16.5,15.894761029411764,0.7351940131765934,15.0,16.5,1.5,0.0015307508654026534,9.0,8.936580882352942,0.3018388510239474,7.5,9.0,1.5,0.0006323365425038633,9.0,9.0,0.0,9.0,9.0,0.0,-9.251561354751612e-18,6.0,6.388786764705882,0.657286085847218,6.0,7.5,0.0,0.0005771028316035241,0.0,0.0,0.0,0.0,0.0,0.0,0.0,1.0,1.0,0.0,1.0,1.0,0.0,-1.508970251190127e-18,1.0,1.0,0.0,1.0,1.0,0.0,-1.508970251190127e-18,1.0,1.0,0.0,1.0,1.0,0.0,-1.508970251190127e-18,1.0,1.0,0.0,1.0,1.0,0.0,-1.508970251190127e-18,0.0,3.8823529411764706,13.006253486603491,0.0,48.0,0.0,0.0021431574302385533,5.77142858505249,5.788776260526741,0.17410329329757995,5.179999828338623,6.165714263916016,-0.24857139587402344,0.00044380594518036396,1.3285714387893677,1.3313353455022854,0.028908882793083016,1.2300000190734863,1.3942856788635254,-0.041428565979003906,7.46008277369267e-05
batch_dist_ternary_butan-1-ol+propan-2-ol+water__operating_point_026__train_normal_experiment_001,batch_dist_ternary_butan-1-ol+propan-2-ol+water,operating_point_026,train_normal_experiment_001,0.2,1087,90.56666666666666,0.681401563038853,1.0,0.9935602575896965,0.07998920007096286,0.0,1.0,0.0,3.0084919450154816e-06,1.0,1.0,0.0,1.0,1.0,0.0,-8.621323282127103e-20,333.1885070800781,333.0989312783446,0.14365971267942254,332.686279296875,333.3711853027344,0.456573486328125,0.00029931122177391203,70.917236328125,70.67154214923933,0.17659651447325292,70.30011749267578,71.00236511230469,0.14896392822265625,0.0004300822833299913,61.04048156738281,60.81915285484223,0.13752572007256386,60.5073356628418,61.06181335449219,0.447845458984375,0.00042985094873653997,65.91801452636719,65.90585225025447,0.05031353643859602,65.7494888305664,66.0233383178711,-0.02106475830078125,-9.91770325624445e-05,66.04927825927734,65.95493145041654,0.06543765918298804,65.7945556640625,66.07049560546875,-0.02121734619140625,0.00016803724270996075,60.98693084716797,60.82811926391658,0.11797959439292209,60.5838737487793,61.07179641723633,0.14849853515625,0.00031260244231953835,56.24382781982422,55.73260304679976,0.4047830312448765,55.04046249389648,56.41275405883789,0.8867378234863281,0.0011457798742736537,52.39820861816406,52.55352333826874,0.11107010739680462,52.37730026245117,52.816436767578125,-0.3973197937011719,-0.00034686724670056026,52.18395233154297,52.29740416553992,0.09398583737241879,52.1207389831543,52.52116012573242,-0.27397918701171875,-0.0002886791883769936,52.3891487121582,52.474908556758315,0.08061526832721423,52.32598114013672,52.662899017333984,-0.27375030517578125,-0.00024267498785098568,0.0827451571822166,0.08729338938012207,0.01431443538175647,0.004128283355385,0.2434789687395095,0.0051154866814613065,-3.516277009983947e-06,0.361561119556427,0.37651636201302285,0.1359196426832272,0.324507862329483,2.256751537322998,-0.054458469152450506,-2.232887253537091e-06,-0.1473369598388672,-0.24413641637470487,0.06636429961524747,-0.4666481018066406,-0.0734825134277343,0.05430793762207031,3.625400926401489e-05,2.073333740234375,1.9913401072904837,0.10448287699394783,1.621990203857422,2.265832901000977,0.20990180969238303,8.21982617327543e-05,298.2684936523437,299.07711860776055,0.6105915172361356,297.63134765625,300.3682556152344,-0.8255310058594318,-3.3351466954741936e-05,6.381039142608643,6.3591533112986545,0.37962568113779904,5.454545497894287,7.292616367340088,0.01740264892578125,1.4755719283624453e-05,140.0,140.0,0.0,140.0,140.0,0.0,2.327058723314087e-16,16.5,16.197102115915364,0.601732680384884,15.0,16.5,1.5,0.0010270683176572654,9.0,8.968261269549219,0.21587206550534874,7.5,9.0,1.5,0.0001667750969519268,9.0,9.117295308187673,0.4027217065898833,9.0,10.500000000000002,0.0,0.0004773271451332473,7.5,6.608555657773689,0.7365415793097945,6.0,7.5,1.5,0.0005326572361219936,0.0,0.0,0.0,0.0,0.0,0.0,0.0,1.0,1.0,0.0,1.0,1.0,0.0,-8.621323282127103e-20,1.0,1.0,0.0,1.0,1.0,0.0,-8.621323282127103e-20,1.0,1.0,0.0,1.0,1.0,0.0,-8.621323282127103e-20,1.0,1.0,0.0,1.0,1.0,0.0,-8.621323282127103e-20,0.0,3.797608095676173,12.874151083777125,0.0,48.0,0.0,6.41313313993289e-05,6.002857208251953,5.768471546532807,0.20254626854992605,5.137142658233643,6.405714511871338,-0.017142772674560547,1.0205928508575443e-06,1.367142915725708,1.3280424492668426,0.03348583911482245,1.222857117652893,1.4342857599258425,-0.0028570890426635742,5.892491207917969e-07
batch_dist_ternary_butan-1-ol+propan-2-ol+water__operating_point_026__train_normal_experiment_001,batch_dist_ternary_butan-1-ol+propan-2-ol+water,operating_point_026,train_normal_experiment_001,0.4,2174,90.56666666666666,0.681401563038853,1.0,0.9949402023919043,0.0709520687243211,0.0,1.0,0.0,3.323236954838792e-06,1.0,1.0,0.0,1.0,1.0,0.0,-4.256564920128282e-19,332.2754211425781,332.8841880791321,0.4130504110418322,332.1612548828125,333.5995178222656,-0.456512451171875,-0.0004226852372871088,71.34290313720703,70.91534669835741,0.2845744653068876,70.30011749267578,71.38548278808594,0.5746307373046875,0.00043193938852772366,61.42440032958984,61.02337174384881,0.2377473165020095,60.5073356628418,61.44573593139648,0.8317642211913991,0.00037566089727401474,66.3814926147461,66.04355793823972,0.16897361129883667,65.7494888305664,66.40254974365234,0.442413330078125,0.00022579289939284118,66.36768341064453,66.04389037313874,0.11960704590728505,65.7945556640625,66.388916015625,0.29718780517578125,0.00017553329325517913,61.36882400512695,61.01868592343861,0.22387721852638123,60.5838737487793,61.45369720458984,0.5303916931152344,0.0003433150529495618,56.13825225830078,55.87734400951873,0.3290962465164502,55.04046249389648,56.41275405883789,0.7811622619628906,0.0003470798059609386,52.29365921020508,52.44724380980968,0.13454706887098952,52.27275466918945,52.816436767578125,-0.5018692016601562,-0.00020198099047710286,52.09966278076172,52.21153742168185,0.10994754563351264,52.078590393066406,52.52116012573242,-0.35826873779296875,-0.00016053514285416194,52.3470344543457,52.41088518881425,0.0871074008575905,52.30492782592773,52.662899017333984,-0.31586456298828125,-0.00012401764042320687,0.0881298705935478,0.08999107294889863,0.019747525990404843,0.004128283355385,0.2502996027469635,0.010500200092792497,3.358089289029915e-06,0.3430793285369873,0.3831585032082306,0.14481671259387074,0.2903254926204681,2.479789018630981,-0.0729402601718902,9.501453435451285e-06,-0.2222747802734375,-0.24813735079304713,0.0672669943020486,-0.4666481018066406,-0.0734825134277343,-0.0206298828125,-2.8200900307260067e-06,1.9656620025634768,1.9913648514980116,0.09484198807493394,1.621990203857422,2.265832901000977,0.10223007202148482,3.081495693875989e-06,299.6683349609375,299.05804935374607,0.6196520997328204,297.63134765625,300.4490051269531,0.574310302734375,-2.1431578191949744e-05,5.853658676147461,6.381960184615801,0.38569269293721264,5.454545497894287,7.292616367340088,-0.5099778175354004,3.306378784047601e-05,140.0,140.0,0.0,140.0,140.0,0.0,2.946177027682817e-17,16.5,16.348551057957682,0.4516391162945543,15.0,16.5,1.5,0.00033737468280598416,9.0,9.039328426862925,0.3241203646965875,7.5,10.500000000000002,1.5,0.00014723936805417337,10.500000000000002,9.321872125114995,0.6155873480636496,9.0,10.500000000000002,1.5000000000000018,0.00032609109333517133,7.5,6.767939282428703,0.749785424068742,6.0,7.5,1.5,0.0002739883612837395,0.0,0.0,0.0,0.0,0.0,0.0,0.0,1.0,1.0,0.0,1.0,1.0,0.0,-4.256564920128282e-19,1.0,1.0,0.0,1.0,1.0,0.0,-4.256564920128282e-19,1.0,1.0,0.0,1.0,1.0,0.0,-4.256564920128282e-19,1.0,1.0,0.0,1.0,1.0,0.0,-4.256564920128282e-19,0.0,3.7092916283348667,12.776046186827237,0.0,48.0,0.0,-4.5183409351186754e-05,5.565714359283447,5.844743069641724,0.20852863296288188,5.137142658233643,6.405714511871338,-0.4542856216430664,7.590222415853778e-05,1.2942856550216677,1.3407027860409422,0.03461112870555555,1.222857117652893,1.4342857599258425,-0.07571434974670388,1.2613289534292594e-05
batch_dist_ternary_butan-1-ol+propan-2-ol+water__operating_point_027__test_anormal_experiment_001,batch_dist_ternary_butan-1-ol+propan-2-ol+water,operating_point_027,test_anormal_experiment_001,0.1,433,72.03333333333333,0.6868156592785594,1.0,1.0,0.0,1.0,1.0,0.0,-1.5204138711191175e-18,1.0,1.0,0.0,1.0,1.0,0.0,-1.5204138711191175e-18,404.967,405.185070438799,0.21049611803575807,404.85,405.575,-0.51400000000001,-0.001575160616284522,89.485,89.06871593533488,0.18046442242148908,88.821,89.485,0.5570000000000022,0.0012352140929630156,78.897,78.69692956120092,0.10069540081390814,78.49,78.897,0.4070000000000107,0.0007940136806165943,84.043,84.0083325635104,0.032366393016408875,83.937,84.127,-0.04199999999998738,1.5136303595986644e-06,84.248,84.14531293302541,0.045139387602251335,84.056,84.27,0.06400000000000716,0.0001632089673137008,79.048,78.9683545034642,0.04184108376156484,78.899,79.091,0.043000000000006366,0.0002231847226212823,72.098,71.97902078521939,0.0977939970025246,71.779,72.204,0.10599999999999454,0.0005382575246940749,67.551,67.51812009237875,0.01615394010926864,67.488,67.594,0.04200000000000159,4.2048843550822125e-05,67.329,67.31367205542725,0.012057544078966056,67.265,67.35,0.020999999999986585,3.5509709110250836e-06,67.585,67.57774942263279,0.0180144323944265,67.543,67.627,0.0,1.4848580794015733e-05,0.149,0.15536836027713627,0.008873761376117216,0.076,0.207,-0.008000000000000007,-9.580807167039972e-06,0.467,0.4671039260969977,0.003424481662244128,0.459,0.473,-0.0019999999999999463,3.8986328843245504e-07,0.82,0.7664191685912239,0.05471423074447844,0.515,0.877,0.05499999999999994,8.167964782078619e-05,1.981,2.0019653579676673,0.04948227294422076,1.844,2.129,-0.052999999999999714,-6.6864325506399e-07,598.951,599.1291016166282,0.6663905620047633,597.551,600.979,-0.2959999999999354,3.9616540077656616e-05,3.902,4.292863741339492,0.4350648420275424,3.556,4.965,0.0030000000000001137,3.09164913575216e-05,192.50000000000003,192.50000000000003,0.0,192.50000000000003,192.50000000000003,0.0,-2.572463270539121e-16,19.5,21.15935334872979,0.5253495898369986,19.5,22.5,-1.5000000000000036,-0.000789778028472848,13.5,13.125866050808314,0.6490182677319352,12.0,13.5,0.0,-0.0005044202736596498,13.5,13.47228637413395,0.20199602407085332,12.0,13.5,1.5,0.00037692943526215257,10.500000000000002,10.427251732101617,0.3222267700942309,9.0,10.500000000000002,0.0,0.000499542363320935,0.0,0.0,0.0,0.0,0.0,0.0,0.0,1.0,1.0,0.0,1.0,1.0,0.0,-1.5204138711191175e-18,1.0,1.0,0.0,1.0,1.0,0.0,-1.5204138711191175e-18,1.0,1.0,0.0,1.0,1.0,0.0,-1.5204138711191175e-18,1.0,1.0,0.0,1.0,1.0,0.0,-1.5204138711191175e-18,0.0,2.8221709006928406,8.087755858413162,0.0,26.0,0.0,0.0006648739607094664,8.0,7.997792147806004,0.08329986031309637,7.744,8.2,0.08800000000000008,9.350806303795732e-06,2.0,1.9994618937644337,0.020917611464812854,1.936,2.05,0.02200000000000002,2.9931153469077882e-06
batch_dist_ternary_butan-1-ol+propan-2-ol+water__operating_point_027__test_anormal_experiment_001,batch_dist_ternary_butan-1-ol+propan-2-ol+water,operating_point_027,test_anormal_experiment_001,0.2,865,72.03333333333333,0.6868156592785594,1.0,1.0,0.0,1.0,1.0,0.0,-3.0022701535297037e-19,1.0,1.0,0.0,1.0,1.0,0.0,-3.0022701535297037e-19,405.06,405.0842641618497,0.18944657425241346,404.803,405.575,-0.42099999999999227,-0.0004859494705423572,89.549,89.27621387283237,0.24487722046434238,88.821,89.57,0.6210000000000093,0.0008723117197014526,79.24,78.86892080924856,0.20081813250187772,78.49,79.262,0.75,0.000801508357918686,84.212,84.05151445086705,0.05797038380163351,83.937,84.212,0.12700000000000955,0.00018521251155104501,84.376,84.21495028901734,0.0873640040584154,84.056,84.419,0.19200000000000728,0.0003032460218398393,79.283,79.06526647398843,0.11215427714441772,78.899,79.304,0.2780000000000058,0.00042782009764431465,72.501,72.09411734104046,0.15410208064780243,71.779,72.501,0.5090000000000003,0.0005526090174596725,67.551,67.5275583815029,0.02112584921121373,67.488,67.594,0.04200000000000159,4.330892779533259e-05,67.329,67.31520751445086,0.011996603621283559,67.265,67.35,0.020999999999986585,5.8976280108744445e-06,67.564,67.58052080924855,0.019250752569433826,67.543,67.627,-0.021000000000000796,1.221231761203817e-05,0.156,0.1550202312138728,0.0073425197635642835,0.076,0.207,-0.0010000000000000009,-2.508562240703963e-06,0.468,0.4680075144508671,0.003940042128243604,0.459,0.481,-0.0009999999999999454,2.957551458733132e-06,0.79,0.7677809248554913,0.05643915067242252,0.515,0.897,0.025000000000000022,2.6804949264366808e-05,2.022,2.0016601156069367,0.05145607671792038,1.844,2.19,-0.01200000000000001,-4.84526781383637e-06,599.346,599.111025433526,0.6628444031756958,597.129,600.979,0.09900000000004638,-7.723321889802004e-05,3.902,4.271439884393064,0.44284142228098755,3.552,4.965,0.0030000000000001137,-8.21842075792669e-05,192.50000000000003,192.50000000000003,0.0,192.50000000000003,192.50000000000003,0.0,2.0487464256000647e-16,21.000000000000004,20.389595375722543,0.9019608429919542,19.5,22.5,0.0,-0.0027090647763731122,13.5,12.982369942196533,0.7126387029527933,12.0,13.5,0.0,-0.000346712344311093,13.5,13.486127167630057,0.14358549048197303,12.0,13.5,1.5,9.533789887286824e-05,10.500000000000002,10.458381502890173,0.2463648643030483,9.0,10.500000000000002,0.0,0.00017596350238288484,0.0,0.0,0.0,0.0,0.0,0.0,0.0,1.0,1.0,0.0,1.0,1.0,0.0,-3.0022701535297037e-19,1.0,1.0,0.0,1.0,1.0,0.0,-3.0022701535297037e-19,1.0,1.0,0.0,1.0,1.0,0.0,-3.0022701535297037e-19,1.0,1.0,0.0,1.0,1.0,0.0,-3.0022701535297037e-19,0.0,2.7202312138728324,7.945500486515765,0.0,26.0,0.0,-0.00016101017382572135,8.096,8.012323699421966,0.088253165553678,7.744,8.336,0.18400000000000016,4.324884563641272e-05,2.02,2.0032196531791904,0.02186284799432743,1.936,2.084,0.04200000000000004,1.1415684363694683e-05
batch_dist_ternary_butan-1-ol+propan-2-ol+water__operating_point_027__test_anormal_experiment_001,batch_dist_ternary_butan-1-ol+propan-2-ol+water,operating_point_027,test_anormal_experiment_001,0.4,1730,72.03333333333333,0.6868156592785594,1.0,1.0,0.0,1.0,1.0,0.0,-2.8788426328410055e-19,1.0,1.0,0.0,1.0,1.0,0.0,-2.8788426328410055e-19,404.125,404.8390684971098,0.3554629027359135,404.055,405.575,-1.3559999999999945,-0.0006359012806432854,90.063,89.44979104046243,0.2876644211528145,88.821,90.106,1.1350000000000051,0.000495190710052255,80.055,79.25766936416184,0.44899340074987387,78.49,80.077,1.565000000000012,0.000897211978209098,85.038,84.30349682080924,0.3185461965322346,83.937,85.102,0.953000000000003,0.0005928481693045793,85.06,84.46435953757225,0.29775687202276346,84.056,85.06,0.8760000000000048,0.0005728185737026621,79.901,79.29974999999999,0.2774077346223852,78.899,79.923,0.8960000000000008,0.0005458048026267894,72.904,72.41083005780347,0.3878007783166538,71.779,73.413,0.9119999999999919,0.0007133245513517223,67.594,67.55461127167631,0.03473172851204983,67.488,67.636,0.08499999999999375,5.878990541714452e-05,67.308,67.3193465317919,0.013140965471399613,67.265,67.371,0.0,8.75830605496973e-06,67.627,67.5898190751445,0.021692016198930655,67.543,67.627,0.04200000000000159,2.0546624611860812e-05,0.159,0.15486098265895953,0.007835642454578942,0.076,0.207,0.0020000000000000018,-2.6956233149521027e-07,0.485,0.46763410404624284,0.01094003328347357,0.41,0.485,0.016000000000000014,1.2433070696835113e-06,0.747,0.7759641618497111,0.05747048138025164,0.515,0.938,-0.018000000000000016,1.844046708269428e-05,2.037,2.0032601156069365,0.08765458829143828,1.363,2.285,0.0030000000000001137,8.857642339995389e-06,600.521,599.1383817919075,0.6526483673262864,597.129,600.979,1.274000000000001,4.578909087058657e-05,3.902,4.255192196531792,0.44169157323177605,3.552,5.013,0.0030000000000001137,-4.0629401585462285e-05,192.50000000000003,192.50000000000003,0.0,192.50000000000003,192.50000000000003,0.0,1.9546074845066593e-17,21.000000000000004,20.582947976878614,0.7660977485278084,19.5,22.5,0.0,0.00015771029448669366,13.5,13.00014450867052,0.7068257071395418,12.0,13.5,0.0,5.2336887192331267e-05,13.5,13.732803468208093,0.5616866132895328,12.0,15.0,1.5,0.00053197044572132,10.500000000000002,10.539884393063584,0.34736662253311706,9.0,12.0,0.0,0.0002236600391508249,0.0,0.0,0.0,0.0,0.0,0.0,0.0,1.0,1.0,0.0,1.0,1.0,0.0,-2.8788426328410055e-19,1.0,1.0,0.0,1.0,1.0,0.0,-2.8788426328410055e-19,1.0,1.0,0.0,1.0,1.0,0.0,-2.8788426328410055e-19,1.0,1.0,0.0,1.0,1.0,0.0,-2.8788426328410055e-19,0.0,2.6997109826589596,7.9284827089902885,0.0,27.0,0.0,-0.00011855286897612595,8.312,7.9995930635838155,0.19120674510553076,6.816,8.392,0.39999999999999947,4.010250644779717e-06,2.082,1.9999531791907514,0.04778351474933859,1.704,2.098,0.10399999999999987,9.202927838872964e-07
batch_dist_ternary_butan-1-ol+propan-2-ol+water__operating_point_027__train_normal_experiment_001,batch_dist_ternary_butan-1-ol+propan-2-ol+water,operating_point_027,train_normal_experiment_001,0.1,356,59.3,0.6885324241890521,1.0,0.9943820224719101,0.07474232975084309,0.0,1.0,0.0,5.053453570067336e-06,1.0,1.0,0.0,1.0,1.0,0.0,2.797739758971247e-18,400.738037109375,400.21547913283445,0.4629931524655365,399.2675476074219,400.8313903808594,1.470489501953125,0.004388479401853534,89.33496856689453,89.11207086584541,0.22146714198289694,88.6073989868164,89.39917755126953,0.727569580078125,0.002051063975833715,78.5541000366211,78.39205992623661,0.08642793922562293,78.23250579833984,78.5541000366211,0.32159423828125,0.0008163562820980211,83.9577865600586,83.95127669345128,0.03854959985161,83.83069610595703,84.04252624511719,-0.04236602783203125,6.533699431503096e-05,84.2056655883789,84.17376505390982,0.06752481226433081,84.0562515258789,84.31238555908203,0.106719970703125,0.0005734172709345383,78.98397064208984,78.99903937136189,0.030973996319796606,78.91997528076172,79.06929779052734,0.0,-9.32373347316813e-05,72.86163330078125,73.18736898229363,0.25100489834009143,72.56452178955078,73.60453033447266,0.29711151123046875,-6.0535026037335796e-05,67.38343048095703,67.41461632760723,0.04579446036381628,67.29940032958984,67.50946807861328,-0.12603759765625,-0.00035908841215301704,67.1594009399414,67.17007836331142,0.03413982371944748,67.09589385986328,67.22291564941406,-0.0423431396484375,-0.00013033732920887436,67.41570281982422,67.40777216064797,0.020738674266973175,67.35224151611328,67.4580078125,0.0,-9.76017583830837e-05,0.1426950097084045,0.14738280815857177,0.01572715896363055,0.023961991071701,0.2544278800487518,-0.0008077025413512906,2.6332278041236117e-05,0.4296566545963287,0.4144612498413981,0.03208615261834067,0.3415541052818298,0.4471515417098999,0.08092513680458069,0.0002669218416571706,0.6998176574707031,0.6867168003253723,0.044269793949313,0.5499382019042969,0.8703346252441406,-0.004344940185546875,3.163207271842196e-05,1.944997787475586,2.0708722693196844,0.14358992108597302,1.6393890380859375,2.337615966796875,0.23165321350097656,-9.16476235496759e-05,598.1970825195312,598.1832661146528,1.207620629382918,595.2627563476562,600.4852294921875,0.21539306640625,-0.002102549587712493,6.829268455505371,6.738492261157947,0.35195610161740326,5.847952842712402,7.804878234863281,-0.006669044494628906,0.00031621767733000397,192.50000000000003,192.50000000000003,0.0,192.50000000000003,192.50000000000003,0.0,7.729958935211328e-16,19.5,21.406601123595507,0.7566781100612907,19.5,22.5,-3.0,-0.0059798646472356545,13.5,13.14185393258427,0.6370167840478712,12.0,13.5,0.0,-0.004225152634245625,13.5,13.714887640449438,0.5224888996875242,13.5,15.0,0.0,-0.00013524637580937358,10.500000000000002,10.289325842696629,0.5211790818898735,9.0,10.500000000000002,0.0,-0.0005254261856665303,0.0,0.0,0.0,0.0,0.0,0.0,0.0,1.0,1.0,0.0,1.0,1.0,0.0,2.797739758971247e-18,1.0,1.0,0.0,1.0,1.0,0.0,2.797739758971247e-18,1.0,1.0,0.0,1.0,1.0,0.0,2.797739758971247e-18,1.0,1.0,0.0,1.0,1.0,0.0,2.797739758971247e-18,0.0,2.0646067415730336,8.141138086270852,0.0,35.0,0.0,-4.65449670927053e-05,6.688000202178955,6.544314605466435,0.457100962432915,5.328000068664551,7.184000015258789,1.2160000801086426,0.0035905394196320646,1.871999979019165,1.8353764036398255,0.11556434182950624,1.531999945640564,1.996000051498413,0.30400002002716064,0.0009098163421346207
batch_dist_ternary_butan-1-ol+propan-2-ol+water__operating_point_027__train_normal_experiment_001,batch_dist_ternary_butan-1-ol+propan-2-ol+water,operating_point_027,train_normal_experiment_001,0.2,712,59.3,0.6885324241890521,1.0,0.9957865168539326,0.06477445257078766,0.0,1.0,0.0,2.6763197697445387e-06,1.0,1.0,0.0,1.0,1.0,0.0,1.549580615065301e-19,400.9714660644531,400.5409471318963,0.4664802052544821,399.2675476074219,401.1116027832031,1.70391845703125,0.0020206922564699015,89.18516540527344,89.20465828863422,0.18515385869107537,88.6073989868164,89.42057037353516,0.5777664184570312,0.0006032959999416676,78.70417785644531,78.52184685160604,0.14896751866945726,78.23250579833984,78.74706268310547,0.47167205810546875,0.0007125888278287103,84.00016021728516,83.95585828416803,0.04286456776177871,83.83069610595703,84.06370544433594,7.62939453125e-06,6.704583340080713e-05,84.05625915527344,84.15711247519161,0.061215526287043326,84.01356506347656,84.31238555908203,-0.04268646240234375,6.305781384739553e-07,79.0266342163086,78.9796251929208,0.03508847717581011,78.89864349365234,79.06929779052734,0.04266357421875,-7.72943045119682e-05,73.05265045166016,73.13099530573642,0.19498039746469994,72.56452178955078,73.60453033447266,0.488128662109375,-0.00018019625602142363,67.32040405273438,67.39993750647213,0.03741629005576583,67.29940032958984,67.50946807861328,-0.18906402587890625,-0.0001088729324890669,67.09589385986328,67.1747914217831,0.03004137751023794,67.09589385986328,67.22291564941406,-0.1058502197265625,8.540015766130125e-07,67.41570281982422,67.41268900003325,0.019038688414219285,67.35224151611328,67.4580078125,0.0,1.0136456282322414e-05,0.1446693986654281,0.14724529089845628,0.014071111329481564,0.023961991071701,0.2544278800487518,0.0011666864156723022,1.0447342750318655e-07,0.4427553713321686,0.4242257032166706,0.025677429890355728,0.3415541052818298,0.451996237039566,0.09402385354042059,8.536208016073616e-05,0.7171974182128906,0.6880530895811788,0.042214444557729484,0.5499382019042969,0.8920574188232422,0.013034820556640625,1.3622481083416572e-05,2.088556289672852,2.0429168042172208,0.11732433347093787,1.6393890380859375,2.337615966796875,0.37521171569824263,-9.701531158468881e-05,598.197021484375,598.3706932067871,1.087401503991208,595.2627563476562,600.6288452148438,0.21533203125,0.00037605621291936003,6.822611808776856,6.752922493085433,0.35626272596949404,5.847952842712402,7.804878234863281,-0.013325691223143643,0.00011584465442105104,192.50000000000003,192.50000000000003,0.0,192.50000000000003,192.50000000000003,0.0,6.653856669116504e-17,21.000000000000004,20.791432584269664,0.9708010554564436,19.5,22.5,-1.4999999999999964,-0.003654298545232371,13.5,13.06495786516854,0.6777546773863224,12.0,13.5,0.0,-0.0011500736170790811,13.5,13.753862359550562,0.5603368250076028,13.5,15.0,0.0,-3.87733904531452e-06,10.500000000000002,10.394662921348315,0.38328803508413495,9.0,10.500000000000002,0.0,0.00037815899653369293,0.0,0.0,0.0,0.0,0.0,0.0,0.0,1.0,1.0,0.0,1.0,1.0,0.0,1.549580615065301e-19,1.0,1.0,0.0,1.0,1.0,0.0,1.549580615065301e-19,1.0,1.0,0.0,1.0,1.0,0.0,1.549580615065301e-19,1.0,1.0,0.0,1.0,1.0,0.0,1.549580615065301e-19,0.0,2.0646067415730336,8.141138086270852,0.0,35.0,0.0,-0.00032872188476212736,7.0960001945495605,6.680449440573039,0.3716114586616417,5.328000068664551,7.271999835968018,1.624000072479248,0.00119255612763349,1.9800000190734863,1.8698426952187934,0.09385913490155394,1.531999945640564,2.0179998874664307,0.41200006008148193,0.0003016280190190609
batch_dist_ternary_butan-1-ol+propan-2-ol+water__operating_point_027__train_normal_experiment_001,batch_dist_ternary_butan-1-ol+propan-2-ol+water,operating_point_027,train_normal_experiment_001,0.4,1424,59.3,0.6885324241890521,1.0,0.9964887640449438,0.05915156107089737,0.0,1.0,0.0,7.750510848012433e-07,1.0,1.0,0.0,1.0,1.0,0.0,-8.916443945738286e-20,401.1348876953125,400.92516421200185,0.5278369120846006,399.2675476074219,401.6953430175781,1.867340087890625,0.0010532172123157298,89.46337890625,89.23487144373776,0.14723055864589651,88.6073989868164,89.48477935791016,0.8559799194335938,0.00018535150128627073,79.26171112060547,78.75656596998151,0.28236246350993516,78.23250579833984,79.26171112060547,1.029205322265625,0.0006829084297953768,84.33909606933594,84.03809925411524,0.12708006397216282,83.83069610595703,84.40265655517578,0.3389434814453125,0.0002550417631000787,84.37642669677734,84.18415329429541,0.09018484727346363,84.01356506347656,84.46180725097656,0.2774810791015625,0.0001133809034450481,79.09062957763672,79.01745744769492,0.05676233456787963,78.89864349365234,79.15462493896484,0.106658935546875,9.527422499722395e-05,73.43470001220703,73.20554206612405,0.1902829092921629,72.56452178955078,73.60453033447266,0.87017822265625,0.0002048231784474507,67.38343048095703,67.38508869289012,0.03360087671196252,67.29940032958984,67.50946807861328,-0.12603759765625,-4.279944236295234e-05,67.22291564941406,67.16850241918242,0.02955719434770665,67.09589385986328,67.22291564941406,0.02117156982421875,-9.475932443547915e-06,67.41570281982422,67.41346888327867,0.017533070954872026,67.35224151611328,67.4580078125,0.0,5.923586668642016e-06,0.1594773679971695,0.14681206786942277,0.010261116464029338,0.023961991071701,0.2544278800487518,0.01597465574741369,-1.4523815349479074e-07,0.4571101367473602,0.4308461733371689,0.021141246918996156,0.3415541052818298,0.4587250649929046,0.10837861895561218,2.6834650819418646e-05,0.6954727172851562,0.6858644539050842,0.04155873636511775,0.5184402465820312,0.8920574188232422,-0.00868988037109375,-2.247816970112895e-06,2.0265674591064453,2.0236141869191373,0.1103709513477233,1.6393890380859375,2.337615966796875,0.31322288513183594,-4.149516306858577e-05,600.0186157226562,598.3679242080517,1.0478414640705758,595.2627563476562,600.6288452148438,2.03692626953125,0.00010953155181328618,6.829268455505371,6.751016634903597,0.3635281098425885,5.842258930206299,7.804878234863281,-0.006669044494628906,5.3461385500812735e-06,192.50000000000003,192.50000000000003,0.0,192.50000000000003,192.50000000000003,0.0,-1.0271409619213678e-16,19.5,20.494908707865168,0.913633699361822,19.5,22.5,-3.0,-0.0011114185803640726,12.0,12.955933988764045,0.7187044356807851,12.0,13.5,-1.5,-0.00040160477132252816,13.5,13.799157303370787,0.5967250208735582,13.5,15.0,0.0,0.00012091420288384299,10.500000000000002,10.437851123595506,0.2989328214974072,9.0,10.500000000000002,0.0,0.00015642421766592704,0.0,0.0,0.0,0.0,0.0,0.0,0.0,1.0,1.0,0.0,1.0,1.0,0.0,-8.916443945738286e-20,1.0,1.0,0.0,1.0,1.0,0.0,-8.916443945738286e-20,1.0,1.0,0.0,1.0,1.0,0.0,-8.916443945738286e-20,1.0,1.0,0.0,1.0,1.0,0.0,-8.916443945738286e-20,0.0,2.052317415730337,8.15743751213675,0.0,35.0,0.0,-0.00016243346092932162,7.0879998207092285,6.7926769658420865,0.3222222698128038,5.328000068664551,7.368000030517578,1.615999698638916,0.00041702330248570134,1.972000002861023,1.8980007004620654,0.08117236597646452,1.531999945640564,2.0439999103546143,0.40400004386901855,0.00010499689249500906
batch_dist_ternary_butan-1-ol+propan-2-ol+water__operating_point_028__test_anormal_experiment_002,batch_dist_ternary_butan-1-ol+propan-2-ol+water,operating_point_028,test_anormal_experiment_002,0.1,1603,267.0,0.7279524080613684,1.0,1.0,0.0,1.0,1.0,0.0,-3.2976611508622293e-19,1.0,1.0,0.0,1.0,1.0,0.0,-3.2976611508622293e-19,293.584,294.0271759201497,0.36195652778208687,293.426,294.756,0.15800000000001546,-0.00031329388048065125,92.697,91.96709170305677,0.41818804330480475,91.283,92.74,1.3389999999999986,0.0008991822833563854,82.695,81.99210043668124,0.40601007322096044,81.278,82.695,1.4059999999999917,0.0008765978845773046,87.667,86.97705146600126,0.4017038329850039,86.267,87.73,1.3675000000000068,0.0008636424515776608,87.687,86.9848003742982,0.40821434837985804,86.298,87.751,1.346500000000006,0.0008766429834651587,82.676,81.97710885839052,0.4000137866106734,81.289,82.719,1.3444999999999965,0.0008594632510734171,77.619,77.36032657517156,0.2145807192711074,77.003,78.002,-0.09549999999998704,0.0003699228456949321,71.63,71.857096069869,0.14612537815779753,71.588,72.134,-0.4830000000000041,-0.000313287239680176,71.227,71.4872301933874,0.16793205941856748,71.163,71.778,-0.5510000000000019,-0.0003603087070070902,71.204,71.50398627573298,0.18649851308374832,71.204,71.861,-0.6255000000000024,-0.000399452578073011,0.125,0.1346434809731753,0.009038922537222976,0.079,0.225,-0.016999999999999987,-3.506721477874867e-06,0.157,0.16693293824079847,0.00898282970353849,0.133,0.186,-0.0030000000000000027,2.9500770096901263e-06,0.612,0.6899048658764816,0.08266795694497428,0.443,0.925,-0.061000000000000054,1.13775676905592e-05,2.133,2.004735495945103,0.14302939738200313,1.576,2.27,0.0365000000000002,-1.0492832127477415e-05,699.471,699.267555208983,0.5912511356478486,697.748,700.494,-0.4580000000000837,-4.661883437367591e-05,5.464,5.246472551466001,0.42163647504470614,4.44,5.952,0.2599999999999998,-3.967546723225828e-05,105.0,105.0,0.0,105.0,105.0,0.0,-8.895621141044312e-17,19.5,18.84263880224579,0.7435491501283432,18.0,19.5,1.5,6.765925646535999e-05,12.0,13.034466625077979,0.6937058704254876,12.0,13.5,0.0,0.00043629798194063724,13.5,14.239238927011852,0.7499227955650792,13.5,15.0,0.0,0.0005164398752395292,10.500000000000002,11.194323144104803,0.7474612221444679,10.500000000000002,12.0,0.0,0.0004390685024211087,0.0,0.0,0.0,0.0,0.0,0.0,0.0,1.0,1.0,0.0,1.0,1.0,0.0,-3.2976611508622293e-19,1.0,1.0,0.0,1.0,1.0,0.0,-3.2976611508622293e-19,1.0,1.0,0.0,1.0,1.0,0.0,-3.2976611508622293e-19,1.0,1.0,0.0,1.0,1.0,0.0,-3.2976611508622293e-19,0.0,2.449781659388646,6.741215370278907,0.0,21.0,-21.0,-0.00019161164357640366,4.027,3.845468184653774,0.20011409702020413,3.193,4.253,0.16700000000000026,6.759427887462568e-05,2.013,1.9228911416094825,0.10006385750944197,1.597,2.13,0.08299999999999996,3.342319491748905e-05
batch_dist_ternary_butan-1-ol+propan-2-ol+water__operating_point_028__test_anormal_experiment_002,batch_dist_ternary_butan-1-ol+propan-2-ol+water,operating_point_028,test_anormal_experiment_002,0.2,3205,267.0,0.7279524080613684,1.0,1.0,0.0,1.0,1.0,0.0,3.3347971936272275e-19,1.0,1.0,0.0,1.0,1.0,0.0,3.3347971936272275e-19,293.606,293.7514393135725,0.396948340672576,293.156,294.756,0.18000000000000682,-0.0003266757656364161,94.347,92.72770265210609,0.8782862026161599,91.283,94.347,2.98899999999999,0.0009480875389136934,84.37,82.74683151326052,0.8736611223098,81.278,84.37,3.081000000000003,0.000943428668378221,89.13,87.71280904836192,0.8445980788893168,86.267,89.152,2.8305000000000007,0.0009117654502979619,89.225,87.67963978159126,0.8062190690658347,86.298,89.268,2.8845000000000027,0.0008695421720715164,84.214,82.72128689547583,0.857097514180407,81.289,84.278,2.882499999999993,0.0009248726530050595,78.533,77.74014680187207,0.4590205006586016,77.003,78.788,0.8185000000000144,0.0004779963068962425,71.293,71.64649141965678,0.24624839729693213,71.251,72.134,-0.8199999999999932,-0.0002645048722876561,70.866,71.24765538221529,0.2758732984404328,70.824,71.778,-0.9120000000000061,-0.000294283439698182,71.035,71.30775226209047,0.24016854442989052,70.993,71.861,-0.7944999999999993,-0.0002486611929307769,0.147,0.13487363494539784,0.008516787536301347,0.063,0.225,0.0050000000000000044,-2.946774210556517e-07,0.177,0.16748627145085804,0.008772713260696232,0.133,0.186,0.016999999999999987,6.533312844075665e-07,0.685,0.6893904836193449,0.08307266627090631,0.443,0.925,0.01200000000000001,2.5862311452091747e-07,2.02,2.0035589703588146,0.13867586856586397,1.576,2.306,-0.07649999999999979,-1.7995944802218862e-06,700.288,699.2328472698906,0.6107568047655542,697.425,700.494,0.3589999999999236,-4.788700192609268e-05,4.878,5.229554134165366,0.42360159543617826,4.44,5.952,-0.3260000000000005,-2.171736017456601e-05,105.0,105.0,0.0,105.0,105.0,0.0,2.64233813597092e-17,19.5,19.01770670826833,0.6999682730286644,18.0,19.5,1.5,0.00022463041834422793,15.0,13.35421216848674,0.6901509332593567,12.0,15.0,3.0,0.00042031755499018594,15.0,14.544149765990639,0.6899100775953719,13.5,15.0,1.5,0.0003905120492286334,12.0,11.477691107644306,0.7143568754195246,10.500000000000002,12.0,1.4999999999999982,0.00037428315527905453,0.0,0.0,0.0,0.0,0.0,0.0,0.0,1.0,1.0,0.0,1.0,1.0,0.0,3.3347971936272275e-19,1.0,1.0,0.0,1.0,1.0,0.0,3.3347971936272275e-19,1.0,1.0,0.0,1.0,1.0,0.0,3.3347971936272275e-19,1.0,1.0,0.0,1.0,1.0,0.0,3.3347971936272275e-19,0.0,2.4570982839313573,6.739742909173904,0.0,21.0,-21.0,-3.333914819720217e-05,4.047,3.872322620904837,0.19459041500829286,3.193,4.287,0.18699999999999983,3.351898542847243e-05,2.023,1.9361940717628703,0.0972775189356977,1.597,2.143,0.0930000000000002,1.660057029405941e-05
batch_dist_ternary_butan-1-ol+propan-2-ol+water__operating_point_028__test_anormal_experiment_002,batch_dist_ternary_butan-1-ol+propan-2-ol+water,operating_point_028,test_anormal_experiment_002,0.4,6409,267.0,0.7279524080613684,1.0,1.0,0.0,1.0,1.0,0.0,-8.0552441579841e-20,1.0,1.0,0.0,1.0,1.0,0.0,-8.0552441579841e-20,296.492,294.27842182867846,1.0671106214351938,292.209,296.899,3.066000000000031,0.0003321523283932233,100.182,94.66281315337807,2.3869579904225375,91.283,100.182,8.823999999999998,0.00125694268555207,90.389,84.84788328912467,2.5447562600434166,81.278,90.389,9.099999999999994,0.0013461804461193264,95.31,89.75363356217818,2.4918704648957477,86.267,95.31,9.010500000000008,0.00131515825646586,95.259,89.7527442658761,2.505140612086315,86.298,95.281,8.918500000000009,0.0013212309370967258,90.245,84.7600789514745,2.491892741836114,81.289,90.288,8.913499999999999,0.0013150640581312946,82.468,78.83957762521455,1.590319107564211,75.579,83.426,4.753500000000017,0.0007062200454378938,70.83,71.37880488375721,0.365457476312695,70.788,72.324,-1.2830000000000013,-0.00017292160681572834,70.697,71.02899040411921,0.2979871289425499,70.697,71.778,-1.081000000000003,-0.0001428026481544298,70.993,71.1647895147449,0.22645055970877112,70.929,71.861,-0.8365000000000009,-9.859832518057993e-05,0.141,0.14291145264471836,0.0330382219047505,0.063,0.301,-0.0010000000000000009,4.360459989427693e-06,0.179,0.1806812295209861,0.05217093074957709,0.133,0.432,0.01899999999999999,7.510180435478255e-06,0.881,0.694867920112342,0.08402915264018332,0.411,0.985,0.20799999999999996,2.91355524585868e-06,1.837,2.002163364019348,0.23417612073973476,0.559,3.275,-0.25949999999999984,-2.5352562294027773e-06,698.341,699.1970998595724,0.6460593645043025,696.806,703.348,-1.5880000000000791,-2.2162734653004472e-05,5.469,5.207642065844905,0.42146334586915873,4.44,5.958,0.2649999999999997,-1.2715072930469104e-05,105.0,105.0,0.0,105.0,105.0,0.0,1.1628587722376508e-17,25.500000000000004,20.745475113122172,2.458827568716899,18.0,25.500000000000004,7.5000000000000036,0.001138445200501459,16.5,14.326415977531596,1.302730834054105,12.0,16.5,4.5,0.0006162494146596761,18.0,15.5342097051022,1.3376654618544974,13.5,18.0,4.5,0.0006229718386720761,13.5,12.35422842877204,1.2439665850238883,10.500000000000002,15.0,2.9999999999999982,0.0005587985216881156,0.0,0.0,0.0,0.0,0.0,0.0,0.0,1.0,1.0,0.0,1.0,1.0,0.0,-8.0552441579841e-20,1.0,1.0,0.0,1.0,1.0,0.0,-8.0552441579841e-20,1.0,1.0,0.0,1.0,1.0,0.0,-8.0552441579841e-20,1.0,1.0,0.0,1.0,1.0,0.0,-8.0552441579841e-20,0.0,2.405055390856608,6.674567256253537,0.0,21.0,-21.0,-2.7082788988793874e-05,3.72,4.08106802933375,0.7725882303655435,3.193,7.893,-0.13999999999999968,0.00011904111064276217,1.86,2.04054930566391,0.38626240516257054,1.597,3.947,-0.06999999999999984,5.9500453313936555e-05
batch_dist_ternary_butan-1-ol+propan-2-ol+water__operating_point_028__train_normal_experiment_001,batch_dist_ternary_butan-1-ol+propan-2-ol+water,operating_point_028,train_normal_experiment_001,0.1,2049,341.46666666666664,0.698567173084311,1.0,1.0,0.0,1.0,1.0,0.0,3.790275654473132e-19,1.0,1.0,0.0,1.0,1.0,0.0,3.790275654473132e-19,294.801,294.7973701805759,0.3316576686277687,293.99,295.252,0.7210000000000036,0.0002326451644130621,92.718,92.1585439238653,0.29474207197666136,91.647,92.804,0.9849999999999994,0.00048335365016699506,82.759,81.98227623230845,0.42568270842733663,81.278,82.781,1.4590000000000032,0.0007182633501320952,87.73,87.16945558809175,0.2779366265956596,86.819,87.815,0.784000000000006,0.0004448587658297951,87.751,87.19828208882383,0.2536837587715292,86.853,87.751,0.7270000000000039,0.0004115094420686872,82.74,82.09388530990728,0.3299725594192002,81.609,82.74,1.024000000000001,0.0005441931186781001,80.532,79.77559907271839,0.4181481443389099,78.767,80.553,1.3190000000000026,0.0006930984849837289,71.062,70.96678184480234,0.07132127828547671,70.851,71.083,0.16899999999999693,0.00011641112322231311,70.718,70.71853221083457,0.020263086307572262,70.633,70.782,0.021000000000000796,1.649033697279984e-05,70.993,70.96719594924353,0.027458323505110484,70.865,71.035,0.08499999999999375,3.0025138908099858e-05,0.146,0.1464502196193265,0.013314474017060773,0.01,0.261,-0.01100000000000001,2.947145171945328e-07,0.187,0.17217423133235724,0.014345196937149961,0.126,0.197,0.01100000000000001,1.4193214928980764e-05,0.729,0.6967513421181064,0.08339754839318564,0.439,0.916,0.05999999999999994,7.515697257883122e-06,1.609,1.9966346998535873,0.17635550512755402,1.404,2.363,-0.244,1.4305515257293628e-05,697.488,699.0146037091264,0.744948959346304,696.654,700.467,-2.745999999999981,5.344412177900876e-05,4.509,4.464586383601757,0.3843726767939425,3.556,5.464,0.6030000000000002,-2.960505277894653e-05,105.0,105.0,0.0,105.0,105.0,0.0,-4.855500800269338e-17,21.000000000000004,21.220351390922403,0.5304934519727003,21.000000000000004,22.5,-1.4999999999999964,-0.0003080623476725626,13.5,13.538799414348462,0.23810444550430027,13.5,15.0,0.0,-5.032663911010343e-05,15.0,14.494143484626647,0.7083755093746921,13.5,15.0,0.0,0.00019735190202836228,12.0,11.288799414348462,0.7488124473378424,10.500000000000002,12.0,1.4999999999999982,0.0002442951145859322,0.0,0.0,0.0,0.0,0.0,0.0,0.0,1.0,1.0,0.0,1.0,1.0,0.0,3.790275654473132e-19,1.0,1.0,0.0,1.0,1.0,0.0,3.790275654473132e-19,1.0,1.0,0.0,1.0,1.0,0.0,3.790275654473132e-19,1.0,1.0,0.0,1.0,1.0,0.0,3.790275654473132e-19,0.0,1.6505612493899464,5.795262443660722,0.0,23.0,0.0,-2.435425445488114e-05,3.347,3.7801544655929717,0.24425741524209962,3.073,4.28,-0.5,7.665389994486924e-05,1.673,1.890333821376281,0.12208612251591307,1.537,2.14,-0.25,3.848268070608435e-05
batch_dist_ternary_butan-1-ol+propan-2-ol+water__operating_point_028__train_normal_experiment_001,batch_dist_ternary_butan-1-ol+propan-2-ol+water,operating_point_028,train_normal_experiment_001,0.2,4098,341.46666666666664,0.698567173084311,1.0,1.0,0.0,1.0,1.0,0.0,4.652382509068194e-20,1.0,1.0,0.0,1.0,1.0,0.0,4.652382509068194e-20,295.229,295.156792215715,0.5222938399519501,293.99,296.312,1.149000000000001,0.00035141378123253495,94.84,92.92208235724743,0.8821246183794031,91.647,94.84,3.1069999999999993,0.0007353798294479505,84.821,82.84747059541239,1.0063724286542133,81.278,84.821,3.521000000000001,0.0008474985374906306,89.491,87.91715959004392,0.8586120304000572,86.819,89.512,2.5450000000000017,0.0007141690688402959,89.781,87.94743936066374,0.8757722729012978,86.853,89.824,2.757000000000005,0.0007240724559362483,84.578,82.89134992679355,0.9198373013648574,81.609,84.642,2.862000000000009,0.0007694288418386715,82.064,80.51286713030747,0.8653021916335869,78.767,82.213,2.850999999999999,0.0007280987812014564,71.209,71.0506387262079,0.10357771628079228,70.851,71.272,0.3160000000000025,8.533106095222931e-05,70.76,70.72968484626648,0.025403946063287,70.633,70.824,0.06300000000000239,1.1290767932973412e-05,70.971,70.98075097608589,0.028079653926643584,70.865,71.077,0.06300000000000239,1.4448417068946819e-05,0.137,0.14546156661786236,0.011822609023583897,0.01,0.261,-0.01999999999999999,-7.409977019147074e-07,0.177,0.17897181551976574,0.014696448599505413,0.126,0.209,0.0010000000000000009,7.116305402710992e-06,0.661,0.7048283308931185,0.08328100819050972,0.429,0.924,-0.008000000000000007,8.303171609019834e-06,2.095,1.9977440214738897,0.1718874298782572,1.404,2.37,0.24200000000000021,2.5959068804601625e-06,698.807,698.9271558077111,0.7908990928077317,696.654,700.485,-1.427000000000021,-6.200932123588174e-05,3.906,4.313298682284041,0.4374036190044895,2.924,5.464,0.0,-0.00014592328146579734,105.0,105.0,0.0,105.0,105.0,0.0,9.871857279229874e-18,22.5,21.40666178623719,0.6661796293011236,21.000000000000004,22.5,0.0,0.00019563308325326912,13.5,13.75128111273792,0.5600376857042842,13.5,15.0,0.0,0.00019558240771389208,16.5,14.709553440702782,0.620213931116138,13.5,16.5,1.5,0.0002116487114951089,12.0,11.541361639824304,0.6908935306404056,10.500000000000002,12.0,1.4999999999999982,0.00024914749904523425,0.0,0.0,0.0,0.0,0.0,0.0,0.0,1.0,1.0,0.0,1.0,1.0,0.0,4.652382509068194e-20,1.0,1.0,0.0,1.0,1.0,0.0,4.652382509068194e-20,1.0,1.0,0.0,1.0,1.0,0.0,4.652382509068194e-20,1.0,1.0,0.0,1.0,1.0,0.0,4.652382509068194e-20,0.0,1.5231820400195217,5.639665907967338,0.0,23.0,0.0,-9.831603897545872e-05,3.847,3.783185822352367,0.23867593917284313,3.073,4.28,0.0,1.2979804192330426e-05,1.923,1.8917047340165936,0.11935987834427529,1.537,2.14,0.0,6.412795394217565e-06
batch_dist_ternary_butan-1-ol+propan-2-ol+water__operating_point_028__train_normal_experiment_001,batch_dist_ternary_butan-1-ol+propan-2-ol+water,operating_point_028,train_normal_experiment_001,0.4,8196,341.46666666666664,0.698567173084311,1.0,1.0,0.0,1.0,1.0,0.0,1.4642151366385803e-20,1.0,1.0,0.0,1.0,1.0,0.0,1.4642151366385803e-20,300.736,296.0344407027818,1.3704950439194243,293.99,300.804,6.656000000000006,0.0004881407678221679,102.523,95.40183815275743,2.9834822874534574,91.647,102.566,10.789999999999992,0.0012265582955785707,92.434,85.4378335773548,3.0976424745693563,81.278,92.434,11.134,0.0012829468757787552,97.16,90.40470619814545,2.9804142351455467,86.819,97.181,10.213999999999999,0.0012262297920903195,97.23,90.42420949243534,2.9605238473733766,86.853,97.23,10.206000000000003,0.0012191154377084491,92.386,85.39664934114204,3.0148090212022405,81.609,92.407,10.670000000000002,0.0012426918402794664,90.033,82.93232357247437,2.9564606540278473,78.767,90.076,10.820000000000007,0.001210756288244933,72.303,71.33791837481698,0.37524042112330663,70.851,72.324,1.4099999999999966,0.00014936143489221166,70.76,70.7424479624207,0.029218820183238084,70.633,70.824,0.06300000000000239,6.714846194557566e-06,70.993,70.99104398487067,0.027259287225648226,70.865,71.077,0.08499999999999375,5.672611424346202e-06,0.141,0.14368502928257687,0.011214220545658887,0.01,0.261,-0.016000000000000014,-8.943859427584096e-07,0.184,0.18232637872132748,0.01379647492889744,0.126,0.212,0.008000000000000007,1.9875292867129016e-06,0.632,0.7117900805270864,0.08047047525001183,0.429,0.928,-0.03700000000000003,3.416912197372476e-06,2.096,1.9990811981454366,0.1678258142548018,1.404,2.394,0.2430000000000001,6.939549955716194e-07,698.816,698.784827659834,0.8738427058267061,695.729,700.485,-1.4180000000000064,-6.491598182999382e-05,3.899,4.071741337237676,0.4610053908891532,2.732,5.464,-0.007000000000000117,-0.00010449146192390082,105.0,105.0,0.0,105.0,105.0,0.0,8.715815790016868e-18,24.0,22.589037335285504,1.5740220613313394,21.000000000000004,27.0,1.5,0.0005676697125909526,18.0,14.725475841874085,1.2743394466956879,13.5,18.0,4.5,0.0004710739081546123,18.0,15.74661420204978,1.3303813043069819,13.5,18.0,3.0,0.000494592204247622,15.0,12.471266471449487,1.2696471215762224,10.500000000000002,15.0,4.499999999999998,0.00045319119767720564,0.0,0.0,0.0,0.0,0.0,0.0,0.0,1.0,1.0,0.0,1.0,1.0,0.0,1.4642151366385803e-20,1.0,1.0,0.0,1.0,1.0,0.0,1.4642151366385803e-20,1.0,1.0,0.0,1.0,1.0,0.0,1.4642151366385803e-20,1.0,1.0,0.0,1.0,1.0,0.0,1.4642151366385803e-20,0.0,1.4799902391410444,5.597430195409896,0.0,23.0,0.0,-2.5844469440726338e-05,3.927,3.7857177891654463,0.23360884171635093,3.073,4.28,0.08000000000000007,1.307289396405253e-06,1.963,1.8929570522205954,0.11684932367763892,1.537,2.14,0.040000000000000036,6.17359362584057e-07
batch_dist_ternary_butan-1-ol+propan-2-ol+water__operating_point_029__test_anormal_experiment_001,batch_dist_ternary_butan-1-ol+propan-2-ol+water,operating_point_029,test_anormal_experiment_001,0.1,768,127.95,0.6924970709609258,1.0,0.9986979166666666,0.036060891729495385,0.0,1.0,0.0,-8.251945922759515e-06,1.0,1.0,0.0,1.0,1.0,0.0,-7.134052083502624e-19,424.106,422.4600279947917,1.1759659815556693,420.32,424.223,3.738999999999976,0.0052497024332407586,90.555,90.124810546875,0.2535808554294377,89.57,90.598,0.9200000000000017,0.0011003671003313646,80.291,79.38429101562501,0.47158698951763034,78.597,80.313,1.6730000000000018,0.0021208273830135584,85.589,85.29363346354167,0.13222528798923833,85.081,85.632,0.2750000000000057,0.0005117151472242103,85.721,85.27763671874999,0.2825291701028852,84.91,85.764,0.7259999999999991,0.0012457169221741014,80.52,80.07780729166667,0.21342769614857848,79.752,80.542,0.5759999999999934,0.0009108782555317683,75.07,74.39152213541668,0.28824161058480646,73.796,75.07,1.2739999999999867,0.001049472773505765,65.829,65.8035703125,0.02145081896518668,65.724,65.85,0.04199999999998738,4.7127883068351696e-05,65.318,65.31942708333332,0.01659512967689854,65.297,65.382,0.0,1.547279597020589e-05,65.597,65.59345898437499,0.02011901302017408,65.534,65.639,0.021000000000000796,3.18303051826412e-05,0.217,0.21030924479166668,0.009102197848852791,0.143,0.275,0.024999999999999994,9.303287543466426e-06,0.445,0.4399368489583333,0.014892067728048037,0.383,0.464,0.05399999999999999,3.7479404573490206e-05,1.021,1.07182421875,0.05598261413445382,0.909,1.262,-0.05700000000000016,3.7809343332661316e-05,2.045,2.030880208333333,0.17351302589478673,1.613,2.511,0.06599999999999984,-0.00017743527507404816,549.085,549.2661354166667,0.5933465997134331,547.264,550.799,-0.03599999999994452,9.257038234327873e-05,3.899,4.018550130208333,0.39077259265031594,3.347,4.888,-0.0030000000000001137,-1.850510794128087e-05,210.0,210.0,0.0,210.0,210.0,0.0,-1.2908872916164382e-17,24.0,23.5810546875,0.672436147161407,22.5,24.0,0.0,-0.00022402443720406909,15.0,14.888671875,0.393189821948616,13.5,15.0,0.0,-0.0006029020040757931,15.0,14.826171875,0.48013120129708753,13.5,15.0,1.5,0.00045953272210476305,12.0,11.6181640625,0.6528574126166411,10.500000000000002,12.0,1.4999999999999982,0.0005648443738630054,0.0,0.0,0.0,0.0,0.0,0.0,0.0,1.0,1.0,0.0,1.0,1.0,0.0,-7.134052083502624e-19,1.0,1.0,0.0,1.0,1.0,0.0,-7.134052083502624e-19,1.0,1.0,0.0,1.0,1.0,0.0,-7.134052083502624e-19,1.0,1.0,0.0,1.0,1.0,0.0,-7.134052083502624e-19,0.0,3.0625,8.739055655504202,0.0,28.0,-28.0,0.0002277166200707672,8.137,7.690963541666666,0.3112225117111388,6.615,8.377,0.907,0.0004668563307339602,2.713,2.5635872395833332,0.10382377619716227,2.205,2.793,0.30299999999999994,0.00015819033315927228
batch_dist_ternary_butan-1-ol+propan-2-ol+water__operating_point_029__test_anormal_experiment_001,batch_dist_ternary_butan-1-ol+propan-2-ol+water,operating_point_029,test_anormal_experiment_001,0.2,1536,127.95,0.6924970709609258,1.0,0.9993489583333334,0.02550721096895799,0.0,1.0,0.0,2.400743654354351e-07,1.0,1.0,0.0,1.0,1.0,0.0,5.456243850418713e-20,384.022,406.1341988932292,20.067194855350923,373.199,424.317,-36.34500000000003,-0.039677024094293675,83.455,87.694990234375,3.202100237839668,82.579,90.726,-6.180000000000007,-0.006087741316129394,78.19,78.93901725260417,0.7868756889115347,77.954,80.463,-0.42799999999999727,-0.0009041697928764339,77.8,82.6533984375,3.4336750600114962,77.06,85.695,-7.513999999999996,-0.0067175116053604005,81.283,83.5296083984375,2.2539245328117037,79.748,85.85,-3.7120000000000033,-0.004021563319729769,77.47,79.47322656249999,1.0792065362214398,77.448,80.734,-2.4740000000000038,-0.0017260790879134581,69.871,72.52404752604167,2.5916696112193462,67.497,75.452,-3.9250000000000114,-0.0044261619334377625,63.625,64.74009244791667,1.208738995358925,62.996,65.85,-2.162000000000006,-0.002340299545256114,63.52,64.35753450520833,1.0859897684277235,62.505,65.382,-1.7979999999999947,-0.002032343924509253,63.779,64.61902506510417,1.1060635815107516,62.765,65.639,-1.79699999999999,-0.0020501655975024304,0.192,0.12191178385416668,0.09698390483651757,0.006,0.285,0.0,-0.00017436478889217962,0.326,0.510228515625,0.23886670330390503,0.004,1.398,-0.065,5.588727909184707e-05,0.673,0.8870823567708334,0.2268139213178067,0.401,1.416,-0.405,-0.00040203589270709067,4.74,1.8186230468749998,1.2693986759609222,-0.989,6.141,2.761,-0.0006316328027149009,509.943,526.2705384114583,25.591666973424527,482.242,550.799,-39.178,-0.04717541821120081,3.636,4.0131624348958335,0.3844545100881823,2.927,4.888,-0.266,-2.1092191172310296e-05,210.0,187.7490234375,25.94359866221966,157.5,210.0,0.0,-0.040912533756111334,16.5,18.84765625,7.040201550112819,0.0,34.5,-7.5,-0.007404660840155654,6.0,12.1787109375,5.31009098858653,0.0,28.5,-9.0,-0.003795508662280476,19.5,11.29052734375,6.240261406160888,0.0,30.0,6.0,-0.004116846130809205,3.0,9.95947265625,3.3735446971206815,0.0,13.5,-7.500000000000002,-0.00329989955619688,0.0,0.0,0.0,0.0,0.0,0.0,0.0,1.0,1.0,0.0,1.0,1.0,0.0,5.456243850418713e-20,1.0,1.0,0.0,1.0,1.0,0.0,5.456243850418713e-20,1.0,1.0,0.0,1.0,1.0,0.0,5.456243850418713e-20,1.0,1.0,0.0,1.0,1.0,0.0,5.456243850418713e-20,0.0,4.317708333333333,10.181585653272801,0.0,39.0,-28.0,0.0019964617343316534,7.133,8.594807942708334,3.404303979120346,0.0,21.4,-0.09700000000000042,0.0006219068686302491,2.378,1.397564453125,1.2601960038726214,0.0,2.793,-0.03200000000000003,-0.0022987146484702028
batch_dist_ternary_butan-1-ol+propan-2-ol+water__operating_point_029__test_anormal_experiment_001,batch_dist_ternary_butan-1-ol+propan-2-ol+water,operating_point_029,test_anormal_experiment_001,0.4,3072,127.95,0.6924970709609258,1.0,0.9996744791666666,0.01803925911783517,0.0,1.0,0.0,3.479007586267371e-07,1.0,1.0,0.0,1.0,1.0,0.0,2.7674167663748024e-19,428.556,413.1561526692708,17.173751949527297,373.199,428.603,8.188999999999965,0.00409787902341831,93.725,88.69354329427084,3.1704806330807616,82.579,93.768,4.089999999999989,0.0009837744421621177,84.176,80.29920524088543,1.834838692489412,77.954,84.198,5.558000000000007,0.0016471652044704986,88.791,83.83254817708332,3.337104060319024,77.06,88.833,3.477000000000004,0.001057539404775594,89.674,84.45028515624999,2.468478875816558,79.748,89.674,4.679000000000002,0.0010351462422135257,84.214,79.97717301432291,1.9171581360061865,76.255,84.214,4.269999999999996,0.0009370528979580839,78.129,74.10082519531251,2.6794564468312334,67.497,78.257,4.332999999999998,0.0013873971726222401,65.472,65.01365478515625,0.9433380807464938,62.996,65.85,-0.31500000000001194,4.5145702778998586e-05,65.107,64.70300227864584,0.8824874818340284,62.505,65.424,-0.21099999999999852,0.0001377358905393017,65.407,64.96979117838542,0.8988721907278996,62.765,65.682,-0.16899999999999693,0.00014416268908964082,0.228,0.16690527343750003,0.08400789144512223,0.006,0.285,0.036000000000000004,2.6088276331043366e-05,0.478,0.47277246093749997,0.17653228765313148,0.004,1.398,0.08699999999999997,-2.2329893052765228e-05,0.97,0.9424423828125,0.18498957142777142,0.401,1.416,-0.1080000000000001,1.647627072943829e-05,2.066,1.9656233723958332,0.9714224361188789,-0.989,6.141,0.08699999999999974,2.4254807254188217e-05,545.819,534.5309527994792,20.700346390862904,482.242,552.406,-3.302000000000021,0.0031643592843892685,3.64,4.006639973958333,0.3847203336546473,2.921,4.888,-0.262,-4.975926451318158e-06,210.0,198.87451171875,21.454874627212202,157.5,210.0,0.0,0.0057506707071313485,37.5,21.35791015625,8.6786333983988,0.0,39.0,13.5,0.0016341012461027783,31.5,13.8427734375,6.132513848097445,0.0,36.0,16.5,0.0013572758260131748,27.0,14.435791015625,6.694138480737777,0.0,30.0,13.5,0.0022895138342825653,9.0,11.560791015625,4.730805508685918,0.0,24.0,-1.5000000000000018,0.001295606898216477,0.0,0.0,0.0,0.0,0.0,0.0,0.0,1.0,1.0,0.0,1.0,1.0,0.0,2.7674167663748024e-19,1.0,1.0,0.0,1.0,1.0,0.0,2.7674167663748024e-19,1.0,1.0,0.0,1.0,1.0,0.0,2.7674167663748024e-19,1.0,1.0,0.0,1.0,1.0,0.0,2.7674167663748024e-19,0.0,2.890625,8.613278002172478,0.0,39.0,-28.0,-0.0011310582730302038,8.25,8.110738932291667,2.524170404831041,0.0,21.4,1.0199999999999996,-0.00027619797579392786,2.755,1.96971435546875,1.076770726279116,0.0,2.98,0.34499999999999975,0.00031087165194797163
batch_dist_ternary_butan-1-ol+propan-2-ol+water__operating_point_029__train_normal_experiment_001,batch_dist_ternary_butan-1-ol+propan-2-ol+water,operating_point_029,train_normal_experiment_001,0.1,740,123.21666666666668,0.7360743665816829,1.0,1.0,0.0,1.0,1.0,0.0,-1.9204529812009486e-18,1.0,1.0,0.0,1.0,1.0,0.0,-1.9204529812009486e-18,423.847,422.4896783783784,0.8308024246816031,420.696,423.847,3.127999999999986,0.003847934064791651,88.993,88.99339594594596,0.06551365638364065,88.757,89.142,0.23599999999999,4.6895466958109994e-05,78.404,77.85104391891893,0.32492281167086706,77.268,78.425,1.1359999999999957,0.0015163978568258785,83.894,83.87248108108109,0.06485878876384026,83.725,84.043,-0.10599999999999454,-0.00014597809118871663,83.992,83.85726216216217,0.07608436054570925,83.715,84.035,0.17100000000000648,0.00011635243741928962,78.749,78.5859804054054,0.09367626084436516,78.451,78.792,0.08499999999999375,0.00024558245003013484,74.539,74.06823445945946,0.26415400547756757,73.52,74.56,0.9980000000000047,0.0012144559939623472,66.858,67.12017364864865,0.19003858760414677,66.795,67.467,-0.6089999999999947,-0.0008812318794336456,65.805,66.15966824324325,0.2445678256769955,65.762,66.651,-0.8039999999999878,-0.0011374712621383704,65.808,66.10042027027028,0.1991828502465995,65.808,66.485,-0.6559999999999917,-0.0009210849396947217,0.218,0.2050310810810811,0.009716994386760998,0.169,0.225,0.035,2.5104960657983672e-05,0.46,0.4396256756756756,0.02207143844006849,0.371,0.475,0.07700000000000001,7.371517123671514e-05,1.058,1.0004087837837838,0.059422810399863406,0.814,1.198,0.14200000000000002,2.257587335929186e-05,2.206,2.0208155405405406,0.17866345975908504,1.403,2.501,0.8,3.7118064249320666e-05,549.399,548.6095675675675,0.9674878448301454,545.182,550.835,2.062999999999988,-0.0003341901449590756,3.643,4.132286486486487,0.42545908553706274,3.552,4.888,-0.6150000000000002,-8.9795003376661e-05,210.0,210.0,0.0,210.0,210.0,0.0,-9.18774913164462e-17,22.5,22.83445945945946,0.6243605201862746,22.5,24.0,-1.5,-0.002099442662792819,13.5,13.954054054054055,0.6891414927851603,13.5,15.0,-1.5,-0.0010698990971051388,15.0,14.049324324324324,0.722654324827653,13.5,15.0,1.5,6.274319001329888e-05,12.0,10.741216216216216,0.5510345373555593,10.500000000000002,12.0,1.4999999999999982,0.0005053436468577695,0.0,0.0,0.0,0.0,0.0,0.0,0.0,1.0,1.0,0.0,1.0,1.0,0.0,-1.9204529812009486e-18,1.0,1.0,0.0,1.0,1.0,0.0,-1.9204529812009486e-18,1.0,1.0,0.0,1.0,1.0,0.0,-1.9204529812009486e-18,1.0,1.0,0.0,1.0,1.0,0.0,-1.9204529812009486e-18,0.0,2.279054054054054,7.852923826110869,0.0,30.0,0.0,-0.0009962730174965782,8.19,7.768800000000001,0.374501343049589,6.57,8.573,1.5219999999999994,0.0009914027097062534,2.73,2.5890047297297296,0.12401715625346851,2.19,2.858,0.5070000000000001,0.00033021945235818696
batch_dist_ternary_butan-1-ol+propan-2-ol+water__operating_point_029__train_normal_experiment_001,batch_dist_ternary_butan-1-ol+propan-2-ol+water,operating_point_029,train_normal_experiment_001,0.2,1479,123.21666666666668,0.7360743665816829,1.0,0.9993238674780257,0.025993756303909515,0.0,1.0,0.0,-1.6246171485846501e-06,1.0,1.0,0.0,1.0,1.0,0.0,-6.941462120599103e-19,424.553,423.5268766058147,1.2035501968014461,420.696,424.882,3.834000000000003,0.002679415967197017,89.613,89.1455652467884,0.23145390990329706,88.757,89.699,0.8559999999999945,0.0004477573013372626,79.648,78.43501926977687,0.6738307285294187,77.268,79.648,2.3799999999999955,0.0015767497516152946,84.699,84.08282792427316,0.27446840555928254,83.725,84.72,0.6989999999999981,0.0005460358525556679,84.761,84.07845300878972,0.28333557607684656,83.715,84.782,0.9399999999999977,0.0006010759416528695,79.667,78.8937876943881,0.37237510381586814,78.451,79.667,1.0030000000000001,0.0008159750162072146,75.282,74.51223766058148,0.5150664905267014,73.52,75.409,1.7409999999999997,0.0012012588464668402,66.165,66.80427890466531,0.3691654955225347,66.123,67.467,-1.3019999999999925,-0.0008625248505222768,65.424,65.86035023664638,0.35453068243139635,65.339,66.651,-1.184999999999988,-0.0008124627886634985,65.597,65.90106288032455,0.2481865426258805,65.555,66.485,-0.8670000000000044,-0.000553747886050413,0.22,0.20925895875591619,0.009415465633789498,0.169,0.233,0.037000000000000005,1.2416514893547842e-05,0.482,0.45208722109533467,0.021795049224745084,0.371,0.504,0.09899999999999998,3.691638132627917e-05,0.969,1.010631845841785,0.058733815776431594,0.814,1.198,0.052999999999999936,2.222645026568377e-05,1.843,2.0150412440838403,0.17047104922381737,1.403,2.501,0.43700000000000006,1.0222569582017042e-06,546.178,548.5840432724815,0.9812400081033911,545.182,551.149,-1.1580000000000155,-0.0001065004863838768,3.902,4.118935767410412,0.42541038762890127,3.339,4.897,-0.35599999999999987,-3.3248418650338406e-05,210.0,210.0,0.0,210.0,210.0,0.0,-2.1786077845191484e-16,24.0,23.053752535496958,0.7238694168675225,22.5,24.0,0.0,0.0002634995484825393,13.5,13.885395537525355,0.6554110053573827,13.5,15.0,-1.5,-0.0002187057379919861,15.0,14.295131845841786,0.7486408461277766,13.5,15.0,1.5,0.0005486142943015394,12.0,11.064908722109534,0.7268020492877499,10.500000000000002,12.0,1.4999999999999982,0.0007461054254868493,0.0,0.0,0.0,0.0,0.0,0.0,0.0,1.0,1.0,0.0,1.0,1.0,0.0,-6.941462120599103e-19,1.0,1.0,0.0,1.0,1.0,0.0,-6.941462120599103e-19,1.0,1.0,0.0,1.0,1.0,0.0,-6.941462120599103e-19,1.0,1.0,0.0,1.0,1.0,0.0,-6.941462120599103e-19,0.0,2.215348208248817,7.797282062985695,0.0,30.0,0.0,-0.00014048301870780083,8.13,7.901141987829615,0.34808850885222675,6.57,8.67,1.4620000000000006,0.0004172817870254479,2.71,2.6332934415145366,0.11558544324400856,2.19,2.892,0.4870000000000001,0.00013931161039692737
batch_dist_ternary_butan-1-ol+propan-2-ol+water__operating_point_029__train_normal_experiment_001,batch_dist_ternary_butan-1-ol+propan-2-ol+water,operating_point_029,train_normal_experiment_001,0.4,2958,123.21666666666668,0.7360743665816829,1.0,0.9996619337390128,0.018383470080219774,0.0,1.0,0.0,1.3978935569531548e-07,1.0,1.0,0.0,1.0,1.0,0.0,3.0318894100731893e-19,427.566,424.5528902974983,1.3915810469487668,420.696,427.566,6.84699999999998,0.0015318920116591441,92.418,90.01754344151453,1.0166622738465327,88.757,92.418,3.6610000000000014,0.0011424793977248117,82.48,79.6955104800541,1.4695310744685324,77.268,82.545,5.212000000000003,0.001717288514101942,87.54,84.96987373225153,1.0522886775093607,83.725,87.54,3.5400000000000063,0.0011846974979403885,87.516,85.02613167680865,1.113438910337113,83.715,87.516,3.6950000000000074,0.0012627087164645992,82.377,79.88999019607844,1.1534350359200087,78.451,82.377,3.712999999999994,0.0013260761560276253,77.98,75.52675033806626,1.1917587952218898,73.52,78.023,4.439000000000007,0.001388155069933707,66.102,66.42243103448276,0.46404825751704815,65.913,67.467,-1.3649999999999949,-0.0005055721992607975,65.339,65.60116954022989,0.36169690140689315,65.212,66.651,-1.269999999999996,-0.0003717908299999789,65.618,65.74238793103449,0.23751492149072095,65.491,66.485,-0.8460000000000036,-0.00023339902383663296,0.236,0.2144526707234618,0.009872306316930672,0.169,0.237,0.05299999999999999,7.636898360554356e-06,0.499,0.46105324543610554,0.020988408886513904,0.371,0.511,0.11599999999999999,1.4353096616670356e-05,1.066,1.0206100405679512,0.06417802275228816,0.808,1.232,0.15000000000000002,1.3229291271775206e-05,2.422,2.008548681541582,0.17608115079876854,1.403,2.501,1.0160000000000002,-4.885262428036876e-06,549.121,548.464498816768,1.078425369290066,544.787,551.643,1.7849999999999682,-0.00013162825478460239,4.554,4.105347025016903,0.4225789633108431,3.339,4.897,0.29600000000000026,-1.7997791800634604e-05,210.0,210.0,0.0,210.0,210.0,0.0,-1.6898374508160002e-18,24.0,23.501267748478703,0.9098212802425281,22.5,25.500000000000004,0.0,0.0006377845886732262,15.0,14.136663286004056,0.7412588124189798,13.5,15.0,0.0,0.0003265053374002084,15.0,14.770030425963489,0.8982414073338574,13.5,16.5,1.5,0.0006960002483604794,12.0,11.536257606490873,0.8280952082967308,10.500000000000002,13.5,1.4999999999999982,0.0006822817660930383,0.0,0.0,0.0,0.0,0.0,0.0,0.0,1.0,1.0,0.0,1.0,1.0,0.0,3.0318894100731893e-19,1.0,1.0,0.0,1.0,1.0,0.0,3.0318894100731893e-19,1.0,1.0,0.0,1.0,1.0,0.0,3.0318894100731893e-19,1.0,1.0,0.0,1.0,1.0,0.0,3.0318894100731893e-19,0.0,2.126943881000676,7.660202081797211,0.0,30.0,0.0,-7.504752677556054e-05,8.715,8.043623732251522,0.35677244899667043,6.57,9.0,2.0469999999999997,0.00021006493403580845,2.905,2.6806399594320482,0.11857378111346535,2.19,3.0,0.6819999999999999,7.008352468944749e-05
batch_dist_ternary_butan-1-ol+propan-2-ol+water__operating_point_030__test_anormal_experiment_001,batch_dist_ternary_butan-1-ol+propan-2-ol+water,operating_point_030,test_anormal_experiment_001,0.1,544,90.5,0.4914092846637076,1.0,1.0,0.0,1.0,1.0,0.0,-1.508970251190127e-18,1.0,1.0,0.0,1.0,1.0,0.0,-1.508970251190127e-18,355.714,354.20832904411765,0.9853131981920464,352.404,355.76,3.2409999999999854,0.006252311392903347,88.757,88.18846231617647,0.311598924363498,87.666,88.8,1.0480000000000018,0.001967109946391147,78.49,77.7277306985294,0.43533823859201093,76.989,78.511,1.4789999999999992,0.002769348439740808,83.746,83.29849816176471,0.25904459110439704,82.856,83.831,0.867999999999995,0.0016356743059634323,83.864,83.33335753676471,0.27569721846026424,82.904,83.886,0.9170000000000016,0.0017338022297723101,78.728,78.15980330882353,0.33222097274509643,77.683,78.749,0.9809999999999945,0.0020919164606892767,73.477,73.05410110294117,0.18822367667755965,72.756,73.477,0.7000000000000028,0.00116437891518298,68.686,68.90621783088235,0.1407540416894401,68.665,69.17,-0.4409999999999883,-0.0008855522662966471,68.07,68.37255514705882,0.20371073622759842,68.049,68.748,-0.6560000000000059,-0.0012908370553352025,67.923,68.14957720588235,0.1573856334149608,67.923,68.474,-0.5510000000000019,-0.0009818192389228553,0.329,0.3286038602941176,0.0032674536692174055,0.319,0.335,0.010000000000000009,9.398284251609554e-06,0.512,0.5000137867647059,0.00918490075269645,0.473,0.513,0.039000000000000035,5.454696058057198e-05,0.887,0.8717325367647059,0.0468639856490863,0.705,0.98,0.08899999999999997,1.6537819065991024e-05,1.97,2.037157169117647,0.06538554087836769,1.834,2.26,-0.2470000000000001,-0.00013785411815392723,598.798,599.2051185661765,0.6329408660327367,597.775,600.539,-0.42200000000002547,8.764585501220063e-05,4.878,5.1043207720588235,0.43205092138286927,4.444,5.952,-0.08199999999999985,1.4150321413983807e-05,157.5,157.5,0.0,157.5,157.5,0.0,-8.92385053228349e-17,22.5,21.660386029411764,0.743932341629578,21.000000000000004,22.5,1.4999999999999964,0.0005949643403410136,13.5,12.941636029411764,0.7243905195944741,12.0,13.5,1.5,0.0008568213260264779,13.5,13.384191176470589,0.4003767621713968,12.0,13.5,0.0,0.0003065806382363432,10.500000000000002,10.392463235294118,0.3869638113511593,9.0,10.500000000000002,1.5000000000000018,0.0003412973735289461,100.0,100.0,0.0,100.0,100.0,0.0,-6.042842217613064e-17,1.0,1.0,0.0,1.0,1.0,0.0,-1.508970251190127e-18,1.0,1.0,0.0,1.0,1.0,0.0,-1.508970251190127e-18,1.0,1.0,0.0,1.0,1.0,0.0,-1.508970251190127e-18,1.0,1.0,0.0,1.0,1.0,0.0,-1.508970251190127e-18,0.0,3.704044117647059,9.070531542784131,0.0,26.0,0.0,-0.0009074801799679795,8.633,8.53497518382353,0.13455936678397545,8.18,8.84,0.26599999999999824,0.0006620729077529837,4.317,4.267818933823529,0.06731485931718702,4.09,4.42,0.13400000000000034,0.0003318366997820491
batch_dist_ternary_butan-1-ol+propan-2-ol+water__operating_point_030__test_anormal_experiment_001,batch_dist_ternary_butan-1-ol+propan-2-ol+water,operating_point_030,test_anormal_experiment_001,0.2,1087,90.5,0.4914092846637076,1.0,1.0,0.0,1.0,1.0,0.0,-8.621323282127103e-20,1.0,1.0,0.0,1.0,1.0,0.0,-8.621323282127103e-20,357.67,355.45106669733207,1.475315628498912,352.404,357.693,5.197000000000003,0.004641441109499199,90.255,88.82633900643975,0.7388808454032958,87.666,90.277,2.5459999999999923,0.002344514040164709,80.184,78.52326172953082,0.9210319583218501,76.989,80.184,3.173000000000002,0.0029332275209966218,85.081,83.81546412143514,0.6077239927258291,82.856,85.144,2.203000000000003,0.0019212998361362085,85.252,83.93234222631095,0.6916442664728838,82.904,85.273,2.3049999999999926,0.002191218981887415,80.029,78.72204967801288,0.6600191717667843,77.683,80.093,2.2819999999999965,0.002095467045390251,74.008,73.46871987120517,0.4737577810414466,72.756,74.369,1.2309999999999945,0.001493900651635605,68.329,68.72840938362464,0.21346918347773758,68.329,69.17,-0.7980000000000018,-0.0006706532953338954,67.646,68.09619457221712,0.32260009835274395,67.625,68.748,-1.0799999999999983,-0.0010153583980950758,67.775,67.98629760809567,0.20122659622961597,67.712,68.474,-0.6989999999999981,-0.0006111716256081485,0.327,0.33272033118675254,0.012781961785439179,0.319,0.438,0.008000000000000007,1.7338457623541026e-05,0.508,0.5118551057957681,0.04420092879053074,0.201,1.2,0.03500000000000003,4.788284947315143e-05,0.767,0.8786251149954001,0.04775270728209726,0.693,0.98,-0.031000000000000028,2.22305785214161e-05,1.7,2.025017019319227,0.2733414583231341,1.45,5.31,-0.5170000000000001,-6.701117294112275e-05,599.821,599.1709323827046,0.6690800930463288,597.398,600.701,0.6009999999999991,-0.00015968620700265116,4.554,5.092211591536339,0.42478081834928166,4.444,5.952,-0.4059999999999997,-4.24131261512622e-05,157.5,157.5,0.0,157.5,157.5,0.0,3.0694987284445454e-17,22.5,21.966651333946643,0.7176661620825592,21.000000000000004,22.5,1.4999999999999964,0.0010722097115465508,13.5,13.128794848206072,0.6465133443099865,12.0,13.5,1.5,0.0007238810016985012,15.0,13.658693652253909,0.6218760714108373,12.0,15.0,1.5,0.0011292636123609178,12.0,10.66214351425943,0.6147038431067793,9.0,12.0,3.0,0.0011815945545473562,100.0,100.0,0.0,100.0,100.0,0.0,5.823222617968071e-17,1.0,1.0,0.0,1.0,1.0,0.0,-8.621323282127103e-20,1.0,1.0,0.0,1.0,1.0,0.0,-8.621323282127103e-20,1.0,1.0,0.0,1.0,1.0,0.0,-8.621323282127103e-20,1.0,1.0,0.0,1.0,1.0,0.0,-8.621323282127103e-20,0.0,3.5639374425023,8.924672310448852,0.0,26.0,0.0,-0.0006803022484235508,8.54,8.695471481140755,0.4370919262495733,8.18,13.647,0.17299999999999827,0.0006380142362960084,4.27,4.348093376264949,0.21854184699724863,4.09,6.823,0.08699999999999974,0.0003191198268140098
batch_dist_ternary_butan-1-ol+propan-2-ol+water__operating_point_030__test_anormal_experiment_001,batch_dist_ternary_butan-1-ol+propan-2-ol+water,operating_point_030,test_anormal_experiment_001,0.4,2173,90.5,0.4914092846637076,1.0,1.0,0.0,1.0,1.0,0.0,4.2344437142716807e-19,1.0,1.0,0.0,1.0,1.0,0.0,4.2344437142716807e-19,361.885,357.64731109065804,2.568455536402585,352.404,361.885,9.411999999999978,0.00407676164773564,95.14,90.59012241141279,2.1074871148968652,87.666,95.14,7.430999999999997,0.0033044409450406174,85.465,80.54932834790613,2.385049724424395,76.989,85.487,8.454000000000008,0.0037692765040362635,89.831,85.5464608835711,2.0391336985989095,82.856,89.894,6.953000000000003,0.0031844266606338863,90.038,85.62152600092038,2.008715167558974,82.904,90.081,7.090999999999994,0.0031503721759685967,85.026,80.50497653014267,2.1049192007849062,77.683,85.069,7.278999999999996,0.0032932473978725557,78.257,74.7774183156926,1.5437007905712865,72.756,78.257,5.480000000000004,0.0024107061999641866,68.161,68.5036893695352,0.27877715669426695,68.119,69.17,-0.965999999999994,-0.00042896993646764396,67.456,67.82407432121492,0.3573080327341993,67.435,68.748,-1.269999999999996,-0.0005227074376000239,67.733,67.86064450069028,0.19087890442871136,67.67,68.474,-0.7409999999999997,-0.00025814123389735497,0.343,0.33595766221813167,0.01015048086619711,0.318,0.438,0.02400000000000002,7.5811321255264146e-06,0.521,0.5176375977910723,0.03244438306944322,0.201,1.2,0.04800000000000004,1.598260432113303e-05,0.893,0.8959261389783709,0.04778084988653344,0.693,1.014,0.09499999999999997,2.818419071237349e-05,2.012,2.0144049700874365,0.2011596730162603,1.45,5.31,-0.20500000000000007,-2.3714354683014614e-05,599.157,599.160839392545,0.6622144702269819,597.398,600.701,-0.06299999999998818,-5.2856752586649416e-05,4.869,5.102079153244362,0.42525990097870164,4.44,5.952,-0.09100000000000019,1.2111364912193115e-05,157.5,157.5,0.0,157.5,157.5,0.0,1.2118489112808267e-16,24.0,22.746088357109986,1.0529507878947733,21.000000000000004,24.0,2.9999999999999964,0.0014282210999458091,16.5,13.95041417395306,1.1996115775806564,12.0,16.5,4.5,0.0015906153765875488,18.0,14.696617579383341,1.287271332073582,12.0,18.0,4.5,0.001878340848039704,13.5,11.585135757017948,1.2177973229614572,9.0,13.5,4.5,0.001753242969517706,100.0,100.0,0.0,100.0,100.0,0.0,1.3494709294491037e-17,1.0,1.0,0.0,1.0,1.0,0.0,4.2344437142716807e-19,1.0,1.0,0.0,1.0,1.0,0.0,4.2344437142716807e-19,1.0,1.0,0.0,1.0,1.0,0.0,4.2344437142716807e-19,1.0,1.0,0.0,1.0,1.0,0.0,4.2344437142716807e-19,0.0,3.2305568338702253,8.558439668869779,0.0,26.0,0.0,-0.0006123692984665239,9.073,8.813619880349746,0.3448430717620371,8.18,13.647,0.7059999999999995,0.0002643640629145101,4.537,4.407070409572021,0.17239845944984256,4.09,6.823,0.3540000000000001,0.00013208278285990375
batch_dist_ternary_butan-1-ol+propan-2-ol+water__operating_point_030__test_anormal_experiment_002,batch_dist_ternary_butan-1-ol+propan-2-ol+water,operating_point_030,test_anormal_experiment_002,0.1,614,102.3,0.7482780850605174,1.0,1.0,0.0,1.0,1.0,0.0,-9.791922566516414e-20,1.0,1.0,0.0,1.0,1.0,0.0,-9.791922566516414e-20,357.256,356.2295008143322,0.6689173465610528,355.002,357.348,2.2539999999999623,0.0037601187869461946,87.966,87.71782247557003,0.10806050113372595,87.538,87.987,0.29999999999999716,0.00048141360276048083,77.461,77.08966368078177,0.2174643809992553,76.732,77.461,0.7289999999999992,0.0012228107769597834,82.899,82.95071009771988,0.08920769964828085,82.814,83.216,-0.2330000000000041,-0.00046064518520441233,83.117,82.8888338762215,0.09513845178871382,82.776,83.139,0.2560000000000002,0.0004661180370590822,77.875,77.73490716612379,0.0807841930355944,77.576,77.875,0.06399999999999295,-6.518540906344492e-05,72.522,72.1370513029316,0.22924203506692392,71.546,72.522,0.9759999999999991,0.0012518530926870176,68.119,68.19550977198698,0.04492811742247071,68.098,68.266,-0.12600000000000477,-0.00023438266079183547,67.477,67.59039413680782,0.07525645750093429,67.456,67.752,-0.2539999999999907,-0.00040826539617036105,67.648,67.72879723127036,0.06095979084467154,67.606,67.86,-0.2120000000000033,-0.0003293682689524692,0.333,0.3263485342019544,0.0066342210342221035,0.305,0.34,0.02200000000000002,2.2688599581820777e-05,0.52,0.5090350162866449,0.01234964934750172,0.477,0.528,0.03300000000000003,5.4102416188224276e-05,0.761,0.7853550488599348,0.0629317154801236,0.503,0.968,-0.06599999999999995,5.415714781726135e-05,2.118,1.9984039087947882,0.09223768449363515,1.595,2.205,0.4979999999999998,0.00010525049084149323,600.126,599.1706530944625,0.5994373822670356,597.623,600.306,1.7759999999999536,-0.00016452397674321826,4.883,5.148901465798046,0.41324889631709566,4.44,5.865,0.3330000000000002,5.2593440680600195e-05,157.5,157.5,0.0,157.5,157.5,0.0,1.4902849475773453e-16,25.500000000000004,25.634364820846905,0.4283612099491928,25.500000000000004,27.0,0.0,-0.0004593024393612972,13.5,13.5,0.0,13.5,13.5,0.0,9.91960866122774e-18,13.5,13.5,0.0,13.5,13.5,0.0,9.91960866122774e-18,10.500000000000002,10.238599348534201,0.5690085031104142,9.0,10.500000000000002,0.0,0.00164229880099758,100.0,100.0,0.0,100.0,100.0,0.0,2.6007096920509106e-18,1.0,1.0,0.0,1.0,1.0,0.0,-9.791922566516414e-20,1.0,1.0,0.0,1.0,1.0,0.0,-9.791922566516414e-20,1.0,1.0,0.0,1.0,1.0,0.0,-9.791922566516414e-20,1.0,1.0,0.0,1.0,1.0,0.0,-9.791922566516414e-20,0.0,2.3745928338762217,7.646915416555991,0.0,27.0,0.0,-0.00011477700846480319,8.873,8.719768729641695,0.16008364395294306,8.207,9.06,0.5199999999999996,0.0005795049943421536,4.437,4.359932410423453,0.07983485545176486,4.103,4.53,0.2600000000000007,0.000288965595539876
batch_dist_ternary_butan-1-ol+propan-2-ol+water__operating_point_030__test_anormal_experiment_002,batch_dist_ternary_butan-1-ol+propan-2-ol+water,operating_point_030,test_anormal_experiment_002,0.2,1228,102.3,0.7482780850605174,1.0,1.0,0.0,1.0,1.0,0.0,-3.353729669492795e-19,1.0,1.0,0.0,1.0,1.0,0.0,-3.353729669492795e-19,358.407,357.08111034201954,0.9977205148804131,355.002,358.545,3.4049999999999727,0.002759934960018825,88.607,88.03117548859936,0.3516773985001083,87.538,88.714,0.9410000000000025,0.0009615961880189709,78.34,77.49077239413681,0.46422702481143596,76.732,78.34,1.608000000000004,0.0013079182185244548,83.365,82.98146009771988,0.14154695743904686,82.814,83.428,0.23299999999998988,0.0001311039067023172,83.544,83.11660871335505,0.2568802870411263,82.776,83.629,0.6829999999999927,0.0007055063781175918,78.152,77.86207288273616,0.15511069449400505,77.576,78.259,0.340999999999994,0.0003681863088810278,73.053,72.43886889250815,0.35916040167318536,71.546,73.074,1.5069999999999908,0.000993307636303501,68.035,68.14300977198698,0.0647853407556161,68.014,68.266,-0.21000000000000796,-0.00017552781491038635,67.413,67.51231636807817,0.09615610543898605,67.371,67.752,-0.31799999999999784,-0.000254940695844789,67.627,67.67735993485341,0.06803768181844111,67.585,67.86,-0.2330000000000041,-0.0001738655150902971,0.331,0.33047312703583065,0.0067152176100732,0.305,0.341,0.020000000000000018,1.3603138299922148e-05,0.519,0.5148680781758957,0.010842563335955869,0.477,0.53,0.03200000000000003,2.1957228321426832e-05,0.787,0.7885651465798045,0.06206151584845863,0.503,0.989,-0.039999999999999925,1.589126706754551e-05,1.91,2.0031681596091206,0.07746761183606762,1.595,2.205,0.2899999999999998,2.250670627986028e-05,598.296,599.2301302931596,0.5619882794727449,597.623,600.396,-0.053999999999973625,0.0001155010299028886,4.878,5.145288273615636,0.4044984945909386,4.44,5.964,0.3280000000000003,-8.466310374376654e-07,157.5,157.5,0.0,157.5,157.5,0.0,3.20029487371813e-18,24.0,25.313110749185668,0.6685458214826531,24.0,27.0,-1.5000000000000036,-0.0011122159657832,13.5,13.345480456026058,0.45546126575346274,12.0,13.5,0.0,-0.000427168790109465,13.5,13.73330618892508,0.5436244159315109,13.5,15.0,0.0,0.0007700726829532974,12.0,10.42915309446254,0.5299163470476022,9.0,12.0,1.4999999999999982,0.0008021057858416255,100.0,100.0,0.0,100.0,100.0,0.0,-4.302716439601069e-18,1.0,1.0,0.0,1.0,1.0,0.0,-3.353729669492795e-19,1.0,1.0,0.0,1.0,1.0,0.0,-3.353729669492795e-19,1.0,1.0,0.0,1.0,1.0,0.0,-3.353729669492795e-19,1.0,1.0,0.0,1.0,1.0,0.0,-3.353729669492795e-19,0.0,2.4405537459283386,7.722811952201464,0.0,27.0,0.0,0.0001945606394818909,8.787,8.80291490228013,0.15309794494694376,8.207,9.1,0.43400000000000105,0.0002963630668332243,4.393,4.401490228013029,0.07642678354654528,4.103,4.55,0.2160000000000002,0.00014803451859820823
batch_dist_ternary_butan-1-ol+propan-2-ol+water__operating_point_030__test_anormal_experiment_002,batch_dist_ternary_butan-1-ol+propan-2-ol+water,operating_point_030,test_anormal_experiment_002,0.4,2456,102.3,0.7482780850605174,1.0,1.0,0.0,1.0,1.0,0.0,4.0974382794678945e-19,1.0,1.0,0.0,1.0,1.0,0.0,4.0974382794678945e-19,360.341,358.2972062296417,1.468808885962764,355.002,360.433,5.338999999999999,0.002038875456109791,87.709,87.64071966612379,1.3108891013547028,84.224,89.314,0.043000000000006366,-0.0007363534641026257,80.527,78.4341815960912,1.0958585880464558,76.732,80.527,3.7950000000000017,0.001540324910970841,83.577,82.83502239413681,0.8877935031652047,80.295,84.148,0.4449999999999932,-0.00037142315036360125,83.821,82.99532878664495,0.9255996838467967,80.11,84.248,0.9599999999999937,-0.00024121203595002324,78.984,77.93279845276874,0.6923211407898616,75.914,79.048,1.1729999999999876,3.500237089078119e-05,74.369,73.08069686482085,0.7846629929118506,71.546,75.516,2.8229999999999933,0.0010188519704443441,68.056,68.10697373778503,0.08297979880553896,67.888,68.329,-0.18900000000000716,-7.041971812678672e-05,67.329,67.44728623778502,0.09664316411695438,67.308,67.752,-0.402000000000001,-0.00011604418868194744,67.606,67.64002972312703,0.062368930416970586,67.521,67.86,-0.2540000000000049,-6.83408012806345e-05,0.341,0.33139311889250817,0.04673633591926632,0.004,0.438,0.030000000000000027,4.52498437813946e-06,0.516,0.5137589576547232,0.08442168614993933,0.005,0.729,0.029000000000000026,3.5104925208218435e-06,0.751,0.7984564332247557,0.06375827799085816,0.503,1.033,-0.07599999999999996,1.6068906065058416e-05,2.08,2.283531962540717,0.9299172597779635,1.122,5.921,0.45999999999999996,0.0003345137575693104,598.691,599.1432420602606,0.7606847868928693,596.761,602.765,0.3410000000000082,-9.799620084790942e-05,4.558,5.127254682410424,0.4118219248899876,4.44,5.964,0.008000000000000007,-2.569055011703238e-05,157.5,157.5,0.0,157.5,157.5,0.0,-3.0190600981544113e-17,21.000000000000004,22.345175081433226,5.981847381568869,0.0,27.0,-4.5,-0.0041382762437480155,15.0,12.893526058631922,3.187735560966426,0.0,16.5,1.5,-0.000336173663558446,16.5,13.50946661237785,3.4619171978187198,0.0,16.5,3.0,0.00018203326556617965,12.0,10.397394136807817,2.69805985928135,0.0,13.5,1.4999999999999982,0.0003154488735334836,100.0,100.0,0.0,100.0,100.0,0.0,4.4066213205712665e-17,1.0,1.0,0.0,1.0,1.0,0.0,4.0974382794678945e-19,1.0,1.0,0.0,1.0,1.0,0.0,4.0974382794678945e-19,1.0,1.0,0.0,1.0,1.0,0.0,4.0974382794678945e-19,1.0,1.0,0.0,1.0,1.0,0.0,4.0974382794678945e-19,0.0,2.1056596091205213,7.21521847056242,0.0,28.0,0.0,-0.000580988916135563,8.933,8.834188110749185,1.1694320858159504,0.0,11.92,0.5800000000000001,0.00010196279933604038,4.467,4.417120114006515,0.5846609041039166,0.0,5.96,0.29000000000000004,5.0938174319629755e-05
batch_dist_ternary_butan-1-ol+propan-2-ol+water__operating_point_030__train_normal_experiment_001,batch_dist_ternary_butan-1-ol+propan-2-ol+water,operating_point_030,train_normal_experiment_001,0.1,559,93.15,0.8727910974666653,1.0,1.0,0.0,1.0,1.0,0.0,4.323926446302792e-19,1.0,1.0,0.0,1.0,1.0,0.0,4.323926446302792e-19,355.4385070800781,354.05860764396,0.8461189467552466,352.4501342773437,355.4844665527344,2.988372802734432,0.005235270471065134,89.72021484375,89.52121465747813,0.1302756731154817,89.16375732421875,89.76302337646484,0.5350570678710938,0.0007034936654915301,79.02583312988281,78.50372906788944,0.30200898069258564,78.01811981201172,79.02583312988281,1.0077133178710938,0.0018684512009749475,84.52976989746094,84.2511583372604,0.10764425756417484,84.0636978149414,84.52976989746094,0.3601531982421875,0.0006247695020680915,84.52584075927734,84.32670578248599,0.10884766425706778,84.16297149658203,84.56854248046875,0.2134552001953125,0.0005764436556570956,79.36795806884766,79.05435766175736,0.1312119761368841,78.83464813232422,79.3892822265625,0.36266326904296875,0.0007148995981559092,75.17575073242188,74.74115840522889,0.28285363907342814,74.28388214111328,75.21822357177734,0.8918685913085938,0.0017305519192665527,67.74057006835938,67.76678559605251,0.029545125144101677,67.69854736328125,67.8246078491211,0.042022705078125,9.325659270567357e-05,67.28643035888672,67.28658046278842,0.027621789263580058,67.20174407958984,67.32877349853516,0.0,-8.842604409178708e-05,67.47915649414062,67.48216682939069,0.017677837517734645,67.43685913085938,67.5214614868164,0.0,-4.1679485221069763e-05,0.322275310754776,0.3055984281363342,0.0072293530436081865,0.2863771915435791,0.3227240443229675,0.03257754445075989,3.148900461581212e-05,0.5256543159484863,0.5052303803254965,0.011123242704724288,0.4782834351062774,0.5261028409004211,0.04503819346427923,6.164904769603098e-05,0.7791023254394531,0.7991177707324087,0.056802479141340075,0.6313953399658203,0.928985595703125,-0.031497955322265625,2.9371080492142035e-05,1.970014572143555,2.0339780118256434,0.07177033062874713,1.7927379608154297,2.197317123413086,0.010879516601562944,5.383857114984838e-05,599.076416015625,598.9160100564974,0.7740381590558776,597.1112060546875,600.6109008789062,-0.44873046875,-0.00036026485103043103,6.375227928161621,6.660318144318882,0.39289202156753505,5.752636909484863,7.299270153045654,-0.45404052734375,6.74467031083769e-05,157.5,157.5,0.0,157.5,157.5,0.0,-3.1390214066934565e-17,22.5,21.928443649373882,0.7284626716573256,21.000000000000004,22.5,0.0,-0.002059821273999834,15.0,14.283542039355993,0.7492495789760852,13.5,15.0,1.5,-0.0005830441126765373,13.5,14.844364937388193,0.45741701018166037,13.5,15.0,0.0,0.0004038440928913373,10.500000000000002,11.254025044722718,0.7499891992655485,10.500000000000002,12.0,0.0,0.0020341623867505348,100.0,100.0,0.0,100.0,100.0,0.0,1.080301167136201e-17,1.0,1.0,0.0,1.0,1.0,0.0,4.323926446302792e-19,1.0,1.0,0.0,1.0,1.0,0.0,4.323926446302792e-19,1.0,1.0,0.0,1.0,1.0,0.0,4.323926446302792e-19,1.0,1.0,0.0,1.0,1.0,0.0,4.323926446302792e-19,0.0,3.4364937388193204,10.223223721979227,0.0,34.0,0.0,-0.0020472837989717243,8.226666450500488,7.972385291763197,0.1827993107616278,7.440000057220459,8.366666793823242,0.7866663932800293,0.000923636938637217,3.81333327293396,3.6861627948518727,0.09136587019117921,3.4200000762939453,3.883333444595337,0.39333319664001465,0.0004612394239832731
batch_dist_ternary_butan-1-ol+propan-2-ol+water__operating_point_030__train_normal_experiment_001,batch_dist_ternary_butan-1-ol+propan-2-ol+water,operating_point_030,train_normal_experiment_001,0.2,1118,93.15,0.8727910974666653,1.0,1.0,0.0,1.0,1.0,0.0,7.713015911361878e-19,1.0,1.0,0.0,1.0,1.0,0.0,7.713015911361878e-19,357.8082580566406,355.32327976124446,1.4755168179805596,352.4501342773437,357.8082580566406,5.358123779296932,0.00456028081522719,90.51226043701172,89.78226222207167,0.32004434384719427,89.16375732421875,90.55508422851562,1.3271026611328125,0.0009608942284905876,80.29126739501953,79.06868479119643,0.6541872454592873,78.01811981201172,80.29126739501953,2.2731475830078125,0.002024344525250001,85.27137756347656,84.55888526043013,0.3564045202640396,84.0636978149414,85.33494567871094,1.1017608642578125,0.0010811143641175187,85.44386291503906,84.63083005847146,0.37183651563123765,84.16297149658203,85.46522521972656,1.1314773559570312,0.0011035674435951313,80.3494644165039,79.44259873869593,0.4457885804936673,78.83464813232422,80.37080383300781,1.3441696166992188,0.0013471333710108175,76.08912658691406,75.18069522837193,0.5169477080487641,74.28388214111328,76.08912658691406,1.8052444458007812,0.0015949702867763301,67.74057006835938,67.75893044855599,0.027347853031948914,67.69854736328125,67.8246078491211,0.042022705078125,-1.141281997669541e-05,67.20174407958984,67.27255765270036,0.030533248458973972,67.20174407958984,67.32877349853516,-0.084686279296875,-5.3794622271473526e-05,67.4580078125,67.4771437431704,0.018313621829218266,67.41570281982422,67.5214614868164,-0.021148681640625,-2.095485941602484e-05,0.3185957372188568,0.31074589732134705,0.008020566606486864,0.2863771915435791,0.3259548544883728,0.028897970914840698,1.9325179660299257e-05,0.5268206596374512,0.5138658005644255,0.011942828232254739,0.4782834351062774,0.5303195714950562,0.046204537153244074,3.174500896199238e-05,0.7334861755371094,0.8036816695934971,0.05804085376871322,0.6237926483154297,0.9572200775146484,-0.07711410522460938,2.0387759641293916e-05,2.086383819580078,2.01878981684103,0.06391741390140496,1.7927379608154297,2.197317123413086,0.12724876403808616,-3.0432708859685596e-05,598.0983276367188,598.9057675602185,0.7931450666176277,597.1112060546875,600.6109008789062,-1.42681884765625,-0.00012483040065768374,5.847952842712402,6.611803110895515,0.3910813708681989,5.736137390136719,7.299270153045654,-0.9813156127929688,-0.00015296168759047532,157.5,157.5,0.0,157.5,157.5,0.0,6.602505291254247e-17,22.5,21.991502683363148,0.7100538387533698,21.000000000000004,22.5,0.0,7.20495187512563e-05,15.0,14.463327370304114,0.7190211631649872,13.5,15.0,1.5,0.0003930875415628723,15.0,14.922182468694096,0.3326721040007861,13.5,15.0,1.5,0.00025929325332308447,12.0,11.515652951699463,0.7013761538955836,10.500000000000002,12.0,1.4999999999999982,0.0010891797947275906,100.0,100.0,0.0,100.0,100.0,0.0,6.956268033254644e-17,1.0,1.0,0.0,1.0,1.0,0.0,7.713015911361878e-19,1.0,1.0,0.0,1.0,1.0,0.0,7.713015911361878e-19,1.0,1.0,0.0,1.0,1.0,0.0,7.713015911361878e-19,1.0,1.0,0.0,1.0,1.0,0.0,7.713015911361878e-19,0.0,3.42128801431127,10.190342921599973,0.0,34.0,0.0,-0.00021583726695310147,8.273333549499512,8.093989329815765,0.1850270407491676,7.440000057220459,8.453332901000977,0.8333334922790527,0.0004597849190897059,3.8366665840148926,3.7470900188191845,0.09253910596043885,3.4200000762939453,3.926666736602783,0.41666650772094727,0.00022966092596202558
batch_dist_ternary_butan-1-ol+propan-2-ol+water__operating_point_030__train_normal_experiment_001,batch_dist_ternary_butan-1-ol+propan-2-ol+water,operating_point_030,train_normal_experiment_001,0.4,2236,93.15,0.8727910974666653,1.0,1.0,0.0,1.0,1.0,0.0,-2.4869511069820533e-19,1.0,1.0,0.0,1.0,1.0,0.0,-2.4869511069820533e-19,360.2489624023437,357.25347843750217,2.236758740959156,352.4501342773437,360.3411254882813,7.798828125,0.00339531155864462,93.14663696289062,90.67563607654333,1.0490328440322254,89.16375732421875,93.21090698242188,3.9614791870117188,0.0015864281630105787,83.85423278808594,80.50719108820388,1.6824925970585183,78.01811981201172,83.8757095336914,5.836112976074219,0.002587550581105316,88.60005950927734,85.63307349797012,1.2955830241857542,84.0636978149414,88.68490600585938,4.430442810058594,0.0019467151401085505,88.62689971923828,85.72756796787378,1.3026347756887795,84.16297149658203,88.66964721679688,4.31451416015625,0.0019632018155654237,83.74431610107422,80.61599909896714,1.4097094432708228,78.83464813232422,83.80840301513672,4.739021301269531,0.00213006215928417,78.34173583984375,76.20229569914515,1.1747654363742477,74.28388214111328,78.34173583984375,4.057853698730469,0.0018156421931234314,67.71955871582031,67.76886687679666,0.02782087352435894,67.69854736328125,67.8246078491211,0.0210113525390625,1.1843898505091879e-05,67.22291564941406,67.26049972561476,0.02961708040868356,67.20174407958984,67.32877349853516,-0.06351470947265625,-2.3759163190500014e-05,67.4580078125,67.47345449246319,0.01830327713560309,67.41570281982422,67.5214614868164,-0.021148681640625,-7.844736027636484e-06,0.3201214373111725,0.31492109995915124,0.008027143075337263,0.2863771915435791,0.3287369906902313,0.030423671007156372,8.423097791726874e-06,0.5281664133071899,0.5203356231647762,0.027578602625628515,0.4782834351062774,1.4518966674804688,0.047550290822982844,1.398028203054161e-05,0.7986545562744141,0.8060083559885861,0.056933940588787715,0.6237926483154297,0.9995841979980468,-0.011945724487304688,4.578609440928044e-06,1.978715896606445,2.009357361119634,0.06751432575774026,1.637216567993164,2.197317123413086,0.019580841064453125,-1.591694309008837e-05,598.6905517578125,598.8755481835981,0.7960855083659799,597.0843505859375,600.6109008789062,-0.8345947265625,-7.667812762459999e-05,6.375227928161621,6.575379138129342,0.3939674761809858,5.736137390136719,7.299270153045654,-0.45404052734375,-6.0817447192561163e-05,157.5,157.5,0.0,157.5,157.5,0.0,3.335719919139364e-17,27.0,23.1554114490161,1.769062358585196,21.000000000000004,27.0,4.5,0.002212867095805169,16.5,15.04662343470483,0.9340871408183649,13.5,16.5,3.0,0.0010613285603624013,16.5,15.663461538461538,0.9948446736693238,13.5,18.0,3.0,0.0012881902969605341,13.5,12.159995527728086,0.969878203618771,10.500000000000002,13.5,2.9999999999999982,0.0012225776631050642,100.0,100.0,0.0,100.0,100.0,0.0,-2.0122450462633644e-17,1.0,1.0,0.0,1.0,1.0,0.0,-2.4869511069820533e-19,1.0,1.0,0.0,1.0,1.0,0.0,-2.4869511069820533e-19,1.0,1.0,0.0,1.0,1.0,0.0,-2.4869511069820533e-19,1.0,1.0,0.0,1.0,1.0,0.0,-2.4869511069820533e-19,0.0,3.39087656529517,10.162419234891567,0.0,34.0,0.0,-8.545530221887363e-05,8.213333129882812,8.167483626943154,0.1711740610025617,7.440000057220459,8.520000457763672,0.7733330726623535,0.000159235968803414,3.806666612625122,3.783946005410926,0.08577668322521931,3.4200000762939453,3.9600000381469727,0.38666653633117676,7.988563574290617e-05
batch_dist_ternary_butan-1-ol+propan-2-ol+water__operating_point_031__test_anormal_experiment_001,batch_dist_ternary_butan-1-ol+propan-2-ol+water,operating_point_031,test_anormal_experiment_001,0.1,1269,211.36666666666667,0.8945504819808328,1.0,1.0,0.0,1.0,1.0,0.0,-1.1217782370623051e-18,1.0,1.0,0.0,1.0,1.0,0.0,-1.1217782370623051e-18,359.489,357.8812214342002,1.402728858621397,355.301,359.581,4.187999999999988,0.0036956663582025763,91.861,91.38328605200947,0.23650898030408204,90.898,91.904,0.9210000000000065,0.0006334845703853731,81.729,81.03908037825059,0.39962292047243453,80.334,81.729,1.394999999999996,0.0010900226089263128,86.797,86.25235421591803,0.27418233125462,85.78,86.84,0.9320000000000022,0.000741610762393819,86.875,86.2880791962175,0.2605741376994454,85.828,86.875,0.9830000000000041,0.0006955142579457184,81.844,81.19061662726556,0.29808959394757517,80.67,81.844,1.0459999999999923,0.000797799763669643,75.919,75.64492434988179,0.15755155569214543,75.367,75.962,0.5099999999999909,0.00041720069699982196,71.545,71.9755512214342,0.279706780599194,71.524,72.534,-0.9680000000000035,-0.0007590441430743804,70.993,71.30143223010244,0.26669035750525294,70.93,71.926,-0.8700000000000045,-0.0006996390716447955,71.204,71.38550197005516,0.17539212455593622,71.183,71.861,-0.6360000000000099,-0.0004501530603527132,0.264,0.2650027580772262,0.0069803981061282785,0.241,0.282,0.01200000000000001,1.1382225033804061e-05,0.579,0.5734200157604412,0.014204951233934546,0.537,0.603,0.03499999999999992,2.6062028507259144e-05,0.993,0.8759306540583137,0.06127575862766361,0.676,1.008,0.14100000000000001,2.206994873677543e-05,1.798,2.014739558707644,0.17437280419184648,1.645,2.445,-0.5150000000000001,-4.115093246406885e-05,697.883,698.9579814814814,0.7473587040752135,697.282,700.477,-2.33299999999997,-0.0002524538659465511,4.562,5.090003152088259,0.4219604434414532,4.44,5.958,-0.0129999999999999,3.086908837381482e-05,157.5,157.5,0.0,157.5,157.5,0.0,-4.514767888223696e-17,25.500000000000004,25.991725768321512,0.7034969057701603,25.500000000000004,27.0,-1.4999999999999964,-0.0008774171283492601,13.5,13.66903073286052,0.4743149909494909,13.5,15.0,-1.5,-7.629675862972263e-05,15.0,14.748817966903074,0.5580898886720193,13.5,15.0,0.0,0.00018456293372749648,12.0,11.49645390070922,0.7083505310403945,10.500000000000002,12.0,1.4999999999999982,0.0003062087874628675,100.0,100.0,0.0,100.0,100.0,0.0,-7.795960217692422e-17,1.0,1.0,0.0,1.0,1.0,0.0,-1.1217782370623051e-18,1.0,1.0,0.0,1.0,1.0,0.0,-1.1217782370623051e-18,1.0,1.0,0.0,1.0,1.0,0.0,-1.1217782370623051e-18,1.0,1.0,0.0,1.0,1.0,0.0,-1.1217782370623051e-18,0.0,2.0027580772261624,6.444479518943216,0.0,23.0,0.0,-0.00027052377228603324,9.24,9.458506698187549,0.2934386324985256,8.767,10.14,-0.17300000000000004,0.0003093954616670261,3.08,3.1526682427107957,0.09791610539623351,2.922,3.38,-0.05799999999999983,0.00010317383182662942
batch_dist_ternary_butan-1-ol+propan-2-ol+water__operating_point_031__test_anormal_experiment_001,batch_dist_ternary_butan-1-ol+propan-2-ol+water,operating_point_031,test_anormal_experiment_001,0.2,2537,211.36666666666667,0.8945504819808328,1.0,1.0,0.0,1.0,1.0,0.0,1.1644326051466488e-19,1.0,1.0,0.0,1.0,1.0,0.0,1.1644326051466488e-19,360.41,358.8778184864013,1.4362130261178567,355.301,360.595,5.109000000000037,0.0017644163029001487,93.661,92.00857863618448,0.760200834552157,90.898,93.704,2.7210000000000036,0.001008405685127833,83.339,81.76961312573906,0.8507859291814985,80.334,83.339,3.0049999999999955,0.0011603633875678576,88.176,86.82063559322033,0.6599538089138172,85.78,88.218,2.311000000000007,0.0008956622755970329,88.306,86.89973354355539,0.714023059566156,85.828,88.349,2.4140000000000015,0.000963331019295215,83.189,81.8353411509657,0.7439147914796419,80.67,83.232,2.390999999999991,0.0010089352916713742,76.641,75.9432455656287,0.3467616823876803,75.367,76.663,1.2319999999999993,0.00046887224560466904,71.377,71.70956878202601,0.33346746314175396,71.377,72.534,-1.13600000000001,-0.0004248457493613319,70.888,71.1180350808041,0.26379815960271225,70.888,71.926,-0.9749999999999943,-0.00031080881792942204,71.141,71.27958021284982,0.16394477548078004,71.098,71.861,-0.6989999999999981,-0.00018623149232861784,0.272,0.2676653527788727,0.007135889862282847,0.241,0.285,0.020000000000000018,4.720677337744794e-06,0.585,0.5823565234528971,0.015620395571153493,0.537,0.618,0.040999999999999925,1.4733528155111504e-05,0.957,0.8802292077256603,0.06321656617958502,0.672,1.016,0.10499999999999998,9.689833926869592e-06,2.312,2.009218565234529,0.17861077473442843,1.607,2.445,-0.001000000000000334,-1.3119752166963605e-05,699.238,698.9343080409933,0.7606836781896114,696.788,700.477,-0.9779999999999518,-6.181251185698689e-05,4.562,5.074607213243989,0.41333462467862214,4.44,5.958,-0.0129999999999999,-1.3237093235033735e-05,157.5,157.5,0.0,157.5,157.5,0.0,-9.572984545416242e-17,24.0,25.743890421757982,0.735028013843087,24.0,27.0,-3.0,-0.0005268558656271296,15.0,13.878695309420575,0.6514684245521677,13.5,15.0,0.0,0.0003015591409697685,15.0,14.9441269215609,0.5521279618136531,13.5,16.5,0.0,0.0003261201299100689,12.0,11.700532124556563,0.599415620564992,10.500000000000002,12.0,1.4999999999999982,0.00032601210168350773,100.0,100.0,0.0,100.0,100.0,0.0,-5.851470061966283e-18,1.0,1.0,0.0,1.0,1.0,0.0,1.1644326051466488e-19,1.0,1.0,0.0,1.0,1.0,0.0,1.1644326051466488e-19,1.0,1.0,0.0,1.0,1.0,0.0,1.1644326051466488e-19,1.0,1.0,0.0,1.0,1.0,0.0,1.1644326051466488e-19,0.0,1.9174221521482064,6.329241842612458,0.0,23.0,0.0,-0.00013691769342939823,9.87,9.5638271580607,0.3074379267706439,8.767,10.23,0.45699999999999896,0.0001745255129116219,3.29,3.1879055971620027,0.10255156492647424,2.922,3.41,0.15200000000000014,5.834459854619603e-05
batch_dist_ternary_butan-1-ol+propan-2-ol+water__operating_point_031__test_anormal_experiment_001,batch_dist_ternary_butan-1-ol+propan-2-ol+water,operating_point_031,test_anormal_experiment_001,0.4,5074,211.36666666666667,0.8945504819808328,1.0,1.0,0.0,1.0,1.0,0.0,-2.0102165820966316e-19,1.0,1.0,0.0,1.0,1.0,0.0,-2.0102165820966316e-19,366.752,360.7851433780055,2.853307101045716,355.301,366.798,11.451000000000022,0.0017639304847812548,99.13,93.96912258573117,2.313340341374754,90.898,99.13,8.189999999999998,0.00154916535855172,89.206,83.81657479306267,2.4383390052707523,80.334,89.206,8.872,0.001638138772370796,94.035,88.7688501182499,2.3127805281173255,85.78,94.056,8.170000000000002,0.0015405626556286457,93.975,88.81877197477336,2.298198465830883,85.828,93.996,8.082999999999998,0.0015318820539829995,89.089,83.75949990145841,2.313980508773621,80.67,89.089,8.290999999999997,0.001545059096020348,79.299,76.838513992905,1.061512655765217,75.367,79.32,3.8900000000000006,0.0007099291625310816,71.461,71.56883287347262,0.27675859805202907,71.209,72.534,-1.0520000000000067,-0.0001320699878926932,70.909,71.01151438707134,0.21810801863890328,70.591,71.926,-0.9539999999999935,-0.00010232288294060443,71.162,71.2184974379188,0.1361125932828968,70.866,71.861,-0.6779999999999973,-5.9317709669455405e-05,0.276,0.2706054394954671,0.007932386848204232,0.241,0.302,0.02400000000000002,2.6788908613287653e-06,0.598,0.5881634804887662,0.01640735053395464,0.537,0.656,0.05399999999999994,5.956130686171934e-06,0.88,0.8913355340953883,0.06736951285235378,0.672,1.221,0.028000000000000025,9.271622947921298e-06,2.181,2.0057101891998426,0.18159003657733574,1.391,2.445,-0.13200000000000012,-3.491267141221533e-06,699.768,698.743863125739,1.3745383005758212,688.99,700.62,-0.4479999999999791,-0.00014666467977283293,5.854,4.7409959597950335,1.3788144439427745,0.0,5.958,1.279,-0.00017831793691106698,157.5,157.5,0.0,157.5,157.5,0.0,-3.754525484731641e-17,25.500000000000004,25.067057548285376,0.9718770335326482,24.0,27.0,-1.4999999999999964,-0.0004087343585196359,16.5,14.669639337800552,1.08629849968934,13.5,16.5,1.5,0.0006129478490432593,18.0,15.810011824990147,1.1322203063411074,13.5,18.0,3.0,0.0006648071445313611,15.0,12.519856129286559,1.1320101517376278,10.500000000000002,15.0,4.499999999999998,0.0006314669714397337,100.0,100.0,0.0,100.0,100.0,0.0,1.6478886121260016e-18,1.0,1.0,0.0,1.0,1.0,0.0,-2.0102165820966316e-19,1.0,1.0,0.0,1.0,1.0,0.0,-2.0102165820966316e-19,1.0,1.0,0.0,1.0,1.0,0.0,-2.0102165820966316e-19,1.0,1.0,0.0,1.0,1.0,0.0,-2.0102165820966316e-19,0.0,1.9038234134804888,6.31686254632816,0.0,23.0,0.0,-3.243988056217898e-05,10.095,9.646739357508867,0.3195097331233663,8.767,10.688,0.6820000000000004,8.228908425616305e-05,3.365,3.2155606030744974,0.10651411051118384,2.922,3.562,0.2270000000000003,2.747431031256691e-05
batch_dist_ternary_butan-1-ol+propan-2-ol+water__operating_point_031__train_normal_experiment_001,batch_dist_ternary_butan-1-ol+propan-2-ol+water,operating_point_031,train_normal_experiment_001,0.1,1303,217.0,0.9094380882861072,1.0,1.0,0.0,1.0,1.0,0.0,-9.580322246388715e-19,1.0,1.0,0.0,1.0,1.0,0.0,-9.580322246388715e-19,362.346,358.6807160399079,2.4230171964265206,353.875,362.415,8.447999999999979,0.006411047110691472,92.204,91.58839063699155,0.31069679588955096,91.176,92.311,0.9209999999999923,0.0007872505313862741,81.901,81.2329036838066,0.36918046245989344,80.613,81.922,1.2659999999999911,0.0009799711128044197,87.031,86.85999232540293,0.12387650567982293,86.649,87.222,-0.1909999999999883,-1.4176922841782197e-05,87.131,86.82009669992325,0.14157106184949034,86.64,87.174,0.043000000000006366,0.00015842573056276376,82.036,81.72919224865694,0.1242990124912584,81.481,82.036,0.10699999999999932,0.00018248710635790943,75.792,75.18842977743668,0.3276764659346557,74.284,75.813,1.5079999999999956,0.0008513510407702342,71.356,71.25772870299309,0.0595903246285697,71.083,71.377,0.25199999999999534,0.00014967509024453105,70.909,70.9214984650806,0.011667233010305554,70.888,70.951,-0.021000000000000796,3.847417679587985e-06,71.204,71.18032041442824,0.015265065956674125,71.12,71.226,0.020999999999986585,-1.9025335066536034e-06,0.27,0.2636005372217958,0.005523571871484169,0.244,0.28,0.015000000000000013,6.970181963088884e-06,0.626,0.6099443591711434,0.013196859903487861,0.558,0.63,0.052000000000000046,2.0839033880380548e-05,0.971,0.8781937835763624,0.0721103700173712,0.655,1.069,0.061999999999999944,1.0766328621468896e-05,2.059,2.003745203376823,0.13988126586474725,1.404,2.343,0.6550000000000002,1.4294669356482355e-05,699.992,699.2464455103607,0.5828027200188955,697.291,700.548,1.1669999999999163,-7.199618698334635e-06,5.469,5.075055257099002,0.4255242115119622,4.44,5.994,-0.3849999999999998,2.5551080485187106e-06,157.5,157.5,0.0,157.5,157.5,0.0,-8.706256441255236e-19,22.5,24.08058326937836,0.38139659011667526,22.5,25.500000000000004,-3.0000000000000036,-0.00034657572175462466,13.5,13.572524942440522,0.3217569678884698,13.5,15.0,0.0,-0.00022600854145270798,15.0,14.050844205679201,0.7227760880815693,13.5,15.0,1.5,0.0004599054538935905,12.0,11.011128165771296,0.7103357337486991,10.500000000000002,12.0,1.4999999999999982,0.00038069221433161714,100.0,100.0,0.0,100.0,100.0,0.0,-1.5863017568581853e-17,1.0,1.0,0.0,1.0,1.0,0.0,-9.580322246388715e-19,1.0,1.0,0.0,1.0,1.0,0.0,-9.580322246388715e-19,1.0,1.0,0.0,1.0,1.0,0.0,-9.580322246388715e-19,1.0,1.0,0.0,1.0,1.0,0.0,-9.580322246388715e-19,22.0,2.2455871066768993,6.660349457289629,0.0,22.0,22.0,2.458318536591787e-05,10.215,9.98595970836531,0.24105227893096573,8.97,10.53,1.1549999999999994,0.0002448989646269721,3.405,3.3289040675364543,0.08029765237258192,2.99,3.51,0.3849999999999998,8.140787197424077e-05
batch_dist_ternary_butan-1-ol+propan-2-ol+water__operating_point_031__train_normal_experiment_001,batch_dist_ternary_butan-1-ol+propan-2-ol+water,operating_point_031,train_normal_experiment_001,0.2,2605,217.0,0.9094380882861072,1.0,1.0,0.0,1.0,1.0,0.0,7.023563191001013e-19,1.0,1.0,0.0,1.0,1.0,0.0,7.023563191001013e-19,365.713,361.6500852207294,3.5150403737115,353.875,365.967,11.814999999999998,0.004571750843479752,93.832,92.24346429942419,0.7593804272394787,91.176,93.832,2.5489999999999924,0.0009995580347272367,83.661,81.98347907869481,0.8705042155518747,80.613,83.661,3.0259999999999962,0.001153722860447539,88.642,87.32560172744722,0.5739451696719148,86.649,88.642,1.4200000000000017,0.0006858837830028303,88.563,87.30642341650672,0.573596674082797,86.64,88.584,1.4750000000000085,0.0007140393882096748,83.552,82.25043704414587,0.6207974495661276,81.481,83.638,1.6230000000000047,0.0007749943234918006,76.854,75.69597101727447,0.6014774448991264,74.284,76.854,2.569999999999993,0.000795336514182765,71.419,71.3272973128599,0.0841175919924368,71.083,71.482,0.3149999999999977,0.00010740886576344242,70.909,70.925683109405,0.014307342876899522,70.888,70.993,-0.021000000000000796,6.558266566508201e-06,71.162,71.18396967370442,0.015160353439155822,71.12,71.226,-0.021000000000000796,4.694740299426642e-06,0.258,0.2667629558541267,0.006087411107232227,0.244,0.281,0.0030000000000000027,4.424365812907721e-06,0.598,0.6169815738963532,0.01297998777902275,0.558,0.642,0.02400000000000002,1.0612037119181175e-05,0.916,0.8836859884836854,0.06941590042418555,0.655,1.069,0.007000000000000006,1.0162583043859505e-05,1.751,2.0005796545105565,0.13558380304255152,1.404,2.343,0.347,-5.296856791672364e-06,698.637,699.1950174664107,0.6070358789496392,697.291,700.548,-0.18800000000010186,-7.15132589782614e-05,5.464,5.075584836852208,0.42017897601070353,4.44,5.994,-0.3899999999999997,-3.462353028597926e-06,157.5,157.5,0.0,157.5,157.5,0.0,5.1081136740513866e-17,22.5,23.598368522072935,0.7598629955860228,22.5,25.500000000000004,-3.0000000000000036,-0.0007135019084600991,15.0,13.601919385796545,0.377480486242233,13.5,15.0,1.5,6.270005368355784e-05,15.0,14.324856046065259,0.7458208763913369,13.5,15.0,1.5,0.00042213457469151086,12.0,11.228406909788868,0.7491128185037867,10.500000000000002,12.0,1.4999999999999982,0.00036429100810612285,100.0,100.0,0.0,100.0,100.0,0.0,1.9324267347634235e-17,1.0,1.0,0.0,1.0,1.0,0.0,7.023563191001013e-19,1.0,1.0,0.0,1.0,1.0,0.0,7.023563191001013e-19,1.0,1.0,0.0,1.0,1.0,0.0,7.023563191001013e-19,1.0,1.0,0.0,1.0,1.0,0.0,7.023563191001013e-19,0.0,2.271785028790787,6.68770253104955,0.0,22.0,0.0,4.6699119185264625e-05,9.712,10.072296161228408,0.24054035001484433,8.97,10.552,0.6519999999999992,0.00012629600153268207,3.237,3.3575738963531667,0.08012889454413119,2.99,3.517,0.21700000000000008,4.1950266653165765e-05
batch_dist_ternary_butan-1-ol+propan-2-ol+water__operating_point_031__train_normal_experiment_001,batch_dist_ternary_butan-1-ol+propan-2-ol+water,operating_point_031,train_normal_experiment_001,0.4,5209,217.0,0.9094380882861072,1.0,1.0,0.0,1.0,1.0,0.0,1.0596853536925218e-19,1.0,1.0,0.0,1.0,1.0,0.0,1.0596853536925218e-19,366.729,363.87201871760413,3.36029382361115,353.875,366.821,12.83099999999996,0.001934806025418136,99.388,94.22973651372625,2.3275673565780592,91.176,99.388,8.105000000000004,0.0015235386964359144,89.464,84.08710923401804,2.4885375385346453,80.613,89.464,8.828999999999994,0.0016314825238727367,94.29,89.16562430408908,2.2116174516408145,86.649,94.29,7.068000000000012,0.0014163515279354423,94.253,89.18696640430025,2.2302310568904273,86.64,94.274,7.165000000000006,0.001435969477087223,89.175,84.14282894989441,2.255887441667023,81.481,89.196,7.245999999999995,0.001454848768278291,80.277,77.0018217508159,1.5459707435711856,74.284,80.341,5.992999999999995,0.001017214389915444,71.63,71.43668228066807,0.1314918137264779,71.083,71.693,0.5259999999999962,8.587225871838658e-05,70.93,70.93279458629296,0.01914256366782283,70.888,71.015,0.0,5.151892123828355e-06,71.183,71.18886177769245,0.016051256208357623,71.12,71.226,0.0,3.5141911310268254e-06,0.263,0.26611556920714147,0.0057292268738084245,0.244,0.281,0.008000000000000007,-7.896514918974351e-08,0.605,0.6167459205221731,0.011486818973868829,0.558,0.642,0.031000000000000028,5.990727035175574e-07,0.876,0.8916045306200805,0.06644166957965775,0.655,1.069,-0.03300000000000003,7.111819584401804e-06,2.216,2.0000144941447493,0.13385701244358097,1.404,2.343,0.8120000000000003,-1.5065784326271663e-06,698.78,699.0978373008254,0.6937641924494125,696.77,700.602,-0.04500000000007276,-8.347701449177837e-05,5.464,5.065349107314264,0.4175048726179068,4.44,5.994,-0.3899999999999997,-7.669406088559659e-06,157.5,157.5,0.0,157.5,157.5,0.0,1.866096706348954e-17,22.5,23.123440199654443,0.8093928043739667,21.000000000000004,25.500000000000004,-3.0000000000000036,-0.0003206425775170974,16.5,14.37022461124976,1.0626512370500132,13.5,16.5,3.0,0.0005766884896129124,18.0,15.269245536571319,1.2997727945758186,13.5,18.0,4.5,0.0007388204844465975,15.0,12.062056056824726,1.1747305707796347,10.500000000000002,15.0,4.499999999999998,0.0006487249945477167,100.0,100.0,0.0,100.0,100.0,0.0,5.261956970280609e-18,1.0,1.0,0.0,1.0,1.0,0.0,1.0596853536925218e-19,1.0,1.0,0.0,1.0,1.0,0.0,1.0596853536925218e-19,1.0,1.0,0.0,1.0,1.0,0.0,1.0596853536925218e-19,1.0,1.0,0.0,1.0,1.0,0.0,1.0596853536925218e-19,0.0,2.180360913803033,6.607286113035577,0.0,23.0,0.0,-6.692251470037831e-05,10.08,10.057826262238434,0.22791719462039997,8.97,10.552,1.0199999999999996,-1.7006609589139004e-06,3.36,3.3527112689575738,0.07599108430051525,2.99,3.517,0.33999999999999986,-6.167976201303738e-07
batch_dist_ternary_butan-1-ol+propan-2-ol+water__operating_point_032__test_anormal_experiment_001,batch_dist_ternary_butan-1-ol+propan-2-ol+water,operating_point_032,test_anormal_experiment_001,0.1,437,72.78333333333333,0.9870150890941936,1.0,1.0,0.0,1.0,1.0,0.0,-2.0492987429657814e-18,1.0,1.0,0.0,1.0,1.0,0.0,-2.0492987429657814e-18,426.247,425.89228947368423,0.2270827762240416,425.4,426.295,0.8000000000000114,0.0017478685491719784,88.993,88.36568993135012,0.4123246336494866,87.837,89.635,-0.6420000000000101,-3.522516190432029e-05,81.579,81.6699233409611,0.08543232607447264,81.536,81.836,-0.021000000000000796,0.00020417790532579206,84.276,83.74824256292906,0.40699288977852366,83.174,84.848,-0.5499999999999972,0.00047375596347523874,84.718,83.86768649885585,0.564001501309213,83.032,84.782,0.1280000000000001,0.002997450972892301,80.008,79.35030549199084,0.4418740280607627,78.749,80.328,-0.2990000000000066,0.0009484821734902096,80.66,80.74380663615563,0.095585380750248,80.596,80.979,0.0,7.100306596466035e-05,80.35,80.48736956521739,0.1177406690052223,80.307,80.771,0.02199999999999136,7.407262548772102e-05,80.205,80.33636842105264,0.11800128169232191,80.141,80.588,0.0,7.728583470242869e-05,74.955,75.62794164759725,2.4243359723392435,71.776,80.387,-5.2620000000000005,-0.011504350975164383,0.098,0.1769839816933638,0.5489063578378046,0.004,6.306,-0.068,-2.5537651029892406e-05,0.163,0.20837414187643016,0.1523561487405291,0.161,2.156,-0.147,-0.0004936096737354575,0.383,0.445421052631579,0.0974583115277937,0.227,0.841,-0.035999999999999976,9.642115271184404e-05,-0.593,-0.06186727688787184,0.4848483492225618,-0.877,1.714,-2.294,-0.0030043882176768793,490.255,493.0493512585813,3.257584264961111,488.165,500.368,0.7980000000000018,-0.002211328395848263,4.873,5.25150228832952,0.4286669868071107,4.444,6.222,-0.601,9.831958619685956e-05,210.0,210.0,0.0,210.0,210.0,0.0,-1.4164377160152675e-16,15.0,13.736842105263158,2.7225273635157707,6.0,16.5,9.0,0.018405602021621385,12.0,12.015446224256292,1.7984599552102618,6.0,13.5,6.0,0.006020561317999569,13.5,12.200800915331808,2.310032947588958,6.0,15.0,7.5,0.0142799871966281,10.500000000000002,9.679633867276888,1.9602157107158436,4.5,12.0,6.000000000000002,0.010917160860908857,0.0,0.0,0.0,0.0,0.0,0.0,0.0,1.0,1.0,0.0,1.0,1.0,0.0,-2.0492987429657814e-18,1.0,1.0,0.0,1.0,1.0,0.0,-2.0492987429657814e-18,1.0,1.0,0.0,1.0,1.0,0.0,-2.0492987429657814e-18,1.0,1.0,0.0,1.0,1.0,0.0,-2.0492987429657814e-18,0.0,0.7848970251716247,6.151738851193729,0.0,49.0,0.0,0.0012330291334228121,3.4,3.6549199084668182,0.5390196249272768,3.4,5.0,-1.6,-0.002874338298330647,1.7,1.7295194508009146,0.12185822017016064,1.5,2.0,-0.30000000000000004,-0.00038699140603858003
batch_dist_ternary_butan-1-ol+propan-2-ol+water__operating_point_032__test_anormal_experiment_001,batch_dist_ternary_butan-1-ol+propan-2-ol+water,operating_point_032,test_anormal_experiment_001,0.2,874,72.78333333333333,0.9870150890941936,1.0,0.9954233409610984,0.06749602381580148,0.0,1.0,0.0,-1.560153184395341e-05,1.0,1.0,0.0,1.0,1.0,0.0,1.5180006156682464e-18,426.53,426.1872282608696,0.3468839289975042,425.4,426.695,1.08299999999997,0.0013069197377128235,90.512,89.10177345537758,0.8563702852051441,87.837,90.576,0.8769999999999953,0.002977297686169819,81.664,81.71487986270022,0.1089624008041188,81.536,81.922,0.06400000000000716,0.0002575483441908409,85.653,84.39479118993135,0.7606944745998129,83.174,85.716,0.8270000000000124,0.002668221162498343,85.978,84.58749771167048,0.8671498666892076,83.032,85.999,1.387999999999991,0.003224547599388532,81.182,79.99155205949657,0.74446079067827,78.749,81.203,0.875,0.0026166162560144384,80.638,80.78270823798627,0.10382868580603892,80.596,81.0,-0.02199999999999136,0.00018459080017392706,80.35,80.52441018306637,0.12535763347041504,80.307,80.771,0.02199999999999136,0.00018000189626918907,80.163,80.37021681922197,0.1250132815038212,80.141,80.588,-0.04200000000000159,0.0001652072673840499,74.891,75.27675743707094,1.7900044082493882,71.776,80.387,-5.325999999999993,-0.0023851977141419664,0.072,0.13408752860411896,0.3905799823363985,0.004,6.306,-0.09400000000000001,-0.0001544048422265883,0.162,0.18560755148741415,0.11014231427465083,0.157,2.156,-0.148,-0.00013990416651220127,0.362,0.4462734553775744,0.09509285865289202,0.227,0.866,-0.056999999999999995,3.487504956923893e-05,-1.608,-0.5788821510297483,0.6779211027698783,-1.732,1.714,-3.309,-0.0024903174385987378,488.559,493.65725686498854,3.2701683835791826,487.922,500.476,-0.8979999999999677,0.0019314144123199297,4.444,5.231717963386728,0.42970951849327715,4.44,6.222,-1.0300000000000002,-8.073706902845921e-05,210.0,210.0,0.0,210.0,210.0,0.0,9.789986453449607e-17,15.0,14.689359267734554,2.2107654848086966,6.0,16.5,9.0,0.005627201126977021,12.0,12.316647597254004,1.4063765691670231,6.0,13.5,6.0,0.0018368983867108253,13.5,12.94479405034325,1.829049475207372,6.0,15.0,7.5,0.004404127755516089,9.0,9.906178489702517,1.4762349428818446,4.5,12.0,4.5,0.0022584295791023934,0.0,0.0,0.0,0.0,0.0,0.0,0.0,1.0,1.0,0.0,1.0,1.0,0.0,1.5180006156682464e-18,1.0,1.0,0.0,1.0,1.0,0.0,1.5180006156682464e-18,1.0,1.0,0.0,1.0,1.0,0.0,1.5180006156682464e-18,1.0,1.0,0.0,1.0,1.0,0.0,1.5180006156682464e-18,0.0,0.7568649885583524,5.985545499904639,0.0,49.0,0.0,0.0001384950498163838,3.4,3.527459954233409,0.4018919232350334,3.4,5.0,-1.6,-0.0007967970127020826,1.6,1.6648741418764301,0.10777357905720254,1.5,2.0,-0.3999999999999999,-0.000270660515025797
batch_dist_ternary_butan-1-ol+propan-2-ol+water__operating_point_032__test_anormal_experiment_001,batch_dist_ternary_butan-1-ol+propan-2-ol+water,operating_point_032,test_anormal_experiment_001,0.4,1748,72.78333333333333,0.9870150890941936,1.0,0.9937070938215103,0.0790778446236266,0.0,1.0,0.0,-3.703787441362644e-06,1.0,1.0,0.0,1.0,1.0,0.0,-2.9645794877034347e-19,422.835,425.29642906178486,1.4973311065433164,422.623,427.001,-2.612000000000023,-0.0021359718077808365,91.454,90.03561956521739,1.130543536758918,87.837,91.54,1.8189999999999884,0.0021115114607888575,81.664,81.74176830663616,0.11642527180745324,81.514,81.965,0.06400000000000716,9.5114590453989e-05,86.67,85.30846109839817,1.0782979192518491,83.174,86.713,1.8440000000000083,0.0020382476176676635,86.683,85.42635955377573,1.0465964182996903,83.032,86.683,2.0930000000000035,0.0019272563266952408,81.716,80.7140998283753,0.8981913920710822,78.749,81.716,1.4089999999999918,0.0016242006337546108,80.66,80.77736441647596,0.10717537160390637,80.553,81.0,0.0,1.752565825424489e-05,80.434,80.54530720823797,0.1317831815479046,80.307,80.814,0.10599999999999454,6.811756696224898e-05,80.269,80.38314216247139,0.13213908992485893,80.099,80.651,0.06400000000000716,5.2942942551254123e-05,75.973,74.32808895881006,2.2211284684352286,69.32,80.387,-4.244,-0.0018441584392464036,0.124,0.10873340961098396,0.2777025311479798,0.004,6.306,-0.04200000000000001,-5.554392756275199e-05,0.134,0.16440760869565219,0.08104001232548129,0.132,2.156,-0.176,-5.749386942295054e-05,0.435,0.44352231121281466,0.09713282423259254,0.195,0.88,0.016000000000000014,3.652197288356984e-06,-1.112,-0.9192231121281466,0.6214322673640363,-1.933,1.714,-2.813,-0.0007973743986757299,491.718,493.8930283180778,3.317016727878429,487.321,500.853,2.261000000000024,0.0007101071851145615,4.878,5.191312929061786,0.4254451164348765,4.44,6.222,-0.5960000000000001,-8.327348089966902e-05,210.0,210.0,0.0,210.0,210.0,0.0,6.201263602781194e-17,15.0,15.424771167048055,1.7837313704977333,6.0,16.5,9.0,0.002124342842004564,12.0,12.365131578947368,1.1024188792981442,6.0,13.5,6.0,0.0004235351712205957,12.0,13.21724828375286,1.3275298512127318,6.0,15.0,6.0,0.0010026353127290917,9.0,9.756864988558352,1.1757507996468939,4.5,12.0,4.5,0.00010455532445934344,0.0,0.0,0.0,0.0,0.0,0.0,0.0,1.0,1.0,0.0,1.0,1.0,0.0,-2.9645794877034347e-19,1.0,1.0,0.0,1.0,1.0,0.0,-2.9645794877034347e-19,1.0,1.0,0.0,1.0,1.0,0.0,-2.9645794877034347e-19,1.0,1.0,0.0,1.0,1.0,0.0,-2.9645794877034347e-19,0.0,0.7148169336384439,5.786612925894538,0.0,49.0,0.0,-3.448611427620609e-05,3.3,3.4249427917620134,0.30354267347764197,3.3,5.0,-1.7000000000000002,-0.00029047275980943906,1.6,1.6306636155606409,0.08455168556574023,1.5,2.0,-0.3999999999999999,-9.073886047956798e-05
batch_dist_ternary_butan-1-ol+propan-2-ol+water__operating_point_033__train_normal_experiment_001,batch_dist_ternary_butan-1-ol+propan-2-ol+water,operating_point_033,train_normal_experiment_001,0.1,554,92.31666666666666,0.6032216753142463,1.0,0.9963898916967509,0.05997562355897527,0.0,1.0,0.0,9.386528602359199e-06,1.0,1.0,0.0,1.0,1.0,0.0,1.0257798865266703e-18,422.671,422.36334476534296,0.11782691406624703,422.106,422.765,0.47100000000000364,0.0006110798442466507,83.626,83.59721480144405,0.09201441417678197,83.412,83.775,0.0,-0.00029035415972306436,73.905,73.69795036101083,0.12188642020864164,73.519,73.948,0.32099999999999795,0.0007037475891882475,78.878,78.86992509025272,0.054619270366683355,78.73,78.984,0.06300000000000239,0.0001975341483497812,79.172,79.07455685920577,0.045213721499076626,78.959,79.172,0.21299999999999386,0.00018437141223329306,73.932,73.86981768953069,0.06137522322917141,73.741,73.975,0.1490000000000009,0.0003441895006031114,72.204,71.99053249097473,0.12806955969796965,71.758,72.267,0.3819999999999908,0.0007318736693229289,71.882,71.62940252707581,0.17007388093285836,71.272,71.945,0.48400000000000887,0.0010133554775423742,71.545,71.13694133574008,0.2656568653629363,70.57,71.566,0.9540000000000077,0.0016076802800149739,65.512,66.01277166064982,0.495519278486837,65.47,66.866,-1.2690000000000055,-0.0029576545288147265,0.103,0.10869945848375451,0.04434345990706933,0.004,0.654,-0.534,-6.875577505290062e-05,0.372,0.3683393501805054,0.02218028778814059,0.307,0.404,0.06,3.562589884392212e-05,0.454,0.5243240072202167,0.09163160123140376,0.291,0.821,-0.069,4.8847477202820874e-05,2.17,2.002101083032491,0.14790664034706094,1.538,2.389,0.6319999999999999,-9.859073270854233e-05,495.2,496.70917689530677,1.826860568159227,491.889,501.589,-2.423000000000002,0.002462260350191686,5.464,5.148997292418772,0.4543959269031478,4.44,5.958,0.9100000000000001,-0.00018547482337182225,210.0,210.0,0.0,210.0,210.0,0.0,3.162235652533204e-16,22.5,21.771660649819495,0.7496871455810048,21.000000000000004,22.5,1.4999999999999964,0.004053233614993872,12.0,11.71841155234657,0.5857393768804308,10.500000000000002,12.0,0.0,-0.0001654640323927121,12.0,11.943140794223826,0.28645390446416075,10.500000000000002,12.0,0.0,-6.208871081145743e-05,9.0,9.0,0.0,9.0,9.0,0.0,-6.273984982461193e-18,0.0,0.0,0.0,0.0,0.0,0.0,0.0,1.0,1.0,0.0,1.0,1.0,0.0,1.0257798865266703e-18,1.0,1.0,0.0,1.0,1.0,0.0,1.0257798865266703e-18,1.0,1.0,0.0,1.0,1.0,0.0,1.0257798865266703e-18,1.0,1.0,0.0,1.0,1.0,0.0,1.0257798865266703e-18,0.0,1.6895306859205776,8.024567340809167,0.0,41.0,0.0,0.0004884523643377534,5.386,5.214673285198556,0.27007045432099697,4.293,5.786,1.093,0.00042152242789267525,1.654,1.585574007220217,0.10728842386190839,1.217,1.814,0.43699999999999983,0.0001651002161901033
batch_dist_ternary_butan-1-ol+propan-2-ol+water__operating_point_033__train_normal_experiment_001,batch_dist_ternary_butan-1-ol+propan-2-ol+water,operating_point_033,train_normal_experiment_001,0.2,1108,92.31666666666666,0.6032216753142463,1.0,0.9954873646209387,0.067024409740012,0.0,1.0,0.0,-1.0630394103465708e-06,1.0,1.0,0.0,1.0,1.0,0.0,9.121632862686479e-19,423.259,422.8005311371841,0.4805277466713993,422.106,423.564,1.059000000000026,0.0014204028046878314,84.716,83.7897450361011,0.3308896636570418,83.412,84.78,1.0899999999999892,0.0007598611858437046,74.44,73.90231723826713,0.2573134427085185,73.519,74.483,0.8559999999999945,0.0007814584723390259,79.259,78.91723149819494,0.14265397144571665,78.73,79.301,0.4440000000000026,0.0002777369654451841,79.471,79.16681678700361,0.1321827286125812,78.959,79.513,0.5120000000000005,0.0003557873854837967,74.358,73.97031453068593,0.16712208467996115,73.741,74.444,0.5750000000000028,0.0004377165407971081,72.522,72.16819675090252,0.2115815618572735,71.758,72.565,0.7000000000000028,0.0006296366195180838,72.303,71.84493366425994,0.26247162451813144,71.272,72.408,0.9050000000000011,0.0007857986020052742,71.969,71.41726985559566,0.3505697468330146,70.57,72.096,1.3780000000000001,0.0010479633721964489,65.005,65.61498104693142,0.5505780934666787,64.836,66.866,-1.7760000000000105,-0.0015995070170172184,0.109,0.11054016245487365,0.03335654075537427,0.004,0.654,-0.528,-3.184259567511321e-06,0.372,0.3763095667870036,0.020502395268009153,0.307,0.426,0.06,2.515460452609376e-05,0.464,0.5197292418772563,0.1098800247125618,0.182,1.003,-0.059,-4.221250101352222e-06,1.906,2.00813583032491,0.15601210643207128,1.434,2.389,0.3679999999999999,-2.5346985988179687e-05,492.903,495.93328700361013,2.4937301441412227,486.316,503.393,-4.71999999999997,-0.0024901253034107667,5.464,5.09726714801444,0.4398931615902751,4.44,5.958,0.9100000000000001,-0.00013294052836163936,210.0,210.0,0.0,210.0,210.0,0.0,9.739447379326521e-17,21.000000000000004,22.01534296028881,0.7014934877995442,21.000000000000004,22.5,0.0,0.000892622283298029,12.0,11.680505415162456,0.6141376779809243,10.500000000000002,12.0,0.0,0.00011217491802709229,13.5,12.245036101083032,0.6267377996058914,10.500000000000002,13.5,1.5,0.0009844781513510031,9.0,9.141471119133573,0.4378183752097566,9.0,10.500000000000002,0.0,0.0004252345106843342,0.0,0.0,0.0,0.0,0.0,0.0,0.0,1.0,1.0,0.0,1.0,1.0,0.0,9.121632862686479e-19,1.0,1.0,0.0,1.0,1.0,0.0,9.121632862686479e-19,1.0,1.0,0.0,1.0,1.0,0.0,9.121632862686479e-19,1.0,1.0,0.0,1.0,1.0,0.0,9.121632862686479e-19,0.0,1.621841155234657,7.928041185775993,0.0,41.0,0.0,1.974783170175386e-05,5.386,5.3511006317689525,0.29495030256528876,4.293,6.186,1.093,0.0004266415756724799,1.654,1.6405166967509026,0.11779027414567118,1.217,1.974,0.43699999999999983,0.0001710947220428512
batch_dist_ternary_butan-1-ol+propan-2-ol+water__operating_point_033__train_normal_experiment_001,batch_dist_ternary_butan-1-ol+propan-2-ol+water,operating_point_033,train_normal_experiment_001,0.4,2216,92.31666666666666,0.6032216753142463,1.0,0.9941335740072202,0.07636760464261676,0.0,1.0,0.0,-3.3242016024778824e-06,1.0,1.0,0.0,1.0,1.0,0.0,4.820935139146836e-19,423.729,423.12043253610113,0.49069740080165325,422.106,423.847,1.5289999999999964,0.0006842790778789082,85.015,84.38451331227435,0.6471665437580846,83.412,85.25,1.3889999999999958,0.0009215646876895621,75.061,74.37729309566787,0.5256002947569001,73.519,75.104,1.4770000000000039,0.0008054097025268286,79.999,79.3738059566787,0.49090571273947986,78.73,80.063,1.1839999999999975,0.0007234228879898095,79.982,79.5391714801444,0.4042105547050864,78.959,80.259,1.0229999999999961,0.0006111360036903894,74.976,74.4291838898917,0.5010776567132612,73.741,75.147,1.1929999999999978,0.0007507995642180806,73.286,72.50129490072202,0.401696180358054,71.758,73.35,1.4639999999999986,0.000617078650334233,73.081,72.24669381768953,0.4781839227184837,71.272,73.187,1.683000000000007,0.0007363934548063729,72.859,71.89374526173285,0.5720637869033603,70.57,72.944,2.2680000000000007,0.0008801506973782113,64.963,65.24343027978338,0.5436661192939589,64.625,66.866,-1.818000000000012,-0.0006989997794966774,0.111,0.11276421480144405,0.02614961510503713,0.004,0.654,-0.526,2.1213404380639674e-06,0.376,0.3793260379061371,0.01910300890655087,0.307,0.428,0.064,6.343161935351849e-06,0.459,0.5277660198555957,0.13970405709956682,0.182,1.091,-0.064,9.929164952507471e-06,1.652,2.006215252707581,0.15409414732063656,1.434,2.503,0.11399999999999988,-7.903583465067318e-06,495.164,495.0182606046931,3.020539303838596,485.517,503.393,-2.459000000000003,-0.001380124393233864,5.854,5.093297608303249,0.43183729798409076,4.44,5.958,1.2999999999999998,-7.92649696781972e-06,210.0,210.0,0.0,210.0,210.0,0.0,-5.697957052306555e-17,21.000000000000004,21.558438628158846,0.7633239460376607,19.5,22.5,0.0,-0.00047519734834905057,12.0,11.613492779783394,0.6560281998857521,10.500000000000002,12.0,0.0,-0.00017100395486809714,13.5,12.337093862815884,0.6592821294467357,10.500000000000002,13.5,1.5,0.00018335268288101564,9.0,9.130979241877256,0.4231541861698545,9.0,10.500000000000002,0.0,-1.4299332461282047e-05,0.0,0.0,0.0,0.0,0.0,0.0,0.0,1.0,1.0,0.0,1.0,1.0,0.0,4.820935139146836e-19,1.0,1.0,0.0,1.0,1.0,0.0,4.820935139146836e-19,1.0,1.0,0.0,1.0,1.0,0.0,4.820935139146836e-19,1.0,1.0,0.0,1.0,1.0,0.0,4.820935139146836e-19,0.0,1.4677346570397112,7.571498637596376,0.0,41.0,0.0,-0.00021645658105848558,5.186,5.441687274368231,0.2926108797224073,4.293,6.357,0.8929999999999998,0.00016313967516601123,1.574,1.6768348375451263,0.11691900207525398,1.217,2.074,0.357,6.540889626041837e-05
batch_dist_ternary_butan-1-ol+propan-2-ol+water__operating_point_034__train_normal_experiment_001,batch_dist_ternary_butan-1-ol+propan-2-ol+water,operating_point_034,train_normal_experiment_001,0.1,572,95.31666666666666,0.5498700767491976,1.0,1.0,0.0,1.0,1.0,0.0,5.003297853966312e-19,1.0,1.0,0.0,1.0,1.0,0.0,5.003297853966312e-19,423.517,422.74057342657346,0.49378829039115574,421.871,423.635,1.5760000000000218,0.0029711730902124834,80.743,80.67150874125875,0.04632900464981166,80.572,80.828,0.0,0.00014162966346623293,70.245,70.00643968531469,0.11770333670092044,69.796,70.245,0.4270000000000067,0.0007005817396219598,75.432,75.3328417832168,0.0484350627089233,75.221,75.475,0.0,-4.985196902883666e-06,75.509,75.43392045454546,0.04890168942341995,75.338,75.551,0.0,-7.4368626577507146e-06,70.441,70.28018881118882,0.05536335172269911,70.186,70.462,0.23400000000000887,0.00021826862403246882,67.793,67.57651660839161,0.18253096342477662,67.073,67.836,0.6990000000000123,0.0010465061959616395,65.556,64.4973173076923,0.5931544122282983,63.667,65.556,1.867999999999995,0.003569562549296461,63.605,63.373925699300706,0.09001727293669123,63.266,63.626,0.2959999999999994,0.0004890874087723911,63.293,63.379677447552446,0.05612621171731573,63.293,63.505,-0.16900000000000404,-0.00031207612176742047,0.373,0.373625,0.006543401697070939,0.359,0.396,-0.0020000000000000018,1.1721017999614838e-05,0.211,0.2114965034965035,0.005332640125821941,0.158,0.225,-0.006000000000000005,-5.866832848980022e-06,0.623,0.6260393356643358,0.056249364642061345,0.478,0.766,-0.08399999999999996,-9.117082933570325e-07,1.966,2.0034571678321678,0.08911879398661753,1.762,2.272,0.08400000000000007,6.28327234332165e-05,498.708,498.7701363636364,0.7652946897595652,496.869,500.719,0.9330000000000496,-0.0005902604515355254,5.842,5.32718006993007,0.41302563554430655,4.545,6.228,0.0,-5.707350021540583e-05,210.0,210.0,0.0,210.0,210.0,0.0,2.8165414248192586e-16,16.5,16.5,0.0,16.5,16.5,0.0,2.4605009986823335e-17,10.500000000000002,10.970716783216783,0.6953542213971423,10.500000000000002,12.0,0.0,0.00017127291886372126,12.0,11.543706293706293,0.690098987854142,10.500000000000002,12.0,1.4999999999999982,0.002018053282941756,7.5,8.339160839160838,0.7446813712992524,7.5,9.0,-1.5,0.0006091093051601588,0.0,0.0,0.0,0.0,0.0,0.0,0.0,1.0,1.0,0.0,1.0,1.0,0.0,5.003297853966312e-19,1.0,1.0,0.0,1.0,1.0,0.0,5.003297853966312e-19,1.0,1.0,0.0,1.0,1.0,0.0,5.003297853966312e-19,1.0,1.0,0.0,1.0,1.0,0.0,5.003297853966312e-19,0.0,2.237762237762238,9.192546419667122,0.0,40.0,0.0,0.00013336989891395517,3.9,3.933975524475525,0.06811163780988169,3.76,4.157,0.06999999999999984,6.760196369222878e-05,4.5,4.570115384615384,0.13419987822558244,4.267,5.013,0.13999999999999968,0.00012610402864940176
batch_dist_ternary_butan-1-ol+propan-2-ol+water__operating_point_034__train_normal_experiment_001,batch_dist_ternary_butan-1-ol+propan-2-ol+water,operating_point_034,train_normal_experiment_001,0.2,1144,95.31666666666666,0.5498700767491976,1.0,0.9991258741258742,0.02955269493772197,0.0,1.0,0.0,-1.1180924429222072e-06,1.0,1.0,0.0,1.0,1.0,0.0,1.080036383036909e-18,424.647,423.4126503496504,0.791681905586294,421.871,424.717,2.7060000000000173,0.002378371800121487,80.828,80.74208610139861,0.08199135566011101,80.572,80.892,0.08500000000000796,0.00021497599667916905,70.737,70.23219842657343,0.2581415381555246,69.796,70.737,0.9189999999999969,0.000778599474199997,75.77,75.46241870629372,0.1521956981707533,75.221,75.77,0.33799999999999386,0.0004115126291947864,75.764,75.52785576923077,0.12306432453684048,75.338,75.807,0.25499999999999545,0.00031727983417286073,70.739,70.42220498251748,0.16230156706799598,70.186,70.739,0.5320000000000107,0.00046768041784116325,68.09,67.75869536713286,0.23194695877092644,67.073,68.111,0.9960000000000093,0.0006731071055615823,66.459,65.30631293706294,0.9287740184889134,63.667,66.48,2.771000000000001,0.0027557753682551566,65.382,63.8914812062937,0.6451091510248155,63.266,65.382,2.0730000000000075,0.0018233872498348042,63.293,63.34398645104896,0.05537108634287131,63.251,63.505,-0.16900000000000404,-0.00014154095139807488,0.368,0.37572115384615384,0.007035657686969965,0.359,0.396,-0.007000000000000006,5.796860476570382e-06,0.212,0.2123409090909091,0.004871786681214607,0.158,0.225,-0.0050000000000000044,1.7387219137383266e-06,0.644,0.6279444930069931,0.05443416602843741,0.478,0.766,-0.06299999999999994,-3.363921377021923e-06,2.005,1.9990292832167833,0.08623206851714137,1.724,2.272,0.123,-9.994369863537615e-06,497.407,498.7411394230769,0.8075537688652118,496.662,500.719,-0.367999999999995,-0.0002670904497517085,5.333,5.330781468531469,0.4071819078620158,4.545,6.228,-0.5089999999999995,1.758493314728321e-05,210.0,210.0,0.0,210.0,210.0,0.0,-7.254741982863786e-18,16.5,16.45673076923077,0.2510609882528252,15.0,16.5,0.0,-3.871845927341834e-05,12.0,11.017263986013987,0.7126305157581345,10.500000000000002,12.0,1.4999999999999982,8.074611150291137e-05,12.0,11.556818181818182,0.6843702238597059,10.500000000000002,12.0,1.4999999999999982,0.0003081727267677831,9.0,8.322115384615385,0.7465248631504345,7.5,9.0,0.0,9.437060893237934e-05,0.0,0.0,0.0,0.0,0.0,0.0,0.0,1.0,1.0,0.0,1.0,1.0,0.0,1.080036383036909e-18,1.0,1.0,0.0,1.0,1.0,0.0,1.080036383036909e-18,1.0,1.0,0.0,1.0,1.0,0.0,1.080036383036909e-18,1.0,1.0,0.0,1.0,1.0,0.0,1.080036383036909e-18,0.0,2.325174825174825,9.340819272939385,0.0,40.0,0.0,0.0004825831253641314,3.8,3.9478872377622376,0.0682900024529754,3.76,4.157,-0.03000000000000025,3.36318359630962e-05,4.3,4.596439248251748,0.1353733652302791,4.267,5.013,-0.0600000000000005,6.330708541192198e-05
batch_dist_ternary_butan-1-ol+propan-2-ol+water__operating_point_034__train_normal_experiment_001,batch_dist_ternary_butan-1-ol+propan-2-ol+water,operating_point_034,train_normal_experiment_001,0.4,2288,95.31666666666666,0.5498700767491976,1.0,0.9960664335664335,0.06259467620076929,0.0,1.0,0.0,-3.1864614487575734e-06,1.0,1.0,0.0,1.0,1.0,0.0,-2.0285692400737768e-19,425.871,424.52056993007,1.2756641619616362,421.871,426.153,3.930000000000007,0.0018967653691326107,82.344,81.04891346153846,0.45574744492021474,80.572,82.366,1.600999999999999,0.0005989076306210456,72.064,70.78652185314685,0.6409378673696718,69.796,72.064,2.245999999999995,0.000965404360124367,77.102,75.91343728146853,0.5303291946914532,75.221,77.102,1.6700000000000017,0.0007797997807061277,77.042,75.94696263111888,0.49613430643730144,75.338,77.063,1.5330000000000013,0.0007209776632889217,71.952,70.88367001748252,0.5362390494192193,70.186,71.995,1.7450000000000045,0.0007953122422239912,69.086,68.15736494755244,0.47623586041121047,67.073,69.107,1.9920000000000044,0.0007144440945943568,66.963,66.0240714597902,0.9779452257358167,63.667,66.984,3.2749999999999915,0.0013379798093599781,66.673,65.06763505244754,1.2849305712327257,63.266,66.694,3.3640000000000043,0.0018949064578549645,63.484,63.3578354458042,0.0534010927089624,63.251,63.505,0.021999999999998465,1.7141153585693067e-05,0.369,0.3710310314685314,0.00869400908907783,0.34,0.396,-0.006000000000000005,-5.374334670756891e-06,0.221,0.21370520104895108,0.005350372842847631,0.158,0.229,0.0040000000000000036,3.372420603790135e-06,0.648,0.6216225961538462,0.05400932264522163,0.461,0.778,-0.05899999999999994,-9.338250884756247e-06,1.974,1.9989840472027973,0.09116770445472029,1.695,2.293,0.09200000000000008,1.8026099452585712e-07,498.107,498.76326726398605,0.776132298633213,496.662,500.719,0.3320000000000505,1.6299478923499445e-05,5.469,5.394301791958041,0.39861265520680556,4.545,6.381,-0.37299999999999933,9.566309827935047e-05,210.0,210.0,0.0,210.0,210.0,0.0,2.5686880294177607e-18,16.5,16.467875874125873,0.30717588862215295,15.0,18.0,0.0,-2.3546802960161636e-05,12.0,11.22541520979021,0.7494329457584857,10.500000000000002,12.0,1.4999999999999982,0.0003553807454645016,12.0,11.697115384615385,0.6021526657254254,10.500000000000002,12.0,1.4999999999999982,0.00022852504018488058,9.0,8.555179195804195,0.6849232150731982,7.5,9.0,0.0,0.0003760541727179999,0.0,0.0,0.0,0.0,0.0,0.0,0.0,1.0,1.0,0.0,1.0,1.0,0.0,-2.0285692400737768e-19,1.0,1.0,0.0,1.0,1.0,0.0,-2.0285692400737768e-19,1.0,1.0,0.0,1.0,1.0,0.0,-2.0285692400737768e-19,1.0,1.0,0.0,1.0,1.0,0.0,-2.0285692400737768e-19,0.0,2.2465034965034967,9.199920473868906,0.0,40.0,0.0,-3.4765040802361194e-06,3.89,3.921962631118881,0.07461990531203128,3.66,4.157,0.06000000000000005,-2.542124855043398e-05,4.48,4.544261800699301,0.1487578157748363,4.02,5.013,0.1200000000000001,-5.155910227455706e-05
batch_dist_ternary_butan-1-ol+propan-2-ol+water__operating_point_035__train_normal_experiment_001,batch_dist_ternary_butan-1-ol+propan-2-ol+water,operating_point_035,train_normal_experiment_001,0.1,431,71.75,0.6734789655266796,1.0,1.0,0.0,1.0,1.0,0.0,9.10710415286025e-19,1.0,1.0,0.0,1.0,1.0,0.0,9.10710415286025e-19,442.3,442.35290023201867,0.16043643138336128,442.1,442.9,-0.5,-0.0009802334574358237,80.8,86.24176334106728,3.2476185313190693,80.8,90.9,-0.10000000000000853,-0.01972836741667991,81.1,80.87633410672854,0.11518781081418668,80.7,81.1,0.3999999999999915,0.0008873810680049116,122.3,74.80533642691415,29.696328400636737,30.8,122.3,91.5,0.23792851490134717,128.0,81.36589327146172,31.739322834510023,33.2,128.0,94.8,0.2539983333033568,120.4,74.53758700696056,27.273352500022025,35.8,120.4,84.60000000000001,0.21824078070948522,78.3,79.09837587006959,0.4244523238185989,78.3,79.6,-0.7999999999999972,-0.002573922192845019,74.8,74.88677494199536,0.10700106434596043,74.7,75.1,0.09999999999999432,0.0002011576946829099,74.3,74.3410672853828,0.059054991257295,74.3,74.5,0.0,-0.00011951653806730157,74.1,74.10696055684458,0.034705199616664135,74.0,74.2,0.0,0.00011323644909690182,0.1,0.2415313225058005,0.3951756322717867,0.0,2.0,0.0,0.00028128503510254976,0.0,0.36125290023201856,0.38081279368909904,0.0,1.4,-0.5,0.0001374575082285653,1.1,1.0501160092807424,0.07489349281309221,0.8,1.3,0.0,8.558307403610359e-05,2.8,2.991879350348028,0.14159824974191032,2.7,3.3,-0.20000000000000018,-0.00024325977085918772,800.0,799.9907192575405,0.448826459029772,798.2,801.4,0.20000000000004547,9.286737771186229e-05,6.8,6.4995359628770295,0.36340714063810603,5.8,7.3,0.0,-0.00010439336438904403,210.0,210.0,0.0,210.0,210.0,0.0,-1.613155473686476e-16,0.0,2.0011600928074245,11.183011375911548,0.0,91.5,-91.5,-0.02708794222917678,25.500000000000004,103.15545243619489,30.091761623453124,25.500000000000004,136.5,-40.5,-0.09624026511268172,66.0,121.47563805104409,25.34144987307271,66.0,150.0,-3.0,-0.006236173312469513,63.0,111.88747099767981,23.485731085104142,61.49999999999999,139.5,1.500000000000007,0.018142187809133247,0.0,0.0,0.0,0.0,0.0,0.0,0.0,0.0,0.48259860788863107,0.49969709980405774,0.0,1.0,0.0,-2.907726158144296e-05,1.0,1.0,0.0,1.0,1.0,0.0,9.10710415286025e-19,1.0,1.0,0.0,1.0,1.0,0.0,9.10710415286025e-19,1.0,1.0,0.0,1.0,1.0,0.0,9.10710415286025e-19,11.7,8.756148491879351,3.740094793423962,0.0,17.0,0.8999999999999986,-0.00010266971228499362,0.0,6.21276102088167,6.179586147321657,0.0,23.7,-1.0,0.002354014160926156,0.0,12.909744779582367,29.27172241849692,0.0,100.0,-4.1,0.021464444804163145
batch_dist_ternary_butan-1-ol+propan-2-ol+water__operating_point_035__train_normal_experiment_001,batch_dist_ternary_butan-1-ol+propan-2-ol+water,operating_point_035,train_normal_experiment_001,0.2,862,71.75,0.6734789655266796,1.0,0.9988399071925754,0.034040372972439004,0.0,1.0,0.0,-7.76577078867631e-06,1.0,1.0,0.0,1.0,1.0,0.0,-1.0124718489210915e-18,446.8,443.19669373549885,1.319503033929852,442.1,446.9,4.0,0.004198269833105396,75.3,81.84356148491878,5.077759815156595,75.3,90.9,-5.6000000000000085,-0.019280207005285557,81.3,81.02894431554522,0.18316734873251952,80.7,81.3,0.5999999999999943,0.0007206977210628244,107.7,96.86861948955917,30.784079518583756,30.8,127.0,76.9,0.10044942220463936,100.3,98.13671693735498,28.791867636638692,33.2,128.8,67.1,0.08073235031165328,112.0,97.75435034802784,30.375972312857776,35.8,127.3,76.2,0.10372480980442322,78.5,78.7901392111369,0.4329071093283572,78.3,79.6,-0.5999999999999943,-0.0013589208954700599,74.6,74.77186774941995,0.14203645215043506,74.6,75.1,-0.10000000000000853,-0.0004131310434663903,74.3,74.31983758700694,0.04757186848068737,74.2,74.5,0.0,-9.032930999283115e-05,74.1,74.11653132250582,0.04040009668805692,74.0,74.2,0.0,3.7857898403870524e-05,1.9,0.2756380510440835,0.4435061202934328,0.0,2.1,1.7999999999999998,0.00016044138655223856,1.3,0.38085846867749423,0.4082944616816182,0.0,1.5,0.8,8.55986534809185e-05,1.0,1.0445475638051043,0.07103292878674787,0.8,1.3,-0.10000000000000009,-1.766267891682509e-05,3.0,2.967749419953596,0.14712414803783386,2.5,3.3,0.0,-0.0001228556179932502,800.8,799.9797563805104,0.48637974245912213,798.2,801.5,1.0,-2.4111828373872576e-05,6.4,6.503364269141531,0.36800749579317615,5.8,7.3,-0.39999999999999947,-1.1414465266587514e-05,210.0,210.0,0.0,210.0,210.0,0.0,-2.738977668431045e-16,0.0,1.0005800464037122,7.970635617448885,0.0,91.5,-91.5,-0.0068682809396575185,0.0,52.020591647331784,55.44706979383021,0.0,136.5,-66.0,-0.19146073455329893,0.0,64.15023201856148,61.110025625626506,0.0,150.0,-69.0,-0.2105296339049845,0.0,59.19431554524362,56.304227041743324,0.0,139.5,-61.49999999999999,-0.19090239296372094,0.0,0.0,0.0,0.0,0.0,0.0,0.0,1.0,0.47215777262180975,0.49922420852220417,0.0,1.0,1.0,-7.193408188931321e-05,1.0,1.0,0.0,1.0,1.0,0.0,-1.0124718489210915e-18,1.0,1.0,0.0,1.0,1.0,0.0,-1.0124718489210915e-18,1.0,1.0,0.0,1.0,1.0,0.0,-1.0124718489210915e-18,10.2,8.639269141531322,3.8191586031066436,0.0,19.8,-0.6000000000000014,-0.000684103048462229,9.4,6.60046403712297,6.556684817341023,0.0,24.7,8.4,0.0017283945366781323,0.0,15.53781902552204,31.787677227970196,0.0,100.0,-4.1,0.013080385160872907
batch_dist_ternary_butan-1-ol+propan-2-ol+water__operating_point_035__train_normal_experiment_001,batch_dist_ternary_butan-1-ol+propan-2-ol+water,operating_point_035,train_normal_experiment_001,0.4,1723,71.75,0.6734789655266796,1.0,0.9988392338943702,0.0340502382910566,0.0,1.0,0.0,-3.7770387116488223e-07,1.0,1.0,0.0,1.0,1.0,0.0,3.33149001294861e-19,445.9,445.1018862449217,2.134070055722193,442.1,447.6,3.099999999999966,0.00378261993150081,75.7,78.58360417875798,4.859635964266704,74.7,90.9,-5.200000000000003,-0.00806917013922361,81.9,81.3145966337783,0.33803690095565775,80.7,81.9,1.2000000000000028,0.0006756597927111997,80.4,94.78070226349391,22.564573886728873,30.8,127.0,49.60000000000001,0.005016820701734277,75.5,92.04222286709228,21.828627177921085,33.2,128.8,42.3,-0.004003861147029617,88.3,98.35214741729541,22.017845833433345,35.8,127.3,52.5,0.010646502062631463,78.9,78.79071387115494,0.31709965179604005,78.3,79.6,-0.19999999999998863,-0.00012216608844115002,74.5,74.67426001160766,0.14327836268420036,74.5,75.1,-0.20000000000000284,-0.00023450519016958812,74.2,74.28456181079511,0.06022469133022889,74.2,74.5,-0.09999999999999432,-8.57964900293746e-05,74.1,74.10966337782939,0.03160997035511126,74.0,74.2,0.0,-9.121313889941137e-06,0.6,0.29210679048171795,0.45984279805887074,0.0,2.2,0.5,4.6487370185466825e-05,0.9,0.3805571677307023,0.41139011336413306,0.0,1.6,0.4,-7.53765551587306e-07,1.0,1.0342426001160767,0.0713019890790898,0.8,1.3,-0.10000000000000009,-1.7736481132722128e-05,2.9,2.9444573418456175,0.1469551035047688,2.4,3.3,-0.10000000000000009,-5.5703461941251586e-05,799.3,799.9795995356936,0.49383043541633576,798.2,801.5,-0.5,-7.443933344314204e-06,5.8,6.504120719674986,0.36836665010429254,5.8,7.3,-1.0,2.0445274765291794e-06,210.0,210.0,0.0,210.0,210.0,0.0,5.222211015566938e-17,0.0,1.4852002321532212,6.156706378697921,0.0,91.5,-91.5,-3.171304925726368e-05,0.0,26.02539175856065,47.059708813611635,0.0,136.5,-66.0,-0.06926206671553795,0.0,32.093731863029596,53.82484591618823,0.0,150.0,-69.0,-0.08220958592155696,0.0,29.614335461404526,49.618488488002846,0.0,139.5,-61.49999999999999,-0.07543741416122357,0.0,0.0,0.0,0.0,0.0,0.0,0.0,0.0,0.4706906558328497,0.49914022312822237,0.0,1.0,0.0,-1.891099941284143e-05,1.0,1.0,0.0,1.0,1.0,0.0,3.33149001294861e-19,1.0,1.0,0.0,1.0,1.0,0.0,3.33149001294861e-19,1.0,1.0,0.0,1.0,1.0,0.0,3.33149001294861e-19,0.0,8.47501450957632,3.978310455077685,0.0,19.8,-10.8,-0.0003239631790618795,0.4,6.623969820081255,6.549037315069103,0.0,25.9,-0.6,0.00015915573115819675,0.0,16.59680789320952,32.480926341429026,0.0,100.0,-4.1,0.003680500886569529
