run_id,mixture,operating_point,experiment,split_label,normality_label,sensor_member,actuator_member,metadata_member,gc_member,oplog_member,has_sensor,has_actuator,has_metadata,has_gc_timeseries,has_oplog,n_sensor_rows,duration_seconds,duration_minutes,anomaly_points,first_anomaly_fraction
batch_dist_binary_ethanol+propan-2-ol__operating_point_001__test_anormal_experiment_001,batch_dist_binary_ethanol+propan-2-ol,operating_point_001,test_anormal_experiment_001,test,anormal,01_Batch_Distillation_Plant_M-202210_Timeseries_Sensors/Operation/batch_dist_binary_ethanol+propan-2-ol/operating_point_001/test_anormal_experiment_001.csv,02_Batch_Distillation_Plant_M-202210_Timeseries_Actuators/Operation/batch_dist_binary_ethanol+propan-2-ol/operating_point_001/test_anormal_experiment_001.csv,00_Batch_Distillation_Plant_M-202210_Timeseries_Label_Anomaly_Metadata/Operation/batch_dist_binary_ethanol+propan-2-ol/operating_point_001/test_anormal_experiment_001.csv,10_Batch_Distillation_Plant_M-202210_GC_Composition/timeseries/batch_dist_binary_ethanol+propan-2-ol/operating_point_001/test_anormal_experiment_001.csv,,True,True,True,True,False,2854,2853.0,47.55,384,0.1331931300385559
batch_dist_binary_ethanol+propan-2-ol__operating_point_001__test_anormal_experiment_002,batch_dist_binary_ethanol+propan-2-ol,operating_point_001,test_anormal_experiment_002,test,anormal,01_Batch_Distillation_Plant_M-202210_Timeseries_Sensors/Operation/batch_dist_binary_ethanol+propan-2-ol/operating_point_001/test_anormal_experiment_002.csv,02_Batch_Distillation_Plant_M-202210_Timeseries_Actuators/Operation/batch_dist_binary_ethanol+propan-2-ol/operating_point_001/test_anormal_experiment_002.csv,00_Batch_Distillation_Plant_M-202210_Timeseries_Label_Anomaly_Metadata/Operation/batch_dist_binary_ethanol+propan-2-ol/operating_point_001/test_anormal_experiment_002.csv,10_Batch_Distillation_Plant_M-202210_GC_Composition/timeseries/batch_dist_binary_ethanol+propan-2-ol/operating_point_001/test_anormal_experiment_002.csv,,True,True,True,True,False,514,513.0,8.55,170,0.0
batch_dist_binary_ethanol+propan-2-ol__operating_point_002__train_normal_experiment_001,batch_dist_binary_ethanol+propan-2-ol,operating_point_002,train_normal_experiment_001,train,normal,01_Batch_Distillation_Plant_M-202210_Timeseries_Sensors/Operation/batch_dist_binary_ethanol+propan-2-ol/operating_point_002/train_normal_experiment_001.csv,02_Batch_Distillation_Plant_M-202210_Timeseries_Actuators/Operation/batch_dist_binary_ethanol+propan-2-ol/operating_point_002/train_normal_experiment_001.csv,00_Batch_Distillation_Plant_M-202210_Timeseries_Label_Anomaly_Metadata/Operation/batch_dist_binary_ethanol+propan-2-ol/operating_point_002/train_normal_experiment_001.csv,,,True,True,True,False,False,2480,2479.0,41.31666666666667,0,
batch_dist_binary_ethanol+propan-2-ol__operating_point_002__train_normal_experiment_002,batch_dist_binary_ethanol+propan-2-ol,operating_point_002,train_normal_experiment_002,train,normal,01_Batch_Distillation_Plant_M-202210_Timeseries_Sensors/Operation/batch_dist_binary_ethanol+propan-2-ol/operating_point_002/train_normal_experiment_002.csv,02_Batch_Distillation_Plant_M-202210_Timeseries_Actuators/Operation/batch_dist_binary_ethanol+propan-2-ol/operating_point_002/train_normal_experiment_002.csv,00_Batch_Distillation_Plant_M-202210_Timeseries_Label_Anomaly_Metadata/Operation/batch_dist_binary_ethanol+propan-2-ol/operating_point_002/train_normal_experiment_002.csv,10_Batch_Distillation_Plant_M-202210_GC_Composition/timeseries/batch_dist_binary_ethanol+propan-2-ol/operating_point_002/train_normal_experiment_002.csv,,True,True,True,True,False,7118,7117.0,118.61666666666666,0,
batch_dist_ternary_acetone+butan-1-ol+methanol__operating_point_001__test_anormal_experiment_001,batch_dist_ternary_acetone+butan-1-ol+methanol,operating_point_001,test_anormal_experiment_001,test,anormal,01_Batch_Distillation_Plant_M-202210_Timeseries_Sensors/Operation/batch_dist_ternary_acetone+butan-1-ol+methanol/operating_point_001/test_anormal_experiment_001.csv,02_Batch_Distillation_Plant_M-202210_Timeseries_Actuators/Operation/batch_dist_ternary_acetone+butan-1-ol+methanol/operating_point_001/test_anormal_experiment_001.csv,00_Batch_Distillation_Plant_M-202210_Timeseries_Label_Anomaly_Metadata/Operation/batch_dist_ternary_acetone+butan-1-ol+methanol/operating_point_001/test_anormal_experiment_001.csv,10_Batch_Distillation_Plant_M-202210_GC_Composition/timeseries/batch_dist_ternary_acetone+butan-1-ol+methanol/operating_point_001/test_anormal_experiment_001.csv,07_Batch_Distillation_Plant_M-202210_Tabular_Operation_Logs/batch_dist_ternary_acetone+butan-1-ol+methanol/operating_point_001/test_anormal_experiment_001.csv,True,True,True,True,True,5457,5456.0,90.93333333333334,246,0.5670821114369502
batch_dist_ternary_acetone+butan-1-ol+methanol__operating_point_001__test_anormal_experiment_002,batch_dist_ternary_acetone+butan-1-ol+methanol,operating_point_001,test_anormal_experiment_002,test,anormal,01_Batch_Distillation_Plant_M-202210_Timeseries_Sensors/Operation/batch_dist_ternary_acetone+butan-1-ol+methanol/operating_point_001/test_anormal_experiment_002.csv,02_Batch_Distillation_Plant_M-202210_Timeseries_Actuators/Operation/batch_dist_ternary_acetone+butan-1-ol+methanol/operating_point_001/test_anormal_experiment_002.csv,00_Batch_Distillation_Plant_M-202210_Timeseries_Label_Anomaly_Metadata/Operation/batch_dist_ternary_acetone+butan-1-ol+methanol/operating_point_001/test_anormal_experiment_002.csv,10_Batch_Distillation_Plant_M-202210_GC_Composition/timeseries/batch_dist_ternary_acetone+butan-1-ol+methanol/operating_point_001/test_anormal_experiment_002.csv,07_Batch_Distillation_Plant_M-202210_Tabular_Operation_Logs/batch_dist_ternary_acetone+butan-1-ol+methanol/operating_point_001/test_anormal_experiment_002.csv,True,True,True,True,True,3440,3439.0,57.31666666666667,1848,0.4629252689735388
batch_dist_ternary_acetone+butan-1-ol+methanol__operating_point_002__test_anormal_experiment_001,batch_dist_ternary_acetone+butan-1-ol+methanol,operating_point_002,test_anormal_experiment_001,test,anormal,01_Batch_Distillation_Plant_M-202210_Timeseries_Sensors/Operation/batch_dist_ternary_acetone+butan-1-ol+methanol/operating_point_002/test_anormal_experiment_001.csv,02_Batch_Distillation_Plant_M-202210_Timeseries_Actuators/Operation/batch_dist_ternary_acetone+butan-1-ol+methanol/operating_point_002/test_anormal_experiment_001.csv,00_Batch_Distillation_Plant_M-202210_Timeseries_Label_Anomaly_Metadata/Operation/batch_dist_ternary_acetone+butan-1-ol+methanol/operating_point_002/test_anormal_experiment_001.csv,10_Batch_Distillation_Plant_M-202210_GC_Composition/timeseries/batch_dist_ternary_acetone+butan-1-ol+methanol/operating_point_002/test_anormal_experiment_001.csv,07_Batch_Distillation_Plant_M-202210_Tabular_Operation_Logs/batch_dist_ternary_acetone+butan-1-ol+methanol/operating_point_002/test_anormal_experiment_001.csv,True,True,True,True,True,4155,4154.0,69.23333333333333,1951,0.4655753490611459
batch_dist_ternary_acetone+butan-1-ol+methanol__operating_point_002__train_normal_experiment_001,batch_dist_ternary_acetone+butan-1-ol+methanol,operating_point_002,train_normal_experiment_001,train,normal,01_Batch_Distillation_Plant_M-202210_Timeseries_Sensors/Operation/batch_dist_ternary_acetone+butan-1-ol+methanol/operating_point_002/train_normal_experiment_001.csv,02_Batch_Distillation_Plant_M-202210_Timeseries_Actuators/Operation/batch_dist_ternary_acetone+butan-1-ol+methanol/operating_point_002/train_normal_experiment_001.csv,00_Batch_Distillation_Plant_M-202210_Timeseries_Label_Anomaly_Metadata/Operation/batch_dist_ternary_acetone+butan-1-ol+methanol/operating_point_002/train_normal_experiment_001.csv,10_Batch_Distillation_Plant_M-202210_GC_Composition/timeseries/batch_dist_ternary_acetone+butan-1-ol+methanol/operating_point_002/train_normal_experiment_001.csv,07_Batch_Distillation_Plant_M-202210_Tabular_Operation_Logs/batch_dist_ternary_acetone+butan-1-ol+methanol/operating_point_002/train_normal_experiment_001.csv,True,True,True,True,True,3512,3511.0,58.516666666666666,0,
batch_dist_ternary_acetone+butan-1-ol+methanol__operating_point_003__test_anormal_experiment_001,batch_dist_ternary_acetone+butan-1-ol+methanol,operating_point_003,test_anormal_experiment_001,test,anormal,01_Batch_Distillation_Plant_M-202210_Timeseries_Sensors/Operation/batch_dist_ternary_acetone+butan-1-ol+methanol/operating_point_003/test_anormal_experiment_001.csv,02_Batch_Distillation_Plant_M-202210_Timeseries_Actuators/Operation/batch_dist_ternary_acetone+butan-1-ol+methanol/operating_point_003/test_anormal_experiment_001.csv,00_Batch_Distillation_Plant_M-202210_Timeseries_Label_Anomaly_Metadata/Operation/batch_dist_ternary_acetone+butan-1-ol+methanol/operating_point_003/test_anormal_experiment_001.csv,10_Batch_Distillation_Plant_M-202210_GC_Composition/timeseries/batch_dist_ternary_acetone+butan-1-ol+methanol/operating_point_003/test_anormal_experiment_001.csv,07_Batch_Distillation_Plant_M-202210_Tabular_Operation_Logs/batch_dist_ternary_acetone+butan-1-ol+methanol/operating_point_003/test_anormal_experiment_001.csv,True,True,True,True,True,3526,3525.0,58.75,1911,0.4581560283687943
batch_dist_ternary_acetone+butan-1-ol+methanol__operating_point_003__train_normal_experiment_001,batch_dist_ternary_acetone+butan-1-ol+methanol,operating_point_003,train_normal_experiment_001,train,normal,01_Batch_Distillation_Plant_M-202210_Timeseries_Sensors/Operation/batch_dist_ternary_acetone+butan-1-ol+methanol/operating_point_003/train_normal_experiment_001.csv,02_Batch_Distillation_Plant_M-202210_Timeseries_Actuators/Operation/batch_dist_ternary_acetone+butan-1-ol+methanol/operating_point_003/train_normal_experiment_001.csv,00_Batch_Distillation_Plant_M-202210_Timeseries_Label_Anomaly_Metadata/Operation/batch_dist_ternary_acetone+butan-1-ol+methanol/operating_point_003/train_normal_experiment_001.csv,10_Batch_Distillation_Plant_M-202210_GC_Composition/timeseries/batch_dist_ternary_acetone+butan-1-ol+methanol/operating_point_003/train_normal_experiment_001.csv,07_Batch_Distillation_Plant_M-202210_Tabular_Operation_Logs/batch_dist_ternary_acetone+butan-1-ol+methanol/operating_point_003/train_normal_experiment_001.csv,True,True,True,True,True,4879,4878.0,81.3,0,
batch_dist_ternary_acetone+butan-1-ol+methanol__operating_point_004__test_anormal_experiment_001,batch_dist_ternary_acetone+butan-1-ol+methanol,operating_point_004,test_anormal_experiment_001,test,anormal,01_Batch_Distillation_Plant_M-202210_Timeseries_Sensors/Operation/batch_dist_ternary_acetone+butan-1-ol+methanol/operating_point_004/test_anormal_experiment_001.csv,02_Batch_Distillation_Plant_M-202210_Timeseries_Actuators/Operation/batch_dist_ternary_acetone+butan-1-ol+methanol/operating_point_004/test_anormal_experiment_001.csv,00_Batch_Distillation_Plant_M-202210_Timeseries_Label_Anomaly_Metadata/Operation/batch_dist_ternary_acetone+butan-1-ol+methanol/operating_point_004/test_anormal_experiment_001.csv,10_Batch_Distillation_Plant_M-202210_GC_Composition/timeseries/batch_dist_ternary_acetone+butan-1-ol+methanol/operating_point_004/test_anormal_experiment_001.csv,07_Batch_Distillation_Plant_M-202210_Tabular_Operation_Logs/batch_dist_ternary_acetone+butan-1-ol+methanol/operating_point_004/test_anormal_experiment_001.csv,True,True,True,True,True,4238,4237.0,70.61666666666666,1403,0.3004484304932735
batch_dist_ternary_acetone+butan-1-ol+methanol__operating_point_004__train_normal_experiment_001,batch_dist_ternary_acetone+butan-1-ol+methanol,operating_point_004,train_normal_experiment_001,train,normal,01_Batch_Distillation_Plant_M-202210_Timeseries_Sensors/Operation/batch_dist_ternary_acetone+butan-1-ol+methanol/operating_point_004/train_normal_experiment_001.csv,02_Batch_Distillation_Plant_M-202210_Timeseries_Actuators/Operation/batch_dist_ternary_acetone+butan-1-ol+methanol/operating_point_004/train_normal_experiment_001.csv,00_Batch_Distillation_Plant_M-202210_Timeseries_Label_Anomaly_Metadata/Operation/batch_dist_ternary_acetone+butan-1-ol+methanol/operating_point_004/train_normal_experiment_001.csv,10_Batch_Distillation_Plant_M-202210_GC_Composition/timeseries/batch_dist_ternary_acetone+butan-1-ol+methanol/operating_point_004/train_normal_experiment_001.csv,07_Batch_Distillation_Plant_M-202210_Tabular_Operation_Logs/batch_dist_ternary_acetone+butan-1-ol+methanol/operating_point_004/train_normal_experiment_001.csv,True,True,True,True,True,4403,4402.0,73.36666666666666,0,
batch_dist_ternary_acetone+butan-1-ol+methanol__operating_point_005__test_anormal_experiment_001,batch_dist_ternary_acetone+butan-1-ol+methanol,operating_point_005,test_anormal_experiment_001,test,anormal,01_Batch_Distillation_Plant_M-202210_Timeseries_Sensors/Operation/batch_dist_ternary_acetone+butan-1-ol+methanol/operating_point_005/test_anormal_experiment_001.csv,02_Batch_Distillation_Plant_M-202210_Timeseries_Actuators/Operation/batch_dist_ternary_acetone+butan-1-ol+methanol/operating_point_005/test_anormal_experiment_001.csv,00_Batch_Distillation_Plant_M-202210_Timeseries_Label_Anomaly_Metadata/Operation/batch_dist_ternary_acetone+butan-1-ol+methanol/operating_point_005/test_anormal_experiment_001.csv,10_Batch_Distillation_Plant_M-202210_GC_Composition/timeseries/batch_dist_ternary_acetone+butan-1-ol+methanol/operating_point_005/test_anormal_experiment_001.csv,07_Batch_Distillation_Plant_M-202210_Tabular_Operation_Logs/batch_dist_ternary_acetone+butan-1-ol+methanol/operating_point_005/test_anormal_experiment_001.csv,True,True,True,True,True,3570,3569.0,59.483333333333334,1317,0.630708882039787
batch_dist_ternary_acetone+butan-1-ol+methanol__operating_point_005__test_anormal_experiment_002,batch_dist_ternary_acetone+butan-1-ol+methanol,operating_point_005,test_anormal_experiment_002,test,anormal,01_Batch_Distillation_Plant_M-202210_Timeseries_Sensors/Operation/batch_dist_ternary_acetone+butan-1-ol+methanol/operating_point_005/test_anormal_experiment_002.csv,02_Batch_Distillation_Plant_M-202210_Timeseries_Actuators/Operation/batch_dist_ternary_acetone+butan-1-ol+methanol/operating_point_005/test_anormal_experiment_002.csv,00_Batch_Distillation_Plant_M-202210_Timeseries_Label_Anomaly_Metadata/Operation/batch_dist_ternary_acetone+butan-1-ol+methanol/operating_point_005/test_anormal_experiment_002.csv,10_Batch_Distillation_Plant_M-202210_GC_Composition/timeseries/batch_dist_ternary_acetone+butan-1-ol+methanol/operating_point_005/test_anormal_experiment_002.csv,07_Batch_Distillation_Plant_M-202210_Tabular_Operation_Logs/batch_dist_ternary_acetone+butan-1-ol+methanol/operating_point_005/test_anormal_experiment_002.csv,True,True,True,True,True,3515,3514.0,58.56666666666667,1891,0.46215139442231074
batch_dist_ternary_acetone+butan-1-ol+methanol__operating_point_006__test_anormal_experiment_001,batch_dist_ternary_acetone+butan-1-ol+methanol,operating_point_006,test_anormal_experiment_001,test,anormal,01_Batch_Distillation_Plant_M-202210_Timeseries_Sensors/Operation/batch_dist_ternary_acetone+butan-1-ol+methanol/operating_point_006/test_anormal_experiment_001.csv,02_Batch_Distillation_Plant_M-202210_Timeseries_Actuators/Operation/batch_dist_ternary_acetone+butan-1-ol+methanol/operating_point_006/test_anormal_experiment_001.csv,00_Batch_Distillation_Plant_M-202210_Timeseries_Label_Anomaly_Metadata/Operation/batch_dist_ternary_acetone+butan-1-ol+methanol/operating_point_006/test_anormal_experiment_001.csv,10_Batch_Distillation_Plant_M-202210_GC_Composition/timeseries/batch_dist_ternary_acetone+butan-1-ol+methanol/operating_point_006/test_anormal_experiment_001.csv,07_Batch_Distillation_Plant_M-202210_Tabular_Operation_Logs/batch_dist_ternary_acetone+butan-1-ol+methanol/operating_point_006/test_anormal_experiment_001.csv,True,True,True,True,True,1308,1307.0,21.783333333333335,458,0.6503442999234889
batch_dist_ternary_acetone+butan-1-ol+methanol__operating_point_006__train_normal_experiment_001,batch_dist_ternary_acetone+butan-1-ol+methanol,operating_point_006,train_normal_experiment_001,train,normal,01_Batch_Distillation_Plant_M-202210_Timeseries_Sensors/Operation/batch_dist_ternary_acetone+butan-1-ol+methanol/operating_point_006/train_normal_experiment_001.csv,02_Batch_Distillation_Plant_M-202210_Timeseries_Actuators/Operation/batch_dist_ternary_acetone+butan-1-ol+methanol/operating_point_006/train_normal_experiment_001.csv,00_Batch_Distillation_Plant_M-202210_Timeseries_Label_Anomaly_Metadata/Operation/batch_dist_ternary_acetone+butan-1-ol+methanol/operating_point_006/train_normal_experiment_001.csv,10_Batch_Distillation_Plant_M-202210_GC_Composition/timeseries/batch_dist_ternary_acetone+butan-1-ol+methanol/operating_point_006/train_normal_experiment_001.csv,07_Batch_Distillation_Plant_M-202210_Tabular_Operation_Logs/batch_dist_ternary_acetone+butan-1-ol+methanol/operating_point_006/train_normal_experiment_001.csv,True,True,True,True,True,2340,2339.0,38.983333333333334,0,
batch_dist_ternary_acetone+butan-1-ol+methanol__operating_point_007__test_anormal_experiment_001,batch_dist_ternary_acetone+butan-1-ol+methanol,operating_point_007,test_anormal_experiment_001,test,anormal,01_Batch_Distillation_Plant_M-202210_Timeseries_Sensors/Operation/batch_dist_ternary_acetone+butan-1-ol+methanol/operating_point_007/test_anormal_experiment_001.csv,02_Batch_Distillation_Plant_M-202210_Timeseries_Actuators/Operation/batch_dist_ternary_acetone+butan-1-ol+methanol/operating_point_007/test_anormal_experiment_001.csv,00_Batch_Distillation_Plant_M-202210_Timeseries_Label_Anomaly_Metadata/Operation/batch_dist_ternary_acetone+butan-1-ol+methanol/operating_point_007/test_anormal_experiment_001.csv,10_Batch_Distillation_Plant_M-202210_GC_Composition/timeseries/batch_dist_ternary_acetone+butan-1-ol+methanol/operating_point_007/test_anormal_experiment_001.csv,07_Batch_Distillation_Plant_M-202210_Tabular_Operation_Logs/batch_dist_ternary_acetone+butan-1-ol+methanol/operating_point_007/test_anormal_experiment_001.csv,True,True,True,True,True,2751,2750.0,45.833333333333336,1053,0.6170909090909091
batch_dist_ternary_acetone+butan-1-ol+methanol__operating_point_007__train_normal_experiment_001,batch_dist_ternary_acetone+butan-1-ol+methanol,operating_point_007,train_normal_experiment_001,train,normal,01_Batch_Distillation_Plant_M-202210_Timeseries_Sensors/Operation/batch_dist_ternary_acetone+butan-1-ol+methanol/operating_point_007/train_normal_experiment_001.csv,02_Batch_Distillation_Plant_M-202210_Timeseries_Actuators/Operation/batch_dist_ternary_acetone+butan-1-ol+methanol/operating_point_007/train_normal_experiment_001.csv,00_Batch_Distillation_Plant_M-202210_Timeseries_Label_Anomaly_Metadata/Operation/batch_dist_ternary_acetone+butan-1-ol+methanol/operating_point_007/train_normal_experiment_001.csv,10_Batch_Distillation_Plant_M-202210_GC_Composition/timeseries/batch_dist_ternary_acetone+butan-1-ol+methanol/operating_point_007/train_normal_experiment_001.csv,07_Batch_Distillation_Plant_M-202210_Tabular_Operation_Logs/batch_dist_ternary_acetone+butan-1-ol+methanol/operating_point_007/train_normal_experiment_001.csv,True,True,True,True,True,2954,2953.0,49.21666666666667,0,
batch_dist_ternary_acetone+butan-1-ol+methanol__operating_point_008__test_anormal_experiment_001,batch_dist_ternary_acetone+butan-1-ol+methanol,operating_point_008,test_anormal_experiment_001,test,anormal,01_Batch_Distillation_Plant_M-202210_Timeseries_Sensors/Operation/batch_dist_ternary_acetone+butan-1-ol+methanol/operating_point_008/test_anormal_experiment_001.csv,02_Batch_Distillation_Plant_M-202210_Timeseries_Actuators/Operation/batch_dist_ternary_acetone+butan-1-ol+methanol/operating_point_008/test_anormal_experiment_001.csv,00_Batch_Distillation_Plant_M-202210_Timeseries_Label_Anomaly_Metadata/Operation/batch_dist_ternary_acetone+butan-1-ol+methanol/operating_point_008/test_anormal_experiment_001.csv,,07_Batch_Distillation_Plant_M-202210_Tabular_Operation_Logs/batch_dist_ternary_acetone+butan-1-ol+methanol/operating_point_008/test_anormal_experiment_001.csv,True,True,True,False,True,1713,1712.0,28.533333333333335,851,0.12383177570093458
batch_dist_ternary_acetone+butan-1-ol+methanol__operating_point_009__test_anormal_experiment_001,batch_dist_ternary_acetone+butan-1-ol+methanol,operating_point_009,test_anormal_experiment_001,test,anormal,01_Batch_Distillation_Plant_M-202210_Timeseries_Sensors/Operation/batch_dist_ternary_acetone+butan-1-ol+methanol/operating_point_009/test_anormal_experiment_001.csv,02_Batch_Distillation_Plant_M-202210_Timeseries_Actuators/Operation/batch_dist_ternary_acetone+butan-1-ol+methanol/operating_point_009/test_anormal_experiment_001.csv,00_Batch_Distillation_Plant_M-202210_Timeseries_Label_Anomaly_Metadata/Operation/batch_dist_ternary_acetone+butan-1-ol+methanol/operating_point_009/test_anormal_experiment_001.csv,10_Batch_Distillation_Plant_M-202210_GC_Composition/timeseries/batch_dist_ternary_acetone+butan-1-ol+methanol/operating_point_009/test_anormal_experiment_001.csv,07_Batch_Distillation_Plant_M-202210_Tabular_Operation_Logs/batch_dist_ternary_acetone+butan-1-ol+methanol/operating_point_009/test_anormal_experiment_001.csv,True,True,True,True,True,2411,2410.0,40.166666666666664,1334,0.24149377593360996
batch_dist_ternary_acetone+butan-1-ol+methanol__operating_point_009__train_normal_experiment_001,batch_dist_ternary_acetone+butan-1-ol+methanol,operating_point_009,train_normal_experiment_001,train,normal,01_Batch_Distillation_Plant_M-202210_Timeseries_Sensors/Operation/batch_dist_ternary_acetone+butan-1-ol+methanol/operating_point_009/train_normal_experiment_001.csv,02_Batch_Distillation_Plant_M-202210_Timeseries_Actuators/Operation/batch_dist_ternary_acetone+butan-1-ol+methanol/operating_point_009/train_normal_experiment_001.csv,00_Batch_Distillation_Plant_M-202210_Timeseries_Label_Anomaly_Metadata/Operation/batch_dist_ternary_acetone+butan-1-ol+methanol/operating_point_009/train_normal_experiment_001.csv,10_Batch_Distillation_Plant_M-202210_GC_Composition/timeseries/batch_dist_ternary_acetone+butan-1-ol+methanol/operating_point_009/train_normal_experiment_001.csv,07_Batch_Distillation_Plant_M-202210_Tabular_Operation_Logs/batch_dist_ternary_acetone+butan-1-ol+methanol/operating_point_009/train_normal_experiment_001.csv,True,True,True,True,True,3782,3781.0,63.016666666666666,0,
batch_dist_ternary_acetone+butan-1-ol+methanol__operating_point_010__train_normal_experiment_001,batch_dist_ternary_acetone+butan-1-ol+methanol,operating_point_010,train_normal_experiment_001,train,normal,01_Batch_Distillation_Plant_M-202210_Timeseries_Sensors/Operation/batch_dist_ternary_acetone+butan-1-ol+methanol/operating_point_010/train_normal_experiment_001.csv,02_Batch_Distillation_Plant_M-202210_Timeseries_Actuators/Operation/batch_dist_ternary_acetone+butan-1-ol+methanol/operating_point_010/train_normal_experiment_001.csv,00_Batch_Distillation_Plant_M-202210_Timeseries_Label_Anomaly_Metadata/Operation/batch_dist_ternary_acetone+butan-1-ol+methanol/operating_point_010/train_normal_experiment_001.csv,10_Batch_Distillation_Plant_M-202210_GC_Composition/timeseries/batch_dist_ternary_acetone+butan-1-ol+methanol/operating_point_010/train_normal_experiment_001.csv,07_Batch_Distillation_Plant_M-202210_Tabular_Operation_Logs/batch_dist_ternary_acetone+butan-1-ol+methanol/operating_point_010/train_normal_experiment_001.csv,True,True,True,True,True,4141,4140.0,69.0,0,
batch_dist_ternary_acetone+butan-1-ol+methanol__operating_point_011__test_anormal_experiment_001,batch_dist_ternary_acetone+butan-1-ol+methanol,operating_point_011,test_anormal_experiment_001,test,anormal,01_Batch_Distillation_Plant_M-202210_Timeseries_Sensors/Operation/batch_dist_ternary_acetone+butan-1-ol+methanol/operating_point_011/test_anormal_experiment_001.csv,02_Batch_Distillation_Plant_M-202210_Timeseries_Actuators/Operation/batch_dist_ternary_acetone+butan-1-ol+methanol/operating_point_011/test_anormal_experiment_001.csv,00_Batch_Distillation_Plant_M-202210_Timeseries_Label_Anomaly_Metadata/Operation/batch_dist_ternary_acetone+butan-1-ol+methanol/operating_point_011/test_anormal_experiment_001.csv,10_Batch_Distillation_Plant_M-202210_GC_Composition/timeseries/batch_dist_ternary_acetone+butan-1-ol+methanol/operating_point_011/test_anormal_experiment_001.csv,07_Batch_Distillation_Plant_M-202210_Tabular_Operation_Logs/batch_dist_ternary_acetone+butan-1-ol+methanol/operating_point_011/test_anormal_experiment_001.csv,True,True,True,True,True,4129,4128.0,68.8,1465,0.19210271317829458
batch_dist_ternary_acetone+butan-1-ol+methanol__operating_point_011__test_anormal_experiment_002,batch_dist_ternary_acetone+butan-1-ol+methanol,operating_point_011,test_anormal_experiment_002,test,anormal,01_Batch_Distillation_Plant_M-202210_Timeseries_Sensors/Operation/batch_dist_ternary_acetone+butan-1-ol+methanol/operating_point_011/test_anormal_experiment_002.csv,02_Batch_Distillation_Plant_M-202210_Timeseries_Actuators/Operation/batch_dist_ternary_acetone+butan-1-ol+methanol/operating_point_011/test_anormal_experiment_002.csv,00_Batch_Distillation_Plant_M-202210_Timeseries_Label_Anomaly_Metadata/Operation/batch_dist_ternary_acetone+butan-1-ol+methanol/operating_point_011/test_anormal_experiment_002.csv,10_Batch_Distillation_Plant_M-202210_GC_Composition/timeseries/batch_dist_ternary_acetone+butan-1-ol+methanol/operating_point_011/test_anormal_experiment_002.csv,07_Batch_Distillation_Plant_M-202210_Tabular_Operation_Logs/batch_dist_ternary_acetone+butan-1-ol+methanol/operating_point_011/test_anormal_experiment_002.csv,True,True,True,True,True,1862,1861.0,31.016666666666666,22,0.16335303600214937
batch_dist_ternary_acetone+butan-1-ol+methanol__operating_point_012__test_anormal_experiment_001,batch_dist_ternary_acetone+butan-1-ol+methanol,operating_point_012,test_anormal_experiment_001,test,anormal,01_Batch_Distillation_Plant_M-202210_Timeseries_Sensors/Operation/batch_dist_ternary_acetone+butan-1-ol+methanol/operating_point_012/test_anormal_experiment_001.csv,02_Batch_Distillation_Plant_M-202210_Timeseries_Actuators/Operation/batch_dist_ternary_acetone+butan-1-ol+methanol/operating_point_012/test_anormal_experiment_001.csv,00_Batch_Distillation_Plant_M-202210_Timeseries_Label_Anomaly_Metadata/Operation/batch_dist_ternary_acetone+butan-1-ol+methanol/operating_point_012/test_anormal_experiment_001.csv,10_Batch_Distillation_Plant_M-202210_GC_Composition/timeseries/batch_dist_ternary_acetone+butan-1-ol+methanol/operating_point_012/test_anormal_experiment_001.csv,07_Batch_Distillation_Plant_M-202210_Tabular_Operation_Logs/batch_dist_ternary_acetone+butan-1-ol+methanol/operating_point_012/test_anormal_experiment_001.csv,True,True,True,True,True,3081,3080.0,51.333333333333336,1298,0.1344155844155844
batch_dist_ternary_acetone+butan-1-ol+methanol__operating_point_012__test_anormal_experiment_002,batch_dist_ternary_acetone+butan-1-ol+methanol,operating_point_012,test_anormal_experiment_002,test,anormal,01_Batch_Distillation_Plant_M-202210_Timeseries_Sensors/Operation/batch_dist_ternary_acetone+butan-1-ol+methanol/operating_point_012/test_anormal_experiment_002.csv,02_Batch_Distillation_Plant_M-202210_Timeseries_Actuators/Operation/batch_dist_ternary_acetone+butan-1-ol+methanol/operating_point_012/test_anormal_experiment_002.csv,00_Batch_Distillation_Plant_M-202210_Timeseries_Label_Anomaly_Metadata/Operation/batch_dist_ternary_acetone+butan-1-ol+methanol/operating_point_012/test_anormal_experiment_002.csv,10_Batch_Distillation_Plant_M-202210_GC_Composition/timeseries/batch_dist_ternary_acetone+butan-1-ol+methanol/operating_point_012/test_anormal_experiment_002.csv,07_Batch_Distillation_Plant_M-202210_Tabular_Operation_Logs/batch_dist_ternary_acetone+butan-1-ol+methanol/operating_point_012/test_anormal_experiment_002.csv,True,True,True,True,True,3742,3741.0,62.35,1323,0.27452552793370755
batch_dist_ternary_acetone+butan-1-ol+methanol__operating_point_012__train_normal_experiment_001,batch_dist_ternary_acetone+butan-1-ol+methanol,operating_point_012,train_normal_experiment_001,train,normal,01_Batch_Distillation_Plant_M-202210_Timeseries_Sensors/Operation/batch_dist_ternary_acetone+butan-1-ol+methanol/operating_point_012/train_normal_experiment_001.csv,02_Batch_Distillation_Plant_M-202210_Timeseries_Actuators/Operation/batch_dist_ternary_acetone+butan-1-ol+methanol/operating_point_012/train_normal_experiment_001.csv,00_Batch_Distillation_Plant_M-202210_Timeseries_Label_Anomaly_Metadata/Operation/batch_dist_ternary_acetone+butan-1-ol+methanol/operating_point_012/train_normal_experiment_001.csv,10_Batch_Distillation_Plant_M-202210_GC_Composition/timeseries/batch_dist_ternary_acetone+butan-1-ol+methanol/operating_point_012/train_normal_experiment_001.csv,07_Batch_Distillation_Plant_M-202210_Tabular_Operation_Logs/batch_dist_ternary_acetone+butan-1-ol+methanol/operating_point_012/train_normal_experiment_001.csv,True,True,True,True,True,4205,4204.0,70.06666666666666,0,
batch_dist_ternary_acetone+butan-1-ol+methanol__operating_point_013__test_anormal_experiment_001,batch_dist_ternary_acetone+butan-1-ol+methanol,operating_point_013,test_anormal_experiment_001,test,anormal,01_Batch_Distillation_Plant_M-202210_Timeseries_Sensors/Operation/batch_dist_ternary_acetone+butan-1-ol+methanol/operating_point_013/test_anormal_experiment_001.csv,02_Batch_Distillation_Plant_M-202210_Timeseries_Actuators/Operation/batch_dist_ternary_acetone+butan-1-ol+methanol/operating_point_013/test_anormal_experiment_001.csv,00_Batch_Distillation_Plant_M-202210_Timeseries_Label_Anomaly_Metadata/Operation/batch_dist_ternary_acetone+butan-1-ol+methanol/operating_point_013/test_anormal_experiment_001.csv,10_Batch_Distillation_Plant_M-202210_GC_Composition/timeseries/batch_dist_ternary_acetone+butan-1-ol+methanol/operating_point_013/test_anormal_experiment_001.csv,07_Batch_Distillation_Plant_M-202210_Tabular_Operation_Logs/batch_dist_ternary_acetone+butan-1-ol+methanol/operating_point_013/test_anormal_experiment_001.csv,True,True,True,True,True,20660,20659.0,344.31666666666666,6769,0.10615228229827194
batch_dist_ternary_butan-1-ol+propan-2-ol+water__operating_point_001__test_anormal_experiment_001,batch_dist_ternary_butan-1-ol+propan-2-ol+water,operating_point_001,test_anormal_experiment_001,test,anormal,01_Batch_Distillation_Plant_M-202210_Timeseries_Sensors/Operation/batch_dist_ternary_butan-1-ol+propan-2-ol+water/operating_point_001/test_anormal_experiment_001.csv,02_Batch_Distillation_Plant_M-202210_Timeseries_Actuators/Operation/batch_dist_ternary_butan-1-ol+propan-2-ol+water/operating_point_001/test_anormal_experiment_001.csv,00_Batch_Distillation_Plant_M-202210_Timeseries_Label_Anomaly_Metadata/Operation/batch_dist_ternary_butan-1-ol+propan-2-ol+water/operating_point_001/test_anormal_experiment_001.csv,10_Batch_Distillation_Plant_M-202210_GC_Composition/timeseries/batch_dist_ternary_butan-1-ol+propan-2-ol+water/operating_point_001/test_anormal_experiment_001.csv,07_Batch_Distillation_Plant_M-202210_Tabular_Operation_Logs/batch_dist_ternary_butan-1-ol+propan-2-ol+water/operating_point_001/test_anormal_experiment_001.csv,True,True,True,True,True,2584,2583.0,43.05,2584,0.0
batch_dist_ternary_butan-1-ol+propan-2-ol+water__operating_point_001__test_anormal_experiment_002,batch_dist_ternary_butan-1-ol+propan-2-ol+water,operating_point_001,test_anormal_experiment_002,test,anormal,01_Batch_Distillation_Plant_M-202210_Timeseries_Sensors/Operation/batch_dist_ternary_butan-1-ol+propan-2-ol+water/operating_point_001/test_anormal_experiment_002.csv,02_Batch_Distillation_Plant_M-202210_Timeseries_Actuators/Operation/batch_dist_ternary_butan-1-ol+propan-2-ol+water/operating_point_001/test_anormal_experiment_002.csv,00_Batch_Distillation_Plant_M-202210_Timeseries_Label_Anomaly_Metadata/Operation/batch_dist_ternary_butan-1-ol+propan-2-ol+water/operating_point_001/test_anormal_experiment_002.csv,10_Batch_Distillation_Plant_M-202210_GC_Composition/timeseries/batch_dist_ternary_butan-1-ol+propan-2-ol+water/operating_point_001/test_anormal_experiment_002.csv,07_Batch_Distillation_Plant_M-202210_Tabular_Operation_Logs/batch_dist_ternary_butan-1-ol+propan-2-ol+water/operating_point_001/test_anormal_experiment_002.csv,True,True,True,True,True,4824,4823.0,80.38333333333334,4374,0.09330292349160274
batch_dist_ternary_butan-1-ol+propan-2-ol+water__operating_point_001__test_anormal_experiment_003,batch_dist_ternary_butan-1-ol+propan-2-ol+water,operating_point_001,test_anormal_experiment_003,test,anormal,01_Batch_Distillation_Plant_M-202210_Timeseries_Sensors/Operation/batch_dist_ternary_butan-1-ol+propan-2-ol+water/operating_point_001/test_anormal_experiment_003.csv,02_Batch_Distillation_Plant_M-202210_Timeseries_Actuators/Operation/batch_dist_ternary_butan-1-ol+propan-2-ol+water/operating_point_001/test_anormal_experiment_003.csv,00_Batch_Distillation_Plant_M-202210_Timeseries_Label_Anomaly_Metadata/Operation/batch_dist_ternary_butan-1-ol+propan-2-ol+water/operating_point_001/test_anormal_experiment_003.csv,10_Batch_Distillation_Plant_M-202210_GC_Composition/timeseries/batch_dist_ternary_butan-1-ol+propan-2-ol+water/operating_point_001/test_anormal_experiment_003.csv,07_Batch_Distillation_Plant_M-202210_Tabular_Operation_Logs/batch_dist_ternary_butan-1-ol+propan-2-ol+water/operating_point_001/test_anormal_experiment_003.csv,True,True,True,True,True,3390,3389.0,56.483333333333334,190,0.8990852758925937
batch_dist_ternary_butan-1-ol+propan-2-ol+water__operating_point_001__test_anormal_experiment_004,batch_dist_ternary_butan-1-ol+propan-2-ol+water,operating_point_001,test_anormal_experiment_004,test,anormal,01_Batch_Distillation_Plant_M-202210_Timeseries_Sensors/Operation/batch_dist_ternary_butan-1-ol+propan-2-ol+water/operating_point_001/test_anormal_experiment_004.csv,02_Batch_Distillation_Plant_M-202210_Timeseries_Actuators/Operation/batch_dist_ternary_butan-1-ol+propan-2-ol+water/operating_point_001/test_anormal_experiment_004.csv,00_Batch_Distillation_Plant_M-202210_Timeseries_Label_Anomaly_Metadata/Operation/batch_dist_ternary_butan-1-ol+propan-2-ol+water/operating_point_001/test_anormal_experiment_004.csv,10_Batch_Distillation_Plant_M-202210_GC_Composition/timeseries/batch_dist_ternary_butan-1-ol+propan-2-ol+water/operating_point_001/test_anormal_experiment_004.csv,07_Batch_Distillation_Plant_M-202210_Tabular_Operation_Logs/batch_dist_ternary_butan-1-ol+propan-2-ol+water/operating_point_001/test_anormal_experiment_004.csv,True,True,True,True,True,8414,8413.0,140.21666666666667,3163,0.0937834304053251
batch_dist_ternary_butan-1-ol+propan-2-ol+water__operating_point_001__test_anormal_experiment_005,batch_dist_ternary_butan-1-ol+propan-2-ol+water,operating_point_001,test_anormal_experiment_005,test,anormal,01_Batch_Distillation_Plant_M-202210_Timeseries_Sensors/Operation/batch_dist_ternary_butan-1-ol+propan-2-ol+water/operating_point_001/test_anormal_experiment_005.csv,02_Batch_Distillation_Plant_M-202210_Timeseries_Actuators/Operation/batch_dist_ternary_butan-1-ol+propan-2-ol+water/operating_point_001/test_anormal_experiment_005.csv,00_Batch_Distillation_Plant_M-202210_Timeseries_Label_Anomaly_Metadata/Operation/batch_dist_ternary_butan-1-ol+propan-2-ol+water/operating_point_001/test_anormal_experiment_005.csv,10_Batch_Distillation_Plant_M-202210_GC_Composition/timeseries/batch_dist_ternary_butan-1-ol+propan-2-ol+water/operating_point_001/test_anormal_experiment_005.csv,07_Batch_Distillation_Plant_M-202210_Tabular_Operation_Logs/batch_dist_ternary_butan-1-ol+propan-2-ol+water/operating_point_001/test_anormal_experiment_005.csv,True,True,True,True,True,6846,6845.0,114.08333333333333,2024,0.4336011687363039
batch_dist_ternary_butan-1-ol+propan-2-ol+water__operating_point_001__test_anormal_experiment_006,batch_dist_ternary_butan-1-ol+propan-2-ol+water,operating_point_001,test_anormal_experiment_006,test,anormal,01_Batch_Distillation_Plant_M-202210_Timeseries_Sensors/Operation/batch_dist_ternary_butan-1-ol+propan-2-ol+water/operating_point_001/test_anormal_experiment_006.csv,02_Batch_Distillation_Plant_M-202210_Timeseries_Actuators/Operation/batch_dist_ternary_butan-1-ol+propan-2-ol+water/operating_point_001/test_anormal_experiment_006.csv,00_Batch_Distillation_Plant_M-202210_Timeseries_Label_Anomaly_Metadata/Operation/batch_dist_ternary_butan-1-ol+propan-2-ol+water/operating_point_001/test_anormal_experiment_006.csv,10_Batch_Distillation_Plant_M-202210_GC_Composition/timeseries/batch_dist_ternary_butan-1-ol+propan-2-ol+water/operating_point_001/test_anormal_experiment_006.csv,07_Batch_Distillation_Plant_M-202210_Tabular_Operation_Logs/batch_dist_ternary_butan-1-ol+propan-2-ol+water/operating_point_001/test_anormal_experiment_006.csv,True,True,True,True,True,2774,2773.0,46.21666666666667,45,0.9754778218535882
batch_dist_ternary_butan-1-ol+propan-2-ol+water__operating_point_001__test_anormal_experiment_007,batch_dist_ternary_butan-1-ol+propan-2-ol+water,operating_point_001,test_anormal_experiment_007,test,anormal,01_Batch_Distillation_Plant_M-202210_Timeseries_Sensors/Operation/batch_dist_ternary_butan-1-ol+propan-2-ol+water/operating_point_001/test_anormal_experiment_007.csv,02_Batch_Distillation_Plant_M-202210_Timeseries_Actuators/Operation/batch_dist_ternary_butan-1-ol+propan-2-ol+water/operating_point_001/test_anormal_experiment_007.csv,00_Batch_Distillation_Plant_M-202210_Timeseries_Label_Anomaly_Metadata/Operation/batch_dist_ternary_butan-1-ol+propan-2-ol+water/operating_point_001/test_anormal_experiment_007.csv,10_Batch_Distillation_Plant_M-202210_GC_Composition/timeseries/batch_dist_ternary_butan-1-ol+propan-2-ol+water/operating_point_001/test_anormal_experiment_007.csv,07_Batch_Distillation_Plant_M-202210_Tabular_Operation_Logs/batch_dist_ternary_butan-1-ol+propan-2-ol+water/operating_point_001/test_anormal_experiment_007.csv,True,True,True,True,True,5159,5158.0,85.96666666666667,148,0.33927879022877083
batch_dist_ternary_butan-1-ol+propan-2-ol+water__operating_point_001__test_anormal_experiment_008,batch_dist_ternary_butan-1-ol+propan-2-ol+water,operating_point_001,test_anormal_experiment_008,test,anormal,01_Batch_Distillation_Plant_M-202210_Timeseries_Sensors/Operation/batch_dist_ternary_butan-1-ol+propan-2-ol+water/operating_point_001/test_anormal_experiment_008.csv,02_Batch_Distillation_Plant_M-202210_Timeseries_Actuators/Operation/batch_dist_ternary_butan-1-ol+propan-2-ol+water/operating_point_001/test_anormal_experiment_008.csv,00_Batch_Distillation_Plant_M-202210_Timeseries_Label_Anomaly_Metadata/Operation/batch_dist_ternary_butan-1-ol+propan-2-ol+water/operating_point_001/test_anormal_experiment_008.csv,10_Batch_Distillation_Plant_M-202210_GC_Composition/timeseries/batch_dist_ternary_butan-1-ol+propan-2-ol+water/operating_point_001/test_anormal_experiment_008.csv,07_Batch_Distillation_Plant_M-202210_Tabular_Operation_Logs/batch_dist_ternary_butan-1-ol+propan-2-ol+water/operating_point_001/test_anormal_experiment_008.csv,True,True,True,True,True,5140,5139.0,85.65,106,0.5384316014788869
batch_dist_ternary_butan-1-ol+propan-2-ol+water__operating_point_001__test_anormal_experiment_009,batch_dist_ternary_butan-1-ol+propan-2-ol+water,operating_point_001,test_anormal_experiment_009,test,anormal,01_Batch_Distillation_Plant_M-202210_Timeseries_Sensors/Operation/batch_dist_ternary_butan-1-ol+propan-2-ol+water/operating_point_001/test_anormal_experiment_009.csv,02_Batch_Distillation_Plant_M-202210_Timeseries_Actuators/Operation/batch_dist_ternary_butan-1-ol+propan-2-ol+water/operating_point_001/test_anormal_experiment_009.csv,00_Batch_Distillation_Plant_M-202210_Timeseries_Label_Anomaly_Metadata/Operation/batch_dist_ternary_butan-1-ol+propan-2-ol+water/operating_point_001/test_anormal_experiment_009.csv,10_Batch_Distillation_Plant_M-202210_GC_Composition/timeseries/batch_dist_ternary_butan-1-ol+propan-2-ol+water/operating_point_001/test_anormal_experiment_009.csv,07_Batch_Distillation_Plant_M-202210_Tabular_Operation_Logs/batch_dist_ternary_butan-1-ol+propan-2-ol+water/operating_point_001/test_anormal_experiment_009.csv,True,True,True,True,True,4388,4387.0,73.11666666666666,974,0.24754957829952132
batch_dist_ternary_butan-1-ol+propan-2-ol+water__operating_point_001__test_anormal_experiment_010,batch_dist_ternary_butan-1-ol+propan-2-ol+water,operating_point_001,test_anormal_experiment_010,test,anormal,01_Batch_Distillation_Plant_M-202210_Timeseries_Sensors/Operation/batch_dist_ternary_butan-1-ol+propan-2-ol+water/operating_point_001/test_anormal_experiment_010.csv,02_Batch_Distillation_Plant_M-202210_Timeseries_Actuators/Operation/batch_dist_ternary_butan-1-ol+propan-2-ol+water/operating_point_001/test_anormal_experiment_010.csv,00_Batch_Distillation_Plant_M-202210_Timeseries_Label_Anomaly_Metadata/Operation/batch_dist_ternary_butan-1-ol+propan-2-ol+water/operating_point_001/test_anormal_experiment_010.csv,10_Batch_Distillation_Plant_M-202210_GC_Composition/timeseries/batch_dist_ternary_butan-1-ol+propan-2-ol+water/operating_point_001/test_anormal_experiment_010.csv,07_Batch_Distillation_Plant_M-202210_Tabular_Operation_Logs/batch_dist_ternary_butan-1-ol+propan-2-ol+water/operating_point_001/test_anormal_experiment_010.csv,True,True,True,True,True,4611,4610.0,76.83333333333333,884,0.2262472885032538
batch_dist_ternary_butan-1-ol+propan-2-ol+water__operating_point_001__test_anormal_experiment_011,batch_dist_ternary_butan-1-ol+propan-2-ol+water,operating_point_001,test_anormal_experiment_011,test,anormal,01_Batch_Distillation_Plant_M-202210_Timeseries_Sensors/Operation/batch_dist_ternary_butan-1-ol+propan-2-ol+water/operating_point_001/test_anormal_experiment_011.csv,02_Batch_Distillation_Plant_M-202210_Timeseries_Actuators/Operation/batch_dist_ternary_butan-1-ol+propan-2-ol+water/operating_point_001/test_anormal_experiment_011.csv,00_Batch_Distillation_Plant_M-202210_Timeseries_Label_Anomaly_Metadata/Operation/batch_dist_ternary_butan-1-ol+propan-2-ol+water/operating_point_001/test_anormal_experiment_011.csv,10_Batch_Distillation_Plant_M-202210_GC_Composition/timeseries/batch_dist_ternary_butan-1-ol+propan-2-ol+water/operating_point_001/test_anormal_experiment_011.csv,07_Batch_Distillation_Plant_M-202210_Tabular_Operation_Logs/batch_dist_ternary_butan-1-ol+propan-2-ol+water/operating_point_001/test_anormal_experiment_011.csv,True,True,True,True,True,4045,4044.0,67.4,1087,0.21686449060336302
batch_dist_ternary_butan-1-ol+propan-2-ol+water__operating_point_001__test_anormal_experiment_012,batch_dist_ternary_butan-1-ol+propan-2-ol+water,operating_point_001,test_anormal_experiment_012,test,anormal,01_Batch_Distillation_Plant_M-202210_Timeseries_Sensors/Operation/batch_dist_ternary_butan-1-ol+propan-2-ol+water/operating_point_001/test_anormal_experiment_012.csv,02_Batch_Distillation_Plant_M-202210_Timeseries_Actuators/Operation/batch_dist_ternary_butan-1-ol+propan-2-ol+water/operating_point_001/test_anormal_experiment_012.csv,00_Batch_Distillation_Plant_M-202210_Timeseries_Label_Anomaly_Metadata/Operation/batch_dist_ternary_butan-1-ol+propan-2-ol+water/operating_point_001/test_anormal_experiment_012.csv,10_Batch_Distillation_Plant_M-202210_GC_Composition/timeseries/batch_dist_ternary_butan-1-ol+propan-2-ol+water/operating_point_001/test_anormal_experiment_012.csv,07_Batch_Distillation_Plant_M-202210_Tabular_Operation_Logs/batch_dist_ternary_butan-1-ol+propan-2-ol+water/operating_point_001/test_anormal_experiment_012.csv,True,True,True,True,True,4445,4444.0,74.06666666666666,932,0.06570657065706571
batch_dist_ternary_butan-1-ol+propan-2-ol+water__operating_point_001__test_anormal_experiment_013,batch_dist_ternary_butan-1-ol+propan-2-ol+water,operating_point_001,test_anormal_experiment_013,test,anormal,01_Batch_Distillation_Plant_M-202210_Timeseries_Sensors/Operation/batch_dist_ternary_butan-1-ol+propan-2-ol+water/operating_point_001/test_anormal_experiment_013.csv,02_Batch_Distillation_Plant_M-202210_Timeseries_Actuators/Operation/batch_dist_ternary_butan-1-ol+propan-2-ol+water/operating_point_001/test_anormal_experiment_013.csv,00_Batch_Distillation_Plant_M-202210_Timeseries_Label_Anomaly_Metadata/Operation/batch_dist_ternary_butan-1-ol+propan-2-ol+water/operating_point_001/test_anormal_experiment_013.csv,10_Batch_Distillation_Plant_M-202210_GC_Composition/timeseries/batch_dist_ternary_butan-1-ol+propan-2-ol+water/operating_point_001/test_anormal_experiment_013.csv,07_Batch_Distillation_Plant_M-202210_Tabular_Operation_Logs/batch_dist_ternary_butan-1-ol+propan-2-ol+water/operating_point_001/test_anormal_experiment_013.csv,True,True,True,True,True,10382,10381.0,173.01666666666668,1066,0.5560157980926693
batch_dist_ternary_butan-1-ol+propan-2-ol+water__operating_point_001__train_normal_experiment_001,batch_dist_ternary_butan-1-ol+propan-2-ol+water,operating_point_001,train_normal_experiment_001,train,normal,01_Batch_Distillation_Plant_M-202210_Timeseries_Sensors/Operation/batch_dist_ternary_butan-1-ol+propan-2-ol+water/operating_point_001/train_normal_experiment_001.csv,02_Batch_Distillation_Plant_M-202210_Timeseries_Actuators/Operation/batch_dist_ternary_butan-1-ol+propan-2-ol+water/operating_point_001/train_normal_experiment_001.csv,00_Batch_Distillation_Plant_M-202210_Timeseries_Label_Anomaly_Metadata/Operation/batch_dist_ternary_butan-1-ol+propan-2-ol+water/operating_point_001/train_normal_experiment_001.csv,10_Batch_Distillation_Plant_M-202210_GC_Composition/timeseries/batch_dist_ternary_butan-1-ol+propan-2-ol+water/operating_point_001/train_normal_experiment_001.csv,07_Batch_Distillation_Plant_M-202210_Tabular_Operation_Logs/batch_dist_ternary_butan-1-ol+propan-2-ol+water/operating_point_001/train_normal_experiment_001.csv,True,True,True,True,True,4110,4109.0,68.48333333333333,0,
batch_dist_ternary_butan-1-ol+propan-2-ol+water__operating_point_002__test_anormal_experiment_001,batch_dist_ternary_butan-1-ol+propan-2-ol+water,operating_point_002,test_anormal_experiment_001,test,anormal,01_Batch_Distillation_Plant_M-202210_Timeseries_Sensors/Operation/batch_dist_ternary_butan-1-ol+propan-2-ol+water/operating_point_002/test_anormal_experiment_001.csv,02_Batch_Distillation_Plant_M-202210_Timeseries_Actuators/Operation/batch_dist_ternary_butan-1-ol+propan-2-ol+water/operating_point_002/test_anormal_experiment_001.csv,00_Batch_Distillation_Plant_M-202210_Timeseries_Label_Anomaly_Metadata/Operation/batch_dist_ternary_butan-1-ol+propan-2-ol+water/operating_point_002/test_anormal_experiment_001.csv,10_Batch_Distillation_Plant_M-202210_GC_Composition/timeseries/batch_dist_ternary_butan-1-ol+propan-2-ol+water/operating_point_002/test_anormal_experiment_001.csv,07_Batch_Distillation_Plant_M-202210_Tabular_Operation_Logs/batch_dist_ternary_butan-1-ol+propan-2-ol+water/operating_point_002/test_anormal_experiment_001.csv,True,True,True,True,True,3960,3959.0,65.98333333333333,1975,0.5013892397069967
batch_dist_ternary_butan-1-ol+propan-2-ol+water__operating_point_002__test_anormal_experiment_002,batch_dist_ternary_butan-1-ol+propan-2-ol+water,operating_point_002,test_anormal_experiment_002,test,anormal,01_Batch_Distillation_Plant_M-202210_Timeseries_Sensors/Operation/batch_dist_ternary_butan-1-ol+propan-2-ol+water/operating_point_002/test_anormal_experiment_002.csv,02_Batch_Distillation_Plant_M-202210_Timeseries_Actuators/Operation/batch_dist_ternary_butan-1-ol+propan-2-ol+water/operating_point_002/test_anormal_experiment_002.csv,00_Batch_Distillation_Plant_M-202210_Timeseries_Label_Anomaly_Metadata/Operation/batch_dist_ternary_butan-1-ol+propan-2-ol+water/operating_point_002/test_anormal_experiment_002.csv,10_Batch_Distillation_Plant_M-202210_GC_Composition/timeseries/batch_dist_ternary_butan-1-ol+propan-2-ol+water/operating_point_002/test_anormal_experiment_002.csv,07_Batch_Distillation_Plant_M-202210_Tabular_Operation_Logs/batch_dist_ternary_butan-1-ol+propan-2-ol+water/operating_point_002/test_anormal_experiment_002.csv,True,True,True,True,True,1493,1492.0,24.866666666666667,221,0.8525469168900804
batch_dist_ternary_butan-1-ol+propan-2-ol+water__operating_point_002__test_anormal_experiment_003,batch_dist_ternary_butan-1-ol+propan-2-ol+water,operating_point_002,test_anormal_experiment_003,test,anormal,01_Batch_Distillation_Plant_M-202210_Timeseries_Sensors/Operation/batch_dist_ternary_butan-1-ol+propan-2-ol+water/operating_point_002/test_anormal_experiment_003.csv,02_Batch_Distillation_Plant_M-202210_Timeseries_Actuators/Operation/batch_dist_ternary_butan-1-ol+propan-2-ol+water/operating_point_002/test_anormal_experiment_003.csv,00_Batch_Distillation_Plant_M-202210_Timeseries_Label_Anomaly_Metadata/Operation/batch_dist_ternary_butan-1-ol+propan-2-ol+water/operating_point_002/test_anormal_experiment_003.csv,10_Batch_Distillation_Plant_M-202210_GC_Composition/timeseries/batch_dist_ternary_butan-1-ol+propan-2-ol+water/operating_point_002/test_anormal_experiment_003.csv,07_Batch_Distillation_Plant_M-202210_Tabular_Operation_Logs/batch_dist_ternary_butan-1-ol+propan-2-ol+water/operating_point_002/test_anormal_experiment_003.csv,True,True,True,True,True,3568,3567.0,59.45,843,0.36893748247827307
batch_dist_ternary_butan-1-ol+propan-2-ol+water__operating_point_002__test_anormal_experiment_004,batch_dist_ternary_butan-1-ol+propan-2-ol+water,operating_point_002,test_anormal_experiment_004,test,anormal,01_Batch_Distillation_Plant_M-202210_Timeseries_Sensors/Operation/batch_dist_ternary_butan-1-ol+propan-2-ol+water/operating_point_002/test_anormal_experiment_004.csv,02_Batch_Distillation_Plant_M-202210_Timeseries_Actuators/Operation/batch_dist_ternary_butan-1-ol+propan-2-ol+water/operating_point_002/test_anormal_experiment_004.csv,00_Batch_Distillation_Plant_M-202210_Timeseries_Label_Anomaly_Metadata/Operation/batch_dist_ternary_butan-1-ol+propan-2-ol+water/operating_point_002/test_anormal_experiment_004.csv,10_Batch_Distillation_Plant_M-202210_GC_Composition/timeseries/batch_dist_ternary_butan-1-ol+propan-2-ol+water/operating_point_002/test_anormal_experiment_004.csv,07_Batch_Distillation_Plant_M-202210_Tabular_Operation_Logs/batch_dist_ternary_butan-1-ol+propan-2-ol+water/operating_point_002/test_anormal_experiment_004.csv,True,True,True,True,True,4906,4905.0,81.75,652,0.727217125382263
batch_dist_ternary_butan-1-ol+propan-2-ol+water__operating_point_002__test_anormal_experiment_005,batch_dist_ternary_butan-1-ol+propan-2-ol+water,operating_point_002,test_anormal_experiment_005,test,anormal,01_Batch_Distillation_Plant_M-202210_Timeseries_Sensors/Operation/batch_dist_ternary_butan-1-ol+propan-2-ol+water/operating_point_002/test_anormal_experiment_005.csv,02_Batch_Distillation_Plant_M-202210_Timeseries_Actuators/Operation/batch_dist_ternary_butan-1-ol+propan-2-ol+water/operating_point_002/test_anormal_experiment_005.csv,00_Batch_Distillation_Plant_M-202210_Timeseries_Label_Anomaly_Metadata/Operation/batch_dist_ternary_butan-1-ol+propan-2-ol+water/operating_point_002/test_anormal_experiment_005.csv,10_Batch_Distillation_Plant_M-202210_GC_Composition/timeseries/batch_dist_ternary_butan-1-ol+propan-2-ol+water/operating_point_002/test_anormal_experiment_005.csv,07_Batch_Distillation_Plant_M-202210_Tabular_Operation_Logs/batch_dist_ternary_butan-1-ol+propan-2-ol+water/operating_point_002/test_anormal_experiment_005.csv,True,True,True,True,True,3832,3831.0,63.85,1256,0.09814669799008092
batch_dist_ternary_butan-1-ol+propan-2-ol+water__operating_point_002__test_anormal_experiment_006,batch_dist_ternary_butan-1-ol+propan-2-ol+water,operating_point_002,test_anormal_experiment_006,test,anormal,01_Batch_Distillation_Plant_M-202210_Timeseries_Sensors/Operation/batch_dist_ternary_butan-1-ol+propan-2-ol+water/operating_point_002/test_anormal_experiment_006.csv,02_Batch_Distillation_Plant_M-202210_Timeseries_Actuators/Operation/batch_dist_ternary_butan-1-ol+propan-2-ol+water/operating_point_002/test_anormal_experiment_006.csv,00_Batch_Distillation_Plant_M-202210_Timeseries_Label_Anomaly_Metadata/Operation/batch_dist_ternary_butan-1-ol+propan-2-ol+water/operating_point_002/test_anormal_experiment_006.csv,10_Batch_Distillation_Plant_M-202210_GC_Composition/timeseries/batch_dist_ternary_butan-1-ol+propan-2-ol+water/operating_point_002/test_anormal_experiment_006.csv,07_Batch_Distillation_Plant_M-202210_Tabular_Operation_Logs/batch_dist_ternary_butan-1-ol+propan-2-ol+water/operating_point_002/test_anormal_experiment_006.csv,True,True,True,True,True,11195,11194.0,186.56666666666666,344,0.822136859031624
batch_dist_ternary_butan-1-ol+propan-2-ol+water__operating_point_003__test_anormal_experiment_001,batch_dist_ternary_butan-1-ol+propan-2-ol+water,operating_point_003,test_anormal_experiment_001,test,anormal,01_Batch_Distillation_Plant_M-202210_Timeseries_Sensors/Operation/batch_dist_ternary_butan-1-ol+propan-2-ol+water/operating_point_003/test_anormal_experiment_001.csv,02_Batch_Distillation_Plant_M-202210_Timeseries_Actuators/Operation/batch_dist_ternary_butan-1-ol+propan-2-ol+water/operating_point_003/test_anormal_experiment_001.csv,00_Batch_Distillation_Plant_M-202210_Timeseries_Label_Anomaly_Metadata/Operation/batch_dist_ternary_butan-1-ol+propan-2-ol+water/operating_point_003/test_anormal_experiment_001.csv,10_Batch_Distillation_Plant_M-202210_GC_Composition/timeseries/batch_dist_ternary_butan-1-ol+propan-2-ol+water/operating_point_003/test_anormal_experiment_001.csv,07_Batch_Distillation_Plant_M-202210_Tabular_Operation_Logs/batch_dist_ternary_butan-1-ol+propan-2-ol+water/operating_point_003/test_anormal_experiment_001.csv,True,True,True,True,True,2494,2493.0,41.55,1101,0.02807862013638187
batch_dist_ternary_butan-1-ol+propan-2-ol+water__operating_point_003__test_anormal_experiment_002,batch_dist_ternary_butan-1-ol+propan-2-ol+water,operating_point_003,test_anormal_experiment_002,test,anormal,01_Batch_Distillation_Plant_M-202210_Timeseries_Sensors/Operation/batch_dist_ternary_butan-1-ol+propan-2-ol+water/operating_point_003/test_anormal_experiment_002.csv,02_Batch_Distillation_Plant_M-202210_Timeseries_Actuators/Operation/batch_dist_ternary_butan-1-ol+propan-2-ol+water/operating_point_003/test_anormal_experiment_002.csv,00_Batch_Distillation_Plant_M-202210_Timeseries_Label_Anomaly_Metadata/Operation/batch_dist_ternary_butan-1-ol+propan-2-ol+water/operating_point_003/test_anormal_experiment_002.csv,10_Batch_Distillation_Plant_M-202210_GC_Composition/timeseries/batch_dist_ternary_butan-1-ol+propan-2-ol+water/operating_point_003/test_anormal_experiment_002.csv,07_Batch_Distillation_Plant_M-202210_Tabular_Operation_Logs/batch_dist_ternary_butan-1-ol+propan-2-ol+water/operating_point_003/test_anormal_experiment_002.csv,True,True,True,True,True,5049,5048.0,84.13333333333334,27,0.2339540412044374
batch_dist_ternary_butan-1-ol+propan-2-ol+water__operating_point_003__test_anormal_experiment_003,batch_dist_ternary_butan-1-ol+propan-2-ol+water,operating_point_003,test_anormal_experiment_003,test,anormal,01_Batch_Distillation_Plant_M-202210_Timeseries_Sensors/Operation/batch_dist_ternary_butan-1-ol+propan-2-ol+water/operating_point_003/test_anormal_experiment_003.csv,02_Batch_Distillation_Plant_M-202210_Timeseries_Actuators/Operation/batch_dist_ternary_butan-1-ol+propan-2-ol+water/operating_point_003/test_anormal_experiment_003.csv,00_Batch_Distillation_Plant_M-202210_Timeseries_Label_Anomaly_Metadata/Operation/batch_dist_ternary_butan-1-ol+propan-2-ol+water/operating_point_003/test_anormal_experiment_003.csv,10_Batch_Distillation_Plant_M-202210_GC_Composition/timeseries/batch_dist_ternary_butan-1-ol+propan-2-ol+water/operating_point_003/test_anormal_experiment_003.csv,07_Batch_Distillation_Plant_M-202210_Tabular_Operation_Logs/batch_dist_ternary_butan-1-ol+propan-2-ol+water/operating_point_003/test_anormal_experiment_003.csv,True,True,True,True,True,15152,15151.0,252.51666666666668,385,0.9746551382747013
batch_dist_ternary_butan-1-ol+propan-2-ol+water__operating_point_003__test_anormal_experiment_004,batch_dist_ternary_butan-1-ol+propan-2-ol+water,operating_point_003,test_anormal_experiment_004,test,anormal,01_Batch_Distillation_Plant_M-202210_Timeseries_Sensors/Operation/batch_dist_ternary_butan-1-ol+propan-2-ol+water/operating_point_003/test_anormal_experiment_004.csv,02_Batch_Distillation_Plant_M-202210_Timeseries_Actuators/Operation/batch_dist_ternary_butan-1-ol+propan-2-ol+water/operating_point_003/test_anormal_experiment_004.csv,00_Batch_Distillation_Plant_M-202210_Timeseries_Label_Anomaly_Metadata/Operation/batch_dist_ternary_butan-1-ol+propan-2-ol+water/operating_point_003/test_anormal_experiment_004.csv,10_Batch_Distillation_Plant_M-202210_GC_Composition/timeseries/batch_dist_ternary_butan-1-ol+propan-2-ol+water/operating_point_003/test_anormal_experiment_004.csv,07_Batch_Distillation_Plant_M-202210_Tabular_Operation_Logs/batch_dist_ternary_butan-1-ol+propan-2-ol+water/operating_point_003/test_anormal_experiment_004.csv,True,True,True,True,True,5881,5880.0,98.0,2921,0.2085034013605442
batch_dist_ternary_butan-1-ol+propan-2-ol+water__operating_point_003__test_anormal_experiment_005,batch_dist_ternary_butan-1-ol+propan-2-ol+water,operating_point_003,test_anormal_experiment_005,test,anormal,01_Batch_Distillation_Plant_M-202210_Timeseries_Sensors/Operation/batch_dist_ternary_butan-1-ol+propan-2-ol+water/operating_point_003/test_anormal_experiment_005.csv,02_Batch_Distillation_Plant_M-202210_Timeseries_Actuators/Operation/batch_dist_ternary_butan-1-ol+propan-2-ol+water/operating_point_003/test_anormal_experiment_005.csv,00_Batch_Distillation_Plant_M-202210_Timeseries_Label_Anomaly_Metadata/Operation/batch_dist_ternary_butan-1-ol+propan-2-ol+water/operating_point_003/test_anormal_experiment_005.csv,,07_Batch_Distillation_Plant_M-202210_Tabular_Operation_Logs/batch_dist_ternary_butan-1-ol+propan-2-ol+water/operating_point_003/test_anormal_experiment_005.csv,True,True,True,False,True,3614,3613.0,60.21666666666667,1199,0.19928037641848878
batch_dist_ternary_butan-1-ol+propan-2-ol+water__operating_point_003__test_anormal_experiment_006,batch_dist_ternary_butan-1-ol+propan-2-ol+water,operating_point_003,test_anormal_experiment_006,test,anormal,01_Batch_Distillation_Plant_M-202210_Timeseries_Sensors/Operation/batch_dist_ternary_butan-1-ol+propan-2-ol+water/operating_point_003/test_anormal_experiment_006.csv,02_Batch_Distillation_Plant_M-202210_Timeseries_Actuators/Operation/batch_dist_ternary_butan-1-ol+propan-2-ol+water/operating_point_003/test_anormal_experiment_006.csv,00_Batch_Distillation_Plant_M-202210_Timeseries_Label_Anomaly_Metadata/Operation/batch_dist_ternary_butan-1-ol+propan-2-ol+water/operating_point_003/test_anormal_experiment_006.csv,,07_Batch_Distillation_Plant_M-202210_Tabular_Operation_Logs/batch_dist_ternary_butan-1-ol+propan-2-ol+water/operating_point_003/test_anormal_experiment_006.csv,True,True,True,False,True,3687,3686.0,61.43333333333333,3546,0.0
batch_dist_ternary_butan-1-ol+propan-2-ol+water__operating_point_003__test_anormal_experiment_007,batch_dist_ternary_butan-1-ol+propan-2-ol+water,operating_point_003,test_anormal_experiment_007,test,anormal,01_Batch_Distillation_Plant_M-202210_Timeseries_Sensors/Operation/batch_dist_ternary_butan-1-ol+propan-2-ol+water/operating_point_003/test_anormal_experiment_007.csv,02_Batch_Distillation_Plant_M-202210_Timeseries_Actuators/Operation/batch_dist_ternary_butan-1-ol+propan-2-ol+water/operating_point_003/test_anormal_experiment_007.csv,00_Batch_Distillation_Plant_M-202210_Timeseries_Label_Anomaly_Metadata/Operation/batch_dist_ternary_butan-1-ol+propan-2-ol+water/operating_point_003/test_anormal_experiment_007.csv,,07_Batch_Distillation_Plant_M-202210_Tabular_Operation_Logs/batch_dist_ternary_butan-1-ol+propan-2-ol+water/operating_point_003/test_anormal_experiment_007.csv,True,True,True,False,True,3178,3177.0,52.95,1098,0.2987094743468681
batch_dist_ternary_butan-1-ol+propan-2-ol+water__operating_point_003__test_anormal_experiment_008,batch_dist_ternary_butan-1-ol+propan-2-ol+water,operating_point_003,test_anormal_experiment_008,test,anormal,01_Batch_Distillation_Plant_M-202210_Timeseries_Sensors/Operation/batch_dist_ternary_butan-1-ol+propan-2-ol+water/operating_point_003/test_anormal_experiment_008.csv,02_Batch_Distillation_Plant_M-202210_Timeseries_Actuators/Operation/batch_dist_ternary_butan-1-ol+propan-2-ol+water/operating_point_003/test_anormal_experiment_008.csv,00_Batch_Distillation_Plant_M-202210_Timeseries_Label_Anomaly_Metadata/Operation/batch_dist_ternary_butan-1-ol+propan-2-ol+water/operating_point_003/test_anormal_experiment_008.csv,,07_Batch_Distillation_Plant_M-202210_Tabular_Operation_Logs/batch_dist_ternary_butan-1-ol+propan-2-ol+water/operating_point_003/test_anormal_experiment_008.csv,True,True,True,False,True,3274,3273.0,54.55,2276,0.3049190345249007
batch_dist_ternary_butan-1-ol+propan-2-ol+water__operating_point_003__test_anormal_experiment_009,batch_dist_ternary_butan-1-ol+propan-2-ol+water,operating_point_003,test_anormal_experiment_009,test,anormal,01_Batch_Distillation_Plant_M-202210_Timeseries_Sensors/Operation/batch_dist_ternary_butan-1-ol+propan-2-ol+water/operating_point_003/test_anormal_experiment_009.csv,02_Batch_Distillation_Plant_M-202210_Timeseries_Actuators/Operation/batch_dist_ternary_butan-1-ol+propan-2-ol+water/operating_point_003/test_anormal_experiment_009.csv,00_Batch_Distillation_Plant_M-202210_Timeseries_Label_Anomaly_Metadata/Operation/batch_dist_ternary_butan-1-ol+propan-2-ol+water/operating_point_003/test_anormal_experiment_009.csv,10_Batch_Distillation_Plant_M-202210_GC_Composition/timeseries/batch_dist_ternary_butan-1-ol+propan-2-ol+water/operating_point_003/test_anormal_experiment_009.csv,07_Batch_Distillation_Plant_M-202210_Tabular_Operation_Logs/batch_dist_ternary_butan-1-ol+propan-2-ol+water/operating_point_003/test_anormal_experiment_009.csv,True,True,True,True,True,6189,6188.0,103.13333333333334,3543,0.4276018099547511
batch_dist_ternary_butan-1-ol+propan-2-ol+water__operating_point_003__train_normal_experiment_001,batch_dist_ternary_butan-1-ol+propan-2-ol+water,operating_point_003,train_normal_experiment_001,train,normal,01_Batch_Distillation_Plant_M-202210_Timeseries_Sensors/Operation/batch_dist_ternary_butan-1-ol+propan-2-ol+water/operating_point_003/train_normal_experiment_001.csv,02_Batch_Distillation_Plant_M-202210_Timeseries_Actuators/Operation/batch_dist_ternary_butan-1-ol+propan-2-ol+water/operating_point_003/train_normal_experiment_001.csv,00_Batch_Distillation_Plant_M-202210_Timeseries_Label_Anomaly_Metadata/Operation/batch_dist_ternary_butan-1-ol+propan-2-ol+water/operating_point_003/train_normal_experiment_001.csv,10_Batch_Distillation_Plant_M-202210_GC_Composition/timeseries/batch_dist_ternary_butan-1-ol+propan-2-ol+water/operating_point_003/train_normal_experiment_001.csv,07_Batch_Distillation_Plant_M-202210_Tabular_Operation_Logs/batch_dist_ternary_butan-1-ol+propan-2-ol+water/operating_point_003/train_normal_experiment_001.csv,True,True,True,True,True,10110,10109.0,168.48333333333332,0,
batch_dist_ternary_butan-1-ol+propan-2-ol+water__operating_point_004__test_anormal_experiment_001,batch_dist_ternary_butan-1-ol+propan-2-ol+water,operating_point_004,test_anormal_experiment_001,test,anormal,01_Batch_Distillation_Plant_M-202210_Timeseries_Sensors/Operation/batch_dist_ternary_butan-1-ol+propan-2-ol+water/operating_point_004/test_anormal_experiment_001.csv,02_Batch_Distillation_Plant_M-202210_Timeseries_Actuators/Operation/batch_dist_ternary_butan-1-ol+propan-2-ol+water/operating_point_004/test_anormal_experiment_001.csv,00_Batch_Distillation_Plant_M-202210_Timeseries_Label_Anomaly_Metadata/Operation/batch_dist_ternary_butan-1-ol+propan-2-ol+water/operating_point_004/test_anormal_experiment_001.csv,,07_Batch_Distillation_Plant_M-202210_Tabular_Operation_Logs/batch_dist_ternary_butan-1-ol+propan-2-ol+water/operating_point_004/test_anormal_experiment_001.csv,True,True,True,False,True,2070,2069.0,34.483333333333334,851,0.09618173030449492
batch_dist_ternary_butan-1-ol+propan-2-ol+water__operating_point_004__test_anormal_experiment_002,batch_dist_ternary_butan-1-ol+propan-2-ol+water,operating_point_004,test_anormal_experiment_002,test,anormal,01_Batch_Distillation_Plant_M-202210_Timeseries_Sensors/Operation/batch_dist_ternary_butan-1-ol+propan-2-ol+water/operating_point_004/test_anormal_experiment_002.csv,02_Batch_Distillation_Plant_M-202210_Timeseries_Actuators/Operation/batch_dist_ternary_butan-1-ol+propan-2-ol+water/operating_point_004/test_anormal_experiment_002.csv,00_Batch_Distillation_Plant_M-202210_Timeseries_Label_Anomaly_Metadata/Operation/batch_dist_ternary_butan-1-ol+propan-2-ol+water/operating_point_004/test_anormal_experiment_002.csv,10_Batch_Distillation_Plant_M-202210_GC_Composition/timeseries/batch_dist_ternary_butan-1-ol+propan-2-ol+water/operating_point_004/test_anormal_experiment_002.csv,07_Batch_Distillation_Plant_M-202210_Tabular_Operation_Logs/batch_dist_ternary_butan-1-ol+propan-2-ol+water/operating_point_004/test_anormal_experiment_002.csv,True,True,True,True,True,7036,7035.0,117.25,3986,0.0
batch_dist_ternary_butan-1-ol+propan-2-ol+water__operating_point_004__train_normal_experiment_001,batch_dist_ternary_butan-1-ol+propan-2-ol+water,operating_point_004,train_normal_experiment_001,train,normal,01_Batch_Distillation_Plant_M-202210_Timeseries_Sensors/Operation/batch_dist_ternary_butan-1-ol+propan-2-ol+water/operating_point_004/train_normal_experiment_001.csv,02_Batch_Distillation_Plant_M-202210_Timeseries_Actuators/Operation/batch_dist_ternary_butan-1-ol+propan-2-ol+water/operating_point_004/train_normal_experiment_001.csv,00_Batch_Distillation_Plant_M-202210_Timeseries_Label_Anomaly_Metadata/Operation/batch_dist_ternary_butan-1-ol+propan-2-ol+water/operating_point_004/train_normal_experiment_001.csv,10_Batch_Distillation_Plant_M-202210_GC_Composition/timeseries/batch_dist_ternary_butan-1-ol+propan-2-ol+water/operating_point_004/train_normal_experiment_001.csv,07_Batch_Distillation_Plant_M-202210_Tabular_Operation_Logs/batch_dist_ternary_butan-1-ol+propan-2-ol+water/operating_point_004/train_normal_experiment_001.csv,True,True,True,True,True,3840,3839.0,63.983333333333334,0,
batch_dist_ternary_butan-1-ol+propan-2-ol+water__operating_point_005__test_anormal_experiment_001,batch_dist_ternary_butan-1-ol+propan-2-ol+water,operating_point_005,test_anormal_experiment_001,test,anormal,01_Batch_Distillation_Plant_M-202210_Timeseries_Sensors/Operation/batch_dist_ternary_butan-1-ol+propan-2-ol+water/operating_point_005/test_anormal_experiment_001.csv,02_Batch_Distillation_Plant_M-202210_Timeseries_Actuators/Operation/batch_dist_ternary_butan-1-ol+propan-2-ol+water/operating_point_005/test_anormal_experiment_001.csv,00_Batch_Distillation_Plant_M-202210_Timeseries_Label_Anomaly_Metadata/Operation/batch_dist_ternary_butan-1-ol+propan-2-ol+water/operating_point_005/test_anormal_experiment_001.csv,,07_Batch_Distillation_Plant_M-202210_Tabular_Operation_Logs/batch_dist_ternary_butan-1-ol+propan-2-ol+water/operating_point_005/test_anormal_experiment_001.csv,True,True,True,False,True,1972,1971.0,32.85,1777,0.0989345509893455
batch_dist_ternary_butan-1-ol+propan-2-ol+water__operating_point_006__test_anormal_experiment_001,batch_dist_ternary_butan-1-ol+propan-2-ol+water,operating_point_006,test_anormal_experiment_001,test,anormal,01_Batch_Distillation_Plant_M-202210_Timeseries_Sensors/Operation/batch_dist_ternary_butan-1-ol+propan-2-ol+water/operating_point_006/test_anormal_experiment_001.csv,02_Batch_Distillation_Plant_M-202210_Timeseries_Actuators/Operation/batch_dist_ternary_butan-1-ol+propan-2-ol+water/operating_point_006/test_anormal_experiment_001.csv,00_Batch_Distillation_Plant_M-202210_Timeseries_Label_Anomaly_Metadata/Operation/batch_dist_ternary_butan-1-ol+propan-2-ol+water/operating_point_006/test_anormal_experiment_001.csv,,07_Batch_Distillation_Plant_M-202210_Tabular_Operation_Logs/batch_dist_ternary_butan-1-ol+propan-2-ol+water/operating_point_006/test_anormal_experiment_001.csv,True,True,True,False,True,11145,11144.0,185.73333333333332,11145,0.0
batch_dist_ternary_butan-1-ol+propan-2-ol+water__operating_point_007__test_anormal_experiment_001,batch_dist_ternary_butan-1-ol+propan-2-ol+water,operating_point_007,test_anormal_experiment_001,test,anormal,01_Batch_Distillation_Plant_M-202210_Timeseries_Sensors/Operation/batch_dist_ternary_butan-1-ol+propan-2-ol+water/operating_point_007/test_anormal_experiment_001.csv,02_Batch_Distillation_Plant_M-202210_Timeseries_Actuators/Operation/batch_dist_ternary_butan-1-ol+propan-2-ol+water/operating_point_007/test_anormal_experiment_001.csv,00_Batch_Distillation_Plant_M-202210_Timeseries_Label_Anomaly_Metadata/Operation/batch_dist_ternary_butan-1-ol+propan-2-ol+water/operating_point_007/test_anormal_experiment_001.csv,10_Batch_Distillation_Plant_M-202210_GC_Composition/timeseries/batch_dist_ternary_butan-1-ol+propan-2-ol+water/operating_point_007/test_anormal_experiment_001.csv,07_Batch_Distillation_Plant_M-202210_Tabular_Operation_Logs/batch_dist_ternary_butan-1-ol+propan-2-ol+water/operating_point_007/test_anormal_experiment_001.csv,True,True,True,True,True,5372,5371.0,89.51666666666667,997,0.30515732638242415
batch_dist_ternary_butan-1-ol+propan-2-ol+water__operating_point_007__train_normal_experiment_001,batch_dist_ternary_butan-1-ol+propan-2-ol+water,operating_point_007,train_normal_experiment_001,train,normal,01_Batch_Distillation_Plant_M-202210_Timeseries_Sensors/Operation/batch_dist_ternary_butan-1-ol+propan-2-ol+water/operating_point_007/train_normal_experiment_001.csv,02_Batch_Distillation_Plant_M-202210_Timeseries_Actuators/Operation/batch_dist_ternary_butan-1-ol+propan-2-ol+water/operating_point_007/train_normal_experiment_001.csv,00_Batch_Distillation_Plant_M-202210_Timeseries_Label_Anomaly_Metadata/Operation/batch_dist_ternary_butan-1-ol+propan-2-ol+water/operating_point_007/train_normal_experiment_001.csv,,07_Batch_Distillation_Plant_M-202210_Tabular_Operation_Logs/batch_dist_ternary_butan-1-ol+propan-2-ol+water/operating_point_007/train_normal_experiment_001.csv,True,True,True,False,True,3282,3281.0,54.68333333333333,0,
batch_dist_ternary_butan-1-ol+propan-2-ol+water__operating_point_008__test_anormal_experiment_001,batch_dist_ternary_butan-1-ol+propan-2-ol+water,operating_point_008,test_anormal_experiment_001,test,anormal,01_Batch_Distillation_Plant_M-202210_Timeseries_Sensors/Operation/batch_dist_ternary_butan-1-ol+propan-2-ol+water/operating_point_008/test_anormal_experiment_001.csv,02_Batch_Distillation_Plant_M-202210_Timeseries_Actuators/Operation/batch_dist_ternary_butan-1-ol+propan-2-ol+water/operating_point_008/test_anormal_experiment_001.csv,00_Batch_Distillation_Plant_M-202210_Timeseries_Label_Anomaly_Metadata/Operation/batch_dist_ternary_butan-1-ol+propan-2-ol+water/operating_point_008/test_anormal_experiment_001.csv,10_Batch_Distillation_Plant_M-202210_GC_Composition/timeseries/batch_dist_ternary_butan-1-ol+propan-2-ol+water/operating_point_008/test_anormal_experiment_001.csv,07_Batch_Distillation_Plant_M-202210_Tabular_Operation_Logs/batch_dist_ternary_butan-1-ol+propan-2-ol+water/operating_point_008/test_anormal_experiment_001.csv,True,True,True,True,True,8628,8627.0,143.78333333333333,8628,0.0
batch_dist_ternary_butan-1-ol+propan-2-ol+water__operating_point_008__test_anormal_experiment_002,batch_dist_ternary_butan-1-ol+propan-2-ol+water,operating_point_008,test_anormal_experiment_002,test,anormal,01_Batch_Distillation_Plant_M-202210_Timeseries_Sensors/Operation/batch_dist_ternary_butan-1-ol+propan-2-ol+water/operating_point_008/test_anormal_experiment_002.csv,02_Batch_Distillation_Plant_M-202210_Timeseries_Actuators/Operation/batch_dist_ternary_butan-1-ol+propan-2-ol+water/operating_point_008/test_anormal_experiment_002.csv,00_Batch_Distillation_Plant_M-202210_Timeseries_Label_Anomaly_Metadata/Operation/batch_dist_ternary_butan-1-ol+propan-2-ol+water/operating_point_008/test_anormal_experiment_002.csv,10_Batch_Distillation_Plant_M-202210_GC_Composition/timeseries/batch_dist_ternary_butan-1-ol+propan-2-ol+water/operating_point_008/test_anormal_experiment_002.csv,07_Batch_Distillation_Plant_M-202210_Tabular_Operation_Logs/batch_dist_ternary_butan-1-ol+propan-2-ol+water/operating_point_008/test_anormal_experiment_002.csv,True,True,True,True,True,6308,6307.0,105.11666666666666,3145,0.022039004280957668
batch_dist_ternary_butan-1-ol+propan-2-ol+water__operating_point_009__test_anormal_experiment_001,batch_dist_ternary_butan-1-ol+propan-2-ol+water,operating_point_009,test_anormal_experiment_001,test,anormal,01_Batch_Distillation_Plant_M-202210_Timeseries_Sensors/Operation/batch_dist_ternary_butan-1-ol+propan-2-ol+water/operating_point_009/test_anormal_experiment_001.csv,02_Batch_Distillation_Plant_M-202210_Timeseries_Actuators/Operation/batch_dist_ternary_butan-1-ol+propan-2-ol+water/operating_point_009/test_anormal_experiment_001.csv,00_Batch_Distillation_Plant_M-202210_Timeseries_Label_Anomaly_Metadata/Operation/batch_dist_ternary_butan-1-ol+propan-2-ol+water/operating_point_009/test_anormal_experiment_001.csv,10_Batch_Distillation_Plant_M-202210_GC_Composition/timeseries/batch_dist_ternary_butan-1-ol+propan-2-ol+water/operating_point_009/test_anormal_experiment_001.csv,07_Batch_Distillation_Plant_M-202210_Tabular_Operation_Logs/batch_dist_ternary_butan-1-ol+propan-2-ol+water/operating_point_009/test_anormal_experiment_001.csv,True,True,True,True,True,7353,7352.0,122.53333333333333,7353,0.0
batch_dist_ternary_butan-1-ol+propan-2-ol+water__operating_point_009__test_anormal_experiment_002,batch_dist_ternary_butan-1-ol+propan-2-ol+water,operating_point_009,test_anormal_experiment_002,test,anormal,01_Batch_Distillation_Plant_M-202210_Timeseries_Sensors/Operation/batch_dist_ternary_butan-1-ol+propan-2-ol+water/operating_point_009/test_anormal_experiment_002.csv,02_Batch_Distillation_Plant_M-202210_Timeseries_Actuators/Operation/batch_dist_ternary_butan-1-ol+propan-2-ol+water/operating_point_009/test_anormal_experiment_002.csv,00_Batch_Distillation_Plant_M-202210_Timeseries_Label_Anomaly_Metadata/Operation/batch_dist_ternary_butan-1-ol+propan-2-ol+water/operating_point_009/test_anormal_experiment_002.csv,10_Batch_Distillation_Plant_M-202210_GC_Composition/timeseries/batch_dist_ternary_butan-1-ol+propan-2-ol+water/operating_point_009/test_anormal_experiment_002.csv,07_Batch_Distillation_Plant_M-202210_Tabular_Operation_Logs/batch_dist_ternary_butan-1-ol+propan-2-ol+water/operating_point_009/test_anormal_experiment_002.csv,True,True,True,True,True,4568,4567.0,76.11666666666666,773,0.37201664112108607
batch_dist_ternary_butan-1-ol+propan-2-ol+water__operating_point_010__test_anormal_experiment_001,batch_dist_ternary_butan-1-ol+propan-2-ol+water,operating_point_010,test_anormal_experiment_001,test,anormal,01_Batch_Distillation_Plant_M-202210_Timeseries_Sensors/Operation/batch_dist_ternary_butan-1-ol+propan-2-ol+water/operating_point_010/test_anormal_experiment_001.csv,02_Batch_Distillation_Plant_M-202210_Timeseries_Actuators/Operation/batch_dist_ternary_butan-1-ol+propan-2-ol+water/operating_point_010/test_anormal_experiment_001.csv,00_Batch_Distillation_Plant_M-202210_Timeseries_Label_Anomaly_Metadata/Operation/batch_dist_ternary_butan-1-ol+propan-2-ol+water/operating_point_010/test_anormal_experiment_001.csv,10_Batch_Distillation_Plant_M-202210_GC_Composition/timeseries/batch_dist_ternary_butan-1-ol+propan-2-ol+water/operating_point_010/test_anormal_experiment_001.csv,07_Batch_Distillation_Plant_M-202210_Tabular_Operation_Logs/batch_dist_ternary_butan-1-ol+propan-2-ol+water/operating_point_010/test_anormal_experiment_001.csv,True,True,True,True,True,5762,5761.0,96.01666666666667,1077,0.3001215066828676
batch_dist_ternary_butan-1-ol+propan-2-ol+water__operating_point_010__train_normal_experiment_001,batch_dist_ternary_butan-1-ol+propan-2-ol+water,operating_point_010,train_normal_experiment_001,train,normal,01_Batch_Distillation_Plant_M-202210_Timeseries_Sensors/Operation/batch_dist_ternary_butan-1-ol+propan-2-ol+water/operating_point_010/train_normal_experiment_001.csv,02_Batch_Distillation_Plant_M-202210_Timeseries_Actuators/Operation/batch_dist_ternary_butan-1-ol+propan-2-ol+water/operating_point_010/train_normal_experiment_001.csv,00_Batch_Distillation_Plant_M-202210_Timeseries_Label_Anomaly_Metadata/Operation/batch_dist_ternary_butan-1-ol+propan-2-ol+water/operating_point_010/train_normal_experiment_001.csv,10_Batch_Distillation_Plant_M-202210_GC_Composition/timeseries/batch_dist_ternary_butan-1-ol+propan-2-ol+water/operating_point_010/train_normal_experiment_001.csv,07_Batch_Distillation_Plant_M-202210_Tabular_Operation_Logs/batch_dist_ternary_butan-1-ol+propan-2-ol+water/operating_point_010/train_normal_experiment_001.csv,True,True,True,True,True,8018,8017.0,133.61666666666667,0,
batch_dist_ternary_butan-1-ol+propan-2-ol+water__operating_point_011__test_anormal_experiment_001,batch_dist_ternary_butan-1-ol+propan-2-ol+water,operating_point_011,test_anormal_experiment_001,test,anormal,01_Batch_Distillation_Plant_M-202210_Timeseries_Sensors/Operation/batch_dist_ternary_butan-1-ol+propan-2-ol+water/operating_point_011/test_anormal_experiment_001.csv,02_Batch_Distillation_Plant_M-202210_Timeseries_Actuators/Operation/batch_dist_ternary_butan-1-ol+propan-2-ol+water/operating_point_011/test_anormal_experiment_001.csv,00_Batch_Distillation_Plant_M-202210_Timeseries_Label_Anomaly_Metadata/Operation/batch_dist_ternary_butan-1-ol+propan-2-ol+water/operating_point_011/test_anormal_experiment_001.csv,10_Batch_Distillation_Plant_M-202210_GC_Composition/timeseries/batch_dist_ternary_butan-1-ol+propan-2-ol+water/operating_point_011/test_anormal_experiment_001.csv,07_Batch_Distillation_Plant_M-202210_Tabular_Operation_Logs/batch_dist_ternary_butan-1-ol+propan-2-ol+water/operating_point_011/test_anormal_experiment_001.csv,True,True,True,True,True,7156,7155.0,119.25,169,0.23549965059399022
batch_dist_ternary_butan-1-ol+propan-2-ol+water__operating_point_011__test_anormal_experiment_002,batch_dist_ternary_butan-1-ol+propan-2-ol+water,operating_point_011,test_anormal_experiment_002,test,anormal,01_Batch_Distillation_Plant_M-202210_Timeseries_Sensors/Operation/batch_dist_ternary_butan-1-ol+propan-2-ol+water/operating_point_011/test_anormal_experiment_002.csv,02_Batch_Distillation_Plant_M-202210_Timeseries_Actuators/Operation/batch_dist_ternary_butan-1-ol+propan-2-ol+water/operating_point_011/test_anormal_experiment_002.csv,00_Batch_Distillation_Plant_M-202210_Timeseries_Label_Anomaly_Metadata/Operation/batch_dist_ternary_butan-1-ol+propan-2-ol+water/operating_point_011/test_anormal_experiment_002.csv,10_Batch_Distillation_Plant_M-202210_GC_Composition/timeseries/batch_dist_ternary_butan-1-ol+propan-2-ol+water/operating_point_011/test_anormal_experiment_002.csv,07_Batch_Distillation_Plant_M-202210_Tabular_Operation_Logs/batch_dist_ternary_butan-1-ol+propan-2-ol+water/operating_point_011/test_anormal_experiment_002.csv,True,True,True,True,True,5502,5501.0,91.68333333333334,1853,0.1592437738592983
batch_dist_ternary_butan-1-ol+propan-2-ol+water__operating_point_012__test_anormal_experiment_001,batch_dist_ternary_butan-1-ol+propan-2-ol+water,operating_point_012,test_anormal_experiment_001,test,anormal,01_Batch_Distillation_Plant_M-202210_Timeseries_Sensors/Operation/batch_dist_ternary_butan-1-ol+propan-2-ol+water/operating_point_012/test_anormal_experiment_001.csv,02_Batch_Distillation_Plant_M-202210_Timeseries_Actuators/Operation/batch_dist_ternary_butan-1-ol+propan-2-ol+water/operating_point_012/test_anormal_experiment_001.csv,00_Batch_Distillation_Plant_M-202210_Timeseries_Label_Anomaly_Metadata/Operation/batch_dist_ternary_butan-1-ol+propan-2-ol+water/operating_point_012/test_anormal_experiment_001.csv,10_Batch_Distillation_Plant_M-202210_GC_Composition/timeseries/batch_dist_ternary_butan-1-ol+propan-2-ol+water/operating_point_012/test_anormal_experiment_001.csv,07_Batch_Distillation_Plant_M-202210_Tabular_Operation_Logs/batch_dist_ternary_butan-1-ol+propan-2-ol+water/operating_point_012/test_anormal_experiment_001.csv,True,True,True,True,True,13883,13882.0,231.36666666666667,680,0.210200259328627
batch_dist_ternary_butan-1-ol+propan-2-ol+water__operating_point_012__test_anormal_experiment_002,batch_dist_ternary_butan-1-ol+propan-2-ol+water,operating_point_012,test_anormal_experiment_002,test,anormal,01_Batch_Distillation_Plant_M-202210_Timeseries_Sensors/Operation/batch_dist_ternary_butan-1-ol+propan-2-ol+water/operating_point_012/test_anormal_experiment_002.csv,02_Batch_Distillation_Plant_M-202210_Timeseries_Actuators/Operation/batch_dist_ternary_butan-1-ol+propan-2-ol+water/operating_point_012/test_anormal_experiment_002.csv,00_Batch_Distillation_Plant_M-202210_Timeseries_Label_Anomaly_Metadata/Operation/batch_dist_ternary_butan-1-ol+propan-2-ol+water/operating_point_012/test_anormal_experiment_002.csv,10_Batch_Distillation_Plant_M-202210_GC_Composition/timeseries/batch_dist_ternary_butan-1-ol+propan-2-ol+water/operating_point_012/test_anormal_experiment_002.csv,07_Batch_Distillation_Plant_M-202210_Tabular_Operation_Logs/batch_dist_ternary_butan-1-ol+propan-2-ol+water/operating_point_012/test_anormal_experiment_002.csv,True,True,True,True,True,6505,6504.0,108.4,1743,0.09978474784747847
batch_dist_ternary_butan-1-ol+propan-2-ol+water__operating_point_013__test_anormal_experiment_001,batch_dist_ternary_butan-1-ol+propan-2-ol+water,operating_point_013,test_anormal_experiment_001,test,anormal,01_Batch_Distillation_Plant_M-202210_Timeseries_Sensors/Operation/batch_dist_ternary_butan-1-ol+propan-2-ol+water/operating_point_013/test_anormal_experiment_001.csv,02_Batch_Distillation_Plant_M-202210_Timeseries_Actuators/Operation/batch_dist_ternary_butan-1-ol+propan-2-ol+water/operating_point_013/test_anormal_experiment_001.csv,00_Batch_Distillation_Plant_M-202210_Timeseries_Label_Anomaly_Metadata/Operation/batch_dist_ternary_butan-1-ol+propan-2-ol+water/operating_point_013/test_anormal_experiment_001.csv,,07_Batch_Distillation_Plant_M-202210_Tabular_Operation_Logs/batch_dist_ternary_butan-1-ol+propan-2-ol+water/operating_point_013/test_anormal_experiment_001.csv,True,True,True,False,True,7164,7163.0,119.38333333333334,7164,0.0
batch_dist_ternary_butan-1-ol+propan-2-ol+water__operating_point_013__train_normal_experiment_001,batch_dist_ternary_butan-1-ol+propan-2-ol+water,operating_point_013,train_normal_experiment_001,train,normal,01_Batch_Distillation_Plant_M-202210_Timeseries_Sensors/Operation/batch_dist_ternary_butan-1-ol+propan-2-ol+water/operating_point_013/train_normal_experiment_001.csv,02_Batch_Distillation_Plant_M-202210_Timeseries_Actuators/Operation/batch_dist_ternary_butan-1-ol+propan-2-ol+water/operating_point_013/train_normal_experiment_001.csv,00_Batch_Distillation_Plant_M-202210_Timeseries_Label_Anomaly_Metadata/Operation/batch_dist_ternary_butan-1-ol+propan-2-ol+water/operating_point_013/train_normal_experiment_001.csv,10_Batch_Distillation_Plant_M-202210_GC_Composition/timeseries/batch_dist_ternary_butan-1-ol+propan-2-ol+water/operating_point_013/train_normal_experiment_001.csv,07_Batch_Distillation_Plant_M-202210_Tabular_Operation_Logs/batch_dist_ternary_butan-1-ol+propan-2-ol+water/operating_point_013/train_normal_experiment_001.csv,True,True,True,True,True,4024,4023.0,67.05,0,
batch_dist_ternary_butan-1-ol+propan-2-ol+water__operating_point_014__test_anormal_experiment_001,batch_dist_ternary_butan-1-ol+propan-2-ol+water,operating_point_014,test_anormal_experiment_001,test,anormal,01_Batch_Distillation_Plant_M-202210_Timeseries_Sensors/Operation/batch_dist_ternary_butan-1-ol+propan-2-ol+water/operating_point_014/test_anormal_experiment_001.csv,02_Batch_Distillation_Plant_M-202210_Timeseries_Actuators/Operation/batch_dist_ternary_butan-1-ol+propan-2-ol+water/operating_point_014/test_anormal_experiment_001.csv,00_Batch_Distillation_Plant_M-202210_Timeseries_Label_Anomaly_Metadata/Operation/batch_dist_ternary_butan-1-ol+propan-2-ol+water/operating_point_014/test_anormal_experiment_001.csv,10_Batch_Distillation_Plant_M-202210_GC_Composition/timeseries/batch_dist_ternary_butan-1-ol+propan-2-ol+water/operating_point_014/test_anormal_experiment_001.csv,07_Batch_Distillation_Plant_M-202210_Tabular_Operation_Logs/batch_dist_ternary_butan-1-ol+propan-2-ol+water/operating_point_014/test_anormal_experiment_001.csv,True,True,True,True,True,3052,3051.0,50.85,979,0.10848901999344478
batch_dist_ternary_butan-1-ol+propan-2-ol+water__operating_point_014__test_anormal_experiment_002,batch_dist_ternary_butan-1-ol+propan-2-ol+water,operating_point_014,test_anormal_experiment_002,test,anormal,01_Batch_Distillation_Plant_M-202210_Timeseries_Sensors/Operation/batch_dist_ternary_butan-1-ol+propan-2-ol+water/operating_point_014/test_anormal_experiment_002.csv,02_Batch_Distillation_Plant_M-202210_Timeseries_Actuators/Operation/batch_dist_ternary_butan-1-ol+propan-2-ol+water/operating_point_014/test_anormal_experiment_002.csv,00_Batch_Distillation_Plant_M-202210_Timeseries_Label_Anomaly_Metadata/Operation/batch_dist_ternary_butan-1-ol+propan-2-ol+water/operating_point_014/test_anormal_experiment_002.csv,,,True,True,True,False,False,7050,7049.0,117.48333333333333,5608,0.0
batch_dist_ternary_butan-1-ol+propan-2-ol+water__operating_point_014__train_normal_experiment_001,batch_dist_ternary_butan-1-ol+propan-2-ol+water,operating_point_014,train_normal_experiment_001,train,normal,01_Batch_Distillation_Plant_M-202210_Timeseries_Sensors/Operation/batch_dist_ternary_butan-1-ol+propan-2-ol+water/operating_point_014/train_normal_experiment_001.csv,02_Batch_Distillation_Plant_M-202210_Timeseries_Actuators/Operation/batch_dist_ternary_butan-1-ol+propan-2-ol+water/operating_point_014/train_normal_experiment_001.csv,00_Batch_Distillation_Plant_M-202210_Timeseries_Label_Anomaly_Metadata/Operation/batch_dist_ternary_butan-1-ol+propan-2-ol+water/operating_point_014/train_normal_experiment_001.csv,,07_Batch_Distillation_Plant_M-202210_Tabular_Operation_Logs/batch_dist_ternary_butan-1-ol+propan-2-ol+water/operating_point_014/train_normal_experiment_001.csv,True,True,True,False,True,5292,5291.0,88.18333333333334,0,
batch_dist_ternary_butan-1-ol+propan-2-ol+water__operating_point_014__train_normal_experiment_002,batch_dist_ternary_butan-1-ol+propan-2-ol+water,operating_point_014,train_normal_experiment_002,train,normal,01_Batch_Distillation_Plant_M-202210_Timeseries_Sensors/Operation/batch_dist_ternary_butan-1-ol+propan-2-ol+water/operating_point_014/train_normal_experiment_002.csv,02_Batch_Distillation_Plant_M-202210_Timeseries_Actuators/Operation/batch_dist_ternary_butan-1-ol+propan-2-ol+water/operating_point_014/train_normal_experiment_002.csv,00_Batch_Distillation_Plant_M-202210_Timeseries_Label_Anomaly_Metadata/Operation/batch_dist_ternary_butan-1-ol+propan-2-ol+water/operating_point_014/train_normal_experiment_002.csv,10_Batch_Distillation_Plant_M-202210_GC_Composition/timeseries/batch_dist_ternary_butan-1-ol+propan-2-ol+water/operating_point_014/train_normal_experiment_002.csv,07_Batch_Distillation_Plant_M-202210_Tabular_Operation_Logs/batch_dist_ternary_butan-1-ol+propan-2-ol+water/operating_point_014/train_normal_experiment_002.csv,True,True,True,True,True,6408,6407.0,106.78333333333333,0,
batch_dist_ternary_butan-1-ol+propan-2-ol+water__operating_point_015__test_anormal_experiment_001,batch_dist_ternary_butan-1-ol+propan-2-ol+water,operating_point_015,test_anormal_experiment_001,test,anormal,01_Batch_Distillation_Plant_M-202210_Timeseries_Sensors/Operation/batch_dist_ternary_butan-1-ol+propan-2-ol+water/operating_point_015/test_anormal_experiment_001.csv,02_Batch_Distillation_Plant_M-202210_Timeseries_Actuators/Operation/batch_dist_ternary_butan-1-ol+propan-2-ol+water/operating_point_015/test_anormal_experiment_001.csv,00_Batch_Distillation_Plant_M-202210_Timeseries_Label_Anomaly_Metadata/Operation/batch_dist_ternary_butan-1-ol+propan-2-ol+water/operating_point_015/test_anormal_experiment_001.csv,10_Batch_Distillation_Plant_M-202210_GC_Composition/timeseries/batch_dist_ternary_butan-1-ol+propan-2-ol+water/operating_point_015/test_anormal_experiment_001.csv,07_Batch_Distillation_Plant_M-202210_Tabular_Operation_Logs/batch_dist_ternary_butan-1-ol+propan-2-ol+water/operating_point_015/test_anormal_experiment_001.csv,True,True,True,True,True,6242,6241.0,104.01666666666667,1066,0.1336324307002083
batch_dist_ternary_butan-1-ol+propan-2-ol+water__operating_point_015__train_normal_experiment_001,batch_dist_ternary_butan-1-ol+propan-2-ol+water,operating_point_015,train_normal_experiment_001,train,normal,01_Batch_Distillation_Plant_M-202210_Timeseries_Sensors/Operation/batch_dist_ternary_butan-1-ol+propan-2-ol+water/operating_point_015/train_normal_experiment_001.csv,02_Batch_Distillation_Plant_M-202210_Timeseries_Actuators/Operation/batch_dist_ternary_butan-1-ol+propan-2-ol+water/operating_point_015/train_normal_experiment_001.csv,00_Batch_Distillation_Plant_M-202210_Timeseries_Label_Anomaly_Metadata/Operation/batch_dist_ternary_butan-1-ol+propan-2-ol+water/operating_point_015/train_normal_experiment_001.csv,10_Batch_Distillation_Plant_M-202210_GC_Composition/timeseries/batch_dist_ternary_butan-1-ol+propan-2-ol+water/operating_point_015/train_normal_experiment_001.csv,07_Batch_Distillation_Plant_M-202210_Tabular_Operation_Logs/batch_dist_ternary_butan-1-ol+propan-2-ol+water/operating_point_015/train_normal_experiment_001.csv,True,True,True,True,True,7149,7148.0,119.13333333333334,0,
batch_dist_ternary_butan-1-ol+propan-2-ol+water__operating_point_016__test_anormal_experiment_001,batch_dist_ternary_butan-1-ol+propan-2-ol+water,operating_point_016,test_anormal_experiment_001,test,anormal,01_Batch_Distillation_Plant_M-202210_Timeseries_Sensors/Operation/batch_dist_ternary_butan-1-ol+propan-2-ol+water/operating_point_016/test_anormal_experiment_001.csv,02_Batch_Distillation_Plant_M-202210_Timeseries_Actuators/Operation/batch_dist_ternary_butan-1-ol+propan-2-ol+water/operating_point_016/test_anormal_experiment_001.csv,00_Batch_Distillation_Plant_M-202210_Timeseries_Label_Anomaly_Metadata/Operation/batch_dist_ternary_butan-1-ol+propan-2-ol+water/operating_point_016/test_anormal_experiment_001.csv,10_Batch_Distillation_Plant_M-202210_GC_Composition/timeseries/batch_dist_ternary_butan-1-ol+propan-2-ol+water/operating_point_016/test_anormal_experiment_001.csv,07_Batch_Distillation_Plant_M-202210_Tabular_Operation_Logs/batch_dist_ternary_butan-1-ol+propan-2-ol+water/operating_point_016/test_anormal_experiment_001.csv,True,True,True,True,True,3154,3153.0,52.55,1779,0.07580082461148113
batch_dist_ternary_butan-1-ol+propan-2-ol+water__operating_point_016__train_normal_experiment_001,batch_dist_ternary_butan-1-ol+propan-2-ol+water,operating_point_016,train_normal_experiment_001,train,normal,01_Batch_Distillation_Plant_M-202210_Timeseries_Sensors/Operation/batch_dist_ternary_butan-1-ol+propan-2-ol+water/operating_point_016/train_normal_experiment_001.csv,02_Batch_Distillation_Plant_M-202210_Timeseries_Actuators/Operation/batch_dist_ternary_butan-1-ol+propan-2-ol+water/operating_point_016/train_normal_experiment_001.csv,00_Batch_Distillation_Plant_M-202210_Timeseries_Label_Anomaly_Metadata/Operation/batch_dist_ternary_butan-1-ol+propan-2-ol+water/operating_point_016/train_normal_experiment_001.csv,10_Batch_Distillation_Plant_M-202210_GC_Composition/timeseries/batch_dist_ternary_butan-1-ol+propan-2-ol+water/operating_point_016/train_normal_experiment_001.csv,07_Batch_Distillation_Plant_M-202210_Tabular_Operation_Logs/batch_dist_ternary_butan-1-ol+propan-2-ol+water/operating_point_016/train_normal_experiment_001.csv,True,True,True,True,True,6261,6260.0,104.33333333333333,0,
batch_dist_ternary_butan-1-ol+propan-2-ol+water__operating_point_017__test_anormal_experiment_001,batch_dist_ternary_butan-1-ol+propan-2-ol+water,operating_point_017,test_anormal_experiment_001,test,anormal,01_Batch_Distillation_Plant_M-202210_Timeseries_Sensors/Operation/batch_dist_ternary_butan-1-ol+propan-2-ol+water/operating_point_017/test_anormal_experiment_001.csv,02_Batch_Distillation_Plant_M-202210_Timeseries_Actuators/Operation/batch_dist_ternary_butan-1-ol+propan-2-ol+water/operating_point_017/test_anormal_experiment_001.csv,00_Batch_Distillation_Plant_M-202210_Timeseries_Label_Anomaly_Metadata/Operation/batch_dist_ternary_butan-1-ol+propan-2-ol+water/operating_point_017/test_anormal_experiment_001.csv,10_Batch_Distillation_Plant_M-202210_GC_Composition/timeseries/batch_dist_ternary_butan-1-ol+propan-2-ol+water/operating_point_017/test_anormal_experiment_001.csv,07_Batch_Distillation_Plant_M-202210_Tabular_Operation_Logs/batch_dist_ternary_butan-1-ol+propan-2-ol+water/operating_point_017/test_anormal_experiment_001.csv,True,True,True,True,True,10521,10520.0,175.33333333333334,2978,0.14239543726235743
batch_dist_ternary_butan-1-ol+propan-2-ol+water__operating_point_017__train_normal_experiment_001,batch_dist_ternary_butan-1-ol+propan-2-ol+water,operating_point_017,train_normal_experiment_001,train,normal,01_Batch_Distillation_Plant_M-202210_Timeseries_Sensors/Operation/batch_dist_ternary_butan-1-ol+propan-2-ol+water/operating_point_017/train_normal_experiment_001.csv,02_Batch_Distillation_Plant_M-202210_Timeseries_Actuators/Operation/batch_dist_ternary_butan-1-ol+propan-2-ol+water/operating_point_017/train_normal_experiment_001.csv,00_Batch_Distillation_Plant_M-202210_Timeseries_Label_Anomaly_Metadata/Operation/batch_dist_ternary_butan-1-ol+propan-2-ol+water/operating_point_017/train_normal_experiment_001.csv,10_Batch_Distillation_Plant_M-202210_GC_Composition/timeseries/batch_dist_ternary_butan-1-ol+propan-2-ol+water/operating_point_017/train_normal_experiment_001.csv,,True,True,True,True,False,2444,2443.0,40.71666666666667,0,
batch_dist_ternary_butan-1-ol+propan-2-ol+water__operating_point_018__test_anormal_experiment_001,batch_dist_ternary_butan-1-ol+propan-2-ol+water,operating_point_018,test_anormal_experiment_001,test,anormal,01_Batch_Distillation_Plant_M-202210_Timeseries_Sensors/Operation/batch_dist_ternary_butan-1-ol+propan-2-ol+water/operating_point_018/test_anormal_experiment_001.csv,02_Batch_Distillation_Plant_M-202210_Timeseries_Actuators/Operation/batch_dist_ternary_butan-1-ol+propan-2-ol+water/operating_point_018/test_anormal_experiment_001.csv,00_Batch_Distillation_Plant_M-202210_Timeseries_Label_Anomaly_Metadata/Operation/batch_dist_ternary_butan-1-ol+propan-2-ol+water/operating_point_018/test_anormal_experiment_001.csv,10_Batch_Distillation_Plant_M-202210_GC_Composition/timeseries/batch_dist_ternary_butan-1-ol+propan-2-ol+water/operating_point_018/test_anormal_experiment_001.csv,07_Batch_Distillation_Plant_M-202210_Tabular_Operation_Logs/batch_dist_ternary_butan-1-ol+propan-2-ol+water/operating_point_018/test_anormal_experiment_001.csv,True,True,True,True,True,8859,8858.0,147.63333333333333,1346,0.3579814856626778
batch_dist_ternary_butan-1-ol+propan-2-ol+water__operating_point_018__train_normal_experiment_001,batch_dist_ternary_butan-1-ol+propan-2-ol+water,operating_point_018,train_normal_experiment_001,train,normal,01_Batch_Distillation_Plant_M-202210_Timeseries_Sensors/Operation/batch_dist_ternary_butan-1-ol+propan-2-ol+water/operating_point_018/train_normal_experiment_001.csv,02_Batch_Distillation_Plant_M-202210_Timeseries_Actuators/Operation/batch_dist_ternary_butan-1-ol+propan-2-ol+water/operating_point_018/train_normal_experiment_001.csv,00_Batch_Distillation_Plant_M-202210_Timeseries_Label_Anomaly_Metadata/Operation/batch_dist_ternary_butan-1-ol+propan-2-ol+water/operating_point_018/train_normal_experiment_001.csv,10_Batch_Distillation_Plant_M-202210_GC_Composition/timeseries/batch_dist_ternary_butan-1-ol+propan-2-ol+water/operating_point_018/train_normal_experiment_001.csv,07_Batch_Distillation_Plant_M-202210_Tabular_Operation_Logs/batch_dist_ternary_butan-1-ol+propan-2-ol+water/operating_point_018/train_normal_experiment_001.csv,True,True,True,True,True,7034,7033.0,117.21666666666667,0,
batch_dist_ternary_butan-1-ol+propan-2-ol+water__operating_point_019__train_normal_experiment_001,batch_dist_ternary_butan-1-ol+propan-2-ol+water,operating_point_019,train_normal_experiment_001,train,normal,01_Batch_Distillation_Plant_M-202210_Timeseries_Sensors/Operation/batch_dist_ternary_butan-1-ol+propan-2-ol+water/operating_point_019/train_normal_experiment_001.csv,02_Batch_Distillation_Plant_M-202210_Timeseries_Actuators/Operation/batch_dist_ternary_butan-1-ol+propan-2-ol+water/operating_point_019/train_normal_experiment_001.csv,00_Batch_Distillation_Plant_M-202210_Timeseries_Label_Anomaly_Metadata/Operation/batch_dist_ternary_butan-1-ol+propan-2-ol+water/operating_point_019/train_normal_experiment_001.csv,10_Batch_Distillation_Plant_M-202210_GC_Composition/timeseries/batch_dist_ternary_butan-1-ol+propan-2-ol+water/operating_point_019/train_normal_experiment_001.csv,,True,True,True,True,False,5215,5214.0,86.9,0,
batch_dist_ternary_butan-1-ol+propan-2-ol+water__operating_point_020__train_normal_experiment_001,batch_dist_ternary_butan-1-ol+propan-2-ol+water,operating_point_020,train_normal_experiment_001,train,normal,01_Batch_Distillation_Plant_M-202210_Timeseries_Sensors/Operation/batch_dist_ternary_butan-1-ol+propan-2-ol+water/operating_point_020/train_normal_experiment_001.csv,02_Batch_Distillation_Plant_M-202210_Timeseries_Actuators/Operation/batch_dist_ternary_butan-1-ol+propan-2-ol+water/operating_point_020/train_normal_experiment_001.csv,00_Batch_Distillation_Plant_M-202210_Timeseries_Label_Anomaly_Metadata/Operation/batch_dist_ternary_butan-1-ol+propan-2-ol+water/operating_point_020/train_normal_experiment_001.csv,10_Batch_Distillation_Plant_M-202210_GC_Composition/timeseries/batch_dist_ternary_butan-1-ol+propan-2-ol+water/operating_point_020/train_normal_experiment_001.csv,,True,True,True,True,False,20076,20075.0,334.5833333333333,0,
batch_dist_ternary_butan-1-ol+propan-2-ol+water__operating_point_021__test_anormal_experiment_001,batch_dist_ternary_butan-1-ol+propan-2-ol+water,operating_point_021,test_anormal_experiment_001,test,anormal,01_Batch_Distillation_Plant_M-202210_Timeseries_Sensors/Operation/batch_dist_ternary_butan-1-ol+propan-2-ol+water/operating_point_021/test_anormal_experiment_001.csv,02_Batch_Distillation_Plant_M-202210_Timeseries_Actuators/Operation/batch_dist_ternary_butan-1-ol+propan-2-ol+water/operating_point_021/test_anormal_experiment_001.csv,00_Batch_Distillation_Plant_M-202210_Timeseries_Label_Anomaly_Metadata/Operation/batch_dist_ternary_butan-1-ol+propan-2-ol+water/operating_point_021/test_anormal_experiment_001.csv,10_Batch_Distillation_Plant_M-202210_GC_Composition/timeseries/batch_dist_ternary_butan-1-ol+propan-2-ol+water/operating_point_021/test_anormal_experiment_001.csv,07_Batch_Distillation_Plant_M-202210_Tabular_Operation_Logs/batch_dist_ternary_butan-1-ol+propan-2-ol+water/operating_point_021/test_anormal_experiment_001.csv,True,True,True,True,True,8126,8125.0,135.41666666666666,1748,0.13821538461538463
batch_dist_ternary_butan-1-ol+propan-2-ol+water__operating_point_021__train_normal_experiment_001,batch_dist_ternary_butan-1-ol+propan-2-ol+water,operating_point_021,train_normal_experiment_001,train,normal,01_Batch_Distillation_Plant_M-202210_Timeseries_Sensors/Operation/batch_dist_ternary_butan-1-ol+propan-2-ol+water/operating_point_021/train_normal_experiment_001.csv,02_Batch_Distillation_Plant_M-202210_Timeseries_Actuators/Operation/batch_dist_ternary_butan-1-ol+propan-2-ol+water/operating_point_021/train_normal_experiment_001.csv,00_Batch_Distillation_Plant_M-202210_Timeseries_Label_Anomaly_Metadata/Operation/batch_dist_ternary_butan-1-ol+propan-2-ol+water/operating_point_021/train_normal_experiment_001.csv,10_Batch_Distillation_Plant_M-202210_GC_Composition/timeseries/batch_dist_ternary_butan-1-ol+propan-2-ol+water/operating_point_021/train_normal_experiment_001.csv,07_Batch_Distillation_Plant_M-202210_Tabular_Operation_Logs/batch_dist_ternary_butan-1-ol+propan-2-ol+water/operating_point_021/train_normal_experiment_001.csv,True,True,True,True,True,6585,6584.0,109.73333333333333,0,
batch_dist_ternary_butan-1-ol+propan-2-ol+water__operating_point_022__test_anormal_experiment_001,batch_dist_ternary_butan-1-ol+propan-2-ol+water,operating_point_022,test_anormal_experiment_001,test,anormal,01_Batch_Distillation_Plant_M-202210_Timeseries_Sensors/Operation/batch_dist_ternary_butan-1-ol+propan-2-ol+water/operating_point_022/test_anormal_experiment_001.csv,02_Batch_Distillation_Plant_M-202210_Timeseries_Actuators/Operation/batch_dist_ternary_butan-1-ol+propan-2-ol+water/operating_point_022/test_anormal_experiment_001.csv,00_Batch_Distillation_Plant_M-202210_Timeseries_Label_Anomaly_Metadata/Operation/batch_dist_ternary_butan-1-ol+propan-2-ol+water/operating_point_022/test_anormal_experiment_001.csv,10_Batch_Distillation_Plant_M-202210_GC_Composition/timeseries/batch_dist_ternary_butan-1-ol+propan-2-ol+water/operating_point_022/test_anormal_experiment_001.csv,07_Batch_Distillation_Plant_M-202210_Tabular_Operation_Logs/batch_dist_ternary_butan-1-ol+propan-2-ol+water/operating_point_022/test_anormal_experiment_001.csv,True,True,True,True,True,8896,8895.0,148.25,1250,0.42113546936481167
batch_dist_ternary_butan-1-ol+propan-2-ol+water__operating_point_022__train_normal_experiment_001,batch_dist_ternary_butan-1-ol+propan-2-ol+water,operating_point_022,train_normal_experiment_001,train,normal,01_Batch_Distillation_Plant_M-202210_Timeseries_Sensors/Operation/batch_dist_ternary_butan-1-ol+propan-2-ol+water/operating_point_022/train_normal_experiment_001.csv,02_Batch_Distillation_Plant_M-202210_Timeseries_Actuators/Operation/batch_dist_ternary_butan-1-ol+propan-2-ol+water/operating_point_022/train_normal_experiment_001.csv,00_Batch_Distillation_Plant_M-202210_Timeseries_Label_Anomaly_Metadata/Operation/batch_dist_ternary_butan-1-ol+propan-2-ol+water/operating_point_022/train_normal_experiment_001.csv,10_Batch_Distillation_Plant_M-202210_GC_Composition/timeseries/batch_dist_ternary_butan-1-ol+propan-2-ol+water/operating_point_022/train_normal_experiment_001.csv,07_Batch_Distillation_Plant_M-202210_Tabular_Operation_Logs/batch_dist_ternary_butan-1-ol+propan-2-ol+water/operating_point_022/train_normal_experiment_001.csv,True,True,True,True,True,5528,5527.0,92.11666666666666,0,
batch_dist_ternary_butan-1-ol+propan-2-ol+water__operating_point_023__test_anormal_experiment_001,batch_dist_ternary_butan-1-ol+propan-2-ol+water,operating_point_023,test_anormal_experiment_001,test,anormal,01_Batch_Distillation_Plant_M-202210_Timeseries_Sensors/Operation/batch_dist_ternary_butan-1-ol+propan-2-ol+water/operating_point_023/test_anormal_experiment_001.csv,02_Batch_Distillation_Plant_M-202210_Timeseries_Actuators/Operation/batch_dist_ternary_butan-1-ol+propan-2-ol+water/operating_point_023/test_anormal_experiment_001.csv,00_Batch_Distillation_Plant_M-202210_Timeseries_Label_Anomaly_Metadata/Operation/batch_dist_ternary_butan-1-ol+propan-2-ol+water/operating_point_023/test_anormal_experiment_001.csv,,,True,True,True,False,False,1213,1212.0,20.2,465,0.26567656765676567
batch_dist_ternary_butan-1-ol+propan-2-ol+water__operating_point_023__test_anormal_experiment_002,batch_dist_ternary_butan-1-ol+propan-2-ol+water,operating_point_023,test_anormal_experiment_002,test,anormal,01_Batch_Distillation_Plant_M-202210_Timeseries_Sensors/Operation/batch_dist_ternary_butan-1-ol+propan-2-ol+water/operating_point_023/test_anormal_experiment_002.csv,02_Batch_Distillation_Plant_M-202210_Timeseries_Actuators/Operation/batch_dist_ternary_butan-1-ol+propan-2-ol+water/operating_point_023/test_anormal_experiment_002.csv,00_Batch_Distillation_Plant_M-202210_Timeseries_Label_Anomaly_Metadata/Operation/batch_dist_ternary_butan-1-ol+propan-2-ol+water/operating_point_023/test_anormal_experiment_002.csv,,07_Batch_Distillation_Plant_M-202210_Tabular_Operation_Logs/batch_dist_ternary_butan-1-ol+propan-2-ol+water/operating_point_023/test_anormal_experiment_002.csv,True,True,True,False,True,3433,3432.0,57.2,611,0.13374125874125875
batch_dist_ternary_butan-1-ol+propan-2-ol+water__operating_point_024__train_normal_experiment_001,batch_dist_ternary_butan-1-ol+propan-2-ol+water,operating_point_024,train_normal_experiment_001,train,normal,01_Batch_Distillation_Plant_M-202210_Timeseries_Sensors/Operation/batch_dist_ternary_butan-1-ol+propan-2-ol+water/operating_point_024/train_normal_experiment_001.csv,02_Batch_Distillation_Plant_M-202210_Timeseries_Actuators/Operation/batch_dist_ternary_butan-1-ol+propan-2-ol+water/operating_point_024/train_normal_experiment_001.csv,00_Batch_Distillation_Plant_M-202210_Timeseries_Label_Anomaly_Metadata/Operation/batch_dist_ternary_butan-1-ol+propan-2-ol+water/operating_point_024/train_normal_experiment_001.csv,,07_Batch_Distillation_Plant_M-202210_Tabular_Operation_Logs/batch_dist_ternary_butan-1-ol+propan-2-ol+water/operating_point_024/train_normal_experiment_001.csv,True,True,True,False,True,742,741.0,12.35,0,
batch_dist_ternary_butan-1-ol+propan-2-ol+water__operating_point_025__train_normal_experiment_001,batch_dist_ternary_butan-1-ol+propan-2-ol+water,operating_point_025,train_normal_experiment_001,train,normal,01_Batch_Distillation_Plant_M-202210_Timeseries_Sensors/Operation/batch_dist_ternary_butan-1-ol+propan-2-ol+water/operating_point_025/train_normal_experiment_001.csv,02_Batch_Distillation_Plant_M-202210_Timeseries_Actuators/Operation/batch_dist_ternary_butan-1-ol+propan-2-ol+water/operating_point_025/train_normal_experiment_001.csv,00_Batch_Distillation_Plant_M-202210_Timeseries_Label_Anomaly_Metadata/Operation/batch_dist_ternary_butan-1-ol+propan-2-ol+water/operating_point_025/train_normal_experiment_001.csv,,07_Batch_Distillation_Plant_M-202210_Tabular_Operation_Logs/batch_dist_ternary_butan-1-ol+propan-2-ol+water/operating_point_025/train_normal_experiment_001.csv,True,True,True,False,True,4907,4906.0,81.76666666666667,0,
batch_dist_ternary_butan-1-ol+propan-2-ol+water__operating_point_026__test_anormal_experiment_001,batch_dist_ternary_butan-1-ol+propan-2-ol+water,operating_point_026,test_anormal_experiment_001,test,anormal,01_Batch_Distillation_Plant_M-202210_Timeseries_Sensors/Operation/batch_dist_ternary_butan-1-ol+propan-2-ol+water/operating_point_026/test_anormal_experiment_001.csv,02_Batch_Distillation_Plant_M-202210_Timeseries_Actuators/Operation/batch_dist_ternary_butan-1-ol+propan-2-ol+water/operating_point_026/test_anormal_experiment_001.csv,00_Batch_Distillation_Plant_M-202210_Timeseries_Label_Anomaly_Metadata/Operation/batch_dist_ternary_butan-1-ol+propan-2-ol+water/operating_point_026/test_anormal_experiment_001.csv,10_Batch_Distillation_Plant_M-202210_GC_Composition/timeseries/batch_dist_ternary_butan-1-ol+propan-2-ol+water/operating_point_026/test_anormal_experiment_001.csv,07_Batch_Distillation_Plant_M-202210_Tabular_Operation_Logs/batch_dist_ternary_butan-1-ol+propan-2-ol+water/operating_point_026/test_anormal_experiment_001.csv,True,True,True,True,True,7683,7682.0,128.03333333333333,406,0.37646446237958864
batch_dist_ternary_butan-1-ol+propan-2-ol+water__operating_point_026__test_anormal_experiment_002,batch_dist_ternary_butan-1-ol+propan-2-ol+water,operating_point_026,test_anormal_experiment_002,test,anormal,01_Batch_Distillation_Plant_M-202210_Timeseries_Sensors/Operation/batch_dist_ternary_butan-1-ol+propan-2-ol+water/operating_point_026/test_anormal_experiment_002.csv,02_Batch_Distillation_Plant_M-202210_Timeseries_Actuators/Operation/batch_dist_ternary_butan-1-ol+propan-2-ol+water/operating_point_026/test_anormal_experiment_002.csv,00_Batch_Distillation_Plant_M-202210_Timeseries_Label_Anomaly_Metadata/Operation/batch_dist_ternary_butan-1-ol+propan-2-ol+water/operating_point_026/test_anormal_experiment_002.csv,10_Batch_Distillation_Plant_M-202210_GC_Composition/timeseries/batch_dist_ternary_butan-1-ol+propan-2-ol+water/operating_point_026/test_anormal_experiment_002.csv,07_Batch_Distillation_Plant_M-202210_Tabular_Operation_Logs/batch_dist_ternary_butan-1-ol+propan-2-ol+water/operating_point_026/test_anormal_experiment_002.csv,True,True,True,True,True,6117,6116.0,101.93333333333334,5154,0.15729234793982996
batch_dist_ternary_butan-1-ol+propan-2-ol+water__operating_point_026__train_normal_experiment_001,batch_dist_ternary_butan-1-ol+propan-2-ol+water,operating_point_026,train_normal_experiment_001,train,normal,01_Batch_Distillation_Plant_M-202210_Timeseries_Sensors/Operation/batch_dist_ternary_butan-1-ol+propan-2-ol+water/operating_point_026/train_normal_experiment_001.csv,02_Batch_Distillation_Plant_M-202210_Timeseries_Actuators/Operation/batch_dist_ternary_butan-1-ol+propan-2-ol+water/operating_point_026/train_normal_experiment_001.csv,00_Batch_Distillation_Plant_M-202210_Timeseries_Label_Anomaly_Metadata/Operation/batch_dist_ternary_butan-1-ol+propan-2-ol+water/operating_point_026/train_normal_experiment_001.csv,10_Batch_Distillation_Plant_M-202210_GC_Composition/timeseries/batch_dist_ternary_butan-1-ol+propan-2-ol+water/operating_point_026/train_normal_experiment_001.csv,,True,True,True,True,False,5435,5434.0,90.56666666666666,0,
batch_dist_ternary_butan-1-ol+propan-2-ol+water__operating_point_027__test_anormal_experiment_001,batch_dist_ternary_butan-1-ol+propan-2-ol+water,operating_point_027,test_anormal_experiment_001,test,anormal,01_Batch_Distillation_Plant_M-202210_Timeseries_Sensors/Operation/batch_dist_ternary_butan-1-ol+propan-2-ol+water/operating_point_027/test_anormal_experiment_001.csv,02_Batch_Distillation_Plant_M-202210_Timeseries_Actuators/Operation/batch_dist_ternary_butan-1-ol+propan-2-ol+water/operating_point_027/test_anormal_experiment_001.csv,00_Batch_Distillation_Plant_M-202210_Timeseries_Label_Anomaly_Metadata/Operation/batch_dist_ternary_butan-1-ol+propan-2-ol+water/operating_point_027/test_anormal_experiment_001.csv,10_Batch_Distillation_Plant_M-202210_GC_Composition/timeseries/batch_dist_ternary_butan-1-ol+propan-2-ol+water/operating_point_027/test_anormal_experiment_001.csv,07_Batch_Distillation_Plant_M-202210_Tabular_Operation_Logs/batch_dist_ternary_butan-1-ol+propan-2-ol+water/operating_point_027/test_anormal_experiment_001.csv,True,True,True,True,True,4323,4322.0,72.03333333333333,2540,0.4125404905136511
batch_dist_ternary_butan-1-ol+propan-2-ol+water__operating_point_027__train_normal_experiment_001,batch_dist_ternary_butan-1-ol+propan-2-ol+water,operating_point_027,train_normal_experiment_001,train,normal,01_Batch_Distillation_Plant_M-202210_Timeseries_Sensors/Operation/batch_dist_ternary_butan-1-ol+propan-2-ol+water/operating_point_027/train_normal_experiment_001.csv,02_Batch_Distillation_Plant_M-202210_Timeseries_Actuators/Operation/batch_dist_ternary_butan-1-ol+propan-2-ol+water/operating_point_027/train_normal_experiment_001.csv,00_Batch_Distillation_Plant_M-202210_Timeseries_Label_Anomaly_Metadata/Operation/batch_dist_ternary_butan-1-ol+propan-2-ol+water/operating_point_027/train_normal_experiment_001.csv,10_Batch_Distillation_Plant_M-202210_GC_Composition/timeseries/batch_dist_ternary_butan-1-ol+propan-2-ol+water/operating_point_027/train_normal_experiment_001.csv,,True,True,True,True,False,3559,3558.0,59.3,0,
batch_dist_ternary_butan-1-ol+propan-2-ol+water__operating_point_028__test_anormal_experiment_001,batch_dist_ternary_butan-1-ol+propan-2-ol+water,operating_point_028,test_anormal_experiment_001,test,anormal,01_Batch_Distillation_Plant_M-202210_Timeseries_Sensors/Operation/batch_dist_ternary_butan-1-ol+propan-2-ol+water/operating_point_028/test_anormal_experiment_001.csv,02_Batch_Distillation_Plant_M-202210_Timeseries_Actuators/Operation/batch_dist_ternary_butan-1-ol+propan-2-ol+water/operating_point_028/test_anormal_experiment_001.csv,00_Batch_Distillation_Plant_M-202210_Timeseries_Label_Anomaly_Metadata/Operation/batch_dist_ternary_butan-1-ol+propan-2-ol+water/operating_point_028/test_anormal_experiment_001.csv,,07_Batch_Distillation_Plant_M-202210_Tabular_Operation_Logs/batch_dist_ternary_butan-1-ol+propan-2-ol+water/operating_point_028/test_anormal_experiment_001.csv,True,True,True,False,True,19825,19824.0,330.4,4052,0.16923930589184827
batch_dist_ternary_butan-1-ol+propan-2-ol+water__operating_point_028__test_anormal_experiment_002,batch_dist_ternary_butan-1-ol+propan-2-ol+water,operating_point_028,test_anormal_experiment_002,test,anormal,01_Batch_Distillation_Plant_M-202210_Timeseries_Sensors/Operation/batch_dist_ternary_butan-1-ol+propan-2-ol+water/operating_point_028/test_anormal_experiment_002.csv,02_Batch_Distillation_Plant_M-202210_Timeseries_Actuators/Operation/batch_dist_ternary_butan-1-ol+propan-2-ol+water/operating_point_028/test_anormal_experiment_002.csv,00_Batch_Distillation_Plant_M-202210_Timeseries_Label_Anomaly_Metadata/Operation/batch_dist_ternary_butan-1-ol+propan-2-ol+water/operating_point_028/test_anormal_experiment_002.csv,10_Batch_Distillation_Plant_M-202210_GC_Composition/timeseries/batch_dist_ternary_butan-1-ol+propan-2-ol+water/operating_point_028/test_anormal_experiment_002.csv,07_Batch_Distillation_Plant_M-202210_Tabular_Operation_Logs/batch_dist_ternary_butan-1-ol+propan-2-ol+water/operating_point_028/test_anormal_experiment_002.csv,True,True,True,True,True,16021,16020.0,267.0,1249,0.3039325842696629
batch_dist_ternary_butan-1-ol+propan-2-ol+water__operating_point_028__train_normal_experiment_001,batch_dist_ternary_butan-1-ol+propan-2-ol+water,operating_point_028,train_normal_experiment_001,train,normal,01_Batch_Distillation_Plant_M-202210_Timeseries_Sensors/Operation/batch_dist_ternary_butan-1-ol+propan-2-ol+water/operating_point_028/train_normal_experiment_001.csv,02_Batch_Distillation_Plant_M-202210_Timeseries_Actuators/Operation/batch_dist_ternary_butan-1-ol+propan-2-ol+water/operating_point_028/train_normal_experiment_001.csv,00_Batch_Distillation_Plant_M-202210_Timeseries_Label_Anomaly_Metadata/Operation/batch_dist_ternary_butan-1-ol+propan-2-ol+water/operating_point_028/train_normal_experiment_001.csv,10_Batch_Distillation_Plant_M-202210_GC_Composition/timeseries/batch_dist_ternary_butan-1-ol+propan-2-ol+water/operating_point_028/train_normal_experiment_001.csv,07_Batch_Distillation_Plant_M-202210_Tabular_Operation_Logs/batch_dist_ternary_butan-1-ol+propan-2-ol+water/operating_point_028/train_normal_experiment_001.csv,True,True,True,True,True,20489,20488.0,341.46666666666664,0,
batch_dist_ternary_butan-1-ol+propan-2-ol+water__operating_point_029__test_anormal_experiment_001,batch_dist_ternary_butan-1-ol+propan-2-ol+water,operating_point_029,test_anormal_experiment_001,test,anormal,01_Batch_Distillation_Plant_M-202210_Timeseries_Sensors/Operation/batch_dist_ternary_butan-1-ol+propan-2-ol+water/operating_point_029/test_anormal_experiment_001.csv,02_Batch_Distillation_Plant_M-202210_Timeseries_Actuators/Operation/batch_dist_ternary_butan-1-ol+propan-2-ol+water/operating_point_029/test_anormal_experiment_001.csv,00_Batch_Distillation_Plant_M-202210_Timeseries_Label_Anomaly_Metadata/Operation/batch_dist_ternary_butan-1-ol+propan-2-ol+water/operating_point_029/test_anormal_experiment_001.csv,10_Batch_Distillation_Plant_M-202210_GC_Composition/timeseries/batch_dist_ternary_butan-1-ol+propan-2-ol+water/operating_point_029/test_anormal_experiment_001.csv,07_Batch_Distillation_Plant_M-202210_Tabular_Operation_Logs/batch_dist_ternary_butan-1-ol+propan-2-ol+water/operating_point_029/test_anormal_experiment_001.csv,True,True,True,True,True,7678,7677.0,127.95,4861,0.10381659502409796
batch_dist_ternary_butan-1-ol+propan-2-ol+water__operating_point_029__train_normal_experiment_001,batch_dist_ternary_butan-1-ol+propan-2-ol+water,operating_point_029,train_normal_experiment_001,train,normal,01_Batch_Distillation_Plant_M-202210_Timeseries_Sensors/Operation/batch_dist_ternary_butan-1-ol+propan-2-ol+water/operating_point_029/train_normal_experiment_001.csv,02_Batch_Distillation_Plant_M-202210_Timeseries_Actuators/Operation/batch_dist_ternary_butan-1-ol+propan-2-ol+water/operating_point_029/train_normal_experiment_001.csv,00_Batch_Distillation_Plant_M-202210_Timeseries_Label_Anomaly_Metadata/Operation/batch_dist_ternary_butan-1-ol+propan-2-ol+water/operating_point_029/train_normal_experiment_001.csv,10_Batch_Distillation_Plant_M-202210_GC_Composition/timeseries/batch_dist_ternary_butan-1-ol+propan-2-ol+water/operating_point_029/train_normal_experiment_001.csv,07_Batch_Distillation_Plant_M-202210_Tabular_Operation_Logs/batch_dist_ternary_butan-1-ol+propan-2-ol+water/operating_point_029/train_normal_experiment_001.csv,True,True,True,True,True,7394,7393.0,123.21666666666667,0,
batch_dist_ternary_butan-1-ol+propan-2-ol+water__operating_point_030__test_anormal_experiment_001,batch_dist_ternary_butan-1-ol+propan-2-ol+water,operating_point_030,test_anormal_experiment_001,test,anormal,01_Batch_Distillation_Plant_M-202210_Timeseries_Sensors/Operation/batch_dist_ternary_butan-1-ol+propan-2-ol+water/operating_point_030/test_anormal_experiment_001.csv,02_Batch_Distillation_Plant_M-202210_Timeseries_Actuators/Operation/batch_dist_ternary_butan-1-ol+propan-2-ol+water/operating_point_030/test_anormal_experiment_001.csv,00_Batch_Distillation_Plant_M-202210_Timeseries_Label_Anomaly_Metadata/Operation/batch_dist_ternary_butan-1-ol+propan-2-ol+water/operating_point_030/test_anormal_experiment_001.csv,10_Batch_Distillation_Plant_M-202210_GC_Composition/timeseries/batch_dist_ternary_butan-1-ol+propan-2-ol+water/operating_point_030/test_anormal_experiment_001.csv,07_Batch_Distillation_Plant_M-202210_Tabular_Operation_Logs/batch_dist_ternary_butan-1-ol+propan-2-ol+water/operating_point_030/test_anormal_experiment_001.csv,True,True,True,True,True,5431,5430.0,90.5,104,0.18011049723756906
batch_dist_ternary_butan-1-ol+propan-2-ol+water__operating_point_030__test_anormal_experiment_002,batch_dist_ternary_butan-1-ol+propan-2-ol+water,operating_point_030,test_anormal_experiment_002,test,anormal,01_Batch_Distillation_Plant_M-202210_Timeseries_Sensors/Operation/batch_dist_ternary_butan-1-ol+propan-2-ol+water/operating_point_030/test_anormal_experiment_002.csv,02_Batch_Distillation_Plant_M-202210_Timeseries_Actuators/Operation/batch_dist_ternary_butan-1-ol+propan-2-ol+water/operating_point_030/test_anormal_experiment_002.csv,00_Batch_Distillation_Plant_M-202210_Timeseries_Label_Anomaly_Metadata/Operation/batch_dist_ternary_butan-1-ol+propan-2-ol+water/operating_point_030/test_anormal_experiment_002.csv,10_Batch_Distillation_Plant_M-202210_GC_Composition/timeseries/batch_dist_ternary_butan-1-ol+propan-2-ol+water/operating_point_030/test_anormal_experiment_002.csv,07_Batch_Distillation_Plant_M-202210_Tabular_Operation_Logs/batch_dist_ternary_butan-1-ol+propan-2-ol+water/operating_point_030/test_anormal_experiment_002.csv,True,True,True,True,True,6139,6138.0,102.3,964,0.27696318018898664
batch_dist_ternary_butan-1-ol+propan-2-ol+water__operating_point_030__train_normal_experiment_001,batch_dist_ternary_butan-1-ol+propan-2-ol+water,operating_point_030,train_normal_experiment_001,train,normal,01_Batch_Distillation_Plant_M-202210_Timeseries_Sensors/Operation/batch_dist_ternary_butan-1-ol+propan-2-ol+water/operating_point_030/train_normal_experiment_001.csv,02_Batch_Distillation_Plant_M-202210_Timeseries_Actuators/Operation/batch_dist_ternary_butan-1-ol+propan-2-ol+water/operating_point_030/train_normal_experiment_001.csv,00_Batch_Distillation_Plant_M-202210_Timeseries_Label_Anomaly_Metadata/Operation/batch_dist_ternary_butan-1-ol+propan-2-ol+water/operating_point_030/train_normal_experiment_001.csv,10_Batch_Distillation_Plant_M-202210_GC_Composition/timeseries/batch_dist_ternary_butan-1-ol+propan-2-ol+water/operating_point_030/train_normal_experiment_001.csv,,True,True,True,True,False,5590,5589.0,93.15,0,
batch_dist_ternary_butan-1-ol+propan-2-ol+water__operating_point_031__test_anormal_experiment_001,batch_dist_ternary_butan-1-ol+propan-2-ol+water,operating_point_031,test_anormal_experiment_001,test,anormal,01_Batch_Distillation_Plant_M-202210_Timeseries_Sensors/Operation/batch_dist_ternary_butan-1-ol+propan-2-ol+water/operating_point_031/test_anormal_experiment_001.csv,02_Batch_Distillation_Plant_M-202210_Timeseries_Actuators/Operation/batch_dist_ternary_butan-1-ol+propan-2-ol+water/operating_point_031/test_anormal_experiment_001.csv,00_Batch_Distillation_Plant_M-202210_Timeseries_Label_Anomaly_Metadata/Operation/batch_dist_ternary_butan-1-ol+propan-2-ol+water/operating_point_031/test_anormal_experiment_001.csv,10_Batch_Distillation_Plant_M-202210_GC_Composition/timeseries/batch_dist_ternary_butan-1-ol+propan-2-ol+water/operating_point_031/test_anormal_experiment_001.csv,07_Batch_Distillation_Plant_M-202210_Tabular_Operation_Logs/batch_dist_ternary_butan-1-ol+propan-2-ol+water/operating_point_031/test_anormal_experiment_001.csv,True,True,True,True,True,12683,12682.0,211.36666666666667,1662,0.28181674814698
batch_dist_ternary_butan-1-ol+propan-2-ol+water__operating_point_031__train_normal_experiment_001,batch_dist_ternary_butan-1-ol+propan-2-ol+water,operating_point_031,train_normal_experiment_001,train,normal,01_Batch_Distillation_Plant_M-202210_Timeseries_Sensors/Operation/batch_dist_ternary_butan-1-ol+propan-2-ol+water/operating_point_031/train_normal_experiment_001.csv,02_Batch_Distillation_Plant_M-202210_Timeseries_Actuators/Operation/batch_dist_ternary_butan-1-ol+propan-2-ol+water/operating_point_031/train_normal_experiment_001.csv,00_Batch_Distillation_Plant_M-202210_Timeseries_Label_Anomaly_Metadata/Operation/batch_dist_ternary_butan-1-ol+propan-2-ol+water/operating_point_031/train_normal_experiment_001.csv,10_Batch_Distillation_Plant_M-202210_GC_Composition/timeseries/batch_dist_ternary_butan-1-ol+propan-2-ol+water/operating_point_031/train_normal_experiment_001.csv,07_Batch_Distillation_Plant_M-202210_Tabular_Operation_Logs/batch_dist_ternary_butan-1-ol+propan-2-ol+water/operating_point_031/train_normal_experiment_001.csv,True,True,True,True,True,13021,13020.0,217.0,0,
batch_dist_ternary_butan-1-ol+propan-2-ol+water__operating_point_031__train_normal_experiment_002,batch_dist_ternary_butan-1-ol+propan-2-ol+water,operating_point_031,train_normal_experiment_002,train,normal,01_Batch_Distillation_Plant_M-202210_Timeseries_Sensors/Operation/batch_dist_ternary_butan-1-ol+propan-2-ol+water/operating_point_031/train_normal_experiment_002.csv,02_Batch_Distillation_Plant_M-202210_Timeseries_Actuators/Operation/batch_dist_ternary_butan-1-ol+propan-2-ol+water/operating_point_031/train_normal_experiment_002.csv,00_Batch_Distillation_Plant_M-202210_Timeseries_Label_Anomaly_Metadata/Operation/batch_dist_ternary_butan-1-ol+propan-2-ol+water/operating_point_031/train_normal_experiment_002.csv,,,True,True,True,False,False,3259,3258.0,54.3,0,
batch_dist_ternary_butan-1-ol+propan-2-ol+water__operating_point_032__test_anormal_experiment_001,batch_dist_ternary_butan-1-ol+propan-2-ol+water,operating_point_032,test_anormal_experiment_001,test,anormal,01_Batch_Distillation_Plant_M-202210_Timeseries_Sensors/Operation/batch_dist_ternary_butan-1-ol+propan-2-ol+water/operating_point_032/test_anormal_experiment_001.csv,02_Batch_Distillation_Plant_M-202210_Timeseries_Actuators/Operation/batch_dist_ternary_butan-1-ol+propan-2-ol+water/operating_point_032/test_anormal_experiment_001.csv,00_Batch_Distillation_Plant_M-202210_Timeseries_Label_Anomaly_Metadata/Operation/batch_dist_ternary_butan-1-ol+propan-2-ol+water/operating_point_032/test_anormal_experiment_001.csv,10_Batch_Distillation_Plant_M-202210_GC_Composition/timeseries/batch_dist_ternary_butan-1-ol+propan-2-ol+water/operating_point_032/test_anormal_experiment_001.csv,07_Batch_Distillation_Plant_M-202210_Tabular_Operation_Logs/batch_dist_ternary_butan-1-ol+propan-2-ol+water/operating_point_032/test_anormal_experiment_001.csv,True,True,True,True,True,4368,4367.0,72.78333333333333,4361,0.0016029310739638196
batch_dist_ternary_butan-1-ol+propan-2-ol+water__operating_point_033__train_normal_experiment_001,batch_dist_ternary_butan-1-ol+propan-2-ol+water,operating_point_033,train_normal_experiment_001,train,normal,01_Batch_Distillation_Plant_M-202210_Timeseries_Sensors/Operation/batch_dist_ternary_butan-1-ol+propan-2-ol+water/operating_point_033/train_normal_experiment_001.csv,02_Batch_Distillation_Plant_M-202210_Timeseries_Actuators/Operation/batch_dist_ternary_butan-1-ol+propan-2-ol+water/operating_point_033/train_normal_experiment_001.csv,00_Batch_Distillation_Plant_M-202210_Timeseries_Label_Anomaly_Metadata/Operation/batch_dist_ternary_butan-1-ol+propan-2-ol+water/operating_point_033/train_normal_experiment_001.csv,10_Batch_Distillation_Plant_M-202210_GC_Composition/timeseries/batch_dist_ternary_butan-1-ol+propan-2-ol+water/operating_point_033/train_normal_experiment_001.csv,07_Batch_Distillation_Plant_M-202210_Tabular_Operation_Logs/batch_dist_ternary_butan-1-ol+propan-2-ol+water/operating_point_033/train_normal_experiment_001.csv,True,True,True,True,True,5540,5539.0,92.31666666666666,0,
batch_dist_ternary_butan-1-ol+propan-2-ol+water__operating_point_034__train_normal_experiment_001,batch_dist_ternary_butan-1-ol+propan-2-ol+water,operating_point_034,train_normal_experiment_001,train,normal,01_Batch_Distillation_Plant_M-202210_Timeseries_Sensors/Operation/batch_dist_ternary_butan-1-ol+propan-2-ol+water/operating_point_034/train_normal_experiment_001.csv,02_Batch_Distillation_Plant_M-202210_Timeseries_Actuators/Operation/batch_dist_ternary_butan-1-ol+propan-2-ol+water/operating_point_034/train_normal_experiment_001.csv,00_Batch_Distillation_Plant_M-202210_Timeseries_Label_Anomaly_Metadata/Operation/batch_dist_ternary_butan-1-ol+propan-2-ol+water/operating_point_034/train_normal_experiment_001.csv,10_Batch_Distillation_Plant_M-202210_GC_Composition/timeseries/batch_dist_ternary_butan-1-ol+propan-2-ol+water/operating_point_034/train_normal_experiment_001.csv,07_Batch_Distillation_Plant_M-202210_Tabular_Operation_Logs/batch_dist_ternary_butan-1-ol+propan-2-ol+water/operating_point_034/train_normal_experiment_001.csv,True,True,True,True,True,5720,5719.0,95.31666666666666,0,
batch_dist_ternary_butan-1-ol+propan-2-ol+water__operating_point_035__train_normal_experiment_001,batch_dist_ternary_butan-1-ol+propan-2-ol+water,operating_point_035,train_normal_experiment_001,train,normal,01_Batch_Distillation_Plant_M-202210_Timeseries_Sensors/Operation/batch_dist_ternary_butan-1-ol+propan-2-ol+water/operating_point_035/train_normal_experiment_001.csv,02_Batch_Distillation_Plant_M-202210_Timeseries_Actuators/Operation/batch_dist_ternary_butan-1-ol+propan-2-ol+water/operating_point_035/train_normal_experiment_001.csv,00_Batch_Distillation_Plant_M-202210_Timeseries_Label_Anomaly_Metadata/Operation/batch_dist_ternary_butan-1-ol+propan-2-ol+water/operating_point_035/train_normal_experiment_001.csv,10_Batch_Distillation_Plant_M-202210_GC_Composition/timeseries/batch_dist_ternary_butan-1-ol+propan-2-ol+water/operating_point_035/train_normal_experiment_001.csv,07_Batch_Distillation_Plant_M-202210_Tabular_Operation_Logs/batch_dist_ternary_butan-1-ol+propan-2-ol+water/operating_point_035/train_normal_experiment_001.csv,True,True,True,True,True,4306,4305.0,71.75,0,
